image_id,split,native_score,quality_score,mos
Images (1).jpg,train,0.138204682,0.138204682,1.552818728
Images (2).jpg,train,0.654088089,0.654088089,3.616352356
Images (3).jpg,train,0.679017436,0.679017436,3.716069744
Images (4).jpg,train,0.442208729,0.442208729,2.7688349160000003
Images (5).jpg,train,0.484387961,0.484387961,2.937551844
Images (6).jpg,train,0.309229513,0.309229513,2.236918052
Images (7).jpg,val,0.419691649,0.419691649,2.678766596
Images (8).jpg,train,0.211866524,0.211866524,1.847466096
Images (9).jpg,train,0.09749626,0.09749626,1.38998504
Images (10).jpg,train,0.832203704,0.832203704,4.328814816
Images (11).jpg,train,0.589953301,0.589953301,3.359813204
Images (12).jpg,val,0.542005913,0.542005913,3.168023652
Images (13).jpg,train,0.176614144,0.176614144,1.706456576
Images (14).jpg,train,0.196278799,0.196278799,1.785115196
Images (15).jpg,train,0.181669075,0.181669075,1.7266763
Images (16).jpg,val,0.160040977,0.160040977,1.640163908
Images (17).jpg,test,0.280199883,0.280199883,2.120799532
Images (18).jpg,train,0.142252076,0.142252076,1.569008304
Images (19).jpg,train,0.099337523,0.099337523,1.397350092
Images (20).jpg,train,0.150677788,0.150677788,1.602711152
Images (21).jpg,train,0.225292292,0.225292292,1.901169168
Images (22).jpg,train,0.063205381,0.063205381,1.252821524
Images (23).jpg,train,0.374658671,0.374658671,2.498634684
Images (24).jpg,train,0.273928368,0.273928368,2.095713472
Images (25).jpg,train,0.349878645,0.349878645,2.39951458
Images (26).jpg,train,0.541432078,0.541432078,3.165728312
Images (27).jpg,train,0.138885834,0.138885834,1.555543336
Images (28).jpg,train,0.276486123,0.276486123,2.105944492
Images (29).jpg,test,0.278020203,0.278020203,2.1120808120000003
Images (30).jpg,train,0.1330906,0.1330906,1.5323624
Images (31).jpg,test,0.166532891,0.166532891,1.666131564
Images (32).jpg,train,0.092539399,0.092539399,1.370157596
Images (33).jpg,test,0.16683902,0.16683902,1.66735608
Images (34).jpg,train,0.811360021,0.811360021,4.245440084
Images (35).jpg,test,0.396971471,0.396971471,2.5878858840000003
Images (36).jpg,train,0.02042228,0.02042228,1.08168912
Images (37).jpg,train,0.208355744,0.208355744,1.833422976
Images (38).jpg,test,0.653496122,0.653496122,3.613984488
Images (39).jpg,train,0.733428971,0.733428971,3.933715884
Images (40).jpg,train,0.724036515,0.724036515,3.89614606
Images (41).jpg,train,0.174505391,0.174505391,1.698021564
Images (42).jpg,train,0.727329287,0.727329287,3.909317148
Images (43).jpg,train,0.641433943,0.641433943,3.565735772
Images (44).jpg,val,0.47915824,0.47915824,2.9166329600000003
Images (45).jpg,train,0.134551651,0.134551651,1.538206604
Images (46).jpg,test,0.174347298,0.174347298,1.6973891920000002
Images (47).jpg,train,0.127218439,0.127218439,1.5088737559999998
Images (48).jpg,train,0.840866864,0.840866864,4.363467456
Images (49).jpg,val,0.134311903,0.134311903,1.537247612
Images (50).jpg,train,0.168435681,0.168435681,1.673742724
Images (51).jpg,train,0.066006552,0.066006552,1.264026208
Images (52).jpg,train,0.020270646,0.020270646,1.081082584
Images (53).jpg,train,0.180955796,0.180955796,1.723823184
Images (54).jpg,train,0.0,0.0,1.0
Images (55).jpg,test,0.51217376,0.51217376,3.04869504
Images (56).jpg,train,0.4749436,0.4749436,2.8997744
Images (57).jpg,train,0.567478266,0.567478266,3.269913064
Images (58).jpg,val,0.292161816,0.292161816,2.168647264
Images (59).jpg,train,0.526574327,0.526574327,3.106297308
Images (60).jpg,train,0.436745059,0.436745059,2.746980236
Images (61).jpg,train,0.22509311,0.22509311,1.90037244
Images (62).jpg,train,0.397738384,0.397738384,2.590953536
Images (63).jpg,train,0.390112433,0.390112433,2.560449732
Images (64).jpg,train,0.20772567,0.20772567,1.83090268
Images (65).jpg,train,0.769827982,0.769827982,4.079311928
Images (66).jpg,train,0.449149253,0.449149253,2.7965970120000003
Images (67).jpg,train,0.77732584,0.77732584,4.10930336
Images (68).jpg,train,0.779946272,0.779946272,4.119785088
Images (69).jpg,train,0.738970292,0.738970292,3.955881168
Images (70).jpg,test,0.620199237,0.620199237,3.480796948
Images (71).jpg,test,0.40351104,0.40351104,2.61404416
Images (72).jpg,train,0.291006463,0.291006463,2.164025852
Images (73).jpg,train,0.108831246,0.108831246,1.435324984
Images (74).jpg,train,0.650306618,0.650306618,3.601226472
Images (75).jpg,val,0.108589489,0.108589489,1.434357956
Images (76).jpg,train,0.399327004,0.399327004,2.597308016
Images (77).jpg,train,0.082946846,0.082946846,1.331787384
Images (78).jpg,test,0.018590271,0.018590271,1.074361084
Images (79).jpg,train,0.428311856,0.428311856,2.713247424
Images (80).jpg,train,0.550626558,0.550626558,3.202506232
Images (81).jpg,train,0.275457032,0.275457032,2.101828128
Images (82).jpg,train,0.674204075,0.674204075,3.6968163
Images (83).jpg,train,0.330225819,0.330225819,2.320903276
Images (84).jpg,train,0.630460274,0.630460274,3.521841096
Images (85).jpg,train,0.193978078,0.193978078,1.775912312
Images (86).jpg,train,0.240989135,0.240989135,1.96395654
Images (87).jpg,train,0.764271204,0.764271204,4.057084816
Images (88).jpg,train,0.131937113,0.131937113,1.527748452
Images (89).jpg,train,0.114159691,0.114159691,1.456638764
Images (90).jpg,val,0.045479649,0.045479649,1.181918596
Images (91).jpg,test,0.807259575,0.807259575,4.2290383
Images (92).jpg,val,0.660941952,0.660941952,3.643767808
Images (93).jpg,train,0.347104084,0.347104084,2.388416336
Images (94).jpg,train,0.151540864,0.151540864,1.606163456
Images (95).jpg,train,0.08394453,0.08394453,1.33577812
Images (96).jpg,train,0.125230204,0.125230204,1.500920816
Images (97).jpg,train,0.633840287,0.633840287,3.535361148
Images (98).jpg,train,0.588338232,0.588338232,3.353352928
Images (99).jpg,test,0.667165444,0.667165444,3.668661776
Images (100).jpg,train,0.537990448,0.537990448,3.151961792
Images (101).jpg,train,0.518139749,0.518139749,3.072558996
Images (102).jpg,train,0.481293552,0.481293552,2.925174208
Images (103).jpg,val,0.165430756,0.165430756,1.661723024
Images (104).jpg,train,0.705925462,0.705925462,3.823701848
Images (105).jpg,val,0.084518731,0.084518731,1.338074924
Images (106).jpg,train,0.110345452,0.110345452,1.441381808
Images (107).jpg,train,0.621222052,0.621222052,3.484888208
Images (108).jpg,train,0.482165034,0.482165034,2.928660136
Images (109).jpg,val,0.265745037,0.265745037,2.0629801480000003
Images (110).jpg,train,0.623866132,0.623866132,3.495464528
Images (111).jpg,train,0.090782464,0.090782464,1.363129856
Images (112).jpg,train,0.118232319,0.118232319,1.472929276
Images (113).jpg,train,0.100631058,0.100631058,1.402524232
Images (114).jpg,train,0.111671534,0.111671534,1.446686136
Images (115).jpg,train,0.150790513,0.150790513,1.603162052
Images (116).jpg,train,0.616760004,0.616760004,3.467040016
Images (117).jpg,train,0.545284428,0.545284428,3.181137712
Images (118).jpg,train,0.753166115,0.753166115,4.01266446
Images (119).jpg,train,0.134091569,0.134091569,1.536366276
Images (120).jpg,train,0.437678052,0.437678052,2.750712208
Images (121).jpg,train,0.242631751,0.242631751,1.970527004
Images (122).jpg,train,0.215004838,0.215004838,1.860019352
Images (123).jpg,train,0.335513794,0.335513794,2.342055176
Images (124).jpg,val,0.18676385,0.18676385,1.7470554
Images (125).jpg,train,0.134203644,0.134203644,1.536814576
Images (126).jpg,train,0.654274666,0.654274666,3.617098664
Images (127).jpg,train,0.034526169,0.034526169,1.138104676
Images (128).jpg,test,0.049000826,0.049000826,1.196003304
Images (129).jpg,train,0.091987714,0.091987714,1.367950856
Images (130).jpg,train,0.06103164,0.06103164,1.24412656
Images (131).jpg,val,0.076857935,0.076857935,1.30743174
Images (132).jpg,train,0.491072667,0.491072667,2.9642906680000003
Images (133).jpg,train,0.552510436,0.552510436,3.210041744
Images (134).jpg,val,0.453506005,0.453506005,2.81402402
Images (135).jpg,train,0.043289306,0.043289306,1.173157224
Images (136).jpg,test,0.71289674,0.71289674,3.85158696
Images (137).jpg,train,0.656580623,0.656580623,3.626322492
Images (138).jpg,train,0.633812814,0.633812814,3.535251256
Images (139).jpg,train,0.655488807,0.655488807,3.621955228
Images (140).jpg,test,0.695062829,0.695062829,3.780251316
Images (141).jpg,train,0.576373328,0.576373328,3.305493312
Images (142).jpg,train,0.467120717,0.467120717,2.868482868
Images (143).jpg,test,0.459144007,0.459144007,2.836576028
Images (144).jpg,test,0.178234469,0.178234469,1.712937876
Images (145).jpg,train,0.832936444,0.832936444,4.331745776
Images (146).jpg,train,0.823300183,0.823300183,4.293200732
Images (147).jpg,val,0.668675509,0.668675509,3.674702036
Images (148).jpg,val,0.410804234,0.410804234,2.643216936
Images (149).jpg,test,0.788655261,0.788655261,4.154621044000001
Images (150).jpg,train,0.67756068,0.67756068,3.71024272
Images (151).jpg,val,0.339718516,0.339718516,2.358874064
Images (152).jpg,test,0.486771705,0.486771705,2.94708682
Images (153).jpg,train,0.294332612,0.294332612,2.177330448
Images (154).jpg,train,0.876960699,0.876960699,4.507842796
Images (155).jpg,train,0.188995447,0.188995447,1.7559817880000002
Images (156).jpg,train,0.332995713,0.332995713,2.3319828520000003
Images (157).jpg,train,0.354635643,0.354635643,2.418542572
Images (158).jpg,train,0.264391915,0.264391915,2.05756766
Images (159).jpg,test,0.471058381,0.471058381,2.884233524
Images (160).jpg,train,0.457885157,0.457885157,2.831540628
Images (161).jpg,train,0.869386847,0.869386847,4.477547388
Images (162).jpg,train,0.664272712,0.664272712,3.657090848
Images (163).jpg,train,0.626089906,0.626089906,3.504359624
Images (164).jpg,train,0.713856766,0.713856766,3.855427064
Images (165).jpg,train,0.175324385,0.175324385,1.70129754
Images (166).jpg,val,0.338544879,0.338544879,2.3541795160000003
Images (167).jpg,train,0.308813111,0.308813111,2.235252444
Images (168).jpg,test,0.159626114,0.159626114,1.6385044560000002
Images (169).jpg,train,0.142002015,0.142002015,1.56800806
Images (170).jpg,train,0.42911731,0.42911731,2.71646924
Images (171).jpg,train,0.216136489,0.216136489,1.864545956
Images (172).jpg,train,0.587132611,0.587132611,3.348530444
Images (173).jpg,train,0.750192177,0.750192177,4.000768708
Images (174).jpg,train,0.282119025,0.282119025,2.1284761000000003
Images (175).jpg,train,0.205521246,0.205521246,1.822084984
Images (176).jpg,train,0.736224861,0.736224861,3.944899444
Images (177).jpg,test,0.322871259,0.322871259,2.291485036
Images (178).jpg,train,0.282873522,0.282873522,2.131494088
Images (179).jpg,test,0.420317948,0.420317948,2.681271792
Images (180).jpg,train,0.391233601,0.391233601,2.564934404
Images (181).jpg,train,0.306217244,0.306217244,2.224868976
Images (182).jpg,val,0.392036277,0.392036277,2.568145108
Images (183).jpg,val,0.360249853,0.360249853,2.440999412
Images (184).jpg,train,0.381328174,0.381328174,2.5253126960000003
Images (185).jpg,train,0.687243569,0.687243569,3.748974276
Images (186).jpg,val,0.434981263,0.434981263,2.739925052
Images (187).jpg,train,0.403479521,0.403479521,2.613918084
Images (188).jpg,train,0.787309372,0.787309372,4.149237488
Images (189).jpg,train,0.80228468,0.80228468,4.20913872
Images (190).jpg,test,0.757756072,0.757756072,4.031024287999999
Images (191).jpg,test,0.768404588,0.768404588,4.073618352
Images (192).jpg,train,0.562856019,0.562856019,3.251424076
Images (193).jpg,train,0.194605744,0.194605744,1.778422976
Images (194).jpg,train,0.222957061,0.222957061,1.891828244
Images (195).jpg,test,0.213902595,0.213902595,1.85561038
Images (196).jpg,train,0.320392334,0.320392334,2.281569336
Images (197).jpg,val,0.097929864,0.097929864,1.391719456
Images (198).jpg,train,0.757610566,0.757610566,4.030442264
Images (199).jpg,train,0.802668107,0.802668107,4.2106724280000005
Images (200).jpg,train,0.69256469,0.69256469,3.77025876
Images (201).jpg,train,0.256039059,0.256039059,2.024156236
Images (202).jpg,train,0.055966675,0.055966675,1.2238667
Images (203).jpg,train,0.503157628,0.503157628,3.012630512
Images (204).jpg,train,0.617008004,0.617008004,3.468032016
Images (205).jpg,train,0.424842638,0.424842638,2.699370552
Images (206).jpg,train,0.555307174,0.555307174,3.221228696
Images (207).jpg,train,0.695663941,0.695663941,3.782655764
Images (208).jpg,train,0.137489476,0.137489476,1.549957904
Images (209).jpg,val,0.09005043,0.09005043,1.36020172
Images (210).jpg,train,0.729912773,0.729912773,3.919651092
Images (211).jpg,train,0.740890501,0.740890501,3.963562004
Images (212).jpg,test,0.659663128,0.659663128,3.638652512
Images (213).jpg,val,0.159731743,0.159731743,1.638926972
Images (214).jpg,train,0.513504962,0.513504962,3.054019848
Images (215).jpg,test,0.539322975,0.539322975,3.1572919
Images (216).jpg,train,0.691462338,0.691462338,3.765849352
Images (217).jpg,train,0.691066722,0.691066722,3.764266888
Images (218).jpg,test,0.820075543,0.820075543,4.280302172
Images (219).jpg,train,0.627134692,0.627134692,3.508538768
Images (220).jpg,train,0.535053895,0.535053895,3.14021558
Images (221).jpg,train,0.181174824,0.181174824,1.724699296
Images (222).jpg,train,0.55258786,0.55258786,3.21035144
Images (223).jpg,train,0.805163152,0.805163152,4.220652608
Images (224).jpg,test,0.795811598,0.795811598,4.183246392
Images (225).jpg,train,0.692152392,0.692152392,3.768609568
Images (226).jpg,val,0.816024902,0.816024902,4.264099608
Images (227).jpg,train,0.771360695,0.771360695,4.08544278
Images (228).jpg,train,0.871842859,0.871842859,4.487371436
Images (229).jpg,test,0.803467972,0.803467972,4.213871888
Images (230).jpg,train,0.588702182,0.588702182,3.354808728
Images (231).jpg,train,0.296287987,0.296287987,2.185151948
Images (232).jpg,train,0.020719597,0.020719597,1.082878388
Images (233).jpg,train,0.610431588,0.610431588,3.441726352
Images (234).jpg,train,0.176539567,0.176539567,1.706158268
Images (235).jpg,test,0.249523118,0.249523118,1.998092472
Images (236).jpg,train,0.137194512,0.137194512,1.548778048
Images (237).jpg,test,0.284047043,0.284047043,2.136188172
Images (238).jpg,train,0.157283852,0.157283852,1.629135408
Images (239).jpg,train,0.624556592,0.624556592,3.498226368
Images (240).jpg,train,0.171273148,0.171273148,1.685092592
Images (241).jpg,train,0.270649678,0.270649678,2.082598712
Images (242).jpg,train,0.648798552,0.648798552,3.595194208
Images (243).jpg,train,0.147753908,0.147753908,1.591015632
Images (244).jpg,val,0.599016774,0.599016774,3.396067096
Images (245).jpg,train,0.620425328,0.620425328,3.481701312
Images (246).jpg,train,0.613535755,0.613535755,3.45414302
Images (247).jpg,train,0.317695527,0.317695527,2.270782108
Images (248).jpg,train,0.273979061,0.273979061,2.095916244
Images (249).jpg,val,0.529252541,0.529252541,3.117010164
Images (250).jpg,train,0.436534131,0.436534131,2.746136524
Images (251).jpg,train,0.661240681,0.661240681,3.644962724
Images (252).jpg,test,0.330980758,0.330980758,2.323923032
Images (253).jpg,train,0.142952864,0.142952864,1.571811456
Images (254).jpg,train,0.838690959,0.838690959,4.354763836
Images (255).jpg,train,0.642920668,0.642920668,3.571682672
Images (256).jpg,train,0.710474026,0.710474026,3.841896104
Images (257).jpg,train,0.157299587,0.157299587,1.629198348
Images (258).jpg,train,0.609191334,0.609191334,3.436765336
Images (259).jpg,train,0.696454728,0.696454728,3.785818912
Images (260).jpg,train,0.099857028,0.099857028,1.399428112
Images (261).jpg,val,0.283968764,0.283968764,2.135875056
Images (262).jpg,train,0.179486714,0.179486714,1.717946856
Images (263).jpg,train,0.486716568,0.486716568,2.9468662720000003
Images (264).jpg,train,0.076775849,0.076775849,1.307103396
Images (265).jpg,train,0.818678094,0.818678094,4.274712376
Images (266).jpg,test,0.726794788,0.726794788,3.907179152
Images (267).jpg,train,0.456851904,0.456851904,2.827407616
Images (268).jpg,test,0.332193461,0.332193461,2.328773844
Images (269).jpg,val,0.166331872,0.166331872,1.665327488
Images (270).jpg,train,0.197546151,0.197546151,1.790184604
Images (271).jpg,train,0.226307143,0.226307143,1.905228572
Images (272).jpg,train,0.161498177,0.161498177,1.645992708
Images (273).jpg,train,0.227491028,0.227491028,1.909964112
Images (274).jpg,train,0.322110156,0.322110156,2.288440624
Images (275).jpg,train,0.044100671,0.044100671,1.176402684
Images (276).jpg,val,0.099806907,0.099806907,1.399227628
Images (277).jpg,train,0.522345947,0.522345947,3.089383788
Images (278).jpg,train,0.594810272,0.594810272,3.379241088
Images (279).jpg,train,0.568177044,0.568177044,3.272708176
Images (280).jpg,train,0.426901656,0.426901656,2.7076066240000003
Images (281).jpg,train,0.50901169,0.50901169,3.03604676
Images (282).jpg,train,0.225614899,0.225614899,1.902459596
Images (283).jpg,train,0.106440454,0.106440454,1.425761816
Images (284).jpg,train,0.162616003,0.162616003,1.650464012
Images (285).jpg,train,0.080604851,0.080604851,1.322419404
Images (286).jpg,test,0.243341055,0.243341055,1.97336422
Images (287).jpg,test,0.257700671,0.257700671,2.030802684
Images (288).jpg,train,0.193024192,0.193024192,1.772096768
Images (289).jpg,train,0.293868999,0.293868999,2.1754759960000003
Images (290).jpg,val,0.40255836,0.40255836,2.61023344
Images (291).jpg,test,0.424404866,0.424404866,2.697619464
Images (292).jpg,train,0.56688312,0.56688312,3.26753248
Images (293).jpg,train,0.288403279,0.288403279,2.153613116
Images (294).jpg,train,0.412530932,0.412530932,2.650123728
Images (295).jpg,train,0.441656125,0.441656125,2.7666245
Images (296).jpg,train,0.335312612,0.335312612,2.3412504480000003
Images (297).jpg,val,0.36941787,0.36941787,2.47767148
Images (298).jpg,train,0.471795822,0.471795822,2.887183288
Images (299).jpg,val,0.101534188,0.101534188,1.406136752
Images (300).jpg,train,0.228223221,0.228223221,1.912892884
Images (301).jpg,train,0.395284598,0.395284598,2.581138392
Images (302).jpg,train,0.214712476,0.214712476,1.858849904
Images (303).jpg,train,0.256999632,0.256999632,2.027998528
Images (304).jpg,train,0.256823456,0.256823456,2.027293824
Images (305).jpg,train,0.11433663,0.11433663,1.45734652
Images (306).jpg,train,0.026876271,0.026876271,1.107505084
Images (307).jpg,train,0.165781849,0.165781849,1.663127396
Images (308).jpg,test,0.152449448,0.152449448,1.609797792
Images (309).jpg,train,0.384915544,0.384915544,2.539662176
Images (310).jpg,train,0.182548609,0.182548609,1.730194436
Images (311).jpg,test,0.195603104,0.195603104,1.782412416
Images (312).jpg,test,0.100282119,0.100282119,1.401128476
Images (313).jpg,train,0.282518494,0.282518494,2.1300739760000003
Images (314).jpg,train,0.10398227,0.10398227,1.41592908
Images (315).jpg,train,0.135871514,0.135871514,1.543486056
Images (316).jpg,train,0.229931494,0.229931494,1.919725976
Images (317).jpg,train,0.369797069,0.369797069,2.479188276
Images (318).jpg,train,0.471895897,0.471895897,2.887583588
Images (319).jpg,train,0.340115457,0.340115457,2.360461828
Images (320).jpg,train,0.41578939,0.41578939,2.66315756
Images (321).jpg,test,0.382292664,0.382292664,2.529170656
Images (322).jpg,train,0.214302255,0.214302255,1.85720902
Images (323).jpg,val,0.210836196,0.210836196,1.843344784
Images (324).jpg,train,0.283977171,0.283977171,2.135908684
Images (325).jpg,train,0.11783778,0.11783778,1.47135112
Images (326).jpg,train,0.338265399,0.338265399,2.353061596
Images (327).jpg,train,0.171741784,0.171741784,1.686967136
Images (328).jpg,train,0.290133393,0.290133393,2.1605335720000003
Images (329).jpg,train,0.353730288,0.353730288,2.414921152
Images (330).jpg,train,0.211934197,0.211934197,1.847736788
Images (331).jpg,test,0.0,0.0,1.0
Images (332).jpg,train,0.066131766,0.066131766,1.264527064
Images (333).jpg,train,0.096686471,0.096686471,1.386745884
Images (334).jpg,train,0.392400658,0.392400658,2.569602632
Images (335).jpg,train,0.131857522,0.131857522,1.527430088
Images (336).jpg,train,0.100561249,0.100561249,1.402244996
Images (337).jpg,train,0.219333031,0.219333031,1.877332124
Images (338).jpg,train,0.174317269,0.174317269,1.697269076
Images (339).jpg,train,0.176159132,0.176159132,1.704636528
Images (340).jpg,test,0.263072806,0.263072806,2.052291224
Images (341).jpg,train,0.219171169,0.219171169,1.876684676
Images (342).jpg,val,0.250589298,0.250589298,2.002357192
Images (343).jpg,train,0.226754769,0.226754769,1.907019076
Images (344).jpg,train,0.230275664,0.230275664,1.921102656
Images (345).jpg,train,0.150941723,0.150941723,1.603766892
Images (346).jpg,train,0.290773619,0.290773619,2.163094476
Images (347).jpg,train,0.232887142,0.232887142,1.931548568
Images (348).jpg,train,0.187612372,0.187612372,1.750449488
Images (349).jpg,test,0.238470976,0.238470976,1.953883904
Images (350).jpg,train,0.376039671,0.376039671,2.504158684
Images (351).jpg,train,0.28802875,0.28802875,2.152115
Images (352).jpg,train,0.18947013,0.18947013,1.75788052
Images (353).jpg,train,0.132030608,0.132030608,1.528122432
Images (354).jpg,train,0.188667701,0.188667701,1.754670804
Images (355).jpg,test,0.218025364,0.218025364,1.872101456
Images (356).jpg,train,0.125075197,0.125075197,1.500300788
Images (357).jpg,test,0.119921735,0.119921735,1.47968694
Images (358).jpg,train,0.658243689,0.658243689,3.632974756
Images (359).jpg,train,0.626394188,0.626394188,3.505576752
Images (360).jpg,train,0.210052682,0.210052682,1.840210728
Images (361).jpg,train,0.157546151,0.157546151,1.630184604
Images (362).jpg,train,0.526705372,0.526705372,3.106821488
Images (363).jpg,train,0.544289092,0.544289092,3.177156368
Images (364).jpg,val,0.423381256,0.423381256,2.693525024
Images (365).jpg,test,0.716150052,0.716150052,3.864600208
Images (366).jpg,train,0.190485864,0.190485864,1.761943456
Images (367).jpg,test,0.259411728,0.259411728,2.037646912
Images (368).jpg,train,0.105027885,0.105027885,1.42011154
Images (369).jpg,train,0.317458832,0.317458832,2.269835328
Images (370).jpg,train,0.405347345,0.405347345,2.62138938
Images (371).jpg,train,0.489366564,0.489366564,2.957466256
Images (372).jpg,train,0.447682361,0.447682361,2.790729444
Images (373).jpg,val,0.449935505,0.449935505,2.79974202
Images (374).jpg,train,0.139092708,0.139092708,1.556370832
Images (375).jpg,train,0.197681054,0.197681054,1.790724216
Images (376).jpg,val,0.445599148,0.445599148,2.782396592
Images (377).jpg,train,0.272429411,0.272429411,2.0897176440000003
Images (378).jpg,train,0.264734919,0.264734919,2.058939676
Images (379).jpg,train,0.587528908,0.587528908,3.350115632
Images (380).jpg,val,0.242792428,0.242792428,1.971169712
Images (381).jpg,train,0.155964959,0.155964959,1.6238598359999998
Images (382).jpg,train,0.149073828,0.149073828,1.596295312
Images (383).jpg,train,0.098435665,0.098435665,1.39374266
Images (384).jpg,test,0.514734185,0.514734185,3.05893674
Images (385).jpg,train,0.790711471,0.790711471,4.162845884
Images (386).jpg,val,0.828159047,0.828159047,4.312636188
Images (387).jpg,train,0.77733633,0.77733633,4.10934532
Images (388).jpg,train,0.845526393,0.845526393,4.382105572
Images (389).jpg,train,0.274224685,0.274224685,2.0968987400000003
Images (390).jpg,train,0.249359734,0.249359734,1.997438936
Images (391).jpg,train,0.312011045,0.312011045,2.24804418
Images (392).jpg,train,0.238570193,0.238570193,1.954280772
Images (393).jpg,val,0.094335995,0.094335995,1.37734398
Images (394).jpg,train,0.31569984,0.31569984,2.26279936
Images (395).jpg,val,0.291436193,0.291436193,2.165744772
Images (396).jpg,train,0.607381377,0.607381377,3.429525508
Images (397).jpg,train,0.472642896,0.472642896,2.890571584
Images (398).jpg,train,0.445277722,0.445277722,2.781110888
Images (399).jpg,train,0.142121966,0.142121966,1.568487864
Images (400).jpg,train,0.174090542,0.174090542,1.6963621679999998
Images (401).jpg,val,0.389284623,0.389284623,2.557138492
Images (402).jpg,train,0.241078357,0.241078357,1.964313428
Images (403).jpg,train,0.185005592,0.185005592,1.740022368
Images (404).jpg,train,0.192244484,0.192244484,1.768977936
Images (405).jpg,train,0.260028336,0.260028336,2.040113344
Images (406).jpg,train,0.023148148,0.023148148,1.092592592
Images (407).jpg,val,0.119669793,0.119669793,1.478679172
Images (408).jpg,test,0.177638905,0.177638905,1.71055562
Images (409).jpg,train,0.490018475,0.490018475,2.9600739000000003
Images (410).jpg,train,0.459215392,0.459215392,2.836861568
Images (411).jpg,train,0.468416321,0.468416321,2.8736652840000003
Images (412).jpg,val,0.49714288,0.49714288,2.98857152
Images (413).jpg,test,0.067763238,0.067763238,1.271052952
Images (414).jpg,val,0.231756826,0.231756826,1.927027304
Images (415).jpg,train,0.522782624,0.522782624,3.091130496
Images (416).jpg,train,0.524155491,0.524155491,3.096621964
Images (417).jpg,val,0.554654066,0.554654066,3.218616264
Images (418).jpg,train,0.597080815,0.597080815,3.38832326
Images (419).jpg,train,0.575428554,0.575428554,3.301714216
Images (420).jpg,train,0.622770436,0.622770436,3.491081744
Images (421).jpg,test,0.180414039,0.180414039,1.721656156
Images (422).jpg,test,0.123523904,0.123523904,1.494095616
Images (423).jpg,val,0.338074223,0.338074223,2.352296892
Images (424).jpg,test,0.54190835,0.54190835,3.1676334
Images (425).jpg,test,0.585889461,0.585889461,3.343557844
Images (426).jpg,test,0.168668892,0.168668892,1.674675568
Images (427).jpg,train,0.077330781,0.077330781,1.309323124
Images (428).jpg,val,0.363845311,0.363845311,2.455381244
Images (429).jpg,train,0.319364235,0.319364235,2.27745694
Images (430).jpg,train,0.340944818,0.340944818,2.363779272
Images (431).jpg,train,0.334283059,0.334283059,2.337132236
Images (432).jpg,train,0.681785023,0.681785023,3.727140092
Images (433).jpg,train,0.176842422,0.176842422,1.707369688
Images (434).jpg,train,0.071779584,0.071779584,1.287118336
Images (435).jpg,test,0.334857568,0.334857568,2.339430272
Images (436).jpg,train,0.476622307,0.476622307,2.906489228
Images (437).jpg,test,0.458442756,0.458442756,2.833771024
Images (438).jpg,train,0.412679417,0.412679417,2.650717668
Images (439).jpg,train,0.1525872,0.1525872,1.6103488
Images (440).jpg,train,0.680018644,0.680018644,3.720074576
Images (441).jpg,train,0.527919648,0.527919648,3.111678592
Images (442).jpg,test,0.496254532,0.496254532,2.985018128
Images (443).jpg,train,0.405941021,0.405941021,2.6237640840000003
Images (444).jpg,train,0.227210877,0.227210877,1.908843508
Images (445).jpg,train,0.195685513,0.195685513,1.782742052
Images (446).jpg,train,0.411455166,0.411455166,2.645820664
Images (447).jpg,train,0.316814403,0.316814403,2.267257612
Images (448).jpg,train,0.599116076,0.599116076,3.396464304
Images (449).jpg,test,0.628078091,0.628078091,3.512312364
Images (450).jpg,test,0.523793836,0.523793836,3.095175344
Images (451).jpg,train,0.61303817,0.61303817,3.45215268
Images (452).jpg,train,0.051024506,0.051024506,1.204098024
Images (453).jpg,train,0.628426201,0.628426201,3.513704804
Images (454).jpg,train,0.325937932,0.325937932,2.303751728
Images (455).jpg,train,0.406238121,0.406238121,2.624952484
Images (456).jpg,train,0.218526509,0.218526509,1.874106036
Images (457).jpg,train,0.021797955,0.021797955,1.08719182
Images (458).jpg,train,0.612615197,0.612615197,3.450460788
Images (459).jpg,train,0.671763612,0.671763612,3.687054448
Images (460).jpg,train,0.577916373,0.577916373,3.311665492
Images (461).jpg,train,0.522940263,0.522940263,3.091761052
Images (462).jpg,train,0.050669014,0.050669014,1.202676056
Images (463).jpg,train,0.345278773,0.345278773,2.381115092
Images (464).jpg,train,0.237248719,0.237248719,1.948994876
Images (465).jpg,train,0.492048943,0.492048943,2.968195772
Images (466).jpg,train,0.322534594,0.322534594,2.290138376
Images (467).jpg,train,0.3064732,0.3064732,2.2258928
Images (468).jpg,train,0.157711136,0.157711136,1.630844544
Images (469).jpg,train,0.448361218,0.448361218,2.793444872
Images (470).jpg,test,0.140970316,0.140970316,1.563881264
Images (471).jpg,train,0.628931153,0.628931153,3.515724612
Images (472).jpg,train,0.7476153,0.7476153,3.9904612
Images (473).jpg,train,0.00462963,0.00462963,1.01851852
Images (474).jpg,train,0.104174735,0.104174735,1.41669894
Images (475).jpg,train,0.111994355,0.111994355,1.44797742
Images (476).jpg,train,0.330767983,0.330767983,2.323071932
Images (477).jpg,test,0.143057203,0.143057203,1.572228812
Images (478).jpg,train,0.089956158,0.089956158,1.359824632
Images (479).jpg,train,0.347018505,0.347018505,2.38807402
Images (480).jpg,train,0.108260311,0.108260311,1.433041244
Images (481).jpg,train,0.570473969,0.570473969,3.281895876
Images (482).jpg,train,0.808823954,0.808823954,4.235295816
Images (483).jpg,train,0.781961227,0.781961227,4.127844908
Images (484).jpg,train,0.780062037,0.780062037,4.120248148
Images (485).jpg,train,0.61279883,0.61279883,3.45119532
Images (486).jpg,train,0.310613966,0.310613966,2.242455864
Images (487).jpg,val,0.075331032,0.075331032,1.301324128
Images (488).jpg,train,0.282678231,0.282678231,2.130712924
Images (489).jpg,train,0.560513604,0.560513604,3.242054416
Images (490).jpg,train,0.473584862,0.473584862,2.894339448
Images (491).jpg,train,0.403562081,0.403562081,2.614248324
Images (492).jpg,train,0.201301491,0.201301491,1.805205964
Images (493).jpg,train,0.071315957,0.071315957,1.285263828
Images (494).jpg,train,0.583291811,0.583291811,3.333167244
Images (495).jpg,train,0.685154471,0.685154471,3.740617884
Images (496).jpg,train,0.655236789,0.655236789,3.620947156
Images (497).jpg,train,0.242018644,0.242018644,1.968074576
Images (498).jpg,val,0.25286835,0.25286835,2.0114734
Images (499).jpg,train,0.232229213,0.232229213,1.928916852
Images (500).jpg,train,0.08741398,0.08741398,1.34965592
Images (501).jpg,train,0.403970444,0.403970444,2.615881776
Images (502).jpg,test,0.386008275,0.386008275,2.5440331
Images (503).jpg,train,0.282313797,0.282313797,2.129255188
Images (504).jpg,train,0.217798378,0.217798378,1.871193512
Images (505).jpg,test,0.161460297,0.161460297,1.645841188
Images (506).jpg,val,0.028056937,0.028056937,1.112227748
Images (507).jpg,train,0.534882031,0.534882031,3.139528124
Images (508).jpg,train,0.541815314,0.541815314,3.167261256
Images (509).jpg,train,0.464804947,0.464804947,2.859219788
Images (510).jpg,test,0.578723111,0.578723111,3.314892444
Images (511).jpg,train,0.064905747,0.064905747,1.259622988
Images (512).jpg,train,0.119828275,0.119828275,1.4793131
Images (513).jpg,train,0.133158791,0.133158791,1.532635164
Images (514).jpg,test,0.572932351,0.572932351,3.291729404
Images (515).jpg,test,0.613323033,0.613323033,3.453292132
Images (516).jpg,train,0.508965049,0.508965049,3.035860196
Images (517).jpg,train,0.276877666,0.276877666,2.1075106640000003
Images (518).jpg,train,0.507501794,0.507501794,3.030007176
Images (519).jpg,val,0.201671975,0.201671975,1.8066879
Images (520).jpg,train,0.070343354,0.070343354,1.281373416
Images (521).jpg,train,0.513419096,0.513419096,3.053676384
Images (522).jpg,train,0.106589191,0.106589191,1.426356764
Images (523).jpg,train,0.147503235,0.147503235,1.59001294
Images (524).jpg,test,0.207347786,0.207347786,1.829391144
Images (525).jpg,train,0.223274376,0.223274376,1.893097504
Images (526).jpg,train,0.2231969,0.2231969,1.8927876
Images (527).jpg,train,0.3505215,0.3505215,2.402086
Images (528).jpg,val,0.590613275,0.590613275,3.3624531
Images (529).jpg,train,0.379320633,0.379320633,2.5172825320000003
Images (530).jpg,test,0.208826858,0.208826858,1.835307432
Images (531).jpg,train,0.125689385,0.125689385,1.50275754
Images (532).jpg,train,0.090267251,0.090267251,1.361069004
Images (533).jpg,train,0.490465462,0.490465462,2.961861848
Images (534).jpg,test,0.653709286,0.653709286,3.614837144
Images (535).jpg,train,0.351378668,0.351378668,2.405514672
Images (536).jpg,train,0.268433198,0.268433198,2.073732792
Images (537).jpg,train,0.017386258,0.017386258,1.069545032
Images (538).jpg,train,0.056045406,0.056045406,1.224181624
Images (539).jpg,train,0.256751041,0.256751041,2.027004164
Images (540).jpg,train,0.571149241,0.571149241,3.284596964
Images (541).jpg,train,0.361692691,0.361692691,2.446770764
Images (542).jpg,val,0.160842805,0.160842805,1.64337122
Images (543).jpg,val,0.091744759,0.091744759,1.366979036
Images (544).jpg,train,0.565678704,0.565678704,3.262714816
Images (545).jpg,train,0.148647606,0.148647606,1.594590424
Images (546).jpg,train,0.16663129,0.16663129,1.66652516
Images (547).jpg,train,0.467233193,0.467233193,2.868932772
Images (548).jpg,train,0.127545655,0.127545655,1.51018262
Images (549).jpg,train,0.106651146,0.106651146,1.426604584
Images (550).jpg,train,0.254679784,0.254679784,2.018719136
Images (551).jpg,test,0.287006058,0.287006058,2.148024232
Images (552).jpg,test,0.003649303,0.003649303,1.014597212
Images (553).jpg,train,0.208440697,0.208440697,1.833762788
Images (554).jpg,train,0.169482529,0.169482529,1.677930116
Images (555).jpg,train,0.52294904,0.52294904,3.09179616
Images (556).jpg,train,0.446152914,0.446152914,2.784611656
Images (557).jpg,test,0.351378986,0.351378986,2.405515944
Images (558).jpg,train,0.508011353,0.508011353,3.032045412
Images (559).jpg,train,0.554263872,0.554263872,3.217055488
Images (560).jpg,test,0.534706714,0.534706714,3.138826856
Images (561).jpg,train,0.510189354,0.510189354,3.040757416
Images (562).jpg,train,0.654010276,0.654010276,3.616041104
Images (563).jpg,train,0.70690561,0.70690561,3.82762244
Images (564).jpg,test,0.549018151,0.549018151,3.196072604
Images (565).jpg,train,0.588837807,0.588837807,3.355351228
Images (566).jpg,train,0.443891404,0.443891404,2.775565616
Images (567).jpg,train,0.508414461,0.508414461,3.033657844
Images (568).jpg,train,0.393111032,0.393111032,2.572444128
Images (569).jpg,train,0.401073789,0.401073789,2.604295156
Images (570).jpg,train,0.446502106,0.446502106,2.7860084240000003
Images (571).jpg,test,0.21887205,0.21887205,1.8754882
Images (572).jpg,test,0.409168351,0.409168351,2.636673404
Images (573).jpg,train,0.013888889,0.013888889,1.055555556
Images (574).jpg,train,0.685609497,0.685609497,3.742437988
Images (575).jpg,train,0.436790499,0.436790499,2.747161996
Images (576).jpg,test,0.271089393,0.271089393,2.084357572
Images (577).jpg,train,0.302394593,0.302394593,2.209578372
Images (578).jpg,train,0.677013872,0.677013872,3.708055488
Images (579).jpg,train,0.330151055,0.330151055,2.32060422
Images (580).jpg,train,0.295530522,0.295530522,2.182122088
Images (581).jpg,train,0.328032491,0.328032491,2.312129964
Images (582).jpg,train,0.175062516,0.175062516,1.700250064
Images (583).jpg,test,0.216055002,0.216055002,1.864220008
Images (584).jpg,test,0.272574799,0.272574799,2.090299196
Images (585).jpg,train,0.346405292,0.346405292,2.385621168
Images (586).jpg,val,0.291864764,0.291864764,2.167459056
Images (587).jpg,train,0.082322949,0.082322949,1.329291796
Images (588).jpg,train,0.122414145,0.122414145,1.48965658
Images (589).jpg,train,0.023216546,0.023216546,1.092866184
Images (590).jpg,train,0.688665307,0.688665307,3.754661228
Images (591).jpg,train,0.152973473,0.152973473,1.611893892
Images (592).jpg,val,0.219072852,0.219072852,1.876291408
Images (593).jpg,train,0.320821672,0.320821672,2.283286688
Images (594).jpg,train,0.311527797,0.311527797,2.246111188
Images (595).jpg,train,0.291295314,0.291295314,2.1651812560000003
Images (596).jpg,train,0.536569417,0.536569417,3.146277668
Images (597).jpg,train,0.257099202,0.257099202,2.028396808
Images (598).jpg,train,0.563626411,0.563626411,3.254505644
Images (599).jpg,train,0.402691291,0.402691291,2.610765164
Images (600).jpg,train,0.435516249,0.435516249,2.742064996
Images (601).jpg,train,0.210854457,0.210854457,1.843417828
Images (602).jpg,test,0.193085562,0.193085562,1.772342248
Images (603).jpg,train,0.608449086,0.608449086,3.433796344
Images (604).jpg,train,0.099702109,0.099702109,1.398808436
Images (605).jpg,train,0.252731278,0.252731278,2.010925112
Images (606).jpg,train,0.191115889,0.191115889,1.764463556
Images (607).jpg,train,0.082338207,0.082338207,1.329352828
Images (608).jpg,train,0.116917732,0.116917732,1.467670928
Images (609).jpg,train,0.178189258,0.178189258,1.7127570319999998
Images (610).jpg,test,0.411048516,0.411048516,2.644194064
Images (611).jpg,test,0.452452375,0.452452375,2.8098095
Images (612).jpg,train,0.496398941,0.496398941,2.985595764
Images (613).jpg,train,0.112715366,0.112715366,1.450861464
Images (614).jpg,train,0.187583515,0.187583515,1.75033406
Images (615).jpg,train,0.697068195,0.697068195,3.78827278
Images (616).jpg,train,0.420622664,0.420622664,2.682490656
Images (617).jpg,train,0.693240146,0.693240146,3.772960584
Images (618).jpg,train,0.136790962,0.136790962,1.5471638479999998
Images (619).jpg,val,0.216770753,0.216770753,1.867083012
Images (620).jpg,train,0.401860173,0.401860173,2.607440692
Images (621).jpg,train,0.471735334,0.471735334,2.886941336
Images (622).jpg,train,0.268942954,0.268942954,2.075771816
Images (623).jpg,train,0.259716208,0.259716208,2.038864832
Images (624).jpg,val,0.208391117,0.208391117,1.833564468
Images (625).jpg,test,0.092923604,0.092923604,1.371694416
Images (626).jpg,train,0.200094291,0.200094291,1.800377164
Images (627).jpg,train,0.243407194,0.243407194,1.973628776
Images (628).jpg,train,0.097914852,0.097914852,1.391659408
Images (629).jpg,train,0.354992546,0.354992546,2.4199701840000003
Images (630).jpg,train,0.297224943,0.297224943,2.188899772
Images (631).jpg,train,0.151722641,0.151722641,1.606890564
Images (632).jpg,test,0.166514907,0.166514907,1.666059628
Images (633).jpg,train,0.14374104,0.14374104,1.57496416
Images (634).jpg,test,0.183003794,0.183003794,1.732015176
Images (635).jpg,train,0.142533018,0.142533018,1.570132072
Images (636).jpg,train,0.397159857,0.397159857,2.588639428
Images (637).jpg,train,0.497867988,0.497867988,2.991471952
Images (638).jpg,train,0.612090656,0.612090656,3.448362624
Images (639).jpg,train,0.171648171,0.171648171,1.6865926839999998
Images (640).jpg,test,0.229639758,0.229639758,1.918559032
Images (641).jpg,train,0.310492814,0.310492814,2.241971256
Images (642).jpg,train,0.099159806,0.099159806,1.396639224
Images (643).jpg,test,0.130355694,0.130355694,1.521422776
Images (644).jpg,train,0.121521103,0.121521103,1.486084412
Images (645).jpg,val,0.24291833,0.24291833,1.97167332
Images (646).jpg,train,0.351023654,0.351023654,2.404094616
Images (647).jpg,train,0.081492074,0.081492074,1.325968296
Images (648).jpg,test,0.09051321,0.09051321,1.36205284
Images (649).jpg,test,0.15059153,0.15059153,1.60236612
Images (650).jpg,val,0.154515211,0.154515211,1.618060844
Images (651).jpg,train,0.128722489,0.128722489,1.514889956
Images (652).jpg,val,0.01,0.01,1.04
Images (653).jpg,train,0.275052121,0.275052121,2.100208484
Images (654).jpg,train,0.561566193,0.561566193,3.246264772
Images (655).jpg,train,0.531791844,0.531791844,3.127167376
Images (656).jpg,val,0.476272316,0.476272316,2.905089264
Images (657).jpg,train,0.536958325,0.536958325,3.1478333
Images (658).jpg,train,0.34047313,0.34047313,2.36189252
Images (659).jpg,test,0.386933978,0.386933978,2.5477359120000003
Images (660).jpg,val,0.211882012,0.211882012,1.847528048
Images (661).jpg,train,0.104113648,0.104113648,1.416454592
Images (662).jpg,train,0.379862931,0.379862931,2.519451724
Images (663).jpg,test,0.143393497,0.143393497,1.573573988
Images (664).jpg,val,0.236946518,0.236946518,1.947786072
Images (665).jpg,train,0.117558424,0.117558424,1.470233696
Images (666).jpg,val,0.088955153,0.088955153,1.355820612
Images (667).jpg,train,0.292926686,0.292926686,2.171706744
Images (668).jpg,train,0.429280007,0.429280007,2.717120028
Images (669).jpg,train,0.188947693,0.188947693,1.755790772
Images (670).jpg,train,0.067229111,0.067229111,1.268916444
Images (671).jpg,train,0.338186615,0.338186615,2.35274646
Images (672).jpg,train,0.083584435,0.083584435,1.33433774
Images (673).jpg,train,0.39897033,0.39897033,2.59588132
Images (674).jpg,test,0.246886208,0.246886208,1.987544832
Images (675).jpg,train,0.166238701,0.166238701,1.664954804
Images (676).jpg,train,0.342082904,0.342082904,2.368331616
Images (677).jpg,train,0.208547413,0.208547413,1.834189652
Images (678).jpg,train,0.161427815,0.161427815,1.64571126
Images (679).jpg,train,0.273542778,0.273542778,2.094171112
Images (680).jpg,train,0.197914269,0.197914269,1.791657076
Images (681).jpg,train,0.074074074,0.074074074,1.296296296
Images (682).jpg,train,0.280168513,0.280168513,2.120674052
Images (683).jpg,train,0.150933811,0.150933811,1.603735244
Images (684).jpg,train,0.221592689,0.221592689,1.886370756
Images (685).jpg,train,0.348002502,0.348002502,2.392010008
Images (686).jpg,train,0.104822139,0.104822139,1.419288556
Images (687).jpg,train,0.504582933,0.504582933,3.018331732
Images (688).jpg,train,0.250939561,0.250939561,2.003758244
Images (689).jpg,train,0.185863122,0.185863122,1.743452488
Images (690).jpg,train,0.538225853,0.538225853,3.152903412
Images (691).jpg,val,0.404020798,0.404020798,2.616083192
Images (692).jpg,train,0.495409592,0.495409592,2.981638368
Images (693).jpg,train,0.49556052,0.49556052,2.98224208
Images (694).jpg,train,0.116230309,0.116230309,1.464921236
Images (695).jpg,train,0.609266826,0.609266826,3.437067304
Images (696).jpg,train,0.575474525,0.575474525,3.3018981
Images (697).jpg,train,0.225980032,0.225980032,1.903920128
Images (698).jpg,test,0.312937399,0.312937399,2.251749596
Images (699).jpg,train,0.336358527,0.336358527,2.345434108
Images (700).jpg,train,0.216124621,0.216124621,1.864498484
Images (701).jpg,train,0.133828691,0.133828691,1.535314764
Images (702).jpg,train,0.479566236,0.479566236,2.918264944
Images (703).jpg,train,0.208059326,0.208059326,1.832237304
Images (704).jpg,train,0.294549569,0.294549569,2.178198276
Images (705).jpg,train,0.281317151,0.281317151,2.125268604
Images (706).jpg,test,0.164876816,0.164876816,1.659507264
Images (707).jpg,train,0.163113015,0.163113015,1.65245206
Images (708).jpg,train,0.314803104,0.314803104,2.259212416
Images (709).jpg,train,0.279785111,0.279785111,2.119140444
Images (710).jpg,train,0.012482941,0.012482941,1.049931764
Images (711).jpg,val,0.293045876,0.293045876,2.172183504
Images (712).jpg,train,0.318313267,0.318313267,2.273253068
Images (713).jpg,train,0.373750851,0.373750851,2.495003404
Images (714).jpg,train,0.40107343,0.40107343,2.6042937200000003
Images (715).jpg,test,0.251655047,0.251655047,2.0066201880000003
Images (716).jpg,test,0.621942624,0.621942624,3.487770496
Images (717).jpg,train,0.355366864,0.355366864,2.421467456
Images (718).jpg,train,0.32768493,0.32768493,2.31073972
Images (719).jpg,train,0.443247775,0.443247775,2.7729911
Images (720).jpg,val,0.340416577,0.340416577,2.361666308
Images (721).jpg,test,0.274860998,0.274860998,2.0994439920000003
Images (722).jpg,test,0.138387554,0.138387554,1.553550216
Images (723).jpg,test,0.253508548,0.253508548,2.014034192
Images (724).jpg,train,0.285070717,0.285070717,2.140282868
Images (725).jpg,test,0.786829865,0.786829865,4.14731946
Images (726).jpg,train,0.497870072,0.497870072,2.991480288
Images (727).jpg,train,0.475753415,0.475753415,2.90301366
Images (728).jpg,train,0.378696492,0.378696492,2.514785968
Images (729).jpg,train,0.436386318,0.436386318,2.745545272
Images (730).jpg,train,0.547558339,0.547558339,3.190233356
Images (731).jpg,train,0.06712963,0.06712963,1.26851852
Images (732).jpg,train,0.42492244,0.42492244,2.69968976
Images (733).jpg,train,0.160767147,0.160767147,1.643068588
Images (734).jpg,train,0.05,0.05,1.2
Images (735).jpg,test,0.674900812,0.674900812,3.699603248
Images (736).jpg,train,0.356231599,0.356231599,2.424926396
Images (737).jpg,train,0.738129093,0.738129093,3.952516372
Images (738).jpg,train,0.709125163,0.709125163,3.836500652
Images (739).jpg,train,0.113425926,0.113425926,1.453703704
Images (740).jpg,test,0.579855051,0.579855051,3.319420204
Images (741).jpg,val,0.325652325,0.325652325,2.3026093000000003
Images (742).jpg,train,0.316697949,0.316697949,2.266791796
Images (743).jpg,train,0.32699815,0.32699815,2.3079926
Images (744).jpg,train,0.318983588,0.318983588,2.275934352
Images (745).jpg,train,0.613936369,0.613936369,3.455745476
Images (746).jpg,val,0.429589658,0.429589658,2.718358632
Images (747).jpg,train,0.379678261,0.379678261,2.518713044
Images (748).jpg,train,0.337784493,0.337784493,2.351137972
Images (749).jpg,train,0.096464773,0.096464773,1.385859092
Images (750).jpg,train,0.108105004,0.108105004,1.432420016
Images (751).jpg,train,0.078603619,0.078603619,1.314414476
Images (752).jpg,train,0.0,0.0,1.0
Images (753).jpg,val,0.146789001,0.146789001,1.587156004
Images (754).jpg,train,0.186472873,0.186472873,1.7458914920000002
Images (755).jpg,train,0.209462746,0.209462746,1.837850984
Images (756).jpg,train,0.253025925,0.253025925,2.0121037
Images (757).jpg,train,0.074074074,0.074074074,1.296296296
Images (758).jpg,test,0.112132865,0.112132865,1.44853146
Images (759).jpg,train,0.329217043,0.329217043,2.316868172
Images (760).jpg,train,0.282403573,0.282403573,2.1296142920000003
Images (761).jpg,train,0.325768239,0.325768239,2.3030729560000003
Images (762).jpg,train,0.228390109,0.228390109,1.913560436
Images (763).jpg,train,0.08043515,0.08043515,1.3217406
Images (764).jpg,train,0.461040795,0.461040795,2.84416318
Images (765).jpg,train,0.592504587,0.592504587,3.370018348
Images (766).jpg,train,0.251112473,0.251112473,2.004449892
Images (767).jpg,train,0.388449631,0.388449631,2.5537985240000003
Images (768).jpg,train,0.466025297,0.466025297,2.864101188
Images (769).jpg,train,0.649543071,0.649543071,3.598172284
Images (770).jpg,train,0.22948362,0.22948362,1.91793448
Images (771).jpg,train,0.701029475,0.701029475,3.8041179
Images (772).jpg,train,0.307563762,0.307563762,2.230255048
Images (773).jpg,train,0.130555274,0.130555274,1.522221096
Images (774).jpg,test,0.414767881,0.414767881,2.659071524
Images (775).jpg,train,0.421002916,0.421002916,2.684011664
Images (776).jpg,train,0.323301041,0.323301041,2.293204164
Images (777).jpg,train,0.39725473,0.39725473,2.58901892
Images (778).jpg,train,0.344376597,0.344376597,2.377506388
Images (779).jpg,train,0.508853645,0.508853645,3.03541458
Images (780).jpg,train,0.485958857,0.485958857,2.943835428
Images (781).jpg,val,0.45653275,0.45653275,2.826131
Images (782).jpg,train,0.175515332,0.175515332,1.702061328
Images (783).jpg,val,0.269597352,0.269597352,2.078389408
Images (784).jpg,val,0.107024314,0.107024314,1.428097256
Images (785).jpg,test,0.151814797,0.151814797,1.607259188
Images (786).jpg,train,0.19889909,0.19889909,1.79559636
Images (787).jpg,train,0.427316411,0.427316411,2.7092656440000003
Images (788).jpg,train,0.174640318,0.174640318,1.698561272
Images (789).jpg,train,0.14782058,0.14782058,1.59128232
Images (790).jpg,test,0.385582936,0.385582936,2.542331744
Images (791).jpg,train,0.467606242,0.467606242,2.870424968
Images (792).jpg,train,0.605304158,0.605304158,3.421216632
Images (793).jpg,train,0.193763042,0.193763042,1.775052168
Images (794).jpg,test,0.180733731,0.180733731,1.722934924
Images (795).jpg,test,0.259104002,0.259104002,2.036416008
Images (796).jpg,test,0.186106627,0.186106627,1.744426508
Images (797).jpg,train,0.268935343,0.268935343,2.075741372
Images (798).jpg,train,0.253166726,0.253166726,2.012666904
Images (799).jpg,train,0.457985805,0.457985805,2.8319432200000003
Images (800).jpg,train,0.555592517,0.555592517,3.222370068
Images (801).jpg,train,0.074636192,0.074636192,1.298544768
Images (802).jpg,train,0.21328419,0.21328419,1.85313676
Images (803).jpg,val,0.473772252,0.473772252,2.895089008
Images (804).jpg,test,0.360581237,0.360581237,2.442324948
Images (805).jpg,train,0.534177792,0.534177792,3.136711168
Images (806).jpg,train,0.1117272,0.1117272,1.4469088
Images (807).jpg,train,0.076110891,0.076110891,1.304443564
Images (808).jpg,val,0.539869748,0.539869748,3.159478992
Images (809).jpg,train,0.224537037,0.224537037,1.898148148
Images (810).jpg,train,0.209522351,0.209522351,1.838089404
Images (811).jpg,test,0.137682316,0.137682316,1.550729264
Images (812).jpg,val,0.198464062,0.198464062,1.793856248
Images (813).jpg,train,0.657374203,0.657374203,3.629496812
Images (814).jpg,test,0.436323323,0.436323323,2.745293292
Images (815).jpg,train,0.593900502,0.593900502,3.375602008
Images (816).jpg,val,0.424711172,0.424711172,2.6988446880000003
Images (817).jpg,train,0.530860228,0.530860228,3.123440912
Images (818).jpg,train,0.375649538,0.375649538,2.502598152
Images (819).jpg,test,0.128085511,0.128085511,1.512342044
Images (820).jpg,test,0.173855126,0.173855126,1.695420504
Images (821).jpg,train,0.631020939,0.631020939,3.524083756
Images (822).jpg,train,0.449128272,0.449128272,2.796513088
Images (823).jpg,train,0.118912359,0.118912359,1.475649436
Images (824).jpg,train,0.249562102,0.249562102,1.998248408
Images (825).jpg,train,0.270954289,0.270954289,2.0838171560000003
Images (826).jpg,train,0.379963149,0.379963149,2.519852596
Images (827).jpg,train,0.196359862,0.196359862,1.785439448
Images (828).jpg,train,0.257652157,0.257652157,2.030608628
Images (829).jpg,test,0.40519067,0.40519067,2.62076268
Images (830).jpg,train,0.520474379,0.520474379,3.081897516
Images (831).jpg,train,0.527547463,0.527547463,3.110189852
Images (832).jpg,train,0.672859914,0.672859914,3.691439656
Images (833).jpg,test,0.6128208,0.6128208,3.4512832
Images (834).jpg,train,0.571276627,0.571276627,3.285106508
Images (835).jpg,train,0.259287479,0.259287479,2.037149916
Images (836).jpg,train,0.15475635,0.15475635,1.6190254
Images (837).jpg,train,0.645115444,0.645115444,3.580461776
Images (838).jpg,train,0.679216082,0.679216082,3.716864328
Images (839).jpg,train,0.316210815,0.316210815,2.26484326
Images (840).jpg,train,0.646693086,0.646693086,3.586772344
Images (841).jpg,train,0.723107265,0.723107265,3.89242906
Images (842).jpg,train,0.640650742,0.640650742,3.562602968
Images (843).jpg,train,0.335256486,0.335256486,2.341025944
Images (844).jpg,train,0.528660331,0.528660331,3.114641324
Images (845).jpg,val,0.473015765,0.473015765,2.89206306
Images (846).jpg,train,0.287287705,0.287287705,2.14915082
Images (847).jpg,train,0.649279892,0.649279892,3.597119568
Images (848).jpg,train,0.367732752,0.367732752,2.470931008
Images (849).jpg,train,0.13228199,0.13228199,1.5291279599999998
Images (850).jpg,train,0.481445324,0.481445324,2.9257812960000003
Images (851).jpg,train,0.408166918,0.408166918,2.632667672
Images (852).jpg,train,0.245532652,0.245532652,1.982130608
Images (853).jpg,train,0.418837082,0.418837082,2.675348328
Images (854).jpg,train,0.581550992,0.581550992,3.326203968
Images (855).jpg,train,0.622504744,0.622504744,3.490018976
Images (856).jpg,test,0.195236274,0.195236274,1.780945096
Images (857).jpg,train,0.103940308,0.103940308,1.415761232
Images (858).jpg,train,0.220700597,0.220700597,1.882802388
Images (859).jpg,train,0.250651481,0.250651481,2.002605924
Images (860).jpg,train,0.261738386,0.261738386,2.046953544
Images (861).jpg,train,0.24691283,0.24691283,1.98765132
Images (862).jpg,train,0.178741347,0.178741347,1.714965388
Images (863).jpg,train,0.431940712,0.431940712,2.727762848
Images (864).jpg,train,0.523824354,0.523824354,3.095297416
Images (865).jpg,train,0.529215969,0.529215969,3.116863876
Images (866).jpg,train,0.482312147,0.482312147,2.929248588
Images (867).jpg,val,0.151948785,0.151948785,1.60779514
Images (868).jpg,train,0.315751021,0.315751021,2.2630040840000003
Images (869).jpg,train,0.329671999,0.329671999,2.318687996
Images (870).jpg,val,0.134411668,0.134411668,1.5376466720000002
Images (871).jpg,train,0.224862015,0.224862015,1.89944806
Images (872).jpg,train,0.11698357,0.11698357,1.46793428
Images (873).jpg,train,0.011574074,0.011574074,1.046296296
Images (874).jpg,train,0.236997267,0.236997267,1.947989068
Images (875).jpg,train,0.239933407,0.239933407,1.959733628
Images (876).jpg,train,0.412920201,0.412920201,2.651680804
Images (877).jpg,val,0.37520313,0.37520313,2.50081252
Images (878).jpg,train,0.313017094,0.313017094,2.252068376
Images (879).jpg,train,0.249214947,0.249214947,1.996859788
Images (880).jpg,val,0.386467243,0.386467243,2.545868972
Images (881).jpg,train,0.511097765,0.511097765,3.04439106
Images (882).jpg,train,0.365156754,0.365156754,2.460627016
Images (883).jpg,train,0.40090347,0.40090347,2.60361388
Images (884).jpg,train,0.514125204,0.514125204,3.056500816
Images (885).jpg,train,0.179733256,0.179733256,1.718933024
Images (886).jpg,train,0.216300662,0.216300662,1.865202648
Images (887).jpg,train,0.553104628,0.553104628,3.212418512
Images (888).jpg,train,0.595934283,0.595934283,3.383737132
Images (889).jpg,val,0.611414731,0.611414731,3.445658924
Images (890).jpg,train,0.139424469,0.139424469,1.557697876
Images (891).jpg,train,0.407681153,0.407681153,2.630724612
Images (892).jpg,train,0.628409779,0.628409779,3.513639116
Images (893).jpg,train,0.452607329,0.452607329,2.810429316
Images (894).jpg,train,0.075225916,0.075225916,1.300903664
Images (895).jpg,train,0.116576316,0.116576316,1.466305264
Images (896).jpg,test,0.285821106,0.285821106,2.143284424
Images (897).jpg,val,0.23418391,0.23418391,1.93673564
Images (898).jpg,val,0.192444199,0.192444199,1.769776796
Images (899).jpg,test,0.128528346,0.128528346,1.5141133839999998
Images (900).jpg,train,0.308717644,0.308717644,2.234870576
Images (901).jpg,train,0.396307671,0.396307671,2.585230684
Images (902).jpg,train,0.36211358,0.36211358,2.44845432
Images (903).jpg,val,0.290875238,0.290875238,2.163500952
Images (904).jpg,train,0.226457036,0.226457036,1.905828144
Images (905).jpg,test,0.19499413,0.19499413,1.77997652
Images (906).jpg,train,0.605142697,0.605142697,3.420570788
Images (907).jpg,train,0.61545453,0.61545453,3.46181812
Images (908).jpg,train,0.265418156,0.265418156,2.061672624
Images (909).jpg,train,0.317747979,0.317747979,2.270991916
Images (910).jpg,train,0.69821769,0.69821769,3.79287076
Images (911).jpg,test,0.2413868,0.2413868,1.9655472
Images (912).jpg,train,0.559512401,0.559512401,3.238049604
Images (913).jpg,train,0.036753953,0.036753953,1.147015812
Images (914).jpg,train,0.071827021,0.071827021,1.287308084
Images (915).jpg,train,0.427362969,0.427362969,2.709451876
Images (916).jpg,train,0.425916122,0.425916122,2.7036644880000003
Images (917).jpg,train,0.33210016,0.33210016,2.32840064
Images (918).jpg,val,0.274698114,0.274698114,2.098792456
Images (919).jpg,test,0.20889169,0.20889169,1.83556676
Images (920).jpg,train,0.076388889,0.076388889,1.305555556
Images (921).jpg,train,0.707039866,0.707039866,3.828159464
Images (922).jpg,test,0.71890527,0.71890527,3.87562108
Images (923).jpg,val,0.190207868,0.190207868,1.760831472
Images (924).jpg,train,0.07193196,0.07193196,1.28772784
Images (925).jpg,train,0.084699787,0.084699787,1.338799148
Images (926).jpg,test,0.500108328,0.500108328,3.000433312
Images (927).jpg,test,0.381684036,0.381684036,2.526736144
Images (928).jpg,test,0.480108895,0.480108895,2.92043558
Images (929).jpg,train,0.411737281,0.411737281,2.646949124
Images (930).jpg,train,0.580275929,0.580275929,3.321103716
Images (931).jpg,test,0.573014575,0.573014575,3.2920583
Images (932).jpg,train,0.140908469,0.140908469,1.563633876
Images (933).jpg,train,0.277618636,0.277618636,2.110474544
Images (934).jpg,val,0.446842421,0.446842421,2.787369684
Images (935).jpg,train,0.348813408,0.348813408,2.395253632
Images (936).jpg,val,0.181496232,0.181496232,1.725984928
Images (937).jpg,train,0.164619267,0.164619267,1.658477068
Images (938).jpg,train,0.189247258,0.189247258,1.756989032
Images (939).jpg,train,0.12985065,0.12985065,1.5194026
Images (940).jpg,test,0.297050145,0.297050145,2.18820058
Images (941).jpg,train,0.215657338,0.215657338,1.862629352
Images (942).jpg,train,0.158705075,0.158705075,1.6348203
Images (943).jpg,train,0.23229212,0.23229212,1.92916848
Images (944).jpg,val,0.324939549,0.324939549,2.299758196
Images (945).jpg,train,0.230659765,0.230659765,1.92263906
Images (946).jpg,train,0.121455031,0.121455031,1.485820124
Images (947).jpg,train,0.280232939,0.280232939,2.120931756
Images (948).jpg,train,0.0,0.0,1.0
Images (949).jpg,train,0.008269396,0.008269396,1.033077584
Images (950).jpg,train,0.370368683,0.370368683,2.481474732
Images (951).jpg,train,0.362605075,0.362605075,2.4504203
Images (952).jpg,train,0.310046777,0.310046777,2.240187108
Images (953).jpg,train,0.218867635,0.218867635,1.87547054
Images (954).jpg,train,0.297918582,0.297918582,2.191674328
Images (955).jpg,train,0.114130283,0.114130283,1.456521132
Images (956).jpg,train,0.259901133,0.259901133,2.039604532
Images (957).jpg,test,0.233897825,0.233897825,1.9355913
Images (958).jpg,train,0.050619565,0.050619565,1.20247826
Images (959).jpg,train,0.141986756,0.141986756,1.567947024
Images (960).jpg,train,0.211019161,0.211019161,1.844076644
Images (961).jpg,val,0.1756957,0.1756957,1.7027828
Images (962).jpg,train,0.331451131,0.331451131,2.325804524
Images (963).jpg,test,0.101723563,0.101723563,1.406894252
Images (964).jpg,test,0.163059321,0.163059321,1.652237284
Images (965).jpg,train,0.292646724,0.292646724,2.170586896
Images (966).jpg,train,0.231164118,0.231164118,1.924656472
Images (967).jpg,train,0.504948296,0.504948296,3.019793184
Images (968).jpg,train,0.53124938,0.53124938,3.12499752
Images (969).jpg,train,0.490697205,0.490697205,2.96278882
Images (970).jpg,test,0.304829454,0.304829454,2.219317816
Images (971).jpg,train,0.167272936,0.167272936,1.6690917440000002
Images (972).jpg,train,0.06712963,0.06712963,1.26851852
Images (973).jpg,train,0.041666667,0.041666667,1.166666668
Images (974).jpg,train,0.241190007,0.241190007,1.964760028
Images (975).jpg,train,0.092249992,0.092249992,1.368999968
Images (976).jpg,test,0.069444444,0.069444444,1.277777776
Images (977).jpg,val,0.06712963,0.06712963,1.26851852
Images (978).jpg,train,0.087962963,0.087962963,1.351851852
Images (979).jpg,train,0.006944444,0.006944444,1.027777776
Images (980).jpg,train,0.110405708,0.110405708,1.441622832
Images (981).jpg,train,0.501587784,0.501587784,3.006351136
Images (982).jpg,train,0.358412899,0.358412899,2.433651596
Images (983).jpg,train,0.26685273,0.26685273,2.06741092
Images (984).jpg,val,0.283111499,0.283111499,2.132445996
Images (985).jpg,train,0.043981481,0.043981481,1.175925924
Images (986).jpg,test,0.130708992,0.130708992,1.522835968
Images (987).jpg,val,0.168750679,0.168750679,1.6750027159999998
Images (988).jpg,train,0.278439926,0.278439926,2.113759704
Images (989).jpg,train,0.145768976,0.145768976,1.583075904
Images (990).jpg,train,0.11877858,0.11877858,1.47511432
Images (991).jpg,train,0.303631318,0.303631318,2.214525272
Images (992).jpg,train,0.264411977,0.264411977,2.057647908
Images (993).jpg,train,0.262316136,0.262316136,2.049264544
Images (994).jpg,val,0.181667343,0.181667343,1.726669372
Images (995).jpg,train,0.027777778,0.027777778,1.111111112
Images (996).jpg,val,0.145439499,0.145439499,1.581757996
Images (997).jpg,test,0.153610623,0.153610623,1.614442492
Images (998).jpg,train,0.241633618,0.241633618,1.966534472
Images (999).jpg,train,0.320185942,0.320185942,2.280743768
Images (1000).jpg,train,0.112574346,0.112574346,1.450297384
Images (1001).jpg,train,0.146508877,0.146508877,1.586035508
Images (1002).jpg,train,0.382628209,0.382628209,2.530512836
Images (1003).jpg,train,0.634445107,0.634445107,3.537780428
Images (1004).jpg,train,0.441006181,0.441006181,2.764024724
Images (1005).jpg,train,0.274287713,0.274287713,2.097150852
Images (1006).jpg,train,0.034722222,0.034722222,1.138888888
Images (1007).jpg,train,0.030092593,0.030092593,1.120370372
Images (1008).jpg,train,0.037280699,0.037280699,1.149122796
Images (1009).jpg,train,0.303903973,0.303903973,2.215615892
Images (1010).jpg,train,0.227544482,0.227544482,1.910177928
Images (1011).jpg,test,0.346117759,0.346117759,2.384471036
Images (1012).jpg,train,0.377055848,0.377055848,2.508223392
Images (1013).jpg,val,0.187921204,0.187921204,1.751684816
Images (1014).jpg,train,0.204368201,0.204368201,1.817472804
Images (1015).jpg,train,0.106315558,0.106315558,1.425262232
Images (1016).jpg,train,0.1,0.1,1.4
Images (1017).jpg,train,0.155755765,0.155755765,1.62302306
Images (1018).jpg,train,0.557770321,0.557770321,3.231081284
Images (1019).jpg,test,0.329608721,0.329608721,2.318434884
Images (1020).jpg,train,0.533301616,0.533301616,3.133206464
Images (1021).jpg,train,0.431972025,0.431972025,2.7278881
Images (1022).jpg,train,0.541457298,0.541457298,3.165829192
Images (1023).jpg,train,0.142576198,0.142576198,1.570304792
Images (1024).jpg,train,0.152780637,0.152780637,1.611122548
Images (1025).jpg,train,0.273058695,0.273058695,2.09223478
Images (1026).jpg,train,0.302335119,0.302335119,2.209340476
Images (1027).jpg,train,0.309399656,0.309399656,2.2375986240000003
Images (1028).jpg,train,0.398785713,0.398785713,2.595142852
Images (1029).jpg,test,0.294038364,0.294038364,2.176153456
Images (1030).jpg,val,0.252061541,0.252061541,2.008246164
Images (1031).jpg,train,0.385616565,0.385616565,2.5424662600000003
Images (1032).jpg,train,0.050572128,0.050572128,1.202288512
Images (1033).jpg,test,0.232563599,0.232563599,1.930254396
Images (1034).jpg,val,0.283680454,0.283680454,2.134721816
Images (1035).jpg,train,0.346775459,0.346775459,2.3871018360000003
Images (1036).jpg,val,0.131338806,0.131338806,1.525355224
Images (1037).jpg,train,0.147652924,0.147652924,1.590611696
Images (1038).jpg,train,0.387386239,0.387386239,2.549544956
Images (1039).jpg,train,0.42660607,0.42660607,2.70642428
Images (1040).jpg,train,0.169708359,0.169708359,1.678833436
Images (1041).jpg,train,0.545292675,0.545292675,3.1811707
Images (1042).jpg,train,0.575487258,0.575487258,3.301949032
Images (1043).jpg,train,0.259597046,0.259597046,2.038388184
Images (1044).jpg,train,0.265221322,0.265221322,2.060885288
Images (1045).jpg,train,0.254146662,0.254146662,2.016586648
Images (1046).jpg,train,0.532921418,0.532921418,3.131685672
Images (1047).jpg,train,0.503363996,0.503363996,3.013455984
Images (1048).jpg,train,0.293471749,0.293471749,2.173886996
Images (1049).jpg,train,0.150959878,0.150959878,1.603839512
Images (1050).jpg,train,0.237416146,0.237416146,1.949664584
Images (1051).jpg,train,0.217592114,0.217592114,1.870368456
Images (1052).jpg,train,0.215000012,0.215000012,1.860000048
Images (1053).jpg,train,0.275690624,0.275690624,2.102762496
Images (1054).jpg,train,0.255970623,0.255970623,2.0238824920000003
Images (1055).jpg,test,0.22450721,0.22450721,1.89802884
Images (1056).jpg,val,0.207086174,0.207086174,1.828344696
Images (1057).jpg,train,0.153097415,0.153097415,1.6123896599999998
Images (1058).jpg,train,0.240996941,0.240996941,1.963987764
Images (1059).jpg,train,0.264302993,0.264302993,2.057211972
Images (1060).jpg,train,0.406432503,0.406432503,2.625730012
Images (1061).jpg,train,0.16915715,0.16915715,1.6766286
Images (1062).jpg,train,0.030473619,0.030473619,1.121894476
Images (1063).jpg,train,0.051185715,0.051185715,1.20474286
Images (1064).jpg,train,0.241124663,0.241124663,1.964498652
Images (1065).jpg,train,0.180854901,0.180854901,1.723419604
Images (1066).jpg,train,0.582740128,0.582740128,3.330960512
Images (1067).jpg,val,0.671485775,0.671485775,3.6859431
Images (1068).jpg,train,0.154755996,0.154755996,1.619023984
Images (1069).jpg,train,0.230863622,0.230863622,1.923454488
Images (1070).jpg,val,0.644508946,0.644508946,3.578035784
Images (1071).jpg,test,0.30873317,0.30873317,2.23493268
Images (1072).jpg,test,0.568042152,0.568042152,3.272168608
Images (1073).jpg,train,0.54114202,0.54114202,3.16456808
Images (1074).jpg,train,0.095412411,0.095412411,1.381649644
Images (1075).jpg,train,0.237403708,0.237403708,1.949614832
Images (1076).jpg,test,0.331726496,0.331726496,2.326905984
Images (1077).jpg,train,0.304390446,0.304390446,2.217561784
Images (1078).jpg,train,0.257620728,0.257620728,2.030482912
Images (1079).jpg,test,0.164415009,0.164415009,1.657660036
Images (1080).jpg,train,0.104631245,0.104631245,1.41852498
Images (1081).jpg,train,0.461606995,0.461606995,2.84642798
Images (1082).jpg,train,0.433043548,0.433043548,2.732174192
Images (1083).jpg,val,0.451731344,0.451731344,2.806925376
Images (1084).jpg,test,0.125844883,0.125844883,1.503379532
Images (1085).jpg,train,0.517718507,0.517718507,3.070874028
Images (1086).jpg,train,0.331343702,0.331343702,2.3253748080000003
Images (1087).jpg,train,0.307068522,0.307068522,2.228274088
Images (1088).jpg,val,0.031918206,0.031918206,1.127672824
Images (1089).jpg,train,0.25775615,0.25775615,2.0310246000000003
Images (1090).jpg,test,0.335745138,0.335745138,2.342980552
Images (1091).jpg,train,0.327533102,0.327533102,2.3101324080000003
Images (1092).jpg,test,0.20767987,0.20767987,1.83071948
Images (1093).jpg,test,0.807644983,0.807644983,4.230579932
Images (1094).jpg,val,0.623998787,0.623998787,3.495995148
Images (1095).jpg,train,0.589751427,0.589751427,3.359005708
Images (1096).jpg,train,0.719782809,0.719782809,3.879131236
Images (1097).jpg,test,0.606362853,0.606362853,3.425451412
Images (1098).jpg,train,0.788471167,0.788471167,4.153884668
Images (1099).jpg,train,0.501976388,0.501976388,3.007905552
Images (1100).jpg,train,0.602674363,0.602674363,3.410697452
Images (1101).jpg,test,0.657818033,0.657818033,3.631272132
Images (1102).jpg,train,0.379768157,0.379768157,2.519072628
Images (1103).jpg,train,0.674645899,0.674645899,3.698583596
Images (1104).jpg,train,0.728616341,0.728616341,3.914465364
Images (1105).jpg,test,0.670928681,0.670928681,3.683714724
Images (1106).jpg,train,0.543708428,0.543708428,3.174833712
Images (1107).jpg,val,0.654503644,0.654503644,3.618014576
Images (1108).jpg,train,0.595844849,0.595844849,3.383379396
Images (1109).jpg,train,0.647816409,0.647816409,3.591265636
Images (1110).jpg,train,0.579713519,0.579713519,3.318854076
Images (1111).jpg,train,0.609200852,0.609200852,3.436803408
Images (1112).jpg,train,0.669889843,0.669889843,3.679559372
Images (1113).jpg,train,0.661971028,0.661971028,3.647884112
Images (1114).jpg,train,0.736052917,0.736052917,3.944211668
Images (1115).jpg,train,0.470443353,0.470443353,2.8817734120000003
Images (1116).jpg,train,0.61194296,0.61194296,3.44777184
Images (1117).jpg,train,0.690223427,0.690223427,3.760893708
Images (1118).jpg,train,0.634364373,0.634364373,3.537457492
Images (1119).jpg,val,0.617609287,0.617609287,3.470437148
Images (1120).jpg,train,0.661417687,0.661417687,3.645670748
Images (1121).jpg,train,0.593484806,0.593484806,3.373939224
Images (1122).jpg,train,0.587987187,0.587987187,3.351948748
Images (1123).jpg,val,0.702866234,0.702866234,3.811464936
Images (1124).jpg,train,0.6202051,0.6202051,3.4808204
Images (1125).jpg,train,0.680795414,0.680795414,3.723181656
Images (1126).jpg,train,0.569471233,0.569471233,3.277884932
Images (1127).jpg,train,0.527989968,0.527989968,3.111959872
Images (1128).jpg,train,0.743163619,0.743163619,3.972654476
Images (1129).jpg,train,0.758178673,0.758178673,4.032714692
Images (1130).jpg,train,0.597670571,0.597670571,3.390682284
Images (1131).jpg,train,0.676232331,0.676232331,3.704929324
Images (1132).jpg,train,0.547849839,0.547849839,3.191399356
Images (1133).jpg,test,0.473950755,0.473950755,2.89580302
Images (1134).jpg,train,0.719266306,0.719266306,3.877065224
Images (1135).jpg,test,0.7807603,0.7807603,4.123041199999999
Images (1136).jpg,test,0.632408097,0.632408097,3.529632388
Images (1137).jpg,val,0.630337937,0.630337937,3.521351748
Images (1138).jpg,train,0.710930111,0.710930111,3.843720444
Images (1139).jpg,train,0.610298302,0.610298302,3.441193208
Images (1140).jpg,train,0.445463161,0.445463161,2.781852644
Images (1141).jpg,train,0.4695253,0.4695253,2.8781012
Images (1142).jpg,train,0.390628989,0.390628989,2.562515956
Images (1143).jpg,train,0.283998215,0.283998215,2.13599286
Images (1144).jpg,train,0.394321404,0.394321404,2.577285616
Images (1145).jpg,train,0.432416931,0.432416931,2.729667724
Images (1146).jpg,val,0.549728303,0.549728303,3.198913212
Images (1147).jpg,train,0.449228832,0.449228832,2.796915328
Images (1148).jpg,val,0.356940232,0.356940232,2.427760928
Images (1149).jpg,train,0.741790699,0.741790699,3.967162796
Images (1150).jpg,val,0.631304721,0.631304721,3.525218884
Images (1151).jpg,train,0.511214113,0.511214113,3.044856452
Images (1152).jpg,train,0.644981806,0.644981806,3.579927224
Images (1153).jpg,val,0.576612389,0.576612389,3.306449556
Images (1154).jpg,train,0.429190051,0.429190051,2.716760204
Images (1155).jpg,train,0.677400569,0.677400569,3.709602276
Images (1156).jpg,train,0.65611974,0.65611974,3.62447896
Images (1157).jpg,test,0.589782315,0.589782315,3.35912926
Images (1158).jpg,train,0.27690345,0.27690345,2.1076138
Images (1159).jpg,train,0.403028963,0.403028963,2.612115852
Images (1160).jpg,train,0.3766348,0.3766348,2.5065392
Images (1161).jpg,test,0.380217585,0.380217585,2.52087034
Images (1162).jpg,train,0.4399286,0.4399286,2.7597144
Images (1163).jpg,train,0.221153239,0.221153239,1.884612956
Images (1164).jpg,train,0.553544042,0.553544042,3.214176168
Images (1165).jpg,val,0.714417817,0.714417817,3.857671268
Images (1166).jpg,train,0.752205458,0.752205458,4.008821832000001
Images (1167).jpg,val,0.761409369,0.761409369,4.045637476
Images (1168).jpg,val,0.452944291,0.452944291,2.811777164
Images (1169).jpg,val,0.483143645,0.483143645,2.93257458
Images (1170).jpg,train,0.509731591,0.509731591,3.038926364
Images (1171).jpg,test,0.424188135,0.424188135,2.6967525400000003
Images (1172).jpg,train,0.344785988,0.344785988,2.379143952
Images (1173).jpg,train,0.287279215,0.287279215,2.14911686
Images (1174).jpg,train,0.542868965,0.542868965,3.17147586
Images (1175).jpg,test,0.385118482,0.385118482,2.540473928
Images (1176).jpg,train,0.252319351,0.252319351,2.009277404
Images (1177).jpg,train,0.483864235,0.483864235,2.93545694
Images (1178).jpg,train,0.583961052,0.583961052,3.335844208
Images (1179).jpg,train,0.652461465,0.652461465,3.60984586
Images (1180).jpg,train,0.688415719,0.688415719,3.753662876
Images (1181).jpg,train,0.734930672,0.734930672,3.939722688
Images (1182).jpg,test,0.65119457,0.65119457,3.60477828
Images (1183).jpg,train,0.729631139,0.729631139,3.918524556
Images (1184).jpg,train,0.522957694,0.522957694,3.091830776
Images (1185).jpg,train,0.261120999,0.261120999,2.0444839960000003
Images (1186).jpg,train,0.435242188,0.435242188,2.740968752
Images (1187).jpg,test,0.53504493,0.53504493,3.14017972
Images (1188).jpg,train,0.501368058,0.501368058,3.005472232
Images (1189).jpg,train,0.493304036,0.493304036,2.973216144
Images (1190).jpg,train,0.52115313,0.52115313,3.08461252
Images (1191).jpg,train,0.431794713,0.431794713,2.727178852
Images (1192).jpg,train,0.563419693,0.563419693,3.253678772
Images (1193).jpg,train,0.528888841,0.528888841,3.115555364
Images (1194).jpg,train,0.489092207,0.489092207,2.956368828
Images (1195).jpg,train,0.619795197,0.619795197,3.479180788
Images (1196).jpg,test,0.487850523,0.487850523,2.951402092
Images (1197).jpg,test,0.525083151,0.525083151,3.100332604
Images (1198).jpg,train,0.53690209,0.53690209,3.14760836
Images (1199).jpg,train,0.557949383,0.557949383,3.231797532
Images (1200).jpg,test,0.682962887,0.682962887,3.731851548
Images (1201).jpg,test,0.720472263,0.720472263,3.881889052
Images (1202).jpg,train,0.549393761,0.549393761,3.197575044
Images (1203).jpg,train,0.662457446,0.662457446,3.649829784
Images (1204).jpg,train,0.532129904,0.532129904,3.128519616
Images (1205).jpg,train,0.584605859,0.584605859,3.338423436
Images (1206).jpg,train,0.598253462,0.598253462,3.393013848
Images (1207).jpg,val,0.563826532,0.563826532,3.255306128
Images (1208).jpg,test,0.562697947,0.562697947,3.250791788
Images (1209).jpg,train,0.569985017,0.569985017,3.279940068
Images (1210).jpg,train,0.578976735,0.578976735,3.31590694
Images (1211).jpg,train,0.474259569,0.474259569,2.897038276
Images (1212).jpg,train,0.45449269,0.45449269,2.81797076
Images (1213).jpg,train,0.556017255,0.556017255,3.22406902
Images (1214).jpg,train,0.493476689,0.493476689,2.973906756
Images (1215).jpg,test,0.350866651,0.350866651,2.403466604
Images (1216).jpg,train,0.039351852,0.039351852,1.157407408
Images (1217).jpg,train,0.466366359,0.466366359,2.865465436
Images (1218).jpg,train,0.334333541,0.334333541,2.337334164
Images (1219).jpg,test,0.186832345,0.186832345,1.74732938
Images (1220).jpg,train,0.399191201,0.399191201,2.596764804
Images (1221).jpg,val,0.25609357,0.25609357,2.02437428
Images (1222).jpg,train,0.355182928,0.355182928,2.4207317120000003
Images (1223).jpg,train,0.497950022,0.497950022,2.991800088
Images (1224).jpg,train,0.385337333,0.385337333,2.541349332
Images (1225).jpg,train,0.816401036,0.816401036,4.265604144
Images (1226).jpg,train,0.815268052,0.815268052,4.261072208
Images (1227).jpg,train,0.592879403,0.592879403,3.371517612
Images (1228).jpg,test,0.67060653,0.67060653,3.68242612
Images (1229).jpg,train,0.319750817,0.319750817,2.2790032680000003
Images (1230).jpg,train,0.342349579,0.342349579,2.369398316
Images (1231).jpg,train,0.534938614,0.534938614,3.139754456
Images (1232).jpg,train,0.466348946,0.466348946,2.865395784
Images (1233).jpg,train,0.510541861,0.510541861,3.042167444
Images (1234).jpg,train,0.669163507,0.669163507,3.676654028
Images (1235).jpg,train,0.633845592,0.633845592,3.535382368
Images (1236).jpg,train,0.706386216,0.706386216,3.825544864
Images (1237).jpg,train,0.2513193,0.2513193,2.0052772
Images (1238).jpg,train,0.696136649,0.696136649,3.784546596
Images (1239).jpg,train,0.636394552,0.636394552,3.545578208
Images (1240).jpg,test,0.511605437,0.511605437,3.046421748
Images (1241).jpg,train,0.616173283,0.616173283,3.464693132
Images (1242).jpg,train,0.677942344,0.677942344,3.711769376
Images (1243).jpg,train,0.635464701,0.635464701,3.541858804
Images (1244).jpg,test,0.597644246,0.597644246,3.390576984
Images (1245).jpg,val,0.553950096,0.553950096,3.215800384
Images (1246).jpg,val,0.694200213,0.694200213,3.776800852
Images (1247).jpg,train,0.714376412,0.714376412,3.857505648
Images (1248).jpg,train,0.693701583,0.693701583,3.774806332
Images (1249).jpg,test,0.687320495,0.687320495,3.74928198
Images (1250).jpg,test,0.655889562,0.655889562,3.623558248
Images (1251).jpg,train,0.568916336,0.568916336,3.275665344
Images (1252).jpg,train,0.388733597,0.388733597,2.554934388
Images (1253).jpg,train,0.464981518,0.464981518,2.859926072
Images (1254).jpg,train,0.547169507,0.547169507,3.188678028
Images (1255).jpg,train,0.43035454,0.43035454,2.72141816
Images (1256).jpg,train,0.271599686,0.271599686,2.086398744
Images (1257).jpg,train,0.374410164,0.374410164,2.497640656
Images (1258).jpg,test,0.829147337,0.829147337,4.316589348
Images (1259).jpg,train,0.674477045,0.674477045,3.69790818
Images (1260).jpg,train,0.742968292,0.742968292,3.971873168
Images (1261).jpg,test,0.655109492,0.655109492,3.620437968
Images (1262).jpg,test,0.56897285,0.56897285,3.2758914
Images (1263).jpg,val,0.595818676,0.595818676,3.383274704
Images (1264).jpg,train,0.815252249,0.815252249,4.261008996
Images (1265).jpg,test,0.674907453,0.674907453,3.699629812
Images (1266).jpg,train,0.584643309,0.584643309,3.338573236
Images (1267).jpg,train,0.552645791,0.552645791,3.210583164
Images (1268).jpg,train,0.609993374,0.609993374,3.439973496
Images (1269).jpg,train,0.784771052,0.784771052,4.139084208
Images (1270).jpg,test,0.674039061,0.674039061,3.696156244
Images (1271).jpg,test,0.596176216,0.596176216,3.384704864
Images (1272).jpg,train,0.632774051,0.632774051,3.531096204
Images (1273).jpg,train,0.870680966,0.870680966,4.482723864
Images (1274).jpg,train,0.676172272,0.676172272,3.704689088
Images (1275).jpg,train,0.445802633,0.445802633,2.783210532
Images (1276).jpg,train,0.503395873,0.503395873,3.013583492
Images (1277).jpg,test,0.757788193,0.757788193,4.031152772
Images (1278).jpg,train,0.702115993,0.702115993,3.808463972
Images (1279).jpg,train,0.60697271,0.60697271,3.42789084
Images (1280).jpg,train,0.80064193,0.80064193,4.202567719999999
Images (1281).jpg,train,0.836236889,0.836236889,4.344947556
Images (1282).jpg,train,0.228345886,0.228345886,1.913383544
Images (1283).jpg,train,0.732717141,0.732717141,3.930868564
Images (1284).jpg,train,0.73405406,0.73405406,3.93621624
Images (1285).jpg,train,0.749100125,0.749100125,3.9964005
Images (1286).jpg,train,0.576423908,0.576423908,3.305695632
Images (1287).jpg,train,0.454574742,0.454574742,2.818298968
Images (1288).jpg,train,0.438132054,0.438132054,2.752528216
Images (1289).jpg,train,0.324531005,0.324531005,2.29812402
Images (1290).jpg,train,0.155386799,0.155386799,1.621547196
Images (1291).jpg,train,0.390188127,0.390188127,2.560752508
Images (1292).jpg,train,0.528166115,0.528166115,3.11266446
Images (1293).jpg,train,0.182251734,0.182251734,1.729006936
Images (1294).jpg,test,0.245416763,0.245416763,1.981667052
Images (1295).jpg,train,0.166881683,0.166881683,1.667526732
Images (1296).jpg,train,0.182174839,0.182174839,1.728699356
Images (1297).jpg,train,0.16816293,0.16816293,1.67265172
Images (1298).jpg,train,0.299610054,0.299610054,2.198440216
Images (1299).jpg,train,0.290241257,0.290241257,2.160965028
Images (1300).jpg,train,0.194791209,0.194791209,1.779164836
Images (1301).jpg,train,0.182805889,0.182805889,1.731223556
Images (1302).jpg,train,0.239462426,0.239462426,1.957849704
Images (1303).jpg,train,0.201933777,0.201933777,1.807735108
Images (1304).jpg,train,0.238272435,0.238272435,1.95308974
Images (1305).jpg,train,0.302449065,0.302449065,2.20979626
Images (1306).jpg,train,0.280279839,0.280279839,2.121119356
Images (1307).jpg,train,0.36889212,0.36889212,2.47556848
Images (1308).jpg,test,0.433814329,0.433814329,2.735257316
Images (1309).jpg,train,0.265270761,0.265270761,2.061083044
Images (1310).jpg,test,0.314186271,0.314186271,2.2567450840000003
Images (1311).jpg,train,0.192666652,0.192666652,1.770666608
Images (1312).jpg,train,0.276301717,0.276301717,2.105206868
Images (1313).jpg,train,0.490441811,0.490441811,2.961767244
Images (1314).jpg,train,0.539316352,0.539316352,3.157265408
Images (1315).jpg,train,0.458333084,0.458333084,2.833332336
Images (1316).jpg,train,0.463447666,0.463447666,2.853790664
Images (1317).jpg,train,0.460778994,0.460778994,2.843115976
Images (1318).jpg,train,0.547051728,0.547051728,3.188206912
Images (1319).jpg,train,0.735125681,0.735125681,3.940502724
Images (1320).jpg,train,0.512104668,0.512104668,3.048418672
Images (1321).jpg,train,0.750853074,0.750853074,4.0034122960000005
Images (1322).jpg,train,0.798696163,0.798696163,4.194784652
Images (1323).jpg,train,0.733086478,0.733086478,3.932345912
Images (1324).jpg,train,0.254938459,0.254938459,2.019753836
Images (1325).jpg,train,0.315618425,0.315618425,2.2624737
Images (1326).jpg,val,0.240909168,0.240909168,1.963636672
Images (1327).jpg,train,0.348797266,0.348797266,2.395189064
Images (1328).jpg,train,0.627795613,0.627795613,3.511182452
Images (1329).jpg,train,0.320223343,0.320223343,2.280893372
Images (1330).jpg,test,0.264367013,0.264367013,2.057468052
Images (1331).jpg,train,0.225244439,0.225244439,1.900977756
Images (1332).jpg,train,0.364393161,0.364393161,2.457572644
Images (1333).jpg,train,0.575725606,0.575725606,3.302902424
Images (1334).jpg,train,0.636854699,0.636854699,3.547418796
Images (1335).jpg,train,0.592283635,0.592283635,3.36913454
Images (1336).jpg,train,0.454584102,0.454584102,2.818336408
Images (1337).jpg,train,0.662813538,0.662813538,3.651254152
Images (1338).jpg,train,0.607768092,0.607768092,3.431072368
Images (1339).jpg,train,0.431867209,0.431867209,2.727468836
Images (1340).jpg,train,0.253001017,0.253001017,2.012004068
Images (1341).jpg,train,0.537883986,0.537883986,3.151535944
Images (1342).jpg,train,0.472440135,0.472440135,2.88976054
Images (1343).jpg,train,0.612246847,0.612246847,3.448987388
Images (1344).jpg,train,0.54044925,0.54044925,3.161797
Images (1345).jpg,train,0.510991924,0.510991924,3.043967696
Images (1346).jpg,train,0.4068035,0.4068035,2.627214
Images (1347).jpg,train,0.478796974,0.478796974,2.915187896
Images (1348).jpg,train,0.583924645,0.583924645,3.33569858
Images (1349).jpg,train,0.427829758,0.427829758,2.711319032
Images (1350).jpg,train,0.483691132,0.483691132,2.934764528
Images (1351).jpg,train,0.616943463,0.616943463,3.467773852
Images (1352).jpg,val,0.448972965,0.448972965,2.79589186
Images (1353).jpg,test,0.629052752,0.629052752,3.516211008
Images (1354).jpg,train,0.485818825,0.485818825,2.9432753
Images (1355).jpg,train,0.537768839,0.537768839,3.151075356
Images (1356).jpg,train,0.669972908,0.669972908,3.679891632
Images (1357).jpg,test,0.522034749,0.522034749,3.088138996
Images (1358).jpg,train,0.633475531,0.633475531,3.533902124
Images (1359).jpg,train,0.585544007,0.585544007,3.342176028
Images (1360).jpg,train,0.333601677,0.333601677,2.334406708
Images (1361).jpg,train,0.732469857,0.732469857,3.929879428
Images (1362).jpg,train,0.6671331,0.6671331,3.6685324
Images (1363).jpg,train,0.536516869,0.536516869,3.146067476
Images (1364).jpg,train,0.422418873,0.422418873,2.689675492
Images (1365).jpg,test,0.433400558,0.433400558,2.733602232
Images (1366).jpg,train,0.338256791,0.338256791,2.353027164
Images (1367).jpg,train,0.32405513,0.32405513,2.2962205200000003
Images (1368).jpg,test,0.732635408,0.732635408,3.930541632
Images (1369).jpg,train,0.775175869,0.775175869,4.100703476
Images (1370).jpg,test,0.779505772,0.779505772,4.118023088
Images (1371).jpg,test,0.76338321,0.76338321,4.05353284
Images (1372).jpg,train,0.638185246,0.638185246,3.552740984
Images (1373).jpg,train,0.557155983,0.557155983,3.228623932
Images (1374).jpg,train,0.689264977,0.689264977,3.757059908
Images (1375).jpg,train,0.371151057,0.371151057,2.484604228
Images (1376).jpg,train,0.368572674,0.368572674,2.474290696
Images (1377).jpg,train,0.350998604,0.350998604,2.403994416
Images (1378).jpg,train,0.366612885,0.366612885,2.46645154
Images (1379).jpg,train,0.339828923,0.339828923,2.359315692
Images (1380).jpg,train,0.481371983,0.481371983,2.925487932
Images (1381).jpg,train,0.332370297,0.332370297,2.329481188
Images (1382).jpg,train,0.36648517,0.36648517,2.46594068
Images (1383).jpg,test,0.337626049,0.337626049,2.350504196
Images (1384).jpg,train,0.349861319,0.349861319,2.399445276
Images (1385).jpg,train,0.332852089,0.332852089,2.331408356
Images (1386).jpg,train,0.201435483,0.201435483,1.805741932
Images (1387).jpg,val,0.336782224,0.336782224,2.347128896
Images (1388).jpg,val,0.398558342,0.398558342,2.5942333680000003
Images (1389).jpg,train,0.219052719,0.219052719,1.876210876
Images (1390).jpg,train,0.361326668,0.361326668,2.445306672
Images (1391).jpg,train,0.274341351,0.274341351,2.097365404
Images (1392).jpg,train,0.388609937,0.388609937,2.554439748
Images (1393).jpg,train,0.367135063,0.367135063,2.468540252
Images (1394).jpg,train,0.384228351,0.384228351,2.536913404
Images (1395).jpg,train,0.398092759,0.398092759,2.5923710360000003
Images (1396).jpg,test,0.38659613,0.38659613,2.54638452
Images (1397).jpg,test,0.667195318,0.667195318,3.668781272
Images (1398).jpg,test,0.840556633,0.840556633,4.362226532
Images (1399).jpg,train,0.268759186,0.268759186,2.075036744
Images (1400).jpg,train,0.2468202,0.2468202,1.9872808
Images (1401).jpg,train,0.67605799,0.67605799,3.70423196
Images (1402).jpg,val,0.656809911,0.656809911,3.627239644
Images (1403).jpg,train,0.613568657,0.613568657,3.454274628
Images (1404).jpg,test,0.508429295,0.508429295,3.03371718
Images (1405).jpg,train,0.80210138,0.80210138,4.20840552
Images (1406).jpg,val,0.775699569,0.775699569,4.102798276
Images (1407).jpg,train,0.64137365,0.64137365,3.5654946
Images (1408).jpg,test,0.670944893,0.670944893,3.683779572
Images (1409).jpg,train,0.403218991,0.403218991,2.612875964
Images (1410).jpg,train,0.526082107,0.526082107,3.104328428
Images (1411).jpg,train,0.525011361,0.525011361,3.100045444
Images (1412).jpg,test,0.768878663,0.768878663,4.075514652
Images (1413).jpg,train,0.675657235,0.675657235,3.70262894
Images (1414).jpg,test,0.616863453,0.616863453,3.467453812
Images (1415).jpg,val,0.573214723,0.573214723,3.292858892
Images (1416).jpg,train,0.651015986,0.651015986,3.604063944
Images (1417).jpg,train,0.6652515,0.6652515,3.661006
Images (1418).jpg,train,0.742919896,0.742919896,3.971679584
Images (1419).jpg,test,0.553492385,0.553492385,3.21396954
Images (1420).jpg,train,0.472513956,0.472513956,2.890055824
Images (1421).jpg,train,0.631795371,0.631795371,3.527181484
Images (1422).jpg,val,0.213564789,0.213564789,1.854259156
Images (1423).jpg,train,0.488749039,0.488749039,2.954996156
Images (1424).jpg,train,0.297780688,0.297780688,2.191122752
Images (1425).jpg,train,0.331543814,0.331543814,2.326175256
Images (1426).jpg,train,0.282027924,0.282027924,2.128111696
Images (1427).jpg,train,0.594464695,0.594464695,3.37785878
Images (1428).jpg,train,0.403788176,0.403788176,2.615152704
Images (1429).jpg,train,0.363796914,0.363796914,2.455187656
Images (1430).jpg,test,0.268738144,0.268738144,2.0749525760000003
Images (1431).jpg,train,0.331497314,0.331497314,2.325989256
Images (1432).jpg,test,0.560589382,0.560589382,3.242357528
Images (1433).jpg,train,0.578481125,0.578481125,3.3139245
Images (1434).jpg,train,0.506633968,0.506633968,3.026535872
Images (1435).jpg,train,0.199698534,0.199698534,1.7987941360000002
Images (1436).jpg,train,0.240335515,0.240335515,1.96134206
Images (1437).jpg,val,0.406457387,0.406457387,2.625829548
Images (1438).jpg,test,0.380209355,0.380209355,2.5208374200000003
Images (1439).jpg,train,0.237833895,0.237833895,1.95133558
Images (1440).jpg,train,0.365064919,0.365064919,2.460259676
Images (1441).jpg,train,0.343580258,0.343580258,2.374321032
Images (1442).jpg,val,0.50943106,0.50943106,3.03772424
Images (1443).jpg,train,0.383232803,0.383232803,2.5329312120000003
Images (1444).jpg,val,0.40120363,0.40120363,2.60481452
Images (1445).jpg,train,0.552944411,0.552944411,3.211777644
Images (1446).jpg,train,0.278786304,0.278786304,2.115145216
Images (1447).jpg,train,0.241338957,0.241338957,1.965355828
Images (1448).jpg,train,0.582602746,0.582602746,3.330410984
Images (1449).jpg,train,0.304557717,0.304557717,2.218230868
Images (1450).jpg,train,0.249414124,0.249414124,1.997656496
Images (1451).jpg,val,0.325868046,0.325868046,2.3034721840000003
Images (1452).jpg,train,0.348329966,0.348329966,2.393319864
Images (1453).jpg,val,0.44117145,0.44117145,2.7646858
Images (1454).jpg,train,0.348805832,0.348805832,2.395223328
Images (1455).jpg,train,0.144091039,0.144091039,1.576364156
Images (1456).jpg,train,0.340999043,0.340999043,2.363996172
Images (1457).jpg,train,0.246392266,0.246392266,1.985569064
Images (1458).jpg,train,0.65862696,0.65862696,3.63450784
Images (1459).jpg,train,0.322232945,0.322232945,2.28893178
Images (1460).jpg,test,0.390129652,0.390129652,2.560518608
Images (1461).jpg,train,0.471596857,0.471596857,2.886387428
Images (1462).jpg,test,0.234299216,0.234299216,1.937196864
Images (1463).jpg,train,0.319638409,0.319638409,2.278553636
Images (1464).jpg,train,0.312578075,0.312578075,2.2503123
Images (1465).jpg,test,0.445291358,0.445291358,2.781165432
Images (1466).jpg,test,0.239536477,0.239536477,1.958145908
Images (1467).jpg,val,0.455162664,0.455162664,2.820650656
Images (1468).jpg,train,0.496183323,0.496183323,2.984733292
Images (1469).jpg,train,0.3955781,0.3955781,2.5823124
Images (1470).jpg,train,0.353788426,0.353788426,2.415153704
Images (1471).jpg,test,0.466697514,0.466697514,2.866790056
Images (1472).jpg,train,0.584886708,0.584886708,3.339546832
Images (1473).jpg,train,0.580821621,0.580821621,3.323286484
Images (1474).jpg,train,0.232018345,0.232018345,1.92807338
Images (1475).jpg,train,0.417782319,0.417782319,2.6711292760000003
Images (1476).jpg,train,0.437476394,0.437476394,2.749905576
Images (1477).jpg,train,0.401076262,0.401076262,2.604305048
Images (1478).jpg,train,0.664804209,0.664804209,3.659216836
Images (1479).jpg,train,0.63710767,0.63710767,3.54843068
Images (1480).jpg,train,0.625884926,0.625884926,3.503539704
Images (1481).jpg,train,0.618867352,0.618867352,3.475469408
Images (1482).jpg,train,0.640084,0.640084,3.560336
Images (1483).jpg,val,0.3999558,0.3999558,2.5998232
Images (1484).jpg,train,0.450250553,0.450250553,2.801002212
Images (1485).jpg,train,0.724993845,0.724993845,3.89997538
Images (1486).jpg,train,0.396189988,0.396189988,2.584759952
Images (1487).jpg,train,0.516406434,0.516406434,3.065625736
Images (1488).jpg,train,0.815081418,0.815081418,4.2603256720000005
Images (1489).jpg,train,0.111779864,0.111779864,1.447119456
Images (1490).jpg,train,0.41848304,0.41848304,2.67393216
Images (1491).jpg,val,0.747680909,0.747680909,3.990723636
Images (1492).jpg,test,0.558741832,0.558741832,3.234967328
Images (1493).jpg,train,0.658904356,0.658904356,3.635617424
Images (1494).jpg,train,0.77824829,0.77824829,4.11299316
Images (1495).jpg,train,0.634932304,0.634932304,3.539729216
Images (1496).jpg,train,0.590443697,0.590443697,3.361774788
Images (1497).jpg,train,0.1291274,0.1291274,1.5165096
Images (1498).jpg,train,0.43594565,0.43594565,2.7437826000000003
Images (1499).jpg,train,0.743837761,0.743837761,3.975351044
Images (1500).jpg,train,0.688257229,0.688257229,3.753028916
Images (1501).jpg,train,0.754352974,0.754352974,4.0174118960000005
Images (1502).jpg,train,0.688511829,0.688511829,3.754047316
Images (1503).jpg,train,0.790899222,0.790899222,4.163596888
Images (1504).jpg,train,0.537649071,0.537649071,3.150596284
Images (1505).jpg,train,0.594746481,0.594746481,3.378985924
Images (1506).jpg,test,0.563921432,0.563921432,3.255685728
Images (1507).jpg,train,0.620345317,0.620345317,3.481381268
Images (1508).jpg,train,0.651879036,0.651879036,3.607516144
Images (1509).jpg,train,0.620391243,0.620391243,3.481564972
Images (1510).jpg,train,0.73045333,0.73045333,3.92181332
Images (1511).jpg,train,0.548621776,0.548621776,3.194487104
Images (1512).jpg,train,0.716376956,0.716376956,3.865507824
Images (1513).jpg,test,0.70215927,0.70215927,3.80863708
Images (1514).jpg,train,0.608553708,0.608553708,3.434214832
Images (1515).jpg,train,0.631068492,0.631068492,3.524273968
Images (1516).jpg,train,0.322563646,0.322563646,2.290254584
Images (1517).jpg,train,0.575104976,0.575104976,3.300419904
Images (1518).jpg,test,0.551045769,0.551045769,3.204183076
Images (1519).jpg,test,0.624198426,0.624198426,3.496793704
Images (1520).jpg,train,0.605110661,0.605110661,3.420442644
Images (1521).jpg,train,0.667730725,0.667730725,3.6709229
Images (1522).jpg,train,0.538529615,0.538529615,3.15411846
Images (1523).jpg,train,0.567934191,0.567934191,3.271736764
Images (1524).jpg,train,0.582399622,0.582399622,3.329598488
Images (1525).jpg,train,0.575733578,0.575733578,3.302934312
Images (1526).jpg,train,0.522925675,0.522925675,3.0917027
Images (1527).jpg,train,0.534135013,0.534135013,3.136540052
Images (1528).jpg,train,0.708538247,0.708538247,3.834152988
Images (1529).jpg,val,0.814521646,0.814521646,4.258086584
Images (1530).jpg,train,0.740505421,0.740505421,3.962021684
Images (1531).jpg,train,0.774583337,0.774583337,4.098333348000001
Images (1532).jpg,val,0.655069402,0.655069402,3.620277608
Images (1533).jpg,train,0.503383934,0.503383934,3.013535736
Images (1534).jpg,test,0.625039469,0.625039469,3.500157876
Images (1535).jpg,train,0.42671901,0.42671901,2.70687604
Images (1536).jpg,train,0.442205639,0.442205639,2.768822556
Images (1537).jpg,train,0.511727119,0.511727119,3.046908476
Images (1538).jpg,train,0.530625059,0.530625059,3.122500236
Images (1539).jpg,test,0.480824362,0.480824362,2.923297448
Images (1540).jpg,test,0.482027943,0.482027943,2.9281117720000003
Images (1541).jpg,train,0.505140214,0.505140214,3.020560856
Images (1542).jpg,val,0.463507809,0.463507809,2.854031236
Images (1543).jpg,train,0.521816905,0.521816905,3.08726762
Images (1544).jpg,test,0.571113496,0.571113496,3.284453984
Images (1545).jpg,train,0.535530742,0.535530742,3.142122968
Images (1546).jpg,train,0.592062621,0.592062621,3.368250484
Images (1547).jpg,train,0.673439896,0.673439896,3.693759584
Images (1548).jpg,train,0.587260862,0.587260862,3.349043448
Images (1549).jpg,val,0.619543469,0.619543469,3.478173876
Images (1550).jpg,train,0.465152526,0.465152526,2.860610104
Images (1551).jpg,val,0.464114381,0.464114381,2.856457524
Images (1552).jpg,train,0.512609321,0.512609321,3.050437284
Images (1553).jpg,train,0.543378439,0.543378439,3.173513756
Images (1554).jpg,train,0.567010987,0.567010987,3.268043948
Images (1555).jpg,test,0.660745537,0.660745537,3.642982148
Images (1556).jpg,train,0.588299016,0.588299016,3.353196064
Images (1557).jpg,train,0.476637043,0.476637043,2.906548172
Images (1558).jpg,train,0.252777857,0.252777857,2.011111428
Images (1559).jpg,train,0.545644829,0.545644829,3.182579316
Images (1560).jpg,train,0.467598832,0.467598832,2.870395328
Images (1561).jpg,train,0.263888889,0.263888889,2.055555556
Images (1562).jpg,test,0.314347883,0.314347883,2.257391532
Images (1563).jpg,train,0.698027432,0.698027432,3.792109728
Images (1564).jpg,val,0.748266995,0.748266995,3.99306798
Images (1565).jpg,train,0.526798555,0.526798555,3.10719422
Images (1566).jpg,train,0.301700113,0.301700113,2.206800452
Images (1567).jpg,train,0.489797127,0.489797127,2.959188508
Images (1568).jpg,train,0.471449055,0.471449055,2.88579622
Images (1569).jpg,train,0.447093379,0.447093379,2.788373516
Images (1570).jpg,train,0.428672082,0.428672082,2.7146883280000003
Images (1571).jpg,train,0.309461796,0.309461796,2.237847184
Images (1572).jpg,train,0.452299063,0.452299063,2.809196252
Images (1573).jpg,train,0.670497715,0.670497715,3.68199086
Images (1574).jpg,train,0.790274282,0.790274282,4.161097128
Images (1575).jpg,test,0.785509884,0.785509884,4.142039536
Images (1576).jpg,train,0.456601441,0.456601441,2.826405764
Images (1577).jpg,train,0.590464032,0.590464032,3.361856128
Images (1578).jpg,train,0.244862784,0.244862784,1.979451136
Images (1579).jpg,train,0.18980434,0.18980434,1.75921736
Images (1580).jpg,train,0.558150854,0.558150854,3.232603416
Images (1581).jpg,test,0.696831666,0.696831666,3.787326664
Images (1582).jpg,train,0.34788276,0.34788276,2.3915310400000003
Images (1583).jpg,train,0.532190621,0.532190621,3.128762484
Images (1584).jpg,train,0.413811222,0.413811222,2.655244888
Images (1585).jpg,train,0.732431357,0.732431357,3.929725428
Images (1586).jpg,test,0.667228131,0.667228131,3.668912524
Images (1587).jpg,test,0.761995508,0.761995508,4.047982032
Images (1588).jpg,train,0.381504604,0.381504604,2.5260184160000003
Images (1589).jpg,train,0.322827107,0.322827107,2.291308428
Images (1590).jpg,test,0.753823808,0.753823808,4.015295232
Images (1591).jpg,test,0.597474396,0.597474396,3.389897584
Images (1592).jpg,train,0.5705302,0.5705302,3.2821208
Images (1593).jpg,train,0.690463364,0.690463364,3.761853456
Images (1594).jpg,test,0.595090422,0.595090422,3.380361688
Images (1595).jpg,test,0.596668577,0.596668577,3.386674308
Images (1596).jpg,train,0.636382807,0.636382807,3.545531228
Images (1597).jpg,train,0.425170702,0.425170702,2.700682808
Images (1598).jpg,test,0.644715989,0.644715989,3.578863956
Images (1599).jpg,train,0.747319184,0.747319184,3.989276736
Images (1600).jpg,train,0.558164965,0.558164965,3.23265986
Images (1601).jpg,train,0.575584805,0.575584805,3.30233922
Images (1602).jpg,train,0.651742756,0.651742756,3.606971024
Images (1603).jpg,train,0.721850004,0.721850004,3.887400016
Images (1604).jpg,train,0.62687773,0.62687773,3.50751092
Images (1605).jpg,train,0.642723911,0.642723911,3.570895644
Images (1606).jpg,train,0.865816979,0.865816979,4.463267916
Images (1607).jpg,test,0.621827106,0.621827106,3.487308424
Images (1608).jpg,train,0.601210221,0.601210221,3.404840884
Images (1609).jpg,train,0.537469403,0.537469403,3.149877612
Images (1610).jpg,train,0.615046676,0.615046676,3.460186704
Images (1611).jpg,test,0.594915158,0.594915158,3.379660632
Images (1612).jpg,train,0.598200672,0.598200672,3.392802688
Images (1613).jpg,val,0.579079068,0.579079068,3.316316272
Images (1614).jpg,train,0.718863503,0.718863503,3.875454012
Images (1615).jpg,train,0.603662754,0.603662754,3.414651016
Images (1616).jpg,test,0.610995018,0.610995018,3.443980072
Images (1617).jpg,train,0.648911845,0.648911845,3.59564738
Images (1618).jpg,train,0.613512726,0.613512726,3.454050904
Images (1619).jpg,val,0.497353958,0.497353958,2.989415832
Images (1620).jpg,train,0.465357399,0.465357399,2.861429596
Images (1621).jpg,val,0.439302001,0.439302001,2.757208004
Images (1622).jpg,train,0.478412997,0.478412997,2.913651988
Images (1623).jpg,train,0.484585724,0.484585724,2.938342896
Images (1624).jpg,train,0.451073009,0.451073009,2.804292036
Images (1625).jpg,val,0.546654169,0.546654169,3.186616676
Images (1626).jpg,train,0.617949784,0.617949784,3.471799136
Images (1627).jpg,val,0.554134084,0.554134084,3.216536336
Images (1628).jpg,train,0.616575921,0.616575921,3.466303684
Images (1629).jpg,train,0.685440061,0.685440061,3.741760244
Images (1630).jpg,train,0.591089582,0.591089582,3.364358328
Images (1631).jpg,train,0.340510454,0.340510454,2.362041816
Images (1632).jpg,train,0.215483773,0.215483773,1.861935092
Images (1633).jpg,train,0.195233749,0.195233749,1.780934996
Images (1634).jpg,train,0.23765834,0.23765834,1.95063336
Images (1635).jpg,train,0.231364937,0.231364937,1.925459748
Images (1636).jpg,test,0.544891779,0.544891779,3.179567116
Images (1637).jpg,train,0.632877206,0.632877206,3.531508824
Images (1638).jpg,train,0.614121354,0.614121354,3.456485416
Images (1639).jpg,train,0.585116649,0.585116649,3.340466596
Images (1640).jpg,train,0.456204077,0.456204077,2.824816308
Images (1641).jpg,train,0.492009249,0.492009249,2.968036996
Images (1642).jpg,test,0.465037926,0.465037926,2.860151704
Images (1643).jpg,val,0.543053024,0.543053024,3.172212096
Images (1644).jpg,train,0.291338456,0.291338456,2.1653538240000003
Images (1645).jpg,train,0.48289954,0.48289954,2.93159816
Images (1646).jpg,test,0.733071731,0.733071731,3.932286924
Images (1647).jpg,train,0.541678974,0.541678974,3.166715896
Images (1648).jpg,train,0.675954092,0.675954092,3.703816368
Images (1649).jpg,val,0.617719418,0.617719418,3.470877672
Images (1650).jpg,train,0.580933622,0.580933622,3.323734488
Images (1651).jpg,test,0.514111245,0.514111245,3.05644498
Images (1652).jpg,test,0.492233151,0.492233151,2.968932604
Images (1653).jpg,train,0.628728441,0.628728441,3.514913764
Images (1654).jpg,test,0.362126613,0.362126613,2.448506452
Images (1655).jpg,train,0.637299041,0.637299041,3.549196164
Images (1656).jpg,train,0.614853168,0.614853168,3.459412672
Images (1657).jpg,val,0.496389687,0.496389687,2.985558748
Images (1658).jpg,val,0.463455569,0.463455569,2.853822276
Images (1659).jpg,val,0.450583968,0.450583968,2.802335872
Images (1660).jpg,train,0.584792612,0.584792612,3.339170448
Images (1661).jpg,train,0.431770729,0.431770729,2.727082916
Images (1662).jpg,train,0.315213819,0.315213819,2.260855276
Images (1663).jpg,train,0.178240741,0.178240741,1.712962964
Images (1664).jpg,train,0.48623242,0.48623242,2.94492968
Images (1665).jpg,val,0.427716765,0.427716765,2.71086706
Images (1666).jpg,val,0.47564697,0.47564697,2.90258788
Images (1667).jpg,train,0.422387421,0.422387421,2.689549684
Images (1668).jpg,train,0.590251514,0.590251514,3.361006056
Images (1669).jpg,train,0.172788727,0.172788727,1.691154908
Images (1670).jpg,train,0.48684316,0.48684316,2.94737264
Images (1671).jpg,test,0.739751743,0.739751743,3.959006972
Images (1672).jpg,train,0.661581161,0.661581161,3.646324644
Images (1673).jpg,train,0.541531154,0.541531154,3.166124616
Images (1674).jpg,val,0.491218688,0.491218688,2.964874752
Images (1675).jpg,train,0.601936064,0.601936064,3.407744256
Images (1676).jpg,test,0.613248178,0.613248178,3.452992712
Images (1677).jpg,train,0.416078971,0.416078971,2.664315884
Images (1678).jpg,test,0.671921277,0.671921277,3.687685108
Images (1679).jpg,train,0.283684905,0.283684905,2.13473962
Images (1680).jpg,train,0.217244764,0.217244764,1.868979056
Images (1681).jpg,train,0.228216893,0.228216893,1.912867572
Images (1682).jpg,train,0.474984856,0.474984856,2.8999394240000003
Images (1683).jpg,train,0.416039253,0.416039253,2.664157012
Images (1684).jpg,train,0.356116974,0.356116974,2.424467896
Images (1685).jpg,test,0.387374946,0.387374946,2.549499784
Images (1686).jpg,train,0.412766543,0.412766543,2.651066172
Images (1687).jpg,train,0.497555271,0.497555271,2.990221084
Images (1688).jpg,train,0.679911205,0.679911205,3.71964482
Images (1689).jpg,train,0.779631341,0.779631341,4.118525364
Images (1690).jpg,test,0.650075522,0.650075522,3.600302088
Images (1691).jpg,test,0.635830294,0.635830294,3.543321176
Images (1692).jpg,train,0.678497065,0.678497065,3.71398826
Images (1693).jpg,train,0.580289757,0.580289757,3.321159028
Images (1694).jpg,test,0.65833171,0.65833171,3.63332684
Images (1695).jpg,train,0.429377695,0.429377695,2.71751078
Images (1696).jpg,train,0.718904369,0.718904369,3.875617476
Images (1697).jpg,train,0.668149928,0.668149928,3.672599712
Images (1698).jpg,train,0.533028018,0.533028018,3.132112072
Images (1699).jpg,train,0.635457222,0.635457222,3.541828888
Images (1700).jpg,train,0.802594907,0.802594907,4.210379628
Images (1701).jpg,train,0.585272593,0.585272593,3.341090372
Images (1702).jpg,train,0.496373284,0.496373284,2.985493136
Images (1703).jpg,train,0.328664989,0.328664989,2.314659956
Images (1704).jpg,train,0.552461772,0.552461772,3.209847088
Images (1705).jpg,train,0.547647107,0.547647107,3.190588428
Images (1706).jpg,train,0.553160489,0.553160489,3.212641956
Images (1707).jpg,train,0.79989947,0.79989947,4.19959788
Images (1708).jpg,train,0.659848564,0.659848564,3.639394256
Images (1709).jpg,train,0.541868349,0.541868349,3.167473396
Images (1710).jpg,train,0.348673006,0.348673006,2.3946920240000003
Images (1711).jpg,train,0.422473941,0.422473941,2.689895764
Images (1712).jpg,train,0.427982046,0.427982046,2.711928184
Images (1713).jpg,train,0.47941167,0.47941167,2.91764668
Images (1714).jpg,train,0.539594789,0.539594789,3.158379156
Images (1715).jpg,train,0.565988062,0.565988062,3.263952248
Images (1716).jpg,test,0.700784045,0.700784045,3.80313618
Images (1717).jpg,train,0.542964852,0.542964852,3.171859408
Images (1718).jpg,train,0.638009334,0.638009334,3.552037336
Images (1719).jpg,val,0.567532608,0.567532608,3.270130432
Images (1720).jpg,train,0.664687499,0.664687499,3.658749996
Images (1721).jpg,train,0.598889578,0.598889578,3.395558312
Images (1722).jpg,train,0.668525822,0.668525822,3.674103288
Images (1723).jpg,train,0.614863252,0.614863252,3.459453008
Images (1724).jpg,test,0.44152219,0.44152219,2.76608876
Images (1725).jpg,train,0.505976784,0.505976784,3.023907136
Images (1726).jpg,test,0.60492586,0.60492586,3.41970344
Images (1727).jpg,train,0.604817318,0.604817318,3.419269272
Images (1728).jpg,train,0.731072424,0.731072424,3.924289696
Images (1729).jpg,test,0.759618739,0.759618739,4.038474956
Images (1730).jpg,train,0.704140847,0.704140847,3.816563388
Images (1731).jpg,test,0.509544423,0.509544423,3.038177692
Images (1732).jpg,train,0.514959919,0.514959919,3.059839676
Images (1733).jpg,train,0.569956162,0.569956162,3.279824648
Images (1734).jpg,train,0.543938782,0.543938782,3.175755128
Images (1735).jpg,val,0.571896889,0.571896889,3.287587556
Images (1736).jpg,train,0.623825638,0.623825638,3.495302552
Images (1737).jpg,train,0.566184024,0.566184024,3.264736096
Images (1738).jpg,test,0.489001961,0.489001961,2.956007844
Images (1739).jpg,train,0.275497452,0.275497452,2.101989808
Images (1740).jpg,train,0.532755959,0.532755959,3.131023836
Images (1741).jpg,train,0.646980319,0.646980319,3.587921276
Images (1742).jpg,test,0.692788016,0.692788016,3.771152064
Images (1743).jpg,train,0.780771267,0.780771267,4.123085068
Images (1744).jpg,train,0.643671051,0.643671051,3.574684204
Images (1745).jpg,train,0.795935858,0.795935858,4.183743432
Images (1746).jpg,test,0.605081055,0.605081055,3.42032422
Images (1747).jpg,test,0.601103928,0.601103928,3.404415712
Images (1748).jpg,train,0.619773705,0.619773705,3.47909482
Images (1749).jpg,train,0.611486046,0.611486046,3.445944184
Images (1750).jpg,train,0.461393158,0.461393158,2.845572632
Images (1751).jpg,val,0.601854269,0.601854269,3.407417076
Images (1752).jpg,test,0.572192949,0.572192949,3.288771796
Images (1753).jpg,train,0.612631407,0.612631407,3.450525628
Images (1754).jpg,train,0.756574833,0.756574833,4.026299332
Images (1755).jpg,val,0.619177258,0.619177258,3.476709032
Images (1756).jpg,val,0.619551233,0.619551233,3.478204932
Images (1757).jpg,train,0.588397165,0.588397165,3.35358866
Images (1758).jpg,train,0.602511863,0.602511863,3.410047452
Images (1759).jpg,val,0.362195702,0.362195702,2.448782808
Images (1760).jpg,test,0.675706589,0.675706589,3.702826356
Images (1761).jpg,test,0.415954146,0.415954146,2.663816584
Images (1762).jpg,train,0.397347678,0.397347678,2.589390712
Images (1763).jpg,val,0.473929668,0.473929668,2.895718672
Images (1764).jpg,train,0.22444942,0.22444942,1.89779768
Images (1765).jpg,train,0.529316052,0.529316052,3.117264208
Images (1766).jpg,train,0.345336435,0.345336435,2.38134574
Images (1767).jpg,train,0.088817753,0.088817753,1.355271012
Images (1768).jpg,test,0.620066641,0.620066641,3.480266564
Images (1769).jpg,train,0.653672135,0.653672135,3.61468854
Images (1770).jpg,train,0.372617428,0.372617428,2.490469712
Images (1771).jpg,train,0.3449852,0.3449852,2.3799408
Images (1772).jpg,train,0.549098278,0.549098278,3.196393112
Images (1773).jpg,train,0.74833135,0.74833135,3.9933254
Images (1774).jpg,val,0.570095646,0.570095646,3.280382584
Images (1775).jpg,train,0.466273906,0.466273906,2.8650956240000003
Images (1776).jpg,train,0.507912987,0.507912987,3.031651948
Images (1777).jpg,train,0.553024943,0.553024943,3.212099772
Images (1778).jpg,train,0.715196139,0.715196139,3.860784556
Images (1779).jpg,train,0.576060611,0.576060611,3.304242444
Images (1780).jpg,train,0.774137032,0.774137032,4.096548128
Images (1781).jpg,train,0.6039452,0.6039452,3.4157808
Images (1782).jpg,val,0.500018036,0.500018036,3.000072144
Images (1783).jpg,train,0.582629361,0.582629361,3.330517444
Images (1784).jpg,train,0.679542115,0.679542115,3.71816846
Images (1785).jpg,val,0.711944666,0.711944666,3.847778664
Images (1786).jpg,val,0.601258558,0.601258558,3.405034232
Images (1787).jpg,train,0.643397458,0.643397458,3.573589832
Images (1788).jpg,train,0.533740914,0.533740914,3.134963656
Images (1789).jpg,train,0.628718197,0.628718197,3.514872788
Images (1790).jpg,train,0.64050956,0.64050956,3.56203824
Images (1791).jpg,train,0.493447531,0.493447531,2.973790124
Images (1792).jpg,train,0.525586255,0.525586255,3.10234502
Images (1793).jpg,train,0.6270611,0.6270611,3.5082444
Images (1794).jpg,train,0.612750775,0.612750775,3.4510031
Images (1795).jpg,train,0.755721991,0.755721991,4.022887964000001
Images (1796).jpg,train,0.586315612,0.586315612,3.345262448
Images (1797).jpg,val,0.444171373,0.444171373,2.776685492
Images (1798).jpg,train,0.638794985,0.638794985,3.55517994
Images (1799).jpg,train,0.544703358,0.544703358,3.178813432
Images (1800).jpg,train,0.620555893,0.620555893,3.482223572
Images (1801).jpg,train,0.673300794,0.673300794,3.693203176
Images (1802).jpg,val,0.739872383,0.739872383,3.959489532
Images (1803).jpg,val,0.69372493,0.69372493,3.77489972
Images (1804).jpg,train,0.688657715,0.688657715,3.75463086
Images (1805).jpg,test,0.629458134,0.629458134,3.517832536
Images (1806).jpg,train,0.724053833,0.724053833,3.896215332
Images (1807).jpg,val,0.725888462,0.725888462,3.903553848
Images (1808).jpg,train,0.615019467,0.615019467,3.460077868
Images (1809).jpg,val,0.251898072,0.251898072,2.007592288
Images (1810).jpg,train,0.398542949,0.398542949,2.594171796
Images (1811).jpg,train,0.596815197,0.596815197,3.387260788
Images (1812).jpg,train,0.404046886,0.404046886,2.616187544
Images (1813).jpg,val,0.281050062,0.281050062,2.124200248
Images (1814).jpg,train,0.692102218,0.692102218,3.768408872
Images (1815).jpg,train,0.640865182,0.640865182,3.563460728
Images (1816).jpg,train,0.66526767,0.66526767,3.66107068
Images (1817).jpg,train,0.683820641,0.683820641,3.735282564
Images (1818).jpg,train,0.699849541,0.699849541,3.799398164
Images (1819).jpg,train,0.635318005,0.635318005,3.54127202
Images (1820).jpg,train,0.721444587,0.721444587,3.885778348
Images (1821).jpg,train,0.702210654,0.702210654,3.808842616
Images (1822).jpg,train,0.666554731,0.666554731,3.666218924
Images (1823).jpg,train,0.650485831,0.650485831,3.601943324
Images (1824).jpg,train,0.691989911,0.691989911,3.767959644
Images (1825).jpg,train,0.80341572,0.80341572,4.21366288
Images (1826).jpg,train,0.566519152,0.566519152,3.266076608
Images (1827).jpg,train,0.3196951,0.3196951,2.2787804
Images (1828).jpg,train,0.466557748,0.466557748,2.866230992
Images (1829).jpg,train,0.662192466,0.662192466,3.648769864
Images (1830).jpg,train,0.646895919,0.646895919,3.587583676
Images (1831).jpg,train,0.762147513,0.762147513,4.048590052
Images (1832).jpg,train,0.764625212,0.764625212,4.058500848
Images (1833).jpg,train,0.681112058,0.681112058,3.724448232
Images (1834).jpg,train,0.717628318,0.717628318,3.870513272
Images (1835).jpg,train,0.519873493,0.519873493,3.079493972
Images (1836).jpg,train,0.580060974,0.580060974,3.320243896
Images (1837).jpg,train,0.722671277,0.722671277,3.890685108
Images (1838).jpg,test,0.782139864,0.782139864,4.128559456
Images (1839).jpg,test,0.42667495,0.42667495,2.7066998
Images (1840).jpg,train,0.675108349,0.675108349,3.700433396
Images (1841).jpg,train,0.725795949,0.725795949,3.903183796
Images (1842).jpg,train,0.700387105,0.700387105,3.80154842
Images (1843).jpg,val,0.661356977,0.661356977,3.645427908
Images (1844).jpg,train,0.668980084,0.668980084,3.675920336
Images (1845).jpg,train,0.350059348,0.350059348,2.400237392
Images (1846).jpg,train,0.525871787,0.525871787,3.103487148
Images (1847).jpg,train,0.545126436,0.545126436,3.180505744
Images (1848).jpg,train,0.64637315,0.64637315,3.5854926
Images (1849).jpg,train,0.457972913,0.457972913,2.831891652
Images (1850).jpg,train,0.257365487,0.257365487,2.029461948
Images (1851).jpg,train,0.662835991,0.662835991,3.651343964
Images (1852).jpg,train,0.54266578,0.54266578,3.17066312
Images (1853).jpg,val,0.567650016,0.567650016,3.270600064
Images (1854).jpg,train,0.337551606,0.337551606,2.350206424
Images (1855).jpg,train,0.658971989,0.658971989,3.635887956
Images (1856).jpg,test,0.605538313,0.605538313,3.422153252
Images (1857).jpg,train,0.512917163,0.512917163,3.051668652
Images (1858).jpg,train,0.535690217,0.535690217,3.142760868
Images (1859).jpg,train,0.608120616,0.608120616,3.432482464
Images (1860).jpg,test,0.524316238,0.524316238,3.097264952
Images (1861).jpg,val,0.577830048,0.577830048,3.311320192
Images (1862).jpg,train,0.530562508,0.530562508,3.122250032
Images (1863).jpg,train,0.51235738,0.51235738,3.04942952
Images (1864).jpg,train,0.605438149,0.605438149,3.421752596
Images (1865).jpg,train,0.715756791,0.715756791,3.863027164
Images (1866).jpg,train,0.628770773,0.628770773,3.515083092
Images (1867).jpg,val,0.668523705,0.668523705,3.67409482
Images (1868).jpg,train,0.619730637,0.619730637,3.478922548
Images (1869).jpg,train,0.571360604,0.571360604,3.285442416
Images (1870).jpg,train,0.434100525,0.434100525,2.7364021000000003
Images (1871).jpg,train,0.526924756,0.526924756,3.107699024
Images (1872).jpg,train,0.663347905,0.663347905,3.65339162
Images (1873).jpg,train,0.395386005,0.395386005,2.58154402
Images (1874).jpg,train,0.529183244,0.529183244,3.116732976
Images (1875).jpg,train,0.566688094,0.566688094,3.266752376
Images (1876).jpg,val,0.643645718,0.643645718,3.574582872
Images (1877).jpg,train,0.539536032,0.539536032,3.158144128
Images (1878).jpg,train,0.448431207,0.448431207,2.793724828
Images (1879).jpg,train,0.544584378,0.544584378,3.178337512
Images (1880).jpg,train,0.553447085,0.553447085,3.21378834
Images (1881).jpg,train,0.536452327,0.536452327,3.145809308
Images (1882).jpg,train,0.679760383,0.679760383,3.719041532
Images (1883).jpg,train,0.778669117,0.778669117,4.114676468
Images (1884).jpg,train,0.736248297,0.736248297,3.944993188
Images (1885).jpg,val,0.652180193,0.652180193,3.608720772
Images (1886).jpg,train,0.657469376,0.657469376,3.629877504
Images (1887).jpg,train,0.793780091,0.793780091,4.175120364
Images (1888).jpg,train,0.712234013,0.712234013,3.848936052
Images (1889).jpg,train,0.699041417,0.699041417,3.796165668
Images (1890).jpg,train,0.727892132,0.727892132,3.911568528
Images (1891).jpg,train,0.709560139,0.709560139,3.838240556
Images (1892).jpg,val,0.739721768,0.739721768,3.958887072
Images (1893).jpg,test,0.702532819,0.702532819,3.810131276
Images (1894).jpg,train,0.712564204,0.712564204,3.850256816
Images (1895).jpg,test,0.781551583,0.781551583,4.126206332000001
Images (1896).jpg,test,0.777902848,0.777902848,4.111611392
Images (1897).jpg,train,0.369212029,0.369212029,2.476848116
Images (1898).jpg,train,0.51808765,0.51808765,3.0723506
Images (1899).jpg,train,0.530478528,0.530478528,3.121914112
Images (1900).jpg,val,0.543551867,0.543551867,3.174207468
Images (1901).jpg,train,0.482746041,0.482746041,2.930984164
Images (1902).jpg,train,0.648674504,0.648674504,3.594698016
Images (1903).jpg,train,0.650279131,0.650279131,3.601116524
Images (1904).jpg,train,0.767276091,0.767276091,4.069104364
Images (1905).jpg,train,0.664309809,0.664309809,3.657239236
Images (1906).jpg,train,0.485387182,0.485387182,2.941548728
Images (1907).jpg,train,0.635603779,0.635603779,3.542415116
Images (1908).jpg,train,0.581378387,0.581378387,3.325513548
Images (1909).jpg,train,0.559077632,0.559077632,3.236310528
Images (1910).jpg,val,0.432408719,0.432408719,2.729634876
Images (1911).jpg,test,0.432411633,0.432411633,2.7296465320000003
Images (1912).jpg,train,0.411370046,0.411370046,2.645480184
Images (1913).jpg,train,0.242626418,0.242626418,1.970505672
Images (1914).jpg,test,0.366136549,0.366136549,2.464546196
Images (1915).jpg,train,0.412620666,0.412620666,2.650482664
Images (1916).jpg,test,0.649496659,0.649496659,3.597986636
Images (1917).jpg,test,0.708424866,0.708424866,3.833699464
Images (1918).jpg,val,0.68938248,0.68938248,3.75752992
Images (1919).jpg,val,0.554263699,0.554263699,3.217054796
Images (1920).jpg,test,0.384689011,0.384689011,2.5387560440000003
Images (1921).jpg,val,0.538272538,0.538272538,3.153090152
Images (1922).jpg,train,0.757972274,0.757972274,4.031889096
Images (1923).jpg,train,0.633213532,0.633213532,3.532854128
Images (1924).jpg,train,0.674774373,0.674774373,3.699097492
Images (1925).jpg,train,0.656037735,0.656037735,3.62415094
Images (1926).jpg,train,0.259860867,0.259860867,2.039443468
Images (1927).jpg,test,0.804193963,0.804193963,4.216775852
Images (1928).jpg,test,0.607709706,0.607709706,3.430838824
Images (1929).jpg,train,0.551643708,0.551643708,3.206574832
Images (1930).jpg,train,0.398319119,0.398319119,2.593276476
Images (1931).jpg,train,0.432746126,0.432746126,2.7309845040000003
Images (1932).jpg,train,0.512421323,0.512421323,3.049685292
Images (1933).jpg,train,0.52005425,0.52005425,3.080217
Images (1934).jpg,train,0.520646905,0.520646905,3.08258762
Images (1935).jpg,val,0.449696076,0.449696076,2.798784304
Images (1936).jpg,train,0.485668834,0.485668834,2.942675336
Images (1937).jpg,train,0.448473716,0.448473716,2.7938948640000003
Images (1938).jpg,train,0.42579716,0.42579716,2.70318864
Images (1939).jpg,train,0.599700926,0.599700926,3.398803704
Images (1940).jpg,test,0.587863743,0.587863743,3.351454972
Images (1941).jpg,test,0.646012092,0.646012092,3.584048368
Images (1942).jpg,train,0.628119714,0.628119714,3.512478856
Images (1943).jpg,train,0.585667184,0.585667184,3.342668736
Images (1944).jpg,train,0.590538906,0.590538906,3.362155624
Images (1945).jpg,train,0.684917448,0.684917448,3.739669792
Images (1946).jpg,test,0.649729885,0.649729885,3.59891954
Images (1947).jpg,test,0.587941468,0.587941468,3.351765872
Images (1948).jpg,test,0.583978916,0.583978916,3.335915664
Images (1949).jpg,test,0.518029599,0.518029599,3.072118396
Images (1950).jpg,train,0.560067093,0.560067093,3.240268372
Images (1951).jpg,train,0.290084374,0.290084374,2.160337496
Images (1952).jpg,train,0.62836034,0.62836034,3.51344136
Images (1953).jpg,train,0.684206593,0.684206593,3.736826372
Images (1954).jpg,test,0.576579339,0.576579339,3.306317356
Images (1955).jpg,train,0.656712735,0.656712735,3.62685094
Images (1956).jpg,train,0.702425336,0.702425336,3.809701344
Images (1957).jpg,train,0.685446967,0.685446967,3.741787868
Images (1958).jpg,test,0.59267526,0.59267526,3.37070104
Images (1959).jpg,val,0.604321177,0.604321177,3.417284708
Images (1960).jpg,train,0.704095299,0.704095299,3.816381196
Images (1961).jpg,train,0.546429741,0.546429741,3.185718964
Images (1962).jpg,test,0.61151174,0.61151174,3.44604696
Images (1963).jpg,test,0.645900777,0.645900777,3.583603108
Images (1964).jpg,test,0.311749721,0.311749721,2.246998884
Images (1965).jpg,train,0.494216846,0.494216846,2.976867384
Images (1966).jpg,test,0.331374371,0.331374371,2.325497484
Images (1967).jpg,train,0.337183297,0.337183297,2.348733188
Images (1968).jpg,train,0.565387388,0.565387388,3.261549552
Images (1969).jpg,train,0.613619785,0.613619785,3.45447914
Images (1970).jpg,train,0.454156785,0.454156785,2.81662714
Images (1971).jpg,train,0.568721688,0.568721688,3.274886752
Images (1972).jpg,train,0.550500596,0.550500596,3.202002384
Images (1973).jpg,train,0.672524369,0.672524369,3.690097476
Images (1974).jpg,train,0.509933364,0.509933364,3.039733456
Images (1975).jpg,train,0.632996892,0.632996892,3.531987568
Images (1976).jpg,train,0.72897404,0.72897404,3.91589616
Images (1977).jpg,train,0.663943712,0.663943712,3.655774848
Images (1978).jpg,train,0.615567753,0.615567753,3.462271012
Images (1979).jpg,train,0.757463188,0.757463188,4.029852752
Images (1980).jpg,test,0.78725668,0.78725668,4.14902672
Images (1981).jpg,train,0.76021498,0.76021498,4.04085992
Images (1982).jpg,test,0.745698662,0.745698662,3.982794648
Images (1983).jpg,val,0.732651246,0.732651246,3.930604984
Images (1984).jpg,train,0.629056557,0.629056557,3.516226228
Images (1985).jpg,train,0.501744392,0.501744392,3.006977568
Images (1986).jpg,train,0.585392614,0.585392614,3.341570456
Images (1987).jpg,test,0.523665973,0.523665973,3.094663892
Images (1988).jpg,train,0.534925441,0.534925441,3.139701764
Images (1989).jpg,val,0.602951136,0.602951136,3.411804544
Images (1990).jpg,train,0.353101746,0.353101746,2.412406984
Images (1991).jpg,train,0.535596764,0.535596764,3.142387056
Images (1992).jpg,train,0.603078015,0.603078015,3.41231206
Images (1993).jpg,test,0.60730745,0.60730745,3.4292298
Images (1994).jpg,train,0.521858337,0.521858337,3.087433348
Images (1995).jpg,train,0.669868386,0.669868386,3.679473544
Images (1996).jpg,train,0.814490078,0.814490078,4.257960312
Images (1997).jpg,train,0.628572815,0.628572815,3.51429126
Images (1998).jpg,test,0.495173011,0.495173011,2.980692044
Images (1999).jpg,test,0.390504944,0.390504944,2.562019776
Images (2000).jpg,train,0.644932692,0.644932692,3.579730768
Images (2001).jpg,val,0.589074839,0.589074839,3.356299356
Images (2002).jpg,test,0.507181466,0.507181466,3.028725864
Images (2003).jpg,test,0.290241133,0.290241133,2.160964532
Images (2004).jpg,train,0.570750464,0.570750464,3.283001856
Images (2005).jpg,train,0.629715052,0.629715052,3.518860208
Images (2006).jpg,train,0.624082404,0.624082404,3.496329616
Images (2007).jpg,test,0.599010183,0.599010183,3.396040732
Images (2008).jpg,train,0.711753843,0.711753843,3.847015372
Images (2009).jpg,test,0.521694481,0.521694481,3.086777924
Images (2010).jpg,train,0.472357838,0.472357838,2.889431352
Images (2011).jpg,train,0.533690999,0.533690999,3.134763996
Images (2012).jpg,train,0.583693593,0.583693593,3.334774372
Images (2013).jpg,train,0.623306153,0.623306153,3.493224612
Images (2014).jpg,val,0.653640645,0.653640645,3.61456258
Images (2015).jpg,val,0.730313714,0.730313714,3.921254856
Images (2016).jpg,val,0.723997962,0.723997962,3.895991848
Images (2017).jpg,train,0.74893877,0.74893877,3.99575508
Images (2018).jpg,train,0.734217951,0.734217951,3.936871804
Images (2019).jpg,test,0.685243233,0.685243233,3.740972932
Images (2020).jpg,val,0.606257728,0.606257728,3.425030912
Images (2021).jpg,train,0.649638527,0.649638527,3.598554108
Images (2022).jpg,train,0.669505912,0.669505912,3.678023648
Images (2023).jpg,train,0.601507785,0.601507785,3.40603114
Images (2024).jpg,test,0.604368967,0.604368967,3.417475868
Images (2025).jpg,train,0.537356484,0.537356484,3.149425936
Images (2026).jpg,test,0.496545366,0.496545366,2.986181464
Images (2027).jpg,train,0.488859033,0.488859033,2.955436132
Images (2028).jpg,train,0.558111559,0.558111559,3.232446236
Images (2029).jpg,train,0.334309558,0.334309558,2.337238232
Images (2030).jpg,train,0.548807407,0.548807407,3.195229628
Images (2031).jpg,train,0.545867158,0.545867158,3.183468632
Images (2032).jpg,train,0.440330486,0.440330486,2.761321944
Images (2033).jpg,test,0.555044437,0.555044437,3.220177748
Images (2034).jpg,val,0.434266671,0.434266671,2.737066684
Images (2035).jpg,train,0.730196562,0.730196562,3.920786248
Images (2036).jpg,train,0.715715724,0.715715724,3.862862896
Images (2037).jpg,test,0.765364839,0.765364839,4.061459356
Images (2038).jpg,train,0.660959966,0.660959966,3.643839864
Images (2039).jpg,train,0.694956505,0.694956505,3.77982602
Images (2040).jpg,train,0.727161052,0.727161052,3.908644208
Images (2041).jpg,train,0.388548019,0.388548019,2.554192076
Images (2042).jpg,test,0.737220691,0.737220691,3.948882764
Images (2043).jpg,train,0.748123997,0.748123997,3.992495988
Images (2044).jpg,train,0.659889431,0.659889431,3.639557724
Images (2045).jpg,train,0.744514251,0.744514251,3.978057004
Images (2046).jpg,train,0.602872246,0.602872246,3.411488984
Images (2047).jpg,train,0.704442375,0.704442375,3.8177695
Images (2048).jpg,test,0.477082197,0.477082197,2.908328788
Images (2049).jpg,val,0.617754281,0.617754281,3.471017124
Images (2050).jpg,train,0.461373451,0.461373451,2.845493804
Images (2051).jpg,train,0.496166633,0.496166633,2.9846665320000003
Images (2052).jpg,test,0.74761885,0.74761885,3.9904754
Images (2053).jpg,val,0.510962117,0.510962117,3.043848468
Images (2054).jpg,test,0.680881745,0.680881745,3.72352698
Images (2055).jpg,val,0.628502314,0.628502314,3.514009256
Images (2056).jpg,train,0.671275861,0.671275861,3.685103444
Images (2057).jpg,train,0.329308999,0.329308999,2.317235996
Images (2058).jpg,train,0.540739817,0.540739817,3.162959268
Images (2059).jpg,train,0.620443307,0.620443307,3.481773228
Images (2060).jpg,train,0.474058449,0.474058449,2.896233796
Images (2061).jpg,train,0.365801756,0.365801756,2.463207024
Images (2062).jpg,train,0.362276905,0.362276905,2.44910762
Images (2063).jpg,train,0.497616589,0.497616589,2.990466356
Images (2064).jpg,train,0.445580074,0.445580074,2.782320296
Images (2065).jpg,val,0.594758473,0.594758473,3.379033892
Images (2066).jpg,train,0.369101646,0.369101646,2.476406584
Images (2067).jpg,train,0.387420829,0.387420829,2.5496833160000003
Images (2068).jpg,train,0.308828087,0.308828087,2.235312348
Images (2069).jpg,test,0.495460526,0.495460526,2.981842104
Images (2070).jpg,test,0.56055482,0.56055482,3.24221928
Images (2071).jpg,val,0.611278629,0.611278629,3.445114516
Images (2072).jpg,train,0.643342316,0.643342316,3.573369264
Images (2073).jpg,train,0.525917157,0.525917157,3.103668628
Images (2074).jpg,train,0.59350017,0.59350017,3.37400068
Images (2075).jpg,train,0.605188421,0.605188421,3.420753684
Images (2076).jpg,train,0.625363457,0.625363457,3.501453828
Images (2077).jpg,val,0.711718327,0.711718327,3.846873308
Images (2078).jpg,test,0.703434695,0.703434695,3.81373878
Images (2079).jpg,train,0.32923156,0.32923156,2.31692624
Images (2080).jpg,train,0.632211792,0.632211792,3.528847168
Images (2081).jpg,train,0.511879901,0.511879901,3.047519604
Images (2082).jpg,train,0.407191186,0.407191186,2.628764744
Images (2083).jpg,train,0.404330145,0.404330145,2.61732058
Images (2084).jpg,train,0.503017865,0.503017865,3.01207146
Images (2085).jpg,train,0.708904706,0.708904706,3.835618824
Images (2086).jpg,train,0.702550674,0.702550674,3.810202696
Images (2087).jpg,train,0.645666332,0.645666332,3.582665328
Images (2088).jpg,test,0.545889375,0.545889375,3.1835575
Images (2089).jpg,train,0.64396533,0.64396533,3.57586132
Images (2090).jpg,val,0.552629504,0.552629504,3.210518016
Images (2091).jpg,train,0.670191798,0.670191798,3.680767192
Images (2092).jpg,test,0.595689023,0.595689023,3.382756092
Images (2093).jpg,train,0.705695715,0.705695715,3.82278286
Images (2094).jpg,train,0.644576282,0.644576282,3.578305128
Images (2095).jpg,train,0.62282645,0.62282645,3.4913058
Images (2096).jpg,train,0.528843136,0.528843136,3.115372544
Images (2097).jpg,test,0.674480153,0.674480153,3.697920612
Images (2098).jpg,test,0.692393071,0.692393071,3.769572284
Images (2099).jpg,train,0.812698662,0.812698662,4.250794647999999
Images (2100).jpg,train,0.677217587,0.677217587,3.708870348
Images (2101).jpg,val,0.497804304,0.497804304,2.991217216
Images (2102).jpg,val,0.679041913,0.679041913,3.716167652
Images (2103).jpg,train,0.586202072,0.586202072,3.344808288
Images (2104).jpg,train,0.647302519,0.647302519,3.589210076
Images (2105).jpg,train,0.594444591,0.594444591,3.377778364
Images (2106).jpg,test,0.666085841,0.666085841,3.664343364
Images (2107).jpg,train,0.50086551,0.50086551,3.00346204
Images (2108).jpg,test,0.543129551,0.543129551,3.172518204
Images (2109).jpg,train,0.529881669,0.529881669,3.119526676
Images (2110).jpg,val,0.536918196,0.536918196,3.147672784
Images (2111).jpg,train,0.601994141,0.601994141,3.407976564
Images (2112).jpg,train,0.565545627,0.565545627,3.262182508
Images (2113).jpg,test,0.591125345,0.591125345,3.36450138
Images (2114).jpg,train,0.654135649,0.654135649,3.616542596
Images (2115).jpg,train,0.636092025,0.636092025,3.5443681
Images (2116).jpg,train,0.710360278,0.710360278,3.841441112
Images (2117).jpg,train,0.665350859,0.665350859,3.661403436
Images (2118).jpg,train,0.773374326,0.773374326,4.093497304
Images (2119).jpg,train,0.72736362,0.72736362,3.90945448
Images (2120).jpg,train,0.722258159,0.722258159,3.889032636
Images (2121).jpg,train,0.657164109,0.657164109,3.628656436
Images (2122).jpg,test,0.699186585,0.699186585,3.79674634
Images (2123).jpg,test,0.591737473,0.591737473,3.366949892
Images (2124).jpg,test,0.487716938,0.487716938,2.950867752
Images (2125).jpg,train,0.659624168,0.659624168,3.638496672
Images (2126).jpg,train,0.404592247,0.404592247,2.6183689880000003
Images (2127).jpg,val,0.679007924,0.679007924,3.716031696
Images (2128).jpg,test,0.678196633,0.678196633,3.712786532
Images (2129).jpg,train,0.716706049,0.716706049,3.866824196
Images (2130).jpg,train,0.695481457,0.695481457,3.781925828
Images (2131).jpg,train,0.647889894,0.647889894,3.591559576
Images (2132).jpg,train,0.450722533,0.450722533,2.802890132
Images (2133).jpg,train,0.543398396,0.543398396,3.173593584
Images (2134).jpg,val,0.67241523,0.67241523,3.68966092
Images (2135).jpg,test,0.684967021,0.684967021,3.739868084
Images (2136).jpg,train,0.550635336,0.550635336,3.202541344
Images (2137).jpg,train,0.69404268,0.69404268,3.77617072
Images (2138).jpg,train,0.761915028,0.761915028,4.047660112
Images (2139).jpg,train,0.702236187,0.702236187,3.808944748
Images (2140).jpg,test,0.577526444,0.577526444,3.310105776
Images (2141).jpg,train,0.347425264,0.347425264,2.389701056
Images (2142).jpg,train,0.693294156,0.693294156,3.773176624
Images (2143).jpg,train,0.735808211,0.735808211,3.943232844
Images (2144).jpg,train,0.608513017,0.608513017,3.434052068
Images (2145).jpg,test,0.42742155,0.42742155,2.7096862
Images (2146).jpg,train,0.509846544,0.509846544,3.039386176
Images (2147).jpg,test,0.556389082,0.556389082,3.225556328
Images (2148).jpg,train,0.598736408,0.598736408,3.394945632
Images (2149).jpg,train,0.431448634,0.431448634,2.725794536
Images (2150).jpg,train,0.648632206,0.648632206,3.594528824
Images (2151).jpg,train,0.600750709,0.600750709,3.403002836
Images (2152).jpg,train,0.556621408,0.556621408,3.226485632
Images (2153).jpg,train,0.502414736,0.502414736,3.009658944
Images (2154).jpg,train,0.332201867,0.332201867,2.328807468
Images (2155).jpg,val,0.542216864,0.542216864,3.168867456
Images (2156).jpg,train,0.426432166,0.426432166,2.705728664
Images (2157).jpg,test,0.507248541,0.507248541,3.028994164
Images (2158).jpg,train,0.292882652,0.292882652,2.1715306080000003
Images (2159).jpg,train,0.198371126,0.198371126,1.793484504
Images (2160).jpg,train,0.147895722,0.147895722,1.591582888
Images (2161).jpg,train,0.142218994,0.142218994,1.568875976
Images (2162).jpg,val,0.160078894,0.160078894,1.640315576
Images (2163).jpg,test,0.426026501,0.426026501,2.704106004
Images (2164).jpg,val,0.205354441,0.205354441,1.821417764
Images (2165).jpg,test,0.366283715,0.366283715,2.46513486
Images (2166).jpg,train,0.285955462,0.285955462,2.143821848
Images (2167).jpg,test,0.22007557,0.22007557,1.88030228
Images (2168).jpg,train,0.143497694,0.143497694,1.573990776
Images (2169).jpg,train,0.077361228,0.077361228,1.309444912
Images (2170).jpg,train,0.154247688,0.154247688,1.616990752
Images (2171).jpg,train,0.33209774,0.33209774,2.32839096
Images (2172).jpg,train,0.35387851,0.35387851,2.41551404
Images (2173).jpg,test,0.175307381,0.175307381,1.701229524
Images (2174).jpg,train,0.535129178,0.535129178,3.140516712
Images (2175).jpg,train,0.416089215,0.416089215,2.66435686
Images (2176).jpg,train,0.535722801,0.535722801,3.142891204
Images (2177).jpg,train,0.536690268,0.536690268,3.146761072
Images (2178).jpg,test,0.601096557,0.601096557,3.404386228
Images (2179).jpg,train,0.16395717,0.16395717,1.65582868
Images (2180).jpg,train,0.236664558,0.236664558,1.946658232
Images (2181).jpg,train,0.533731105,0.533731105,3.13492442
Images (2182).jpg,train,0.20759927,0.20759927,1.83039708
Images (2183).jpg,val,0.3751025,0.3751025,2.50041
Images (2184).jpg,train,0.523269828,0.523269828,3.093079312
Images (2185).jpg,train,0.339168917,0.339168917,2.3566756680000003
Images (2186).jpg,train,0.310618646,0.310618646,2.242474584
Images (2187).jpg,val,0.21243897,0.21243897,1.84975588
Images (2188).jpg,test,0.568458855,0.568458855,3.27383542
Images (2189).jpg,train,0.311215317,0.311215317,2.244861268
Images (2190).jpg,train,0.232632017,0.232632017,1.930528068
Images (2191).jpg,val,0.343899848,0.343899848,2.375599392
Images (2192).jpg,train,0.343375239,0.343375239,2.373500956
Images (2193).jpg,train,0.242238625,0.242238625,1.9689545
Images (2194).jpg,train,0.375883496,0.375883496,2.503533984
Images (2195).jpg,train,0.518461702,0.518461702,3.073846808
Images (2196).jpg,test,0.47005722,0.47005722,2.88022888
Images (2197).jpg,train,0.399140568,0.399140568,2.596562272
Images (2198).jpg,train,0.324538529,0.324538529,2.298154116
Images (2199).jpg,val,0.759047541,0.759047541,4.036190164000001
Images (2200).jpg,train,0.206507804,0.206507804,1.826031216
Images (2201).jpg,train,0.192588786,0.192588786,1.770355144
Images (2202).jpg,train,0.187061417,0.187061417,1.748245668
Images (2203).jpg,test,0.154553817,0.154553817,1.6182152680000002
Images (2204).jpg,train,0.198405917,0.198405917,1.793623668
Images (2205).jpg,train,0.080445181,0.080445181,1.321780724
Images (2206).jpg,train,0.517822182,0.517822182,3.071288728
Images (2207).jpg,train,0.428855523,0.428855523,2.715422092
Images (2208).jpg,train,0.541376871,0.541376871,3.165507484
Images (2209).jpg,train,0.623722286,0.623722286,3.494889144
Images (2210).jpg,train,0.612053198,0.612053198,3.448212792
Images (2211).jpg,train,0.61360004,0.61360004,3.45440016
Images (2212).jpg,val,0.436348012,0.436348012,2.7453920480000003
Images (2213).jpg,train,0.556953269,0.556953269,3.227813076
Images (2214).jpg,train,0.590379518,0.590379518,3.361518072
Images (2215).jpg,train,0.272301477,0.272301477,2.0892059080000003
Images (2216).jpg,train,0.627137768,0.627137768,3.508551072
Images (2217).jpg,train,0.508360702,0.508360702,3.033442808
Images (2218).jpg,train,0.57945412,0.57945412,3.31781648
Images (2219).jpg,train,0.412611973,0.412611973,2.650447892
Images (2220).jpg,train,0.548208146,0.548208146,3.192832584
Images (2221).jpg,train,0.556952421,0.556952421,3.227809684
Images (2222).jpg,train,0.312029713,0.312029713,2.248118852
Images (2223).jpg,train,0.365520546,0.365520546,2.462082184
Images (2224).jpg,test,0.528565686,0.528565686,3.114262744
Images (2225).jpg,train,0.535596969,0.535596969,3.142387876
Images (2226).jpg,train,0.530732347,0.530732347,3.122929388
Images (2227).jpg,train,0.501629421,0.501629421,3.006517684
Images (2228).jpg,train,0.525763276,0.525763276,3.103053104
Images (2229).jpg,train,0.366887906,0.366887906,2.467551624
Images (2230).jpg,train,0.033979007,0.033979007,1.135916028
Images (2231).jpg,train,0.120674714,0.120674714,1.482698856
Images (2232).jpg,test,0.173884231,0.173884231,1.695536924
Images (2233).jpg,train,0.166484937,0.166484937,1.665939748
Images (2234).jpg,train,0.211933045,0.211933045,1.84773218
Images (2235).jpg,train,0.103699982,0.103699982,1.414799928
Images (2236).jpg,train,0.932581437,0.932581437,4.730325748
Images (2237).jpg,train,0.78152591,0.78152591,4.12610364
Images (2238).jpg,train,0.606443421,0.606443421,3.425773684
Images (2239).jpg,train,0.356832414,0.356832414,2.427329656
Images (2240).jpg,train,0.337843027,0.337843027,2.351372108
Images (2241).jpg,val,0.388600612,0.388600612,2.5544024480000003
Images (2242).jpg,train,0.541046688,0.541046688,3.164186752
Images (2243).jpg,val,0.374412072,0.374412072,2.497648288
Images (2244).jpg,train,0.467329412,0.467329412,2.869317648
Images (2245).jpg,train,0.377710552,0.377710552,2.510842208
Images (2246).jpg,train,0.478865159,0.478865159,2.915460636
Images (2247).jpg,train,0.528625345,0.528625345,3.11450138
Images (2248).jpg,train,0.457744437,0.457744437,2.830977748
Images (2249).jpg,train,0.441115148,0.441115148,2.764460592
Images (2250).jpg,train,0.495360151,0.495360151,2.9814406040000003
Images (2251).jpg,train,0.464508593,0.464508593,2.858034372
Images (2252).jpg,train,0.448071248,0.448071248,2.792284992
Images (2253).jpg,train,0.548565333,0.548565333,3.194261332
Images (2254).jpg,train,0.602487915,0.602487915,3.40995166
Images (2255).jpg,val,0.434637686,0.434637686,2.7385507440000003
Images (2256).jpg,train,0.637665128,0.637665128,3.550660512
Images (2257).jpg,val,0.387202942,0.387202942,2.548811768
Images (2258).jpg,train,0.444430349,0.444430349,2.777721396
Images (2259).jpg,train,0.485440743,0.485440743,2.9417629720000003
Images (2260).jpg,val,0.48718348,0.48718348,2.94873392
Images (2261).jpg,train,0.670668494,0.670668494,3.682673976
Images (2262).jpg,train,0.377514325,0.377514325,2.5100573
Images (2263).jpg,test,0.666057567,0.666057567,3.664230268
Images (2264).jpg,train,0.710426964,0.710426964,3.841707856
Images (2265).jpg,train,0.561351845,0.561351845,3.24540738
Images (2266).jpg,train,0.624938239,0.624938239,3.499752956
Images (2267).jpg,val,0.494450443,0.494450443,2.9778017720000003
Images (2268).jpg,train,0.580858016,0.580858016,3.323432064
Images (2269).jpg,train,0.59478537,0.59478537,3.37914148
Images (2270).jpg,train,0.605002631,0.605002631,3.420010524
Images (2271).jpg,val,0.533369398,0.533369398,3.133477592
Images (2272).jpg,train,0.642862839,0.642862839,3.571451356
Images (2273).jpg,train,0.564139823,0.564139823,3.256559292
Images (2274).jpg,train,0.512060357,0.512060357,3.048241428
Images (2275).jpg,val,0.684026981,0.684026981,3.736107924
Images (2276).jpg,train,0.493378125,0.493378125,2.9735125
Images (2277).jpg,train,0.452652717,0.452652717,2.810610868
Images (2278).jpg,train,0.386429078,0.386429078,2.545716312
Images (2279).jpg,val,0.586361989,0.586361989,3.345447956
Images (2280).jpg,test,0.696132634,0.696132634,3.784530536
Images (2281).jpg,train,0.461211361,0.461211361,2.844845444
Images (2282).jpg,train,0.783582928,0.783582928,4.134331712
Images (2283).jpg,train,0.670942528,0.670942528,3.683770112
Images (2284).jpg,train,0.739924694,0.739924694,3.959698776
Images (2285).jpg,train,0.683515776,0.683515776,3.734063104
Images (2286).jpg,train,0.370300432,0.370300432,2.4812017280000003
Images (2287).jpg,val,0.486152823,0.486152823,2.9446112920000003
Images (2288).jpg,train,0.51546969,0.51546969,3.06187876
Images (2289).jpg,train,0.49426075,0.49426075,2.977043
Images (2290).jpg,train,0.598213247,0.598213247,3.392852988
Images (2291).jpg,train,0.534033914,0.534033914,3.136135656
Images (2292).jpg,train,0.533040468,0.533040468,3.132161872
Images (2293).jpg,train,0.546858308,0.546858308,3.187433232
Images (2294).jpg,val,0.374943696,0.374943696,2.499774784
Images (2295).jpg,train,0.38362838,0.38362838,2.53451352
Images (2296).jpg,train,0.698823464,0.698823464,3.795293856
Images (2297).jpg,test,0.418096787,0.418096787,2.6723871480000003
Images (2298).jpg,train,0.565653887,0.565653887,3.262615548
Images (2299).jpg,train,0.506398075,0.506398075,3.0255923
Images (2300).jpg,train,0.537519276,0.537519276,3.150077104
Images (2301).jpg,train,0.533353821,0.533353821,3.133415284
Images (2302).jpg,train,0.584050335,0.584050335,3.33620134
Images (2303).jpg,train,0.445683919,0.445683919,2.782735676
Images (2304).jpg,test,0.480371367,0.480371367,2.921485468
Images (2305).jpg,test,0.492524357,0.492524357,2.970097428
Images (2306).jpg,train,0.701766771,0.701766771,3.807067084
Images (2307).jpg,train,0.597305755,0.597305755,3.38922302
Images (2308).jpg,train,0.65879123,0.65879123,3.63516492
Images (2309).jpg,train,0.696439211,0.696439211,3.785756844
Images (2310).jpg,train,0.721945908,0.721945908,3.887783632
Images (2311).jpg,test,0.291429641,0.291429641,2.165718564
Images (2312).jpg,train,0.494005289,0.494005289,2.976021156
Images (2313).jpg,train,0.547931298,0.547931298,3.191725192
Images (2314).jpg,train,0.54665643,0.54665643,3.18662572
Images (2315).jpg,train,0.584792011,0.584792011,3.339168044
Images (2316).jpg,train,0.575536858,0.575536858,3.302147432
Images (2317).jpg,train,0.724504151,0.724504151,3.898016604
Images (2318).jpg,train,0.275910817,0.275910817,2.103643268
Images (2319).jpg,train,0.293728703,0.293728703,2.174914812
Images (2320).jpg,train,0.515068599,0.515068599,3.060274396
Images (2321).jpg,train,0.356604344,0.356604344,2.426417376
Images (2322).jpg,train,0.303387463,0.303387463,2.213549852
Images (2323).jpg,train,0.405756418,0.405756418,2.623025672
Images (2324).jpg,train,0.420166218,0.420166218,2.680664872
Images (2325).jpg,test,0.344080993,0.344080993,2.376323972
Images (2326).jpg,train,0.177617512,0.177617512,1.710470048
Images (2327).jpg,train,0.223926899,0.223926899,1.895707596
Images (2328).jpg,test,0.316558076,0.316558076,2.266232304
Images (2329).jpg,train,0.106232782,0.106232782,1.424931128
Images (2330).jpg,train,0.288344363,0.288344363,2.153377452
Images (2331).jpg,train,0.516921532,0.516921532,3.067686128
Images (2332).jpg,train,0.224902486,0.224902486,1.899609944
Images (2333).jpg,train,0.313200383,0.313200383,2.2528015320000003
Images (2334).jpg,train,0.340571772,0.340571772,2.362287088
Images (2335).jpg,train,0.395977548,0.395977548,2.5839101920000003
Images (2336).jpg,train,0.178747864,0.178747864,1.714991456
Images (2337).jpg,train,0.260791759,0.260791759,2.043167036
Images (2338).jpg,train,0.375730053,0.375730053,2.5029202120000003
Images (2339).jpg,train,0.379049714,0.379049714,2.516198856
Images (2340).jpg,train,0.357251332,0.357251332,2.429005328
Images (2341).jpg,train,0.256590894,0.256590894,2.026363576
Images (2342).jpg,val,0.191071349,0.191071349,1.764285396
Images (2343).jpg,train,0.295045268,0.295045268,2.180181072
Images (2344).jpg,train,0.247706358,0.247706358,1.990825432
Images (2345).jpg,train,0.416223206,0.416223206,2.664892824
Images (2346).jpg,train,0.339422824,0.339422824,2.357691296
Images (2347).jpg,val,0.329552834,0.329552834,2.318211336
Images (2348).jpg,train,0.108417668,0.108417668,1.433670672
Images (2349).jpg,train,0.456498426,0.456498426,2.825993704
Images (2350).jpg,val,0.525720208,0.525720208,3.102880832
Images (2351).jpg,train,0.25416465,0.25416465,2.0166586
Images (2352).jpg,train,0.306259877,0.306259877,2.225039508
Images (2353).jpg,train,0.514499199,0.514499199,3.057996796
Images (2354).jpg,test,0.56125623,0.56125623,3.24502492
Images (2355).jpg,val,0.642304299,0.642304299,3.569217196
Images (2356).jpg,train,0.699626572,0.699626572,3.798506288
Images (2357).jpg,train,0.438634484,0.438634484,2.754537936
Images (2358).jpg,test,0.471655915,0.471655915,2.88662366
Images (2359).jpg,test,0.432438424,0.432438424,2.729753696
Images (2360).jpg,train,0.442152321,0.442152321,2.768609284
Images (2361).jpg,train,0.512838433,0.512838433,3.051353732
Images (2362).jpg,train,0.423596909,0.423596909,2.694387636
Images (2363).jpg,val,0.389696437,0.389696437,2.558785748
Images (2364).jpg,train,0.442923596,0.442923596,2.771694384
Images (2365).jpg,train,0.521375018,0.521375018,3.085500072
Images (2366).jpg,train,0.424214361,0.424214361,2.696857444
Images (2367).jpg,train,0.213564503,0.213564503,1.854258012
Images (2368).jpg,val,0.491621411,0.491621411,2.966485644
Images (2369).jpg,test,0.457539856,0.457539856,2.830159424
Images (2370).jpg,train,0.480882589,0.480882589,2.923530356
Images (2371).jpg,train,0.556695918,0.556695918,3.226783672
Images (2372).jpg,train,0.625800537,0.625800537,3.503202148
Images (2373).jpg,train,0.67844894,0.67844894,3.71379576
Images (2374).jpg,train,0.260255564,0.260255564,2.041022256
Images (2375).jpg,train,0.438917688,0.438917688,2.755670752
Images (2376).jpg,test,0.243072896,0.243072896,1.972291584
Images (2377).jpg,train,0.49753772,0.49753772,2.99015088
Images (2378).jpg,train,0.043317422,0.043317422,1.173269688
Images (2379).jpg,train,0.184916604,0.184916604,1.739666416
Images (2380).jpg,test,0.045046628,0.045046628,1.180186512
Images (2381).jpg,train,0.56650182,0.56650182,3.26600728
Images (2382).jpg,train,0.587931225,0.587931225,3.3517249
Images (2383).jpg,test,0.582636266,0.582636266,3.330545064
Images (2384).jpg,train,0.754980897,0.754980897,4.019923588
Images (2385).jpg,train,0.579552895,0.579552895,3.31821158
Images (2386).jpg,train,0.582355126,0.582355126,3.329420504
Images (2387).jpg,train,0.455085593,0.455085593,2.820342372
Images (2388).jpg,train,0.614171256,0.614171256,3.456685024
Images (2389).jpg,val,0.725754939,0.725754939,3.903019756
Images (2390).jpg,train,0.624172156,0.624172156,3.496688624
Images (2391).jpg,train,0.628633868,0.628633868,3.514535472
Images (2392).jpg,train,0.561998701,0.561998701,3.247994804
Images (2393).jpg,train,0.592787634,0.592787634,3.371150536
Images (2394).jpg,train,0.242063114,0.242063114,1.968252456
Images (2395).jpg,train,0.299780632,0.299780632,2.199122528
Images (2396).jpg,train,0.295111636,0.295111636,2.180446544
Images (2397).jpg,train,0.467317784,0.467317784,2.869271136
Images (2398).jpg,train,0.555534489,0.555534489,3.222137956
Images (2399).jpg,train,0.509885418,0.509885418,3.039541672
Images (2400).jpg,train,0.557145823,0.557145823,3.228583292
Images (2401).jpg,val,0.553224194,0.553224194,3.212896776
Images (2402).jpg,train,0.599488009,0.599488009,3.397952036
Images (2403).jpg,train,0.544818823,0.544818823,3.179275292
Images (2404).jpg,train,0.516673227,0.516673227,3.066692908
Images (2405).jpg,train,0.648266843,0.648266843,3.593067372
Images (2406).jpg,train,0.548399729,0.548399729,3.193598916
Images (2407).jpg,train,0.552631485,0.552631485,3.21052594
Images (2408).jpg,train,0.526932688,0.526932688,3.107730752
Images (2409).jpg,train,0.470170128,0.470170128,2.880680512
Images (2410).jpg,train,0.531950578,0.531950578,3.127802312
Images (2411).jpg,train,0.659931569,0.659931569,3.639726276
Images (2412).jpg,train,0.458190845,0.458190845,2.8327633800000003
Images (2413).jpg,train,0.469398638,0.469398638,2.877594552
Images (2414).jpg,train,0.454507057,0.454507057,2.818028228
Images (2415).jpg,train,0.492906233,0.492906233,2.971624932
Images (2416).jpg,test,0.379105103,0.379105103,2.516420412
Images (2417).jpg,train,0.413684507,0.413684507,2.654738028
Images (2418).jpg,train,0.455475819,0.455475819,2.821903276
Images (2419).jpg,train,0.39884643,0.39884643,2.59538572
Images (2420).jpg,test,0.486097704,0.486097704,2.9443908160000003
Images (2421).jpg,train,0.485203105,0.485203105,2.9408124200000003
Images (2422).jpg,val,0.418881785,0.418881785,2.67552714
Images (2423).jpg,train,0.696083773,0.696083773,3.784335092
Images (2424).jpg,train,0.713150146,0.713150146,3.852600584
Images (2425).jpg,train,0.388034342,0.388034342,2.552137368
Images (2426).jpg,train,0.102218537,0.102218537,1.408874148
Images (2427).jpg,train,0.637065613,0.637065613,3.548262452
Images (2428).jpg,train,0.074527685,0.074527685,1.29811074
Images (2429).jpg,train,0.256723778,0.256723778,2.026895112
Images (2430).jpg,train,0.378819382,0.378819382,2.515277528
Images (2431).jpg,train,0.211694901,0.211694901,1.846779604
Images (2432).jpg,train,0.636165764,0.636165764,3.544663056
Images (2433).jpg,val,0.463449087,0.463449087,2.853796348
Images (2434).jpg,val,0.462145079,0.462145079,2.848580316
Images (2435).jpg,test,0.145128319,0.145128319,1.580513276
Images (2436).jpg,train,0.698732639,0.698732639,3.794930556
Images (2437).jpg,train,0.574511473,0.574511473,3.298045892
Images (2438).jpg,train,0.523100974,0.523100974,3.092403896
Images (2439).jpg,train,0.400724956,0.400724956,2.602899824
Images (2440).jpg,val,0.209735497,0.209735497,1.838941988
Images (2441).jpg,train,0.462688461,0.462688461,2.850753844
Images (2442).jpg,train,0.444346691,0.444346691,2.777386764
Images (2443).jpg,train,0.511613967,0.511613967,3.046455868
Images (2444).jpg,train,0.570024753,0.570024753,3.280099012
Images (2445).jpg,train,0.521659266,0.521659266,3.086637064
Images (2446).jpg,val,0.610562718,0.610562718,3.442250872
Images (2447).jpg,train,0.517967098,0.517967098,3.071868392
Images (2448).jpg,train,0.416912568,0.416912568,2.667650272
Images (2449).jpg,train,0.432307435,0.432307435,2.72922974
Images (2450).jpg,train,0.605940092,0.605940092,3.423760368
Images (2451).jpg,train,0.340698681,0.340698681,2.362794724
Images (2452).jpg,val,0.680563624,0.680563624,3.722254496
Images (2453).jpg,train,0.523611386,0.523611386,3.094445544
Images (2454).jpg,train,0.423188331,0.423188331,2.692753324
Images (2455).jpg,train,0.528018137,0.528018137,3.112072548
Images (2456).jpg,train,0.44705313,0.44705313,2.78821252
Images (2457).jpg,train,0.535440849,0.535440849,3.141763396
Images (2458).jpg,train,0.395493346,0.395493346,2.5819733840000003
Images (2459).jpg,train,0.636048792,0.636048792,3.544195168
Images (2460).jpg,train,0.692883719,0.692883719,3.771534876
Images (2461).jpg,val,0.424239351,0.424239351,2.696957404
Images (2462).jpg,test,0.439342514,0.439342514,2.757370056
Images (2463).jpg,val,0.452099215,0.452099215,2.80839686
Images (2464).jpg,train,0.492506784,0.492506784,2.970027136
Images (2465).jpg,train,0.512626981,0.512626981,3.050507924
Images (2466).jpg,val,0.594044824,0.594044824,3.376179296
Images (2467).jpg,train,0.609415882,0.609415882,3.437663528
Images (2468).jpg,val,0.468550909,0.468550909,2.874203636
Images (2469).jpg,val,0.578239615,0.578239615,3.31295846
Images (2470).jpg,test,0.48790905,0.48790905,2.9516362000000003
Images (2471).jpg,val,0.248964149,0.248964149,1.995856596
Images (2472).jpg,train,0.593543686,0.593543686,3.374174744
Images (2473).jpg,train,0.597783422,0.597783422,3.391133688
Images (2474).jpg,train,0.400877721,0.400877721,2.6035108840000003
Images (2475).jpg,train,0.533062968,0.533062968,3.132251872
Images (2476).jpg,train,0.528922626,0.528922626,3.115690504
Images (2477).jpg,train,0.183381343,0.183381343,1.733525372
Images (2478).jpg,train,0.617061322,0.617061322,3.468245288
Images (2479).jpg,train,0.163010705,0.163010705,1.65204282
Images (2480).jpg,val,0.748329461,0.748329461,3.993317844
Images (2481).jpg,test,0.67628975,0.67628975,3.705159
Images (2482).jpg,train,0.558539618,0.558539618,3.234158472
Images (2483).jpg,train,0.558316458,0.558316458,3.233265832
Images (2484).jpg,train,0.510032811,0.510032811,3.040131244
Images (2485).jpg,test,0.529076698,0.529076698,3.116306792
Images (2486).jpg,train,0.582232773,0.582232773,3.328931092
Images (2487).jpg,train,0.585226166,0.585226166,3.340904664
Images (2488).jpg,train,0.592117908,0.592117908,3.368471632
Images (2489).jpg,train,0.394097732,0.394097732,2.576390928
Images (2490).jpg,train,0.413780493,0.413780493,2.655121972
Images (2491).jpg,train,0.516701572,0.516701572,3.066806288
Images (2492).jpg,train,0.437712473,0.437712473,2.750849892
Images (2493).jpg,test,0.500495855,0.500495855,3.00198342
Images (2494).jpg,train,0.545406896,0.545406896,3.181627584
Images (2495).jpg,train,0.280909342,0.280909342,2.123637368
Images (2496).jpg,train,0.272780575,0.272780575,2.0911223000000003
Images (2497).jpg,train,0.497474635,0.497474635,2.98989854
Images (2498).jpg,train,0.156019156,0.156019156,1.624076624
Images (2499).jpg,train,0.29296458,0.29296458,2.17185832
Images (2500).jpg,train,0.400895035,0.400895035,2.60358014
Images (2501).jpg,train,0.309121253,0.309121253,2.236485012
Images (2502).jpg,train,0.340584671,0.340584671,2.362338684
Images (2503).jpg,train,0.403538949,0.403538949,2.614155796
Images (2504).jpg,train,0.285102189,0.285102189,2.140408756
Images (2505).jpg,train,0.168604248,0.168604248,1.674416992
Images (2506).jpg,val,0.223169911,0.223169911,1.892679644
Images (2507).jpg,val,0.481989099,0.481989099,2.927956396
Images (2508).jpg,test,0.313285553,0.313285553,2.253142212
Images (2509).jpg,train,0.404268277,0.404268277,2.617073108
Images (2510).jpg,train,0.3673584,0.3673584,2.4694336
Images (2511).jpg,train,0.354055173,0.354055173,2.416220692
Images (2512).jpg,train,0.338387099,0.338387099,2.353548396
Images (2513).jpg,train,0.345258439,0.345258439,2.381033756
Images (2514).jpg,train,0.305455276,0.305455276,2.221821104
Images (2515).jpg,train,0.362620104,0.362620104,2.450480416
Images (2516).jpg,train,0.300402427,0.300402427,2.2016097080000003
Images (2517).jpg,test,0.316726788,0.316726788,2.266907152
Images (2518).jpg,train,0.495848442,0.495848442,2.983393768
Images (2519).jpg,train,0.298205674,0.298205674,2.192822696
Images (2520).jpg,test,0.432090474,0.432090474,2.728361896
Images (2521).jpg,train,0.345535417,0.345535417,2.382141668
Images (2522).jpg,train,0.311175339,0.311175339,2.244701356
Images (2523).jpg,train,0.699399663,0.699399663,3.797598652
Images (2524).jpg,train,0.31931802,0.31931802,2.27727208
Images (2525).jpg,train,0.3142626,0.3142626,2.2570504
Images (2526).jpg,train,0.644551028,0.644551028,3.578204112
Images (2527).jpg,train,0.719713128,0.719713128,3.878852512
Images (2528).jpg,train,0.661558785,0.661558785,3.64623514
Images (2529).jpg,train,0.59804002,0.59804002,3.39216008
Images (2530).jpg,train,0.576252396,0.576252396,3.305009584
Images (2531).jpg,train,0.642863218,0.642863218,3.571452872
Images (2532).jpg,train,0.435572083,0.435572083,2.742288332
Images (2533).jpg,test,0.371131674,0.371131674,2.484526696
Images (2534).jpg,train,0.405145537,0.405145537,2.620582148
Images (2535).jpg,train,0.460685004,0.460685004,2.842740016
Images (2536).jpg,train,0.4168583,0.4168583,2.6674332
Images (2537).jpg,train,0.100853088,0.100853088,1.403412352
Images (2538).jpg,train,0.112885985,0.112885985,1.45154394
Images (2539).jpg,train,0.418635437,0.418635437,2.674541748
Images (2540).jpg,val,0.507114373,0.507114373,3.028457492
Images (2541).jpg,val,0.325192061,0.325192061,2.300768244
Images (2542).jpg,train,0.57336498,0.57336498,3.29345992
Images (2543).jpg,train,0.475864585,0.475864585,2.90345834
Images (2544).jpg,train,0.401441109,0.401441109,2.6057644360000003
Images (2545).jpg,train,0.38853261,0.38853261,2.55413044
Images (2546).jpg,train,0.358962551,0.358962551,2.4358502040000003
Images (2547).jpg,train,0.356721258,0.356721258,2.426885032
Images (2548).jpg,train,0.440740512,0.440740512,2.762962048
Images (2549).jpg,train,0.426814342,0.426814342,2.707257368
Images (2550).jpg,train,0.346010153,0.346010153,2.384040612
Images (2551).jpg,train,0.557523644,0.557523644,3.230094576
Images (2552).jpg,test,0.580353558,0.580353558,3.321414232
Images (2553).jpg,train,0.715369099,0.715369099,3.861476396
Images (2554).jpg,test,0.660316756,0.660316756,3.641267024
Images (2555).jpg,train,0.443335972,0.443335972,2.7733438880000003
Images (2556).jpg,train,0.443810666,0.443810666,2.7752426640000003
Images (2557).jpg,train,0.385894031,0.385894031,2.5435761240000003
Images (2558).jpg,train,0.331081053,0.331081053,2.324324212
Images (2559).jpg,train,0.531913349,0.531913349,3.127653396
Images (2560).jpg,train,0.346584618,0.346584618,2.3863384720000003
Images (2561).jpg,train,0.645162976,0.645162976,3.580651904
Images (2562).jpg,val,0.214891626,0.214891626,1.859566504
Images (2563).jpg,train,0.441962006,0.441962006,2.767848024
Images (2564).jpg,train,0.545775341,0.545775341,3.183101364
Images (2565).jpg,train,0.470192444,0.470192444,2.880769776
Images (2566).jpg,train,0.391350797,0.391350797,2.565403188
Images (2567).jpg,train,0.095345124,0.095345124,1.381380496
Images (2568).jpg,train,0.064957917,0.064957917,1.259831668
Images (2569).jpg,train,0.41621729,0.41621729,2.6648691600000003
Images (2570).jpg,test,0.526214606,0.526214606,3.104858424
Images (2571).jpg,test,0.396116269,0.396116269,2.584465076
Images (2572).jpg,train,0.374634237,0.374634237,2.498536948
Images (2573).jpg,train,0.177053078,0.177053078,1.708212312
Images (2574).jpg,train,0.395269409,0.395269409,2.581077636
Images (2575).jpg,val,0.586307947,0.586307947,3.345231788
Images (2576).jpg,train,0.788950997,0.788950997,4.155803988000001
Images (2577).jpg,train,0.636420357,0.636420357,3.545681428
Images (2578).jpg,train,0.454136104,0.454136104,2.816544416
Images (2579).jpg,train,0.688571786,0.688571786,3.754287144
Images (2580).jpg,train,0.480626457,0.480626457,2.922505828
Images (2581).jpg,test,0.549991093,0.549991093,3.199964372
Images (2582).jpg,train,0.528409391,0.528409391,3.113637564
Images (2583).jpg,train,0.421074021,0.421074021,2.684296084
Images (2584).jpg,test,0.27235121,0.27235121,2.0894048400000003
Images (2585).jpg,train,0.671210492,0.671210492,3.684841968
Images (2586).jpg,train,0.684562487,0.684562487,3.738249948
Images (2587).jpg,train,0.719228001,0.719228001,3.876912004
Images (2588).jpg,val,0.592901139,0.592901139,3.371604556
Images (2589).jpg,train,0.35476371,0.35476371,2.4190548400000003
Images (2590).jpg,train,0.353042406,0.353042406,2.412169624
Images (2591).jpg,train,0.285736947,0.285736947,2.142947788
Images (2592).jpg,train,0.501830311,0.501830311,3.007321244
Images (2593).jpg,train,0.321544963,0.321544963,2.286179852
Images (2594).jpg,train,0.425859908,0.425859908,2.7034396320000003
Images (2595).jpg,test,0.386139656,0.386139656,2.544558624
Images (2596).jpg,train,0.558114721,0.558114721,3.232458884
Images (2597).jpg,train,0.524901247,0.524901247,3.099604988
Images (2598).jpg,train,0.421027773,0.421027773,2.684111092
Images (2599).jpg,train,0.286865568,0.286865568,2.1474622720000003
Images (2600).jpg,train,0.453275219,0.453275219,2.813100876
Images (2601).jpg,train,0.226670563,0.226670563,1.906682252
Images (2602).jpg,train,0.030391991,0.030391991,1.121567964
Images (2603).jpg,train,0.395880997,0.395880997,2.583523988
Images (2604).jpg,train,0.363770324,0.363770324,2.455081296
Images (2605).jpg,train,0.419659453,0.419659453,2.678637812
Images (2606).jpg,val,0.423546595,0.423546595,2.69418638
Images (2607).jpg,val,0.156335034,0.156335034,1.6253401360000002
Images (2608).jpg,train,0.154383251,0.154383251,1.617533004
Images (2609).jpg,train,0.360078085,0.360078085,2.44031234
Images (2610).jpg,train,0.489025538,0.489025538,2.956102152
Images (2611).jpg,test,0.585463628,0.585463628,3.341854512
Images (2612).jpg,val,0.627678551,0.627678551,3.510714204
Images (2613).jpg,train,0.324962278,0.324962278,2.299849112
Images (2614).jpg,train,0.375566675,0.375566675,2.5022667
Images (2615).jpg,train,0.350591887,0.350591887,2.402367548
Images (2616).jpg,train,0.470321353,0.470321353,2.881285412
Images (2617).jpg,train,0.319154274,0.319154274,2.276617096
Images (2618).jpg,train,0.315208415,0.315208415,2.2608336600000003
Images (2619).jpg,test,0.445564759,0.445564759,2.782259036
Images (2620).jpg,train,0.321169579,0.321169579,2.284678316
Images (2621).jpg,train,0.588757937,0.588757937,3.355031748
Images (2622).jpg,train,0.446829211,0.446829211,2.787316844
Images (2623).jpg,train,0.367319582,0.367319582,2.469278328
Images (2624).jpg,train,0.423259221,0.423259221,2.693036884
Images (2625).jpg,train,0.549002645,0.549002645,3.19601058
Images (2626).jpg,train,0.376241947,0.376241947,2.504967788
Images (2627).jpg,train,0.458692284,0.458692284,2.834769136
Images (2628).jpg,train,0.290853057,0.290853057,2.1634122280000003
Images (2629).jpg,test,0.348335741,0.348335741,2.393342964
Images (2630).jpg,test,0.354368699,0.354368699,2.417474796
Images (2631).jpg,train,0.342468207,0.342468207,2.369872828
Images (2632).jpg,train,0.432753137,0.432753137,2.731012548
Images (2633).jpg,train,0.31489365,0.31489365,2.2595746
Images (2634).jpg,val,0.406193572,0.406193572,2.624774288
Images (2635).jpg,train,0.649828255,0.649828255,3.59931302
Images (2636).jpg,train,0.513062584,0.513062584,3.052250336
Images (2637).jpg,test,0.58137731,0.58137731,3.32550924
Images (2638).jpg,train,0.472609112,0.472609112,2.890436448
Images (2639).jpg,train,0.338877022,0.338877022,2.355508088
Images (2640).jpg,train,0.583658375,0.583658375,3.3346335
Images (2641).jpg,test,0.737674153,0.737674153,3.950696612
Images (2642).jpg,train,0.638688845,0.638688845,3.55475538
Images (2643).jpg,test,0.461666723,0.461666723,2.846666892
Images (2644).jpg,test,0.394120656,0.394120656,2.576482624
Images (2645).jpg,train,0.362256737,0.362256737,2.449026948
Images (2646).jpg,train,0.387401278,0.387401278,2.549605112
Images (2647).jpg,train,0.52649496,0.52649496,3.10597984
Images (2648).jpg,test,0.513586519,0.513586519,3.054346076
Images (2649).jpg,train,0.448134111,0.448134111,2.792536444
Images (2650).jpg,val,0.546916218,0.546916218,3.187664872
Images (2651).jpg,train,0.096243485,0.096243485,1.38497394
Images (2652).jpg,test,0.296945658,0.296945658,2.187782632
Images (2653).jpg,val,0.428741467,0.428741467,2.714965868
Images (2654).jpg,train,0.444100413,0.444100413,2.776401652
Images (2655).jpg,test,0.454821037,0.454821037,2.819284148
Images (2656).jpg,train,0.491999341,0.491999341,2.967997364
Images (2657).jpg,test,0.433128425,0.433128425,2.7325137
Images (2658).jpg,train,0.512111199,0.512111199,3.048444796
Images (2659).jpg,train,0.350222815,0.350222815,2.40089126
Images (2660).jpg,train,0.378277653,0.378277653,2.513110612
Images (2661).jpg,val,0.394439423,0.394439423,2.577757692
Images (2662).jpg,test,0.384701444,0.384701444,2.538805776
Images (2663).jpg,test,0.423893909,0.423893909,2.695575636
Images (2664).jpg,train,0.318219864,0.318219864,2.272879456
Images (2665).jpg,train,0.315648607,0.315648607,2.262594428
Images (2666).jpg,train,0.339991772,0.339991772,2.3599670880000003
Images (2667).jpg,train,0.435272229,0.435272229,2.741088916
Images (2668).jpg,train,0.331919686,0.331919686,2.327678744
Images (2669).jpg,train,0.57730588,0.57730588,3.30922352
Images (2670).jpg,train,0.688127639,0.688127639,3.752510556
Images (2671).jpg,train,0.507083523,0.507083523,3.028334092
Images (2672).jpg,train,0.411982216,0.411982216,2.647928864
Images (2673).jpg,train,0.456028092,0.456028092,2.824112368
Images (2674).jpg,train,0.543273341,0.543273341,3.173093364
Images (2675).jpg,train,0.328868811,0.328868811,2.315475244
Images (2676).jpg,val,0.458362648,0.458362648,2.833450592
Images (2677).jpg,val,0.459293293,0.459293293,2.837173172
Images (2678).jpg,train,0.288074219,0.288074219,2.1522968760000003
Images (2679).jpg,val,0.563142907,0.563142907,3.252571628
Images (2680).jpg,train,0.500102306,0.500102306,3.000409224
Images (2681).jpg,train,0.561606476,0.561606476,3.246425904
Images (2682).jpg,test,0.51322543,0.51322543,3.05290172
Images (2683).jpg,train,0.47873382,0.47873382,2.91493528
Images (2684).jpg,test,0.567387437,0.567387437,3.269549748
Images (2685).jpg,train,0.387629966,0.387629966,2.550519864
Images (2686).jpg,train,0.523261916,0.523261916,3.093047664
Images (2687).jpg,train,0.502770704,0.502770704,3.011082816
Images (2688).jpg,train,0.486808139,0.486808139,2.947232556
Images (2689).jpg,train,0.640031724,0.640031724,3.560126896
Images (2690).jpg,train,0.213179003,0.213179003,1.852716012
Images (2691).jpg,test,0.568134853,0.568134853,3.272539412
Images (2692).jpg,train,0.515926011,0.515926011,3.063704044
Images (2693).jpg,train,0.517428661,0.517428661,3.069714644
Images (2694).jpg,train,0.355054058,0.355054058,2.420216232
Images (2695).jpg,test,0.447487862,0.447487862,2.789951448
Images (2696).jpg,val,0.529050719,0.529050719,3.116202876
Images (2697).jpg,train,0.346329606,0.346329606,2.3853184240000003
Images (2698).jpg,train,0.312763265,0.312763265,2.2510530600000003
Images (2699).jpg,train,0.297167688,0.297167688,2.188670752
Images (2700).jpg,train,0.191267983,0.191267983,1.765071932
Images (2701).jpg,train,0.449998182,0.449998182,2.7999927280000003
Images (2702).jpg,train,0.237502778,0.237502778,1.950011112
Images (2703).jpg,test,0.622948874,0.622948874,3.491795496
Images (2704).jpg,val,0.368004073,0.368004073,2.472016292
Images (2705).jpg,train,0.270394447,0.270394447,2.081577788
Images (2706).jpg,train,0.455249731,0.455249731,2.820998924
Images (2707).jpg,train,0.385721187,0.385721187,2.542884748
Images (2708).jpg,train,0.315266201,0.315266201,2.261064804
Images (2709).jpg,train,0.231925026,0.231925026,1.927700104
Images (2710).jpg,train,0.321808503,0.321808503,2.287234012
Images (2711).jpg,train,0.264601034,0.264601034,2.058404136
Images (2712).jpg,val,0.521507132,0.521507132,3.086028528
Images (2713).jpg,train,0.524556476,0.524556476,3.098225904
Images (2714).jpg,train,0.601570251,0.601570251,3.406281004
Images (2715).jpg,val,0.693007961,0.693007961,3.772031844
Images (2716).jpg,train,0.487622047,0.487622047,2.950488188
Images (2717).jpg,train,0.408642749,0.408642749,2.634570996
Images (2718).jpg,train,0.461660648,0.461660648,2.846642592
Images (2719).jpg,train,0.780024562,0.780024562,4.120098248
Images (2720).jpg,train,0.63284775,0.63284775,3.531391
Images (2721).jpg,train,0.624270384,0.624270384,3.497081536
Images (2722).jpg,train,0.666148519,0.666148519,3.664594076
Images (2723).jpg,test,0.454511887,0.454511887,2.818047548
Images (2724).jpg,test,0.480313493,0.480313493,2.921253972
Images (2725).jpg,train,0.42011621,0.42011621,2.68046484
Images (2726).jpg,train,0.505678017,0.505678017,3.022712068
Images (2727).jpg,train,0.673198617,0.673198617,3.692794468
Images (2728).jpg,test,0.416264903,0.416264903,2.6650596120000003
Images (2729).jpg,train,0.649885184,0.649885184,3.599540736
Images (2730).jpg,train,0.593129544,0.593129544,3.372518176
Images (2731).jpg,test,0.662480748,0.662480748,3.649922992
Images (2732).jpg,train,0.433746548,0.433746548,2.734986192
Images (2733).jpg,train,0.460262226,0.460262226,2.841048904
Images (2734).jpg,val,0.510530007,0.510530007,3.042120028
Images (2735).jpg,test,0.440537662,0.440537662,2.762150648
Images (2736).jpg,train,0.428403234,0.428403234,2.713612936
Images (2737).jpg,train,0.40062422,0.40062422,2.60249688
Images (2738).jpg,train,0.602664327,0.602664327,3.410657308
Images (2739).jpg,test,0.502932087,0.502932087,3.011728348
Images (2740).jpg,train,0.506590474,0.506590474,3.026361896
Images (2741).jpg,train,0.530929775,0.530929775,3.1237191
Images (2742).jpg,val,0.513762581,0.513762581,3.055050324
Images (2743).jpg,train,0.393951573,0.393951573,2.575806292
Images (2744).jpg,train,0.490874553,0.490874553,2.963498212
Images (2745).jpg,train,0.637414665,0.637414665,3.54965866
Images (2746).jpg,train,0.347354657,0.347354657,2.389418628
Images (2747).jpg,val,0.769410622,0.769410622,4.077642488
Images (2748).jpg,train,0.323887911,0.323887911,2.295551644
Images (2749).jpg,train,0.035716708,0.035716708,1.142866832
Images (2750).jpg,train,0.336923226,0.336923226,2.347692904
Images (2751).jpg,test,0.276115327,0.276115327,2.1044613080000003
Images (2752).jpg,train,0.570278752,0.570278752,3.281115008
Images (2753).jpg,train,0.240013103,0.240013103,1.960052412
Images (2754).jpg,train,0.398649938,0.398649938,2.594599752
Images (2755).jpg,train,0.46014805,0.46014805,2.8405922
Images (2756).jpg,train,0.541618557,0.541618557,3.166474228
Images (2757).jpg,train,0.554560483,0.554560483,3.218241932
Images (2758).jpg,train,0.547738903,0.547738903,3.190955612
Images (2759).jpg,train,0.47038026,0.47038026,2.88152104
Images (2760).jpg,test,0.523074734,0.523074734,3.092298936
Images (2761).jpg,train,0.703704673,0.703704673,3.814818692
Images (2762).jpg,test,0.612213221,0.612213221,3.448852884
Images (2763).jpg,train,0.559723658,0.559723658,3.238894632
Images (2764).jpg,train,0.545506387,0.545506387,3.182025548
Images (2765).jpg,train,0.516052262,0.516052262,3.064209048
Images (2766).jpg,test,0.645851557,0.645851557,3.583406228
Images (2767).jpg,train,0.625990459,0.625990459,3.503961836
Images (2768).jpg,train,0.633668368,0.633668368,3.534673472
Images (2769).jpg,train,0.543993506,0.543993506,3.175974024
Images (2770).jpg,train,0.644440543,0.644440543,3.577762172
Images (2771).jpg,train,0.603091538,0.603091538,3.412366152
Images (2772).jpg,train,0.679971898,0.679971898,3.719887592
Images (2773).jpg,test,0.477812924,0.477812924,2.911251696
Images (2774).jpg,train,0.651447294,0.651447294,3.605789176
Images (2775).jpg,test,0.679862338,0.679862338,3.719449352
Images (2776).jpg,train,0.606838595,0.606838595,3.42735438
Images (2777).jpg,train,0.671694206,0.671694206,3.686776824
Images (2778).jpg,train,0.701600779,0.701600779,3.806403116
Images (2779).jpg,train,0.58756625,0.58756625,3.350265
Images (2780).jpg,train,0.343381035,0.343381035,2.37352414
Images (2781).jpg,test,0.502977687,0.502977687,3.011910748
Images (2782).jpg,train,0.493016894,0.493016894,2.972067576
Images (2783).jpg,train,0.590172783,0.590172783,3.360691132
Images (2784).jpg,train,0.5943417,0.5943417,3.3773668
Images (2785).jpg,train,0.502776974,0.502776974,3.011107896
Images (2786).jpg,train,0.666560471,0.666560471,3.666241884
Images (2787).jpg,train,0.559223102,0.559223102,3.236892408
Images (2788).jpg,train,0.51567632,0.51567632,3.06270528
Images (2789).jpg,train,0.539123162,0.539123162,3.156492648
Images (2790).jpg,train,0.4792126,0.4792126,2.9168504
Images (2791).jpg,train,0.621394756,0.621394756,3.485579024
Images (2792).jpg,train,0.510341845,0.510341845,3.04136738
Images (2793).jpg,train,0.545943346,0.545943346,3.183773384
Images (2794).jpg,train,0.600760853,0.600760853,3.403043412
Images (2795).jpg,train,0.440028957,0.440028957,2.760115828
Images (2796).jpg,train,0.543303143,0.543303143,3.173212572
Images (2797).jpg,train,0.506153882,0.506153882,3.024615528
Images (2798).jpg,test,0.490183938,0.490183938,2.960735752
Images (2799).jpg,train,0.400054912,0.400054912,2.600219648
Images (2800).jpg,train,0.488771242,0.488771242,2.955084968
Images (2801).jpg,train,0.572565968,0.572565968,3.290263872
Images (2802).jpg,train,0.695590176,0.695590176,3.782360704
Images (2803).jpg,train,0.622933304,0.622933304,3.491733216
Images (2804).jpg,train,0.538051462,0.538051462,3.152205848
Images (2805).jpg,train,0.663837749,0.663837749,3.655350996
Images (2806).jpg,train,0.586765782,0.586765782,3.347063128
Images (2807).jpg,train,0.615732377,0.615732377,3.462929508
Images (2808).jpg,train,0.504295723,0.504295723,3.017182892
Images (2809).jpg,train,0.633648026,0.633648026,3.534592104
Images (2810).jpg,train,0.598352024,0.598352024,3.393408096
Images (2811).jpg,train,0.624488747,0.624488747,3.497954988
Images (2812).jpg,val,0.820791225,0.820791225,4.2831649
Images (2813).jpg,train,0.53796881,0.53796881,3.15187524
Images (2814).jpg,train,0.487375522,0.487375522,2.949502088
Images (2815).jpg,train,0.581285421,0.581285421,3.325141684
Images (2816).jpg,val,0.616628927,0.616628927,3.466515708
Images (2817).jpg,val,0.671636517,0.671636517,3.686546068
Images (2818).jpg,train,0.687677434,0.687677434,3.750709736
Images (2819).jpg,train,0.48806946,0.48806946,2.95227784
Images (2820).jpg,train,0.542373726,0.542373726,3.169494904
Images (2821).jpg,val,0.607755082,0.607755082,3.431020328
Images (2822).jpg,test,0.717430508,0.717430508,3.869722032
Images (2823).jpg,test,0.707825358,0.707825358,3.831301432
Images (2824).jpg,val,0.67797099,0.67797099,3.71188396
Images (2825).jpg,train,0.628228104,0.628228104,3.512912416
Images (2826).jpg,test,0.60818098,0.60818098,3.43272392
Images (2827).jpg,test,0.592705724,0.592705724,3.370822896
Images (2828).jpg,train,0.501070285,0.501070285,3.00428114
Images (2829).jpg,val,0.51465557,0.51465557,3.05862228
Images (2830).jpg,train,0.538446248,0.538446248,3.153784992
Images (2831).jpg,train,0.684386216,0.684386216,3.737544864
Images (2832).jpg,test,0.603636722,0.603636722,3.414546888
Images (2833).jpg,val,0.745583756,0.745583756,3.982335024
Images (2834).jpg,train,0.714946444,0.714946444,3.859785776
Images (2835).jpg,train,0.680861047,0.680861047,3.723444188
Images (2836).jpg,train,0.59567234,0.59567234,3.38268936
Images (2837).jpg,train,0.59427821,0.59427821,3.37711284
Images (2838).jpg,val,0.185598442,0.185598442,1.742393768
Images (2839).jpg,val,0.460128464,0.460128464,2.8405138560000003
Images (2840).jpg,test,0.178015124,0.178015124,1.712060496
Images (2841).jpg,val,0.46093061,0.46093061,2.84372244
Images (2842).jpg,train,0.13042893,0.13042893,1.52171572
Images (2843).jpg,train,0.453232074,0.453232074,2.812928296
Images (2844).jpg,train,0.523274808,0.523274808,3.093099232
Images (2845).jpg,test,0.178683314,0.178683314,1.7147332560000002
Images (2846).jpg,train,0.377144864,0.377144864,2.508579456
Images (2847).jpg,train,0.406654303,0.406654303,2.626617212
Images (2848).jpg,train,0.506945908,0.506945908,3.027783632
Images (2849).jpg,train,0.5084581,0.5084581,3.0338324
Images (2850).jpg,train,0.507617039,0.507617039,3.030468156
Images (2851).jpg,train,0.627801793,0.627801793,3.511207172
Images (2852).jpg,test,0.366456489,0.366456489,2.465825956
Images (2853).jpg,val,0.288869026,0.288869026,2.155476104
Images (2854).jpg,train,0.33293956,0.33293956,2.33175824
Images (2855).jpg,val,0.140639921,0.140639921,1.562559684
Images (2856).jpg,val,0.519260514,0.519260514,3.077042056
Images (2857).jpg,train,0.399425363,0.399425363,2.597701452
Images (2858).jpg,test,0.383066857,0.383066857,2.532267428
Images (2859).jpg,train,0.560148961,0.560148961,3.240595844
Images (2860).jpg,val,0.199802506,0.199802506,1.799210024
Images (2861).jpg,train,0.229496424,0.229496424,1.917985696
Images (2862).jpg,train,0.255747016,0.255747016,2.022988064
Images (2863).jpg,train,0.140735995,0.140735995,1.56294398
Images (2864).jpg,train,0.43414128,0.43414128,2.73656512
Images (2865).jpg,train,0.195161305,0.195161305,1.78064522
Images (2866).jpg,train,0.312014737,0.312014737,2.248058948
Images (2867).jpg,train,0.559163582,0.559163582,3.236654328
Images (2868).jpg,test,0.716140021,0.716140021,3.864560084
Images (2869).jpg,test,0.276563748,0.276563748,2.106254992
Images (2870).jpg,train,0.368420881,0.368420881,2.473683524
Images (2871).jpg,val,0.372147814,0.372147814,2.4885912560000003
Images (2872).jpg,train,0.367229235,0.367229235,2.46891694
Images (2873).jpg,train,0.462006602,0.462006602,2.848026408
Images (2874).jpg,train,0.58223983,0.58223983,3.32895932
Images (2875).jpg,val,0.547305326,0.547305326,3.189221304
Images (2876).jpg,train,0.202017588,0.202017588,1.808070352
Images (2877).jpg,test,0.443224604,0.443224604,2.7728984160000003
Images (2878).jpg,train,0.444362214,0.444362214,2.777448856
Images (2879).jpg,train,0.535722306,0.535722306,3.142889224
Images (2880).jpg,train,0.764379746,0.764379746,4.057518984
Images (2881).jpg,test,0.669274628,0.669274628,3.677098512
Images (2882).jpg,train,0.231333748,0.231333748,1.925334992
Images (2883).jpg,train,0.578265011,0.578265011,3.313060044
Images (2884).jpg,test,0.324874452,0.324874452,2.299497808
Images (2885).jpg,train,0.692999749,0.692999749,3.771998996
Images (2886).jpg,train,0.422324814,0.422324814,2.689299256
Images (2887).jpg,train,0.621358004,0.621358004,3.485432016
Images (2888).jpg,train,0.59505496,0.59505496,3.38021984
Images (2889).jpg,test,0.57560101,0.57560101,3.30240404
Images (2890).jpg,train,0.53664647,0.53664647,3.14658588
Images (2891).jpg,train,0.574632752,0.574632752,3.298531008
Images (2892).jpg,train,0.207726918,0.207726918,1.830907672
Images (2893).jpg,train,0.277448952,0.277448952,2.1097958080000003
Images (2894).jpg,train,0.155686959,0.155686959,1.622747836
Images (2895).jpg,train,0.060214341,0.060214341,1.240857364
Images (2896).jpg,train,0.364040355,0.364040355,2.45616142
Images (2897).jpg,val,0.659304634,0.659304634,3.637218536
Images (2898).jpg,train,0.766728205,0.766728205,4.066912820000001
Images (2899).jpg,train,0.623483497,0.623483497,3.493933988
Images (2900).jpg,test,0.630895771,0.630895771,3.523583084
Images (2901).jpg,test,0.709115114,0.709115114,3.836460456
Images (2902).jpg,train,0.705750534,0.705750534,3.823002136
Images (2903).jpg,train,0.654782381,0.654782381,3.619129524
Images (2904).jpg,train,0.651413129,0.651413129,3.605652516
Images (2905).jpg,train,0.611188975,0.611188975,3.4447559
Images (2906).jpg,train,0.640913043,0.640913043,3.563652172
Images (2907).jpg,train,0.628509104,0.628509104,3.514036416
Images (2908).jpg,train,0.786198967,0.786198967,4.144795868
Images (2909).jpg,val,0.77127744,0.77127744,4.08510976
Images (2910).jpg,train,0.77424805,0.77424805,4.0969922
Images (2911).jpg,train,0.762007058,0.762007058,4.048028232
Images (2912).jpg,train,0.662707344,0.662707344,3.650829376
Images (2913).jpg,train,0.705312462,0.705312462,3.821249848
Images (2914).jpg,train,0.628030157,0.628030157,3.512120628
Images (2915).jpg,train,0.557436669,0.557436669,3.229746676
Images (2916).jpg,train,0.600663801,0.600663801,3.402655204
Images (2917).jpg,test,0.63619956,0.63619956,3.54479824
Images (2918).jpg,train,0.646782078,0.646782078,3.587128312
Images (2919).jpg,train,0.656385815,0.656385815,3.62554326
Images (2920).jpg,train,0.658638493,0.658638493,3.634553972
Images (2921).jpg,val,0.754120153,0.754120153,4.0164806120000005
Images (2922).jpg,train,0.676486349,0.676486349,3.705945396
Images (2923).jpg,val,0.719940865,0.719940865,3.87976346
Images (2924).jpg,train,0.702175332,0.702175332,3.808701328
Images (2925).jpg,train,0.685579227,0.685579227,3.742316908
Images (2926).jpg,train,0.458953979,0.458953979,2.835815916
Images (2927).jpg,train,0.501392733,0.501392733,3.005570932
Images (2928).jpg,train,0.488555994,0.488555994,2.954223976
Images (2929).jpg,train,0.541025318,0.541025318,3.164101272
Images (2930).jpg,train,0.66317054,0.66317054,3.65268216
Images (2931).jpg,train,0.702156518,0.702156518,3.808626072
Images (2932).jpg,train,0.794972471,0.794972471,4.179889884
Images (2933).jpg,train,0.65966862,0.65966862,3.63867448
Images (2934).jpg,train,0.679021162,0.679021162,3.716084648
Images (2935).jpg,train,0.598775589,0.598775589,3.395102356
Images (2936).jpg,test,0.62933164,0.62933164,3.51732656
Images (2937).jpg,train,0.73433157,0.73433157,3.93732628
Images (2938).jpg,train,0.730421269,0.730421269,3.921685076
Images (2939).jpg,train,0.774232633,0.774232633,4.096930532
Images (2940).jpg,train,0.485602995,0.485602995,2.94241198
Images (2941).jpg,val,0.589337265,0.589337265,3.35734906
Images (2942).jpg,train,0.52900987,0.52900987,3.11603948
Images (2943).jpg,train,0.456809589,0.456809589,2.827238356
Images (2944).jpg,train,0.652458613,0.652458613,3.609834452
Images (2945).jpg,train,0.733669217,0.733669217,3.934676868
Images (2946).jpg,train,0.518282235,0.518282235,3.07312894
Images (2947).jpg,train,0.740751698,0.740751698,3.963006792
Images (2948).jpg,train,0.755690034,0.755690034,4.0227601360000005
Images (2949).jpg,train,0.716883166,0.716883166,3.867532664
Images (2950).jpg,test,0.624611828,0.624611828,3.498447312
Images (2951).jpg,train,0.662562535,0.662562535,3.65025014
Images (2952).jpg,test,0.569225168,0.569225168,3.276900672
Images (2953).jpg,train,0.564234943,0.564234943,3.256939772
Images (2954).jpg,train,0.669586038,0.669586038,3.678344152
Images (2955).jpg,train,0.597548748,0.597548748,3.390194992
Images (2956).jpg,train,0.792820187,0.792820187,4.171280748
Images (2957).jpg,test,0.286654046,0.286654046,2.146616184
Images (2958).jpg,train,0.62746242,0.62746242,3.50984968
Images (2959).jpg,train,0.643446302,0.643446302,3.573785208
Images (2960).jpg,train,0.511209733,0.511209733,3.044838932
Images (2961).jpg,train,0.786683133,0.786683133,4.146732532
Images (2962).jpg,train,0.329957094,0.329957094,2.319828376
Images (2963).jpg,train,0.453680069,0.453680069,2.814720276
Images (2964).jpg,val,0.418698113,0.418698113,2.674792452
Images (2965).jpg,train,0.539299309,0.539299309,3.157197236
Images (2966).jpg,train,0.534014117,0.534014117,3.136056468
Images (2967).jpg,train,0.612462628,0.612462628,3.449850512
Images (2968).jpg,train,0.279056809,0.279056809,2.1162272360000003
Images (2969).jpg,train,0.391850981,0.391850981,2.567403924
Images (2970).jpg,test,0.524620955,0.524620955,3.09848382
Images (2971).jpg,test,0.492385743,0.492385743,2.969542972
Images (2972).jpg,train,0.50644726,0.50644726,3.02578904
Images (2973).jpg,train,0.515556633,0.515556633,3.062226532
Images (2974).jpg,train,0.567138475,0.567138475,3.2685539
Images (2975).jpg,train,0.54695032,0.54695032,3.18780128
Images (2976).jpg,train,0.595915227,0.595915227,3.383660908
Images (2977).jpg,train,0.52870332,0.52870332,3.11481328
Images (2978).jpg,train,0.627890479,0.627890479,3.511561916
Images (2979).jpg,test,0.672912037,0.672912037,3.691648148
Images (2980).jpg,train,0.722350012,0.722350012,3.889400048
Images (2981).jpg,test,0.707738344,0.707738344,3.830953376
Images (2982).jpg,train,0.662435918,0.662435918,3.649743672
Images (2983).jpg,test,0.640678322,0.640678322,3.562713288
Images (2984).jpg,train,0.681096552,0.681096552,3.724386208
Images (2985).jpg,test,0.627622549,0.627622549,3.510490196
Images (2986).jpg,train,0.534578233,0.534578233,3.138312932
Images (2987).jpg,train,0.400552377,0.400552377,2.602209508
Images (2988).jpg,train,0.51694815,0.51694815,3.0677926
Images (2989).jpg,val,0.551835976,0.551835976,3.207343904
Images (2990).jpg,train,0.335205553,0.335205553,2.340822212
Images (2991).jpg,train,0.3193054,0.3193054,2.2772216
Images (2992).jpg,test,0.166763639,0.166763639,1.667054556
Images (2993).jpg,train,0.201657576,0.201657576,1.806630304
Images (2994).jpg,train,0.119863427,0.119863427,1.479453708
Images (2995).jpg,train,0.209214318,0.209214318,1.836857272
Images (2996).jpg,train,0.110282949,0.110282949,1.441131796
Images (2997).jpg,train,0.146944344,0.146944344,1.587777376
Images (2998).jpg,train,0.074002723,0.074002723,1.296010892
Images (2999).jpg,train,0.136299908,0.136299908,1.545199632
Images (3000).jpg,train,0.119195212,0.119195212,1.476780848
Images (3001).jpg,val,0.120590261,0.120590261,1.482361044
Images (3002).jpg,train,0.142938721,0.142938721,1.571754884
Images (3003).jpg,val,0.127410767,0.127410767,1.509643068
Images (3004).jpg,train,0.200439103,0.200439103,1.801756412
Images (3005).jpg,test,0.428223784,0.428223784,2.712895136
Images (3006).jpg,train,0.608829602,0.608829602,3.435318408
Images (3007).jpg,train,0.641290751,0.641290751,3.565163004
Images (3008).jpg,test,0.337739854,0.337739854,2.350959416
Images (3009).jpg,test,0.314970028,0.314970028,2.2598801120000003
Images (3010).jpg,val,0.458693573,0.458693573,2.834774292
Images (3011).jpg,train,0.224184582,0.224184582,1.896738328
Images (3012).jpg,val,0.094593894,0.094593894,1.378375576
Images (3013).jpg,train,0.575976034,0.575976034,3.303904136
Images (3014).jpg,train,0.647479567,0.647479567,3.589918268
Images (3015).jpg,val,0.567737763,0.567737763,3.270951052
Images (3016).jpg,test,0.266409995,0.266409995,2.0656399800000003
Images (3017).jpg,train,0.441213482,0.441213482,2.764853928
Images (3018).jpg,train,0.379176791,0.379176791,2.516707164
Images (3019).jpg,train,0.32934208,0.32934208,2.31736832
Images (3020).jpg,test,0.257684652,0.257684652,2.030738608
Images (3021).jpg,train,0.18121735,0.18121735,1.7248694
Images (3022).jpg,train,0.263252175,0.263252175,2.0530087
Images (3023).jpg,train,0.290230519,0.290230519,2.1609220760000003
Images (3024).jpg,train,0.264469063,0.264469063,2.057876252
Images (3025).jpg,train,0.691965472,0.691965472,3.767861888
Images (3026).jpg,train,0.317457144,0.317457144,2.269828576
Images (3027).jpg,test,0.321469216,0.321469216,2.285876864
Images (3028).jpg,train,0.474648668,0.474648668,2.898594672
Images (3029).jpg,train,0.628893726,0.628893726,3.515574904
Images (3030).jpg,train,0.558908849,0.558908849,3.235635396
Images (3031).jpg,train,0.440532558,0.440532558,2.762130232
Images (3032).jpg,train,0.460748335,0.460748335,2.84299334
Images (3033).jpg,train,0.607781955,0.607781955,3.43112782
Images (3034).jpg,train,0.723546291,0.723546291,3.894185164
Images (3035).jpg,val,0.615115375,0.615115375,3.4604615
Images (3036).jpg,train,0.627792356,0.627792356,3.511169424
Images (3037).jpg,train,0.586677468,0.586677468,3.346709872
Images (3038).jpg,train,0.532734498,0.532734498,3.130937992
Images (3039).jpg,train,0.538982248,0.538982248,3.155928992
Images (3040).jpg,train,0.494440094,0.494440094,2.977760376
Images (3041).jpg,train,0.70791055,0.70791055,3.8316422
Images (3042).jpg,train,0.541630301,0.541630301,3.166521204
Images (3043).jpg,train,0.583762696,0.583762696,3.335050784
Images (3044).jpg,train,0.421112549,0.421112549,2.684450196
Images (3045).jpg,train,0.592598754,0.592598754,3.370395016
Images (3046).jpg,test,0.514108108,0.514108108,3.056432432
Images (3047).jpg,val,0.448762909,0.448762909,2.795051636
Images (3048).jpg,train,0.306511859,0.306511859,2.226047436
Images (3049).jpg,train,0.401765609,0.401765609,2.607062436
Images (3050).jpg,train,0.630947287,0.630947287,3.523789148
Images (3051).jpg,test,0.612753919,0.612753919,3.451015676
Images (3052).jpg,train,0.50581455,0.50581455,3.0232582
Images (3053).jpg,train,0.568254151,0.568254151,3.273016604
Images (3054).jpg,test,0.175054276,0.175054276,1.700217104
Images (3055).jpg,train,0.336494956,0.336494956,2.345979824
Images (3056).jpg,val,0.325686876,0.325686876,2.302747504
Images (3057).jpg,train,0.4110275,0.4110275,2.64411
Images (3058).jpg,test,0.760524394,0.760524394,4.042097576
Images (3059).jpg,train,0.322814604,0.322814604,2.291258416
Images (3060).jpg,train,0.607777399,0.607777399,3.431109596
Images (3061).jpg,train,0.47461951,0.47461951,2.89847804
Images (3062).jpg,train,0.625649185,0.625649185,3.50259674
Images (3063).jpg,val,0.149960251,0.149960251,1.599841004
Images (3064).jpg,train,0.09205085,0.09205085,1.3682034
Images (3065).jpg,train,0.611759448,0.611759448,3.447037792
Images (3066).jpg,train,0.483894293,0.483894293,2.935577172
Images (3067).jpg,train,0.323791449,0.323791449,2.295165796
Images (3068).jpg,test,0.300780948,0.300780948,2.203123792
Images (3069).jpg,train,0.772750111,0.772750111,4.0910004440000005
Images (3070).jpg,train,0.661628438,0.661628438,3.646513752
Images (3071).jpg,train,0.619110317,0.619110317,3.476441268
Images (3072).jpg,train,0.300627244,0.300627244,2.202508976
Images (3073).jpg,train,0.406057161,0.406057161,2.624228644
Images (3074).jpg,train,0.414400823,0.414400823,2.657603292
Images (3075).jpg,train,0.500211943,0.500211943,3.000847772
Images (3076).jpg,train,0.691475495,0.691475495,3.76590198
Images (3077).jpg,train,0.570304745,0.570304745,3.28121898
Images (3078).jpg,train,0.723456434,0.723456434,3.893825736
Images (3079).jpg,train,0.587599346,0.587599346,3.350397384
Images (3080).jpg,train,0.551902459,0.551902459,3.207609836
Images (3081).jpg,train,0.604364693,0.604364693,3.417458772
Images (3082).jpg,train,0.466258771,0.466258771,2.865035084
Images (3083).jpg,train,0.484279118,0.484279118,2.937116472
Images (3084).jpg,val,0.333511746,0.333511746,2.334046984
Images (3085).jpg,val,0.701006658,0.701006658,3.804026632
Images (3086).jpg,train,0.596395861,0.596395861,3.385583444
Images (3087).jpg,train,0.416255013,0.416255013,2.665020052
Images (3088).jpg,train,0.501125916,0.501125916,3.004503664
Images (3089).jpg,train,0.267849514,0.267849514,2.071398056
Images (3090).jpg,test,0.560116148,0.560116148,3.240464592
Images (3091).jpg,train,0.397467558,0.397467558,2.589870232
Images (3092).jpg,train,0.376739941,0.376739941,2.5069597640000003
Images (3093).jpg,train,0.442264802,0.442264802,2.769059208
Images (3094).jpg,train,0.507245574,0.507245574,3.028982296
Images (3095).jpg,train,0.602048148,0.602048148,3.408192592
Images (3096).jpg,train,0.197830145,0.197830145,1.79132058
Images (3097).jpg,train,0.612665651,0.612665651,3.450662604
Images (3098).jpg,test,0.654226831,0.654226831,3.616907324
Images (3099).jpg,train,0.401677218,0.401677218,2.606708872
Images (3100).jpg,train,0.562949196,0.562949196,3.251796784
Images (3101).jpg,train,0.518938172,0.518938172,3.075752688
Images (3102).jpg,train,0.422263938,0.422263938,2.689055752
Images (3103).jpg,train,0.436245439,0.436245439,2.744981756
Images (3104).jpg,test,0.415253725,0.415253725,2.6610149
Images (3105).jpg,val,0.706645596,0.706645596,3.826582384
Images (3106).jpg,train,0.713326788,0.713326788,3.853307152
Images (3107).jpg,train,0.378674593,0.378674593,2.514698372
Images (3108).jpg,train,0.723360289,0.723360289,3.893441156
Images (3109).jpg,train,0.696711556,0.696711556,3.786846224
Images (3110).jpg,train,0.698390252,0.698390252,3.793561008
Images (3111).jpg,train,0.753938938,0.753938938,4.0157557520000005
Images (3112).jpg,train,0.680455259,0.680455259,3.721821036
Images (3113).jpg,train,0.814063141,0.814063141,4.256252564
Images (3114).jpg,train,0.732669863,0.732669863,3.930679452
Images (3115).jpg,train,0.659211845,0.659211845,3.63684738
Images (3116).jpg,train,0.647085594,0.647085594,3.588342376
Images (3117).jpg,train,0.691729958,0.691729958,3.766919832
Images (3118).jpg,test,0.655836785,0.655836785,3.62334714
Images (3119).jpg,val,0.734298165,0.734298165,3.93719266
Images (3120).jpg,test,0.684144967,0.684144967,3.736579868
Images (3121).jpg,train,0.353137314,0.353137314,2.412549256
Images (3122).jpg,train,0.600787072,0.600787072,3.403148288
Images (3123).jpg,train,0.581648824,0.581648824,3.326595296
Images (3124).jpg,train,0.400008288,0.400008288,2.600033152
Images (3125).jpg,train,0.450332993,0.450332993,2.801331972
Images (3126).jpg,train,0.540794618,0.540794618,3.163178472
Images (3127).jpg,train,0.581843007,0.581843007,3.327372028
Images (3128).jpg,train,0.43115711,0.43115711,2.72462844
Images (3129).jpg,train,0.630742053,0.630742053,3.522968212
Images (3130).jpg,train,0.33785705,0.33785705,2.3514282
Images (3131).jpg,val,0.468273814,0.468273814,2.873095256
Images (3132).jpg,train,0.300060358,0.300060358,2.2002414320000003
Images (3133).jpg,train,0.169544447,0.169544447,1.678177788
Images (3134).jpg,train,0.164233718,0.164233718,1.656934872
Images (3135).jpg,train,0.121711181,0.121711181,1.486844724
Images (3136).jpg,train,0.394279442,0.394279442,2.577117768
Images (3137).jpg,train,0.445389473,0.445389473,2.781557892
Images (3138).jpg,test,0.21471225,0.21471225,1.858849
Images (3139).jpg,train,0.360508016,0.360508016,2.442032064
Images (3140).jpg,train,0.291631749,0.291631749,2.166526996
Images (3141).jpg,test,0.177259602,0.177259602,1.709038408
Images (3142).jpg,train,0.190286263,0.190286263,1.761145052
Images (3143).jpg,train,0.127792515,0.127792515,1.51117006
Images (3144).jpg,val,0.652942532,0.652942532,3.611770128
Images (3145).jpg,train,0.357354844,0.357354844,2.429419376
Images (3146).jpg,train,0.56831697,0.56831697,3.27326788
Images (3147).jpg,train,0.523674662,0.523674662,3.094698648
Images (3148).jpg,test,0.602110949,0.602110949,3.408443796
Images (3149).jpg,train,0.484162438,0.484162438,2.936649752
Images (3150).jpg,test,0.519737542,0.519737542,3.078950168
Images (3151).jpg,test,0.691530791,0.691530791,3.766123164
Images (3152).jpg,val,0.388661506,0.388661506,2.554646024
Images (3153).jpg,train,0.474181473,0.474181473,2.896725892
Images (3154).jpg,test,0.509534943,0.509534943,3.038139772
Images (3155).jpg,train,0.724030221,0.724030221,3.896120884
Images (3156).jpg,train,0.746258027,0.746258027,3.985032108
Images (3157).jpg,train,0.454689133,0.454689133,2.818756532
Images (3158).jpg,val,0.491640071,0.491640071,2.966560284
Images (3159).jpg,train,0.632989952,0.632989952,3.531959808
Images (3160).jpg,train,0.452716119,0.452716119,2.810864476
Images (3161).jpg,train,0.581506427,0.581506427,3.326025708
Images (3162).jpg,train,0.676635659,0.676635659,3.706542636
Images (3163).jpg,val,0.354935344,0.354935344,2.419741376
Images (3164).jpg,train,0.577139941,0.577139941,3.308559764
Images (3165).jpg,train,0.623386363,0.623386363,3.493545452
Images (3166).jpg,train,0.59438411,0.59438411,3.37753644
Images (3167).jpg,train,0.559548676,0.559548676,3.238194704
Images (3168).jpg,train,0.686083897,0.686083897,3.744335588
Images (3169).jpg,train,0.517302105,0.517302105,3.06920842
Images (3170).jpg,train,0.478175567,0.478175567,2.9127022680000003
Images (3171).jpg,test,0.670077587,0.670077587,3.680310348
Images (3172).jpg,train,0.573031706,0.573031706,3.292126824
Images (3173).jpg,train,0.565069055,0.565069055,3.26027622
Images (3174).jpg,train,0.448847203,0.448847203,2.795388812
Images (3175).jpg,train,0.594698197,0.594698197,3.378792788
Images (3176).jpg,train,0.761211835,0.761211835,4.0448473400000005
Images (3177).jpg,train,0.656626505,0.656626505,3.62650602
Images (3178).jpg,train,0.669846285,0.669846285,3.67938514
Images (3179).jpg,train,0.243413764,0.243413764,1.973655056
Images (3180).jpg,train,0.191338555,0.191338555,1.76535422
Images (3181).jpg,val,0.441704266,0.441704266,2.766817064
Images (3182).jpg,train,0.457832723,0.457832723,2.831330892
Images (3183).jpg,train,0.478835633,0.478835633,2.915342532
Images (3184).jpg,train,0.216504815,0.216504815,1.86601926
Images (3185).jpg,train,0.202076539,0.202076539,1.808306156
Images (3186).jpg,train,0.361265074,0.361265074,2.4450602960000003
Images (3187).jpg,val,0.338557223,0.338557223,2.354228892
Images (3188).jpg,train,0.275186395,0.275186395,2.10074558
Images (3189).jpg,train,0.256441061,0.256441061,2.0257642440000003
Images (3190).jpg,val,0.293113229,0.293113229,2.172452916
Images (3191).jpg,train,0.312273896,0.312273896,2.249095584
Images (3192).jpg,train,0.189350391,0.189350391,1.757401564
Images (3193).jpg,train,0.280357871,0.280357871,2.121431484
Images (3194).jpg,test,0.715974806,0.715974806,3.863899224
Images (3195).jpg,train,0.641999507,0.641999507,3.567998028
Images (3196).jpg,train,0.650432478,0.650432478,3.601729912
Images (3197).jpg,test,0.23015045,0.23015045,1.9206018
Images (3198).jpg,test,0.215939608,0.215939608,1.863758432
Images (3199).jpg,train,0.06022967,0.06022967,1.24091868
Images (3200).jpg,train,0.614817882,0.614817882,3.459271528
Images (3201).jpg,train,0.269171518,0.269171518,2.076686072
Images (3202).jpg,train,0.570405022,0.570405022,3.281620088
Images (3203).jpg,train,0.690670735,0.690670735,3.76268294
Images (3204).jpg,train,0.658343119,0.658343119,3.633372476
Images (3205).jpg,test,0.461573104,0.461573104,2.846292416
Images (3206).jpg,train,0.634958777,0.634958777,3.539835108
Images (3207).jpg,test,0.283496484,0.283496484,2.133985936
Images (3208).jpg,train,0.30889045,0.30889045,2.2355618
Images (3209).jpg,train,0.34961098,0.34961098,2.39844392
Images (3210).jpg,val,0.381248596,0.381248596,2.524994384
Images (3211).jpg,train,0.600877353,0.600877353,3.403509412
Images (3212).jpg,train,0.226619595,0.226619595,1.90647838
Images (3213).jpg,train,0.399546533,0.399546533,2.598186132
Images (3214).jpg,train,0.454219544,0.454219544,2.816878176
Images (3215).jpg,test,0.377445519,0.377445519,2.509782076
Images (3216).jpg,val,0.237504609,0.237504609,1.950018436
Images (3217).jpg,val,0.50943042,0.50943042,3.03772168
Images (3218).jpg,train,0.458693149,0.458693149,2.834772596
Images (3219).jpg,train,0.753401701,0.753401701,4.013606804
Images (3220).jpg,train,0.041307747,0.041307747,1.165230988
Images (3221).jpg,val,0.249712861,0.249712861,1.998851444
Images (3222).jpg,train,0.303436136,0.303436136,2.213744544
Images (3223).jpg,test,0.693754406,0.693754406,3.775017624
Images (3224).jpg,train,0.741219042,0.741219042,3.964876168
Images (3225).jpg,train,0.548031116,0.548031116,3.192124464
Images (3226).jpg,train,0.614668173,0.614668173,3.458672692
Images (3227).jpg,train,0.342680064,0.342680064,2.370720256
Images (3228).jpg,train,0.444453926,0.444453926,2.777815704
Images (3229).jpg,val,0.533181665,0.533181665,3.13272666
Images (3230).jpg,train,0.516424248,0.516424248,3.065696992
Images (3231).jpg,train,0.515338929,0.515338929,3.061355716
Images (3232).jpg,train,0.477509778,0.477509778,2.910039112
Images (3233).jpg,train,0.485617706,0.485617706,2.942470824
Images (3234).jpg,train,0.600640418,0.600640418,3.402561672
Images (3235).jpg,train,0.71224087,0.71224087,3.84896348
Images (3236).jpg,test,0.483658064,0.483658064,2.934632256
Images (3237).jpg,train,0.40909827,0.40909827,2.63639308
Images (3238).jpg,train,0.542714126,0.542714126,3.170856504
Images (3239).jpg,train,0.428928779,0.428928779,2.715715116
Images (3240).jpg,test,0.432793739,0.432793739,2.7311749560000003
Images (3241).jpg,train,0.241856944,0.241856944,1.967427776
Images (3242).jpg,train,0.770290284,0.770290284,4.081161136
Images (3243).jpg,val,0.733548691,0.733548691,3.934194764
Images (3244).jpg,train,0.775057137,0.775057137,4.1002285480000005
Images (3245).jpg,train,0.831012953,0.831012953,4.324051812
Images (3246).jpg,train,0.807834429,0.807834429,4.2313377160000005
Images (3247).jpg,train,0.75905321,0.75905321,4.03621284
Images (3248).jpg,train,0.720701834,0.720701834,3.882807336
Images (3249).jpg,train,0.693782981,0.693782981,3.775131924
Images (3250).jpg,train,0.564286389,0.564286389,3.257145556
Images (3251).jpg,test,0.566876144,0.566876144,3.267504576
Images (3252).jpg,test,0.22824243,0.22824243,1.91296972
Images (3253).jpg,test,0.517729863,0.517729863,3.070919452
Images (3254).jpg,val,0.224472132,0.224472132,1.897888528
Images (3255).jpg,train,0.32560035,0.32560035,2.3024014
Images (3256).jpg,val,0.351101792,0.351101792,2.404407168
Images (3257).jpg,test,0.487870091,0.487870091,2.951480364
Images (3258).jpg,train,0.594088429,0.594088429,3.376353716
Images (3259).jpg,train,0.551268328,0.551268328,3.205073312
Images (3260).jpg,train,0.509796335,0.509796335,3.03918534
Images (3261).jpg,train,0.125422917,0.125422917,1.501691668
Images (3262).jpg,val,0.64814781,0.64814781,3.59259124
Images (3263).jpg,train,0.657407432,0.657407432,3.629629728
Images (3264).jpg,train,0.623306859,0.623306859,3.493227436
Images (3265).jpg,train,0.746343081,0.746343081,3.985372324
Images (3266).jpg,train,0.468560852,0.468560852,2.874243408
Images (3267).jpg,train,0.285780823,0.285780823,2.1431232920000003
Images (3268).jpg,test,0.66677307,0.66677307,3.66709228
Images (3269).jpg,test,0.316052353,0.316052353,2.264209412
Images (3270).jpg,train,0.49172374,0.49172374,2.9668949600000003
Images (3271).jpg,val,0.372803527,0.372803527,2.4912141080000003
Images (3272).jpg,test,0.550209697,0.550209697,3.200838788
Images (3273).jpg,test,0.519644576,0.519644576,3.078578304
Images (3274).jpg,train,0.731665185,0.731665185,3.92666074
Images (3275).jpg,train,0.715996899,0.715996899,3.863987596
Images (3276).jpg,val,0.735929434,0.735929434,3.943717736
Images (3277).jpg,train,0.72489302,0.72489302,3.89957208
Images (3278).jpg,train,0.495633935,0.495633935,2.9825357400000003
Images (3279).jpg,test,0.544935136,0.544935136,3.179740544
Images (3280).jpg,train,0.568312572,0.568312572,3.273250288
Images (3281).jpg,train,0.313662446,0.313662446,2.254649784
Images (3282).jpg,train,0.327430564,0.327430564,2.309722256
Images (3283).jpg,train,0.250298833,0.250298833,2.001195332
Images (3284).jpg,train,0.259167298,0.259167298,2.036669192
Images (3285).jpg,val,0.307901981,0.307901981,2.231607924
Images (3286).jpg,train,0.526213181,0.526213181,3.104852724
Images (3287).jpg,train,0.414457584,0.414457584,2.657830336
Images (3288).jpg,val,0.689525161,0.689525161,3.758100644
Images (3289).jpg,train,0.661042547,0.661042547,3.644170188
Images (3290).jpg,train,0.607696284,0.607696284,3.430785136
Images (3291).jpg,train,0.872016675,0.872016675,4.4880667
Images (3292).jpg,train,0.663049042,0.663049042,3.652196168
Images (3293).jpg,train,0.685270325,0.685270325,3.7410813
Images (3294).jpg,train,0.686894962,0.686894962,3.747579848
Images (3295).jpg,train,0.632945341,0.632945341,3.531781364
Images (3296).jpg,test,0.602161529,0.602161529,3.408646116
Images (3297).jpg,val,0.671932483,0.671932483,3.687729932
Images (3298).jpg,val,0.739645073,0.739645073,3.958580292
Images (3299).jpg,train,0.52482444,0.52482444,3.09929776
Images (3300).jpg,train,0.464419857,0.464419857,2.857679428
Images (3301).jpg,train,0.798298092,0.798298092,4.193192368
Images (3302).jpg,test,0.567140542,0.567140542,3.268562168
Images (3303).jpg,train,0.274036776,0.274036776,2.096147104
Images (3304).jpg,train,0.322343743,0.322343743,2.289374972
Images (3305).jpg,train,0.522338017,0.522338017,3.089352068
Images (3306).jpg,train,0.309051282,0.309051282,2.236205128
Images (3307).jpg,train,0.663527328,0.663527328,3.654109312
Images (3308).jpg,train,0.655529868,0.655529868,3.622119472
Images (3309).jpg,train,0.712320944,0.712320944,3.849283776
Images (3310).jpg,val,0.406912395,0.406912395,2.62764958
Images (3311).jpg,train,0.330731955,0.330731955,2.3229278200000003
Images (3312).jpg,train,0.537897832,0.537897832,3.151591328
Images (3313).jpg,train,0.616975235,0.616975235,3.46790094
Images (3314).jpg,train,0.52105506,0.52105506,3.08422024
Images (3315).jpg,train,0.418238655,0.418238655,2.67295462
Images (3316).jpg,train,0.631907938,0.631907938,3.527631752
Images (3317).jpg,train,0.523081219,0.523081219,3.092324876
Images (3318).jpg,test,0.38502475,0.38502475,2.540099
Images (3319).jpg,train,0.453133916,0.453133916,2.8125356640000003
Images (3320).jpg,test,0.286524717,0.286524717,2.146098868
Images (3321).jpg,train,0.638214551,0.638214551,3.552858204
Images (3322).jpg,train,0.290597507,0.290597507,2.162390028
Images (3323).jpg,train,0.549656936,0.549656936,3.198627744
Images (3324).jpg,train,0.501625041,0.501625041,3.006500164
Images (3325).jpg,train,0.414302276,0.414302276,2.657209104
Images (3326).jpg,train,0.285450103,0.285450103,2.1418004120000003
Images (3327).jpg,train,0.865130458,0.865130458,4.460521832
Images (3328).jpg,val,0.270177033,0.270177033,2.080708132
Images (3329).jpg,train,0.103600609,0.103600609,1.414402436
Images (3330).jpg,train,0.513228873,0.513228873,3.052915492
Images (3331).jpg,train,0.059441476,0.059441476,1.237765904
Images (3332).jpg,train,0.453350937,0.453350937,2.813403748
Images (3333).jpg,train,0.397043946,0.397043946,2.588175784
Images (3334).jpg,val,0.529487272,0.529487272,3.117949088
Images (3335).jpg,train,0.599644182,0.599644182,3.398576728
Images (3336).jpg,train,0.440781944,0.440781944,2.763127776
Images (3337).jpg,train,0.604885806,0.604885806,3.419543224
Images (3338).jpg,test,0.590512786,0.590512786,3.362051144
Images (3339).jpg,val,0.579786885,0.579786885,3.31914754
Images (3340).jpg,train,0.334819558,0.334819558,2.339278232
Images (3341).jpg,train,0.365055344,0.365055344,2.460221376
Images (3342).jpg,train,0.564269223,0.564269223,3.257076892
Images (3343).jpg,train,0.667090343,0.667090343,3.668361372
Images (3344).jpg,train,0.341555364,0.341555364,2.366221456
Images (3345).jpg,train,0.278417504,0.278417504,2.113670016
Images (3346).jpg,train,0.636012471,0.636012471,3.544049884
Images (3347).jpg,train,0.597855027,0.597855027,3.391420108
Images (3348).jpg,train,0.496972276,0.496972276,2.987889104
Images (3349).jpg,train,0.391065514,0.391065514,2.564262056
Images (3350).jpg,test,0.658600247,0.658600247,3.634400988
Images (3351).jpg,train,0.733074186,0.733074186,3.932296744
Images (3352).jpg,train,0.860247624,0.860247624,4.440990496
Images (3353).jpg,val,0.544124937,0.544124937,3.176499748
Images (3354).jpg,train,0.263140862,0.263140862,2.052563448
Images (3355).jpg,train,0.390007635,0.390007635,2.56003054
Images (3356).jpg,train,0.311367086,0.311367086,2.245468344
Images (3357).jpg,train,0.494260228,0.494260228,2.977040912
Images (3358).jpg,train,0.388524468,0.388524468,2.554097872
Images (3359).jpg,test,0.410014186,0.410014186,2.640056744
Images (3360).jpg,train,0.477116387,0.477116387,2.908465548
Images (3361).jpg,train,0.595667679,0.595667679,3.382670716
Images (3362).jpg,train,0.300124619,0.300124619,2.200498476
Images (3363).jpg,train,0.469674599,0.469674599,2.878698396
Images (3364).jpg,train,0.147250283,0.147250283,1.589001132
Images (3365).jpg,train,0.265185769,0.265185769,2.060743076
Images (3366).jpg,train,0.497864029,0.497864029,2.991456116
Images (3367).jpg,test,0.50654073,0.50654073,3.02616292
Images (3368).jpg,train,0.301401303,0.301401303,2.205605212
Images (3369).jpg,train,0.174775498,0.174775498,1.699101992
Images (3370).jpg,train,0.315084543,0.315084543,2.260338172
Images (3371).jpg,test,0.442210566,0.442210566,2.768842264
Images (3372).jpg,train,0.425494168,0.425494168,2.701976672
Images (3373).jpg,train,0.451857547,0.451857547,2.807430188
Images (3374).jpg,train,0.501460691,0.501460691,3.005842764
Images (3375).jpg,train,0.36646682,0.36646682,2.4658672800000003
Images (3376).jpg,train,0.40205399,0.40205399,2.60821596
Images (3377).jpg,train,0.489705825,0.489705825,2.9588233
Images (3378).jpg,train,0.450363563,0.450363563,2.801454252
Images (3379).jpg,train,0.473203392,0.473203392,2.892813568
Images (3380).jpg,test,0.453999358,0.453999358,2.815997432
Images (3381).jpg,train,0.484993738,0.484993738,2.939974952
Images (3382).jpg,test,0.411732705,0.411732705,2.64693082
Images (3383).jpg,val,0.432502868,0.432502868,2.730011472
Images (3384).jpg,train,0.428863806,0.428863806,2.7154552240000003
Images (3385).jpg,train,0.382379954,0.382379954,2.529519816
Images (3386).jpg,train,0.442849648,0.442849648,2.771398592
Images (3387).jpg,train,0.34840384,0.34840384,2.39361536
Images (3388).jpg,train,0.504334395,0.504334395,3.01733758
Images (3389).jpg,val,0.471185982,0.471185982,2.884743928
Images (3390).jpg,train,0.486057491,0.486057491,2.944229964
Images (3391).jpg,train,0.492197829,0.492197829,2.968791316
Images (3392).jpg,train,0.46328585,0.46328585,2.8531434
Images (3393).jpg,train,0.616294135,0.616294135,3.46517654
Images (3394).jpg,train,0.438990856,0.438990856,2.755963424
Images (3395).jpg,train,0.602021109,0.602021109,3.408084436
Images (3396).jpg,val,0.453796826,0.453796826,2.815187304
Images (3397).jpg,train,0.427964332,0.427964332,2.711857328
Images (3398).jpg,train,0.221513375,0.221513375,1.8860535
Images (3399).jpg,train,0.513520786,0.513520786,3.054083144
Images (3400).jpg,val,0.204690913,0.204690913,1.818763652
Images (3401).jpg,train,0.515902112,0.515902112,3.063608448
Images (3402).jpg,train,0.432932092,0.432932092,2.731728368
Images (3403).jpg,test,0.623341382,0.623341382,3.493365528
Images (3404).jpg,train,0.480883261,0.480883261,2.923533044
Images (3405).jpg,test,0.825174983,0.825174983,4.300699932000001
Images (3406).jpg,train,0.430818627,0.430818627,2.7232745080000003
Images (3407).jpg,train,0.561648753,0.561648753,3.246595012
Images (3408).jpg,train,0.53016597,0.53016597,3.12066388
Images (3409).jpg,test,0.312752492,0.312752492,2.251009968
Images (3410).jpg,train,0.485651685,0.485651685,2.94260674
Images (3411).jpg,val,0.324594213,0.324594213,2.298376852
Images (3412).jpg,train,0.404202018,0.404202018,2.616808072
Images (3413).jpg,test,0.606190397,0.606190397,3.424761588
Images (3414).jpg,train,0.531412228,0.531412228,3.125648912
Images (3415).jpg,train,0.17116587,0.17116587,1.68466348
Images (3416).jpg,train,0.470648375,0.470648375,2.8825935
Images (3417).jpg,train,0.329638037,0.329638037,2.318552148
Images (3418).jpg,train,0.515057314,0.515057314,3.060229256
Images (3419).jpg,train,0.505175698,0.505175698,3.020702792
Images (3420).jpg,train,0.641497738,0.641497738,3.565990952
Images (3421).jpg,train,0.692655461,0.692655461,3.770621844
Images (3422).jpg,test,0.700365689,0.700365689,3.801462756
Images (3423).jpg,train,0.717735894,0.717735894,3.870943576
Images (3424).jpg,train,0.76160602,0.76160602,4.04642408
Images (3425).jpg,train,0.691383483,0.691383483,3.765533932
Images (3426).jpg,train,0.464925911,0.464925911,2.859703644
Images (3427).jpg,test,0.446924698,0.446924698,2.787698792
Images (3428).jpg,val,0.60787425,0.60787425,3.431497
Images (3429).jpg,train,0.515691649,0.515691649,3.062766596
Images (3430).jpg,test,0.471252775,0.471252775,2.8850111
Images (3431).jpg,train,0.605153135,0.605153135,3.42061254
Images (3432).jpg,train,0.393787663,0.393787663,2.575150652
Images (3433).jpg,train,0.738999276,0.738999276,3.955997104
Images (3434).jpg,train,0.609794247,0.609794247,3.439176988
Images (3435).jpg,train,0.634700649,0.634700649,3.538802596
Images (3436).jpg,train,0.558510054,0.558510054,3.234040216
Images (3437).jpg,train,0.582182829,0.582182829,3.328731316
Images (3438).jpg,test,0.352015334,0.352015334,2.4080613360000003
Images (3439).jpg,train,0.559579175,0.559579175,3.2383167
Images (3440).jpg,train,0.434077675,0.434077675,2.7363107
Images (3441).jpg,train,0.289909489,0.289909489,2.159637956
Images (3442).jpg,train,0.327467186,0.327467186,2.309868744
Images (3443).jpg,train,0.389539711,0.389539711,2.5581588440000003
Images (3444).jpg,train,0.312383606,0.312383606,2.249534424
Images (3445).jpg,val,0.449241631,0.449241631,2.796966524
Images (3446).jpg,train,0.519760854,0.519760854,3.079043416
Images (3447).jpg,train,0.365097458,0.365097458,2.460389832
Images (3448).jpg,test,0.432071011,0.432071011,2.728284044
Images (3449).jpg,val,0.427825692,0.427825692,2.711302768
Images (3450).jpg,test,0.358987382,0.358987382,2.435949528
Images (3451).jpg,train,0.561726201,0.561726201,3.246904804
Images (3452).jpg,train,0.615927005,0.615927005,3.46370802
Images (3453).jpg,test,0.56026153,0.56026153,3.24104612
Images (3454).jpg,train,0.512174834,0.512174834,3.048699336
Images (3455).jpg,train,0.324728882,0.324728882,2.298915528
Images (3456).jpg,test,0.611788189,0.611788189,3.447152756
Images (3457).jpg,train,0.491618243,0.491618243,2.966472972
Images (3458).jpg,train,0.652397207,0.652397207,3.609588828
Images (3459).jpg,train,0.496476648,0.496476648,2.985906592
Images (3460).jpg,test,0.54422622,0.54422622,3.17690488
Images (3461).jpg,train,0.353948291,0.353948291,2.415793164
Images (3462).jpg,train,0.674562629,0.674562629,3.698250516
Images (3463).jpg,val,0.214554237,0.214554237,1.858216948
Images (3464).jpg,train,0.538952242,0.538952242,3.155808968
Images (3465).jpg,train,0.430667469,0.430667469,2.7226698760000003
Images (3466).jpg,val,0.643099949,0.643099949,3.572399796
Images (3467).jpg,train,0.786262492,0.786262492,4.145049968
Images (3468).jpg,train,0.353584905,0.353584905,2.41433962
Images (3469).jpg,val,0.576452995,0.576452995,3.30581198
Images (3470).jpg,train,0.401588395,0.401588395,2.60635358
Images (3471).jpg,val,0.417366993,0.417366993,2.669467972
Images (3472).jpg,val,0.488933014,0.488933014,2.955732056
Images (3473).jpg,train,0.3381369,0.3381369,2.3525476000000003
Images (3474).jpg,train,0.540172207,0.540172207,3.160688828
Images (3475).jpg,train,0.618382469,0.618382469,3.473529876
Images (3476).jpg,train,0.645222291,0.645222291,3.580889164
Images (3477).jpg,train,0.540997238,0.540997238,3.163988952
Images (3478).jpg,train,0.413725865,0.413725865,2.65490346
Images (3479).jpg,train,0.4166208,0.4166208,2.6664832
Images (3480).jpg,train,0.318644204,0.318644204,2.274576816
Images (3481).jpg,train,0.344711778,0.344711778,2.378847112
Images (3482).jpg,train,0.689658558,0.689658558,3.758634232
Images (3483).jpg,train,0.265377696,0.265377696,2.061510784
Images (3484).jpg,train,0.674743421,0.674743421,3.698973684
Images (3485).jpg,test,0.378413852,0.378413852,2.513655408
Images (3486).jpg,train,0.279520409,0.279520409,2.1180816360000003
Images (3487).jpg,test,0.644074244,0.644074244,3.576296976
Images (3488).jpg,train,0.573791908,0.573791908,3.295167632
Images (3489).jpg,train,0.316379421,0.316379421,2.265517684
Images (3490).jpg,train,0.523881066,0.523881066,3.095524264
Images (3491).jpg,train,0.651477935,0.651477935,3.60591174
Images (3492).jpg,train,0.5150153,0.5150153,3.0600612
Images (3493).jpg,train,0.488819208,0.488819208,2.955276832
Images (3494).jpg,test,0.72264355,0.72264355,3.8905742
Images (3495).jpg,train,0.399957802,0.399957802,2.599831208
Images (3496).jpg,train,0.498754265,0.498754265,2.99501706
Images (3497).jpg,train,0.178588565,0.178588565,1.71435426
Images (3498).jpg,train,0.282639784,0.282639784,2.130559136
Images (3499).jpg,train,0.325463752,0.325463752,2.301855008
Images (3500).jpg,val,0.549666561,0.549666561,3.198666244
Images (3501).jpg,train,0.345297228,0.345297228,2.381188912
Images (3502).jpg,val,0.248753598,0.248753598,1.995014392
Images (3503).jpg,train,0.751623151,0.751623151,4.006492604
Images (3504).jpg,train,0.581261456,0.581261456,3.325045824
Images (3505).jpg,val,0.620066552,0.620066552,3.480266208
Images (3506).jpg,train,0.703011758,0.703011758,3.812047032
Images (3507).jpg,train,0.446105213,0.446105213,2.784420852
Images (3508).jpg,train,0.503614971,0.503614971,3.014459884
Images (3509).jpg,train,0.232869022,0.232869022,1.931476088
Images (3510).jpg,train,0.204180405,0.204180405,1.81672162
Images (3511).jpg,test,0.385933907,0.385933907,2.5437356280000003
Images (3512).jpg,train,0.286900017,0.286900017,2.147600068
Images (3513).jpg,val,0.630203316,0.630203316,3.520813264
Images (3514).jpg,train,0.688189928,0.688189928,3.752759712
Images (3515).jpg,train,0.427159321,0.427159321,2.708637284
Images (3516).jpg,test,0.430158136,0.430158136,2.720632544
Images (3517).jpg,train,0.444305312,0.444305312,2.777221248
Images (3518).jpg,train,0.507529875,0.507529875,3.0301195
Images (3519).jpg,train,0.197019451,0.197019451,1.788077804
Images (3520).jpg,train,0.428042003,0.428042003,2.712168012
Images (3521).jpg,train,0.37048186,0.37048186,2.48192744
Images (3522).jpg,train,0.425992522,0.425992522,2.703970088
Images (3523).jpg,val,0.400683653,0.400683653,2.602734612
Images (3524).jpg,train,0.547765553,0.547765553,3.191062212
Images (3525).jpg,train,0.565821592,0.565821592,3.263286368
Images (3526).jpg,train,0.457434564,0.457434564,2.829738256
Images (3527).jpg,train,0.439012253,0.439012253,2.756049012
Images (3528).jpg,train,0.523044743,0.523044743,3.092178972
Images (3529).jpg,train,0.576357186,0.576357186,3.305428744
Images (3530).jpg,train,0.632737744,0.632737744,3.530950976
Images (3531).jpg,train,0.410335076,0.410335076,2.641340304
Images (3532).jpg,train,0.489625222,0.489625222,2.958500888
Images (3533).jpg,train,0.463489954,0.463489954,2.853959816
Images (3534).jpg,val,0.481664567,0.481664567,2.926658268
Images (3535).jpg,train,0.457106888,0.457106888,2.828427552
Images (3536).jpg,train,0.235517588,0.235517588,1.942070352
Images (3537).jpg,train,0.394731926,0.394731926,2.578927704
Images (3538).jpg,train,0.53631671,0.53631671,3.14526684
Images (3539).jpg,train,0.229416951,0.229416951,1.917667804
Images (3540).jpg,train,0.450207002,0.450207002,2.800828008
Images (3541).jpg,test,0.390371797,0.390371797,2.561487188
Images (3542).jpg,train,0.25714293,0.25714293,2.02857172
Images (3543).jpg,train,0.476914527,0.476914527,2.907658108
Images (3544).jpg,train,0.433663207,0.433663207,2.734652828
Images (3545).jpg,train,0.386644803,0.386644803,2.546579212
Images (3546).jpg,train,0.436221244,0.436221244,2.744884976
Images (3547).jpg,train,0.465323128,0.465323128,2.861292512
Images (3548).jpg,train,0.34705093,0.34705093,2.38820372
Images (3549).jpg,train,0.497807412,0.497807412,2.991229648
Images (3550).jpg,train,0.538568088,0.538568088,3.154272352
Images (3551).jpg,train,0.408052954,0.408052954,2.632211816
Images (3552).jpg,train,0.591871719,0.591871719,3.367486876
Images (3553).jpg,train,0.74174939,0.74174939,3.96699756
Images (3554).jpg,train,0.559025232,0.559025232,3.236100928
Images (3555).jpg,train,0.674600793,0.674600793,3.698403172
Images (3556).jpg,train,0.284773524,0.284773524,2.139094096
Images (3557).jpg,test,0.323462926,0.323462926,2.293851704
Images (3558).jpg,train,0.303289358,0.303289358,2.213157432
Images (3559).jpg,train,0.627105629,0.627105629,3.508422516
Images (3560).jpg,train,0.822755158,0.822755158,4.291020632
Images (3561).jpg,train,0.545122904,0.545122904,3.180491616
Images (3562).jpg,train,0.627350116,0.627350116,3.509400464
Images (3563).jpg,train,0.595206841,0.595206841,3.380827364
Images (3564).jpg,train,0.635880556,0.635880556,3.543522224
Images (3565).jpg,train,0.624316929,0.624316929,3.497267716
Images (3566).jpg,train,0.554184064,0.554184064,3.216736256
Images (3567).jpg,train,0.370039302,0.370039302,2.480157208
Images (3568).jpg,train,0.462971226,0.462971226,2.8518849040000003
Images (3569).jpg,val,0.445680281,0.445680281,2.782721124
Images (3570).jpg,train,0.163585961,0.163585961,1.654343844
Images (3571).jpg,test,0.528801651,0.528801651,3.115206604
Images (3572).jpg,train,0.530513355,0.530513355,3.12205342
Images (3573).jpg,test,0.478589939,0.478589939,2.914359756
Images (3574).jpg,train,0.577002311,0.577002311,3.308009244
Images (3575).jpg,test,0.581908429,0.581908429,3.327633716
Images (3576).jpg,train,0.495222743,0.495222743,2.980890972
Images (3577).jpg,train,0.409947164,0.409947164,2.639788656
Images (3578).jpg,train,0.695572074,0.695572074,3.782288296
Images (3579).jpg,train,0.564428204,0.564428204,3.257712816
Images (3580).jpg,val,0.411290608,0.411290608,2.645162432
Images (3581).jpg,train,0.413941152,0.413941152,2.655764608
Images (3582).jpg,train,0.451936349,0.451936349,2.807745396
Images (3583).jpg,train,0.304727711,0.304727711,2.218910844
Images (3584).jpg,train,0.307879555,0.307879555,2.23151822
Images (3585).jpg,train,0.302933055,0.302933055,2.21173222
Images (3586).jpg,test,0.373867905,0.373867905,2.49547162
Images (3587).jpg,train,0.542005837,0.542005837,3.168023348
Images (3588).jpg,train,0.34393796,0.34393796,2.37575184
Images (3589).jpg,train,0.340118592,0.340118592,2.360474368
Images (3590).jpg,train,0.544865712,0.544865712,3.179462848
Images (3591).jpg,train,0.565351572,0.565351572,3.261406288
Images (3592).jpg,train,0.589431407,0.589431407,3.357725628
Images (3593).jpg,test,0.431568603,0.431568603,2.726274412
Images (3594).jpg,train,0.490895357,0.490895357,2.963581428
Images (3595).jpg,train,0.240747997,0.240747997,1.962991988
Images (3596).jpg,train,0.581413602,0.581413602,3.325654408
Images (3597).jpg,val,0.502925147,0.502925147,3.011700588
Images (3598).jpg,train,0.664892071,0.664892071,3.659568284
Images (3599).jpg,train,0.586178707,0.586178707,3.344714828
Images (3600).jpg,train,0.316021405,0.316021405,2.26408562
Images (3601).jpg,test,0.299212182,0.299212182,2.196848728
Images (3602).jpg,train,0.521485185,0.521485185,3.08594074
Images (3603).jpg,train,0.325685305,0.325685305,2.30274122
Images (3604).jpg,train,0.489553644,0.489553644,2.958214576
Images (3605).jpg,train,0.703721468,0.703721468,3.814885872
Images (3606).jpg,train,0.624627305,0.624627305,3.49850922
Images (3607).jpg,train,0.503477108,0.503477108,3.013908432
Images (3608).jpg,train,0.271838804,0.271838804,2.087355216
Images (3609).jpg,val,0.43886875,0.43886875,2.755475
Images (3610).jpg,val,0.407004619,0.407004619,2.6280184760000003
Images (3611).jpg,train,0.385964787,0.385964787,2.543859148
Images (3612).jpg,train,0.521853674,0.521853674,3.087414696
Images (3613).jpg,train,0.510854542,0.510854542,3.043418168
Images (3614).jpg,train,0.282690911,0.282690911,2.130763644
Images (3615).jpg,train,0.505357458,0.505357458,3.021429832
Images (3616).jpg,train,0.591196747,0.591196747,3.364786988
Images (3617).jpg,train,0.367477397,0.367477397,2.469909588
Images (3618).jpg,train,0.43672744,0.43672744,2.7469097600000003
Images (3619).jpg,train,0.572689708,0.572689708,3.290758832
Images (3620).jpg,train,0.564188902,0.564188902,3.256755608
Images (3621).jpg,train,0.553924505,0.553924505,3.21569802
Images (3622).jpg,train,0.420506222,0.420506222,2.682024888
Images (3623).jpg,train,0.698091099,0.698091099,3.792364396
Images (3624).jpg,train,0.60796326,0.60796326,3.43185304
Images (3625).jpg,val,0.459178481,0.459178481,2.836713924
Images (3626).jpg,train,0.161224282,0.161224282,1.644897128
Images (3627).jpg,train,0.307860496,0.307860496,2.231441984
Images (3628).jpg,test,0.660172072,0.660172072,3.640688288
Images (3629).jpg,train,0.243386761,0.243386761,1.973547044
Images (3630).jpg,train,0.814708407,0.814708407,4.258833628
Images (3631).jpg,train,0.478382409,0.478382409,2.913529636
Images (3632).jpg,test,0.778926335,0.778926335,4.11570534
Images (3633).jpg,train,0.323277418,0.323277418,2.293109672
Images (3634).jpg,train,0.554154782,0.554154782,3.216619128
Images (3635).jpg,train,0.21020716,0.21020716,1.84082864
Images (3636).jpg,test,0.189364873,0.189364873,1.757459492
Images (3637).jpg,train,0.320182745,0.320182745,2.28073098
Images (3638).jpg,train,0.297782843,0.297782843,2.191131372
Images (3639).jpg,test,0.634497368,0.634497368,3.537989472
Images (3640).jpg,train,0.130138978,0.130138978,1.5205559119999998
Images (3641).jpg,val,0.572358394,0.572358394,3.289433576
Images (3642).jpg,train,0.55717355,0.55717355,3.2286942
Images (3643).jpg,train,0.379022133,0.379022133,2.516088532
Images (3644).jpg,train,0.461341132,0.461341132,2.845364528
Images (3645).jpg,test,0.103240947,0.103240947,1.412963788
Images (3646).jpg,test,0.457852238,0.457852238,2.8314089520000003
Images (3647).jpg,val,0.303450119,0.303450119,2.2138004760000003
Images (3648).jpg,train,0.427922264,0.427922264,2.711689056
Images (3649).jpg,train,0.553847611,0.553847611,3.215390444
Images (3650).jpg,train,0.430873215,0.430873215,2.72349286
Images (3651).jpg,test,0.380001938,0.380001938,2.520007752
Images (3652).jpg,train,0.752856648,0.752856648,4.011426591999999
Images (3653).jpg,train,0.409577491,0.409577491,2.6383099640000003
Images (3654).jpg,train,0.602814443,0.602814443,3.411257772
Images (3655).jpg,test,0.786460433,0.786460433,4.145841732
Images (3656).jpg,train,0.624995123,0.624995123,3.499980492
Images (3657).jpg,train,0.34403142,0.34403142,2.37612568
Images (3658).jpg,train,0.247042777,0.247042777,1.988171108
Images (3659).jpg,train,0.447233216,0.447233216,2.788932864
Images (3660).jpg,test,0.500259697,0.500259697,3.001038788
Images (3661).jpg,train,0.516427529,0.516427529,3.065710116
Images (3662).jpg,train,0.522893162,0.522893162,3.091572648
Images (3663).jpg,train,0.388469005,0.388469005,2.55387602
Images (3664).jpg,val,0.416280903,0.416280903,2.665123612
Images (3665).jpg,train,0.461851135,0.461851135,2.8474045400000003
Images (3666).jpg,train,0.426808567,0.426808567,2.707234268
Images (3667).jpg,train,0.425395875,0.425395875,2.7015835
Images (3668).jpg,test,0.705021584,0.705021584,3.820086336
Images (3669).jpg,train,0.661089771,0.661089771,3.644359084
Images (3670).jpg,test,0.732614974,0.732614974,3.930459896
Images (3671).jpg,train,0.560826582,0.560826582,3.243306328
Images (3672).jpg,train,0.213745797,0.213745797,1.854983188
Images (3673).jpg,val,0.416326786,0.416326786,2.665307144
Images (3674).jpg,test,0.330331719,0.330331719,2.321326876
Images (3675).jpg,val,0.64104442,0.64104442,3.56417768
Images (3676).jpg,train,0.462527273,0.462527273,2.8501090920000003
Images (3677).jpg,train,0.410922596,0.410922596,2.643690384
Images (3678).jpg,test,0.50683507,0.50683507,3.02734028
Images (3679).jpg,train,0.548688996,0.548688996,3.194755984
Images (3680).jpg,train,0.120416833,0.120416833,1.481667332
Images (3681).jpg,train,0.188681088,0.188681088,1.754724352
Images (3682).jpg,train,0.603617931,0.603617931,3.414471724
Images (3683).jpg,train,0.562334931,0.562334931,3.249339724
Images (3684).jpg,train,0.619513139,0.619513139,3.478052556
Images (3685).jpg,train,0.72451299,0.72451299,3.89805196
Images (3686).jpg,train,0.594079121,0.594079121,3.376316484
Images (3687).jpg,train,0.599884437,0.599884437,3.399537748
Images (3688).jpg,train,0.379858696,0.379858696,2.519434784
Images (3689).jpg,train,0.519190133,0.519190133,3.076760532
Images (3690).jpg,train,0.314450527,0.314450527,2.257802108
Images (3691).jpg,train,0.528327798,0.528327798,3.113311192
Images (3692).jpg,train,0.487447154,0.487447154,2.949788616
Images (3693).jpg,train,0.477968832,0.477968832,2.911875328
Images (3694).jpg,test,0.359442437,0.359442437,2.437769748
Images (3695).jpg,train,0.283834374,0.283834374,2.135337496
Images (3696).jpg,val,0.339265733,0.339265733,2.357062932
Images (3697).jpg,test,0.360911862,0.360911862,2.443647448
Images (3698).jpg,train,0.545676796,0.545676796,3.182707184
Images (3699).jpg,train,0.500264342,0.500264342,3.001057368
Images (3700).jpg,train,0.444844862,0.444844862,2.7793794480000003
Images (3701).jpg,train,0.236342022,0.236342022,1.945368088
Images (3702).jpg,val,0.448972733,0.448972733,2.795890932
Images (3703).jpg,train,0.545720257,0.545720257,3.182881028
Images (3704).jpg,train,0.34844061,0.34844061,2.39376244
Images (3705).jpg,test,0.540728567,0.540728567,3.162914268
Images (3706).jpg,train,0.371363514,0.371363514,2.485454056
Images (3707).jpg,val,0.586071348,0.586071348,3.344285392
Images (3708).jpg,test,0.597193062,0.597193062,3.388772248
Images (3709).jpg,test,0.490212226,0.490212226,2.960848904
Images (3710).jpg,train,0.533256935,0.533256935,3.13302774
Images (3711).jpg,train,0.681936467,0.681936467,3.727745868
Images (3712).jpg,train,0.459628499,0.459628499,2.838513996
Images (3713).jpg,train,0.741382782,0.741382782,3.965531128
Images (3714).jpg,train,0.605389434,0.605389434,3.421557736
Images (3715).jpg,test,0.469447875,0.469447875,2.8777915
Images (3716).jpg,train,0.48196252,0.48196252,2.92785008
Images (3717).jpg,train,0.282335297,0.282335297,2.129341188
Images (3718).jpg,test,0.356095365,0.356095365,2.42438146
Images (3719).jpg,test,0.470030818,0.470030818,2.880123272
Images (3720).jpg,train,0.400874365,0.400874365,2.60349746
Images (3721).jpg,val,0.338115036,0.338115036,2.352460144
Images (3722).jpg,train,0.206445074,0.206445074,1.825780296
Images (3723).jpg,train,0.542122471,0.542122471,3.168489884
Images (3724).jpg,train,0.546349682,0.546349682,3.185398728
Images (3725).jpg,test,0.545657783,0.545657783,3.182631132
Images (3726).jpg,train,0.666596539,0.666596539,3.666386156
Images (3727).jpg,test,0.494479371,0.494479371,2.977917484
Images (3728).jpg,train,0.494012124,0.494012124,2.976048496
Images (3729).jpg,train,0.194541911,0.194541911,1.778167644
Images (3730).jpg,train,0.574397915,0.574397915,3.29759166
Images (3731).jpg,val,0.381753584,0.381753584,2.527014336
Images (3732).jpg,train,0.441259876,0.441259876,2.765039504
Images (3733).jpg,train,0.759832601,0.759832601,4.039330404
Images (3734).jpg,train,0.306322608,0.306322608,2.225290432
Images (3735).jpg,train,0.465119851,0.465119851,2.860479404
Images (3736).jpg,train,0.324470322,0.324470322,2.297881288
Images (3737).jpg,test,0.625764032,0.625764032,3.503056128
Images (3738).jpg,train,0.528493049,0.528493049,3.113972196
Images (3739).jpg,train,0.709354928,0.709354928,3.837419712
Images (3740).jpg,train,0.425550618,0.425550618,2.702202472
Images (3741).jpg,train,0.675724363,0.675724363,3.702897452
Images (3742).jpg,train,0.532045963,0.532045963,3.128183852
Images (3743).jpg,train,0.566036911,0.566036911,3.264147644
Images (3744).jpg,train,0.339563286,0.339563286,2.358253144
Images (3745).jpg,train,0.531784885,0.531784885,3.12713954
Images (3746).jpg,test,0.454912865,0.454912865,2.81965146
Images (3747).jpg,train,0.44591741,0.44591741,2.7836696400000003
Images (3748).jpg,train,0.395947419,0.395947419,2.5837896760000003
Images (3749).jpg,train,0.464728618,0.464728618,2.858914472
Images (3750).jpg,test,0.451244334,0.451244334,2.8049773360000003
Images (3751).jpg,train,0.206608293,0.206608293,1.826433172
Images (3752).jpg,train,0.532513916,0.532513916,3.130055664
Images (3753).jpg,test,0.27625527,0.27625527,2.10502108
Images (3754).jpg,train,0.503402549,0.503402549,3.013610196
Images (3755).jpg,train,0.437481737,0.437481737,2.749926948
Images (3756).jpg,train,0.482010786,0.482010786,2.928043144
Images (3757).jpg,val,0.497131646,0.497131646,2.988526584
Images (3758).jpg,test,0.535656185,0.535656185,3.14262474
Images (3759).jpg,train,0.510188524,0.510188524,3.040754096
Images (3760).jpg,train,0.649679959,0.649679959,3.598719836
Images (3761).jpg,val,0.6052877,0.6052877,3.4211508
Images (3762).jpg,test,0.380159182,0.380159182,2.520636728
Images (3763).jpg,val,0.490612593,0.490612593,2.962450372
Images (3764).jpg,train,0.473735701,0.473735701,2.8949428040000003
Images (3765).jpg,train,0.473548163,0.473548163,2.894192652
Images (3766).jpg,train,0.602559458,0.602559458,3.410237832
Images (3767).jpg,train,0.546221135,0.546221135,3.18488454
Images (3768).jpg,train,0.553367913,0.553367913,3.213471652
Images (3769).jpg,test,0.340056929,0.340056929,2.360227716
Images (3770).jpg,train,0.285984761,0.285984761,2.143939044
Images (3771).jpg,test,0.427075755,0.427075755,2.70830302
Images (3772).jpg,test,0.484151732,0.484151732,2.936606928
Images (3773).jpg,train,0.526040358,0.526040358,3.104161432
Images (3774).jpg,test,0.562762276,0.562762276,3.251049104
Images (3775).jpg,test,0.570900261,0.570900261,3.283601044
Images (3776).jpg,train,0.2984543,0.2984543,2.1938172
Images (3777).jpg,train,0.516873693,0.516873693,3.067494772
Images (3778).jpg,val,0.504252465,0.504252465,3.01700986
Images (3779).jpg,train,0.12237614,0.12237614,1.48950456
Images (3780).jpg,train,0.3011627,0.3011627,2.2046508
Images (3781).jpg,test,0.334996027,0.334996027,2.339984108
Images (3782).jpg,train,0.470005238,0.470005238,2.880020952
Images (3783).jpg,train,0.405619137,0.405619137,2.622476548
Images (3784).jpg,val,0.320008614,0.320008614,2.280034456
Images (3785).jpg,test,0.269568894,0.269568894,2.078275576
Images (3786).jpg,train,0.381137574,0.381137574,2.524550296
Images (3787).jpg,train,0.321613457,0.321613457,2.286453828
Images (3788).jpg,train,0.5630215,0.5630215,3.252086
Images (3789).jpg,train,0.465299466,0.465299466,2.861197864
Images (3790).jpg,train,0.328379505,0.328379505,2.31351802
Images (3791).jpg,test,0.474611809,0.474611809,2.898447236
Images (3792).jpg,train,0.627970517,0.627970517,3.511882068
Images (3793).jpg,train,0.507409288,0.507409288,3.029637152
Images (3794).jpg,train,0.506445248,0.506445248,3.025780992
Images (3795).jpg,train,0.582746041,0.582746041,3.330984164
Images (3796).jpg,train,0.332647545,0.332647545,2.33059018
Images (3797).jpg,train,0.354584172,0.354584172,2.418336688
Images (3798).jpg,train,0.437272294,0.437272294,2.749089176
Images (3799).jpg,train,0.313078339,0.313078339,2.252313356
Images (3800).jpg,train,0.230748121,0.230748121,1.922992484
Images (3801).jpg,train,0.462277195,0.462277195,2.84910878
Images (3802).jpg,train,0.360705497,0.360705497,2.442821988
Images (3803).jpg,train,0.430889392,0.430889392,2.723557568
Images (3804).jpg,train,0.628752035,0.628752035,3.51500814
Images (3805).jpg,train,0.292482162,0.292482162,2.169928648
Images (3806).jpg,train,0.41519896,0.41519896,2.66079584
Images (3807).jpg,train,0.348624909,0.348624909,2.394499636
Images (3808).jpg,train,0.402067853,0.402067853,2.608271412
Images (3809).jpg,train,0.195625003,0.195625003,1.782500012
Images (3810).jpg,train,0.433750468,0.433750468,2.735001872
Images (3811).jpg,train,0.658675969,0.658675969,3.634703876
Images (3812).jpg,train,0.611776915,0.611776915,3.44710766
Images (3813).jpg,val,0.698139807,0.698139807,3.792559228
Images (3814).jpg,val,0.338375107,0.338375107,2.3535004280000003
Images (3815).jpg,test,0.372843934,0.372843934,2.491375736
Images (3816).jpg,train,0.273572301,0.273572301,2.094289204
Images (3817).jpg,train,0.678553708,0.678553708,3.714214832
Images (3818).jpg,val,0.488029142,0.488029142,2.952116568
Images (3819).jpg,train,0.23689348,0.23689348,1.94757392
Images (3820).jpg,test,0.291413464,0.291413464,2.165653856
Images (3821).jpg,train,0.337289115,0.337289115,2.34915646
Images (3822).jpg,train,0.201848779,0.201848779,1.807395116
Images (3823).jpg,test,0.369355054,0.369355054,2.477420216
Images (3824).jpg,train,0.268972351,0.268972351,2.075889404
Images (3825).jpg,train,0.289492231,0.289492231,2.157968924
Images (3826).jpg,test,0.403268629,0.403268629,2.613074516
Images (3827).jpg,val,0.246252759,0.246252759,1.985011036
Images (3828).jpg,val,0.139461536,0.139461536,1.557846144
Images (3829).jpg,train,0.307952931,0.307952931,2.231811724
Images (3830).jpg,val,0.38073951,0.38073951,2.52295804
Images (3831).jpg,train,0.349776509,0.349776509,2.399106036
Images (3832).jpg,train,0.368101636,0.368101636,2.472406544
Images (3833).jpg,train,0.332382775,0.332382775,2.3295311
Images (3834).jpg,val,0.423727829,0.423727829,2.694911316
Images (3835).jpg,train,0.336620057,0.336620057,2.346480228
Images (3836).jpg,train,0.408733933,0.408733933,2.634935732
Images (3837).jpg,val,0.426325772,0.426325772,2.705303088
Images (3838).jpg,train,0.445185997,0.445185997,2.780743988
Images (3839).jpg,train,0.245330079,0.245330079,1.981320316
Images (3840).jpg,train,0.395949051,0.395949051,2.583796204
Images (3841).jpg,train,0.44628287,0.44628287,2.78513148
Images (3842).jpg,val,0.350677004,0.350677004,2.402708016
Images (3843).jpg,train,0.476534802,0.476534802,2.906139208
Images (3844).jpg,train,0.365169289,0.365169289,2.460677156
Images (3845).jpg,train,0.460778965,0.460778965,2.84311586
Images (3846).jpg,val,0.439283559,0.439283559,2.757134236
Images (3847).jpg,val,0.505857892,0.505857892,3.023431568
Images (3848).jpg,train,0.380581695,0.380581695,2.52232678
Images (3849).jpg,train,0.430817247,0.430817247,2.723268988
Images (3850).jpg,train,0.383633117,0.383633117,2.534532468
Images (3851).jpg,train,0.386080093,0.386080093,2.544320372
Images (3852).jpg,train,0.526475283,0.526475283,3.105901132
Images (3853).jpg,train,0.453856901,0.453856901,2.815427604
Images (3854).jpg,train,0.498342888,0.498342888,2.993371552
Images (3855).jpg,test,0.440919559,0.440919559,2.763678236
Images (3856).jpg,test,0.413126984,0.413126984,2.652507936
Images (3857).jpg,train,0.533374361,0.533374361,3.133497444
Images (3858).jpg,train,0.450567444,0.450567444,2.802269776
Images (3859).jpg,test,0.514338715,0.514338715,3.05735486
Images (3860).jpg,train,0.507241531,0.507241531,3.028966124
Images (3861).jpg,train,0.30962236,0.30962236,2.23848944
Images (3862).jpg,val,0.398728249,0.398728249,2.594912996
Images (3863).jpg,train,0.502154114,0.502154114,3.008616456
Images (3864).jpg,train,0.519756978,0.519756978,3.079027912
Images (3865).jpg,train,0.664026683,0.664026683,3.656106732
Images (3866).jpg,train,0.567130836,0.567130836,3.268523344
Images (3867).jpg,train,0.466179966,0.466179966,2.864719864
Images (3868).jpg,train,0.56085765,0.56085765,3.2434306
Images (3869).jpg,train,0.582208358,0.582208358,3.328833432
Images (3870).jpg,train,0.605870296,0.605870296,3.423481184
Images (3871).jpg,train,0.597200501,0.597200501,3.388802004
Images (3872).jpg,train,0.325566144,0.325566144,2.302264576
Images (3873).jpg,train,0.561025555,0.561025555,3.24410222
Images (3874).jpg,train,0.676946175,0.676946175,3.7077847
Images (3875).jpg,train,0.712305094,0.712305094,3.849220376
Images (3876).jpg,val,0.629049472,0.629049472,3.516197888
Images (3877).jpg,train,0.543277238,0.543277238,3.173108952
Images (3878).jpg,train,0.679750265,0.679750265,3.71900106
Images (3879).jpg,train,0.578839404,0.578839404,3.315357616
Images (3880).jpg,val,0.577351641,0.577351641,3.309406564
Images (3881).jpg,train,0.623889752,0.623889752,3.495559008
Images (3882).jpg,train,0.645380308,0.645380308,3.581521232
Images (3883).jpg,train,0.627769768,0.627769768,3.511079072
Images (3884).jpg,train,0.781641552,0.781641552,4.126566208
Images (3885).jpg,val,0.777307087,0.777307087,4.109228348
Images (3886).jpg,train,0.622279894,0.622279894,3.489119576
Images (3887).jpg,train,0.683986151,0.683986151,3.735944604
Images (3888).jpg,train,0.658862549,0.658862549,3.635450196
Images (3889).jpg,train,0.65893451,0.65893451,3.63573804
Images (3890).jpg,train,0.548021594,0.548021594,3.192086376
Images (3891).jpg,val,0.575884944,0.575884944,3.303539776
Images (3892).jpg,test,0.603324609,0.603324609,3.413298436
Images (3893).jpg,train,0.682142098,0.682142098,3.728568392
Images (3894).jpg,train,0.722939103,0.722939103,3.891756412
Images (3895).jpg,train,0.779296163,0.779296163,4.117184652000001
Images (3896).jpg,val,0.752560362,0.752560362,4.010241448
Images (3897).jpg,train,0.716210835,0.716210835,3.86484334
Images (3898).jpg,train,0.78066812,0.78066812,4.12267248
Images (3899).jpg,test,0.195566361,0.195566361,1.782265444
Images (3900).jpg,test,0.247911522,0.247911522,1.991646088
Images (3901).jpg,train,0.268336984,0.268336984,2.073347936
Images (3902).jpg,train,0.134045898,0.134045898,1.536183592
Images (3903).jpg,train,0.43738709,0.43738709,2.74954836
Images (3904).jpg,val,0.376273774,0.376273774,2.505095096
Images (3905).jpg,train,0.332567494,0.332567494,2.3302699760000003
Images (3906).jpg,test,0.300021966,0.300021966,2.200087864
Images (3907).jpg,val,0.341669133,0.341669133,2.366676532
Images (3908).jpg,val,0.167449087,0.167449087,1.669796348
Images (3909).jpg,train,0.509057286,0.509057286,3.036229144
Images (3910).jpg,train,0.139611542,0.139611542,1.558446168
Images (3911).jpg,train,0.266924914,0.266924914,2.0676996560000003
Images (3912).jpg,val,0.482605107,0.482605107,2.930420428
Images (3913).jpg,train,0.366321506,0.366321506,2.465286024
Images (3914).jpg,train,0.289630502,0.289630502,2.1585220080000003
Images (3915).jpg,test,0.365618108,0.365618108,2.462472432
Images (3916).jpg,train,0.327146766,0.327146766,2.308587064
Images (3917).jpg,train,0.414338748,0.414338748,2.657354992
Images (3918).jpg,train,0.331372255,0.331372255,2.32548902
Images (3919).jpg,train,0.074805834,0.074805834,1.299223336
Images (3920).jpg,train,0.21454466,0.21454466,1.85817864
Images (3921).jpg,train,0.399848361,0.399848361,2.599393444
Images (3922).jpg,val,0.278107778,0.278107778,2.1124311120000003
Images (3923).jpg,train,0.322931626,0.322931626,2.291726504
Images (3924).jpg,train,0.406743157,0.406743157,2.626972628
Images (3925).jpg,train,0.446960561,0.446960561,2.787842244
Images (3926).jpg,val,0.390363915,0.390363915,2.56145566
Images (3927).jpg,train,0.476735993,0.476735993,2.906943972
Images (3928).jpg,train,0.677728623,0.677728623,3.710914492
Images (3929).jpg,train,0.383352044,0.383352044,2.533408176
Images (3930).jpg,train,0.523405618,0.523405618,3.093622472
Images (3931).jpg,train,0.437031571,0.437031571,2.748126284
Images (3932).jpg,train,0.405109511,0.405109511,2.620438044
Images (3933).jpg,val,0.564999876,0.564999876,3.259999504
Images (3934).jpg,train,0.527604902,0.527604902,3.110419608
Images (3935).jpg,test,0.545599319,0.545599319,3.182397276
Images (3936).jpg,train,0.626963182,0.626963182,3.507852728
Images (3937).jpg,train,0.613833973,0.613833973,3.455335892
Images (3938).jpg,val,0.661326281,0.661326281,3.645305124
Images (3939).jpg,train,0.576056321,0.576056321,3.304225284
Images (3940).jpg,train,0.629507529,0.629507529,3.518030116
Images (3941).jpg,test,0.551204205,0.551204205,3.20481682
Images (3942).jpg,train,0.615416584,0.615416584,3.461666336
Images (3943).jpg,val,0.52594918,0.52594918,3.10379672
Images (3944).jpg,train,0.65002231,0.65002231,3.60008924
Images (3945).jpg,train,0.525841796,0.525841796,3.103367184
Images (3946).jpg,train,0.565947553,0.565947553,3.263790212
Images (3947).jpg,train,0.535750779,0.535750779,3.143003116
Images (3948).jpg,train,0.712402848,0.712402848,3.849611392
Images (3949).jpg,train,0.6465605,0.6465605,3.586242
Images (3950).jpg,train,0.720742426,0.720742426,3.882969704
Images (3951).jpg,train,0.726898762,0.726898762,3.907595048
Images (3952).jpg,train,0.627109387,0.627109387,3.508437548
Images (3953).jpg,test,0.600703936,0.600703936,3.402815744
Images (3954).jpg,val,0.778401845,0.778401845,4.11360738
Images (3955).jpg,train,0.784168025,0.784168025,4.1366721
Images (3956).jpg,test,0.677109869,0.677109869,3.708439476
Images (3957).jpg,train,0.570287917,0.570287917,3.281151668
Images (3958).jpg,train,0.743241608,0.743241608,3.972966432
Images (3959).jpg,train,0.332290471,0.332290471,2.329161884
Images (3960).jpg,train,0.66387194,0.66387194,3.65548776
Images (3961).jpg,train,0.792471919,0.792471919,4.169887676
Images (3962).jpg,train,0.697565758,0.697565758,3.790263032
Images (3963).jpg,train,0.561668341,0.561668341,3.246673364
Images (3964).jpg,train,0.337775846,0.337775846,2.351103384
Images (3965).jpg,train,0.385356495,0.385356495,2.54142598
Images (3966).jpg,train,0.302747813,0.302747813,2.210991252
Images (3967).jpg,train,0.739790861,0.739790861,3.959163444
Images (3968).jpg,train,0.37283746,0.37283746,2.49134984
Images (3969).jpg,test,0.445399167,0.445399167,2.781596668
Images (3970).jpg,train,0.467069871,0.467069871,2.8682794840000003
Images (3971).jpg,test,0.516649279,0.516649279,3.066597116
Images (3972).jpg,train,0.519855816,0.519855816,3.079423264
Images (3973).jpg,train,0.450830719,0.450830719,2.803322876
Images (3974).jpg,train,0.399711148,0.399711148,2.598844592
Images (3975).jpg,test,0.339415036,0.339415036,2.357660144
Images (3976).jpg,test,0.48694402,0.48694402,2.94777608
Images (3977).jpg,test,0.39493663,0.39493663,2.57974652
Images (3978).jpg,train,0.337270452,0.337270452,2.349081808
Images (3979).jpg,val,0.43293256,0.43293256,2.73173024
Images (3980).jpg,train,0.674660122,0.674660122,3.698640488
Images (3981).jpg,train,0.54520273,0.54520273,3.18081092
Images (3982).jpg,train,0.524730256,0.524730256,3.098921024
Images (3983).jpg,test,0.299051754,0.299051754,2.196207016
Images (3984).jpg,test,0.460244248,0.460244248,2.840976992
Images (3985).jpg,train,0.515806687,0.515806687,3.063226748
Images (3986).jpg,val,0.493107069,0.493107069,2.972428276
Images (3987).jpg,train,0.443456433,0.443456433,2.773825732
Images (3988).jpg,val,0.383626194,0.383626194,2.534504776
Images (3989).jpg,train,0.4768101,0.4768101,2.9072404
Images (3990).jpg,train,0.315785668,0.315785668,2.263142672
Images (3991).jpg,train,0.472575592,0.472575592,2.890302368
Images (3992).jpg,test,0.418085873,0.418085873,2.672343492
Images (3993).jpg,test,0.459070963,0.459070963,2.836283852
Images (3994).jpg,train,0.55265792,0.55265792,3.21063168
Images (3995).jpg,val,0.421954911,0.421954911,2.687819644
Images (3996).jpg,train,0.388101342,0.388101342,2.552405368
Images (3997).jpg,train,0.562271716,0.562271716,3.249086864
Images (3998).jpg,train,0.514989303,0.514989303,3.059957212
Images (3999).jpg,train,0.589436066,0.589436066,3.357744264
Images (4000).jpg,train,0.459662049,0.459662049,2.8386481960000003
Images (4001).jpg,train,0.535062929,0.535062929,3.140251716
Images (4002).jpg,train,0.568684646,0.568684646,3.274738584
Images (4003).jpg,train,0.421970348,0.421970348,2.687881392
Images (4004).jpg,train,0.719536946,0.719536946,3.878147784
Images (4005).jpg,test,0.537861664,0.537861664,3.151446656
Images (4006).jpg,val,0.365771062,0.365771062,2.463084248
Images (4007).jpg,test,0.407166779,0.407166779,2.628667116
Images (4008).jpg,train,0.472494706,0.472494706,2.889978824
Images (4009).jpg,train,0.288688843,0.288688843,2.154755372
Images (4010).jpg,val,0.231764519,0.231764519,1.927058076
Images (4011).jpg,train,0.372774722,0.372774722,2.491098888
Images (4012).jpg,test,0.560870575,0.560870575,3.2434823
Images (4013).jpg,train,0.561113885,0.561113885,3.24445554
Images (4014).jpg,train,0.582992375,0.582992375,3.3319695
Images (4015).jpg,train,0.535216329,0.535216329,3.140865316
Images (4016).jpg,train,0.33604574,0.33604574,2.34418296
Images (4017).jpg,test,0.409051345,0.409051345,2.63620538
Images (4018).jpg,train,0.55401219,0.55401219,3.21604876
Images (4019).jpg,test,0.367159569,0.367159569,2.468638276
Images (4020).jpg,val,0.346808343,0.346808343,2.387233372
Images (4021).jpg,test,0.573302973,0.573302973,3.293211892
Images (4022).jpg,train,0.521608439,0.521608439,3.086433756
Images (4023).jpg,train,0.676520787,0.676520787,3.706083148
Images (4024).jpg,train,0.729080127,0.729080127,3.916320508
Images (4025).jpg,train,0.562646248,0.562646248,3.250584992
Images (4026).jpg,test,0.575601999,0.575601999,3.302407996
Images (4027).jpg,train,0.416679362,0.416679362,2.666717448
Images (4028).jpg,train,0.239558906,0.239558906,1.958235624
Images (4029).jpg,train,0.864774154,0.864774154,4.459096616
Images (4030).jpg,train,0.613963196,0.613963196,3.455852784
Images (4031).jpg,train,0.597060519,0.597060519,3.388242076
Images (4032).jpg,val,0.401645605,0.401645605,2.60658242
Images (4033).jpg,test,0.639855338,0.639855338,3.559421352
Images (4034).jpg,val,0.455424783,0.455424783,2.821699132
Images (4035).jpg,train,0.446523392,0.446523392,2.786093568
Images (4036).jpg,train,0.29096718,0.29096718,2.16386872
Images (4037).jpg,test,0.267889851,0.267889851,2.0715594040000003
Images (4038).jpg,train,0.583212006,0.583212006,3.332848024
Images (4039).jpg,train,0.608518457,0.608518457,3.434073828
Images (4040).jpg,test,0.596997206,0.596997206,3.387988824
Images (4041).jpg,val,0.456876311,0.456876311,2.827505244
Images (4042).jpg,train,0.470283418,0.470283418,2.881133672
Images (4043).jpg,train,0.552884947,0.552884947,3.211539788
Images (4044).jpg,train,0.538296009,0.538296009,3.153184036
Images (4045).jpg,test,0.648609813,0.648609813,3.594439252
Images (4046).jpg,val,0.541847421,0.541847421,3.167389684
Images (4047).jpg,train,0.580277035,0.580277035,3.32110814
Images (4048).jpg,train,0.642404448,0.642404448,3.569617792
Images (4049).jpg,val,0.661489403,0.661489403,3.645957612
Images (4050).jpg,train,0.748578352,0.748578352,3.994313408
Images (4051).jpg,train,0.631084458,0.631084458,3.524337832
Images (4052).jpg,train,0.444631836,0.444631836,2.778527344
Images (4053).jpg,train,0.347752163,0.347752163,2.391008652
Images (4054).jpg,train,0.669456875,0.669456875,3.6778275
Images (4055).jpg,train,0.657463054,0.657463054,3.629852216
Images (4056).jpg,train,0.424059918,0.424059918,2.696239672
Images (4057).jpg,train,0.369237509,0.369237509,2.476950036
Images (4058).jpg,train,0.463941872,0.463941872,2.855767488
Images (4059).jpg,train,0.694547828,0.694547828,3.778191312
Images (4060).jpg,val,0.701837599,0.701837599,3.807350396
Images (4061).jpg,train,0.445797953,0.445797953,2.783191812
Images (4062).jpg,val,0.418467255,0.418467255,2.67386902
Images (4063).jpg,test,0.188730843,0.188730843,1.754923372
Images (4064).jpg,test,0.253543163,0.253543163,2.014172652
Images (4065).jpg,train,0.563579893,0.563579893,3.254319572
Images (4066).jpg,train,0.214571583,0.214571583,1.858286332
Images (4067).jpg,train,0.534410203,0.534410203,3.137640812
Images (4068).jpg,test,0.652988944,0.652988944,3.611955776
Images (4069).jpg,train,0.74572676,0.74572676,3.98290704
Images (4070).jpg,val,0.653108471,0.653108471,3.612433884
Images (4071).jpg,train,0.752874196,0.752874196,4.011496784
Images (4072).jpg,train,0.612338505,0.612338505,3.44935402
Images (4073).jpg,train,0.577585328,0.577585328,3.310341312
Images (4074).jpg,test,0.279664691,0.279664691,2.118658764
Images (4075).jpg,train,0.646421158,0.646421158,3.585684632
Images (4076).jpg,train,0.320688164,0.320688164,2.282752656
Images (4077).jpg,train,0.328403135,0.328403135,2.3136125400000003
Images (4078).jpg,train,0.404713356,0.404713356,2.618853424
Images (4079).jpg,train,0.310044022,0.310044022,2.240176088
Images (4080).jpg,val,0.630112278,0.630112278,3.520449112
Images (4081).jpg,test,0.490131305,0.490131305,2.96052522
Images (4082).jpg,train,0.396367583,0.396367583,2.585470332
Images (4083).jpg,train,0.187905362,0.187905362,1.751621448
Images (4084).jpg,train,0.582952744,0.582952744,3.331810976
Images (4085).jpg,train,0.319410728,0.319410728,2.277642912
Images (4086).jpg,test,0.544245522,0.544245522,3.176982088
Images (4087).jpg,train,0.306011918,0.306011918,2.224047672
Images (4088).jpg,train,0.446733066,0.446733066,2.786932264
Images (4089).jpg,train,0.672449563,0.672449563,3.689798252
Images (4090).jpg,train,0.483605736,0.483605736,2.934422944
Images (4091).jpg,val,0.45006963,0.45006963,2.80027852
Images (4092).jpg,test,0.450468008,0.450468008,2.801872032
Images (4093).jpg,train,0.638543851,0.638543851,3.554175404
Images (4094).jpg,train,0.218875583,0.218875583,1.875502332
Images (4095).jpg,train,0.590165207,0.590165207,3.360660828
Images (4096).jpg,train,0.247131575,0.247131575,1.9885263
Images (4097).jpg,train,0.342317173,0.342317173,2.369268692
Images (4098).jpg,train,0.366487695,0.366487695,2.46595078
Images (4099).jpg,train,0.255791644,0.255791644,2.023166576
Images (4100).jpg,train,0.556355668,0.556355668,3.225422672
Images (4101).jpg,test,0.34832145,0.34832145,2.3932858
Images (4102).jpg,val,0.271895954,0.271895954,2.087583816
Images (4103).jpg,test,0.181643713,0.181643713,1.7265748520000002
Images (4104).jpg,train,0.363694418,0.363694418,2.454777672
Images (4105).jpg,train,0.47598964,0.47598964,2.90395856
Images (4106).jpg,train,0.486127408,0.486127408,2.944509632
Images (4107).jpg,test,0.219344132,0.219344132,1.877376528
Images (4108).jpg,train,0.523461831,0.523461831,3.093847324
Images (4109).jpg,val,0.438762486,0.438762486,2.755049944
Images (4110).jpg,train,0.506548632,0.506548632,3.026194528
Images (4111).jpg,test,0.333701714,0.333701714,2.334806856
Images (4112).jpg,train,0.467533692,0.467533692,2.870134768
Images (4113).jpg,val,0.744633849,0.744633849,3.978535396
Images (4114).jpg,train,0.501922143,0.501922143,3.007688572
Images (4115).jpg,test,0.279147729,0.279147729,2.116590916
Images (4116).jpg,train,0.484088207,0.484088207,2.936352828
Images (4117).jpg,train,0.345988925,0.345988925,2.3839557
Images (4118).jpg,train,0.457318533,0.457318533,2.829274132
Images (4119).jpg,test,0.269030516,0.269030516,2.076122064
Images (4120).jpg,val,0.306260901,0.306260901,2.225043604
Images (4121).jpg,val,0.400900856,0.400900856,2.603603424
Images (4122).jpg,train,0.618367952,0.618367952,3.473471808
Images (4123).jpg,train,0.544367965,0.544367965,3.17747186
Images (4124).jpg,train,0.492678923,0.492678923,2.970715692
Images (4125).jpg,test,0.511538353,0.511538353,3.046153412
Images (4126).jpg,train,0.495857448,0.495857448,2.983429792
Images (4127).jpg,train,0.572783256,0.572783256,3.291133024
Images (4128).jpg,val,0.470156429,0.470156429,2.880625716
Images (4129).jpg,train,0.423163959,0.423163959,2.692655836
Images (4130).jpg,val,0.502385526,0.502385526,3.009542104
Images (4131).jpg,train,0.599315553,0.599315553,3.397262212
Images (4132).jpg,test,0.705022527,0.705022527,3.820090108
Images (4133).jpg,train,0.662505095,0.662505095,3.65002038
Images (4134).jpg,test,0.776175338,0.776175338,4.104701352
Images (4135).jpg,train,0.333499571,0.333499571,2.333998284
Images (4136).jpg,train,0.5141355,0.5141355,3.056542
Images (4137).jpg,train,0.514536202,0.514536202,3.058144808
Images (4138).jpg,train,0.472090913,0.472090913,2.888363652
Images (4139).jpg,test,0.468065878,0.468065878,2.872263512
Images (4140).jpg,test,0.48750395,0.48750395,2.9500158
Images (4141).jpg,train,0.548305905,0.548305905,3.19322362
Images (4142).jpg,val,0.623895343,0.623895343,3.495581372
Images (4143).jpg,train,0.575195229,0.575195229,3.300780916
Images (4144).jpg,train,0.411109975,0.411109975,2.6444399
Images (4145).jpg,test,0.407536469,0.407536469,2.6301458760000003
Images (4146).jpg,train,0.441383589,0.441383589,2.765534356
Images (4147).jpg,train,0.468500223,0.468500223,2.874000892
Images (4148).jpg,train,0.467040696,0.467040696,2.868162784
Images (4149).jpg,train,0.423854439,0.423854439,2.6954177560000003
Images (4150).jpg,train,0.143760131,0.143760131,1.575040524
Images (4151).jpg,train,0.212620842,0.212620842,1.850483368
Images (4152).jpg,train,0.560226209,0.560226209,3.240904836
Images (4153).jpg,test,0.371578267,0.371578267,2.4863130680000003
Images (4154).jpg,train,0.854183018,0.854183018,4.416732072
Images (4155).jpg,train,0.359220088,0.359220088,2.436880352
Images (4156).jpg,train,0.688624299,0.688624299,3.754497196
Images (4157).jpg,train,0.596762443,0.596762443,3.387049772
Images (4158).jpg,train,0.456377045,0.456377045,2.82550818
Images (4159).jpg,train,0.401801796,0.401801796,2.607207184
Images (4160).jpg,train,0.41875628,0.41875628,2.67502512
Images (4161).jpg,train,0.386642468,0.386642468,2.546569872
Images (4162).jpg,test,0.532742251,0.532742251,3.130969004
Images (4163).jpg,train,0.466700693,0.466700693,2.866802772
Images (4164).jpg,train,0.335456404,0.335456404,2.341825616
Images (4165).jpg,train,0.343898109,0.343898109,2.375592436
Images (4166).jpg,train,0.32485944,0.32485944,2.29943776
Images (4167).jpg,train,0.349954232,0.349954232,2.399816928
Images (4168).jpg,train,0.295581939,0.295581939,2.1823277560000003
Images (4169).jpg,train,0.397890813,0.397890813,2.5915632520000003
Images (4170).jpg,train,0.413402891,0.413402891,2.653611564
Images (4171).jpg,val,0.464811528,0.464811528,2.859246112
Images (4172).jpg,train,0.396076394,0.396076394,2.584305576
Images (4173).jpg,train,0.452683842,0.452683842,2.810735368
Images (4174).jpg,train,0.453471446,0.453471446,2.813885784
Images (4175).jpg,train,0.476601994,0.476601994,2.906407976
Images (4176).jpg,test,0.32211383,0.32211383,2.28845532
Images (4177).jpg,test,0.313014399,0.313014399,2.252057596
Images (4178).jpg,train,0.405210793,0.405210793,2.620843172
Images (4179).jpg,train,0.4641464,0.4641464,2.8565856
Images (4180).jpg,train,0.567472088,0.567472088,3.269888352
Images (4181).jpg,val,0.637023606,0.637023606,3.548094424
Images (4182).jpg,val,0.540395664,0.540395664,3.161582656
Images (4183).jpg,test,0.66540928,0.66540928,3.66163712
Images (4184).jpg,val,0.545198739,0.545198739,3.180794956
Images (4185).jpg,train,0.236832705,0.236832705,1.94733082
Images (4186).jpg,train,0.647237504,0.647237504,3.588950016
Images (4187).jpg,test,0.236561614,0.236561614,1.946246456
Images (4188).jpg,train,0.760789004,0.760789004,4.043156016
Images (4189).jpg,train,0.662538226,0.662538226,3.650152904
Images (4190).jpg,val,0.579812489,0.579812489,3.319249956
Images (4191).jpg,train,0.605524467,0.605524467,3.422097868
Images (4192).jpg,train,0.640295374,0.640295374,3.561181496
Images (4193).jpg,train,0.669339019,0.669339019,3.677356076
Images (4194).jpg,train,0.492143805,0.492143805,2.96857522
Images (4195).jpg,train,0.515734971,0.515734971,3.062939884
Images (4196).jpg,train,0.613646576,0.613646576,3.454586304
Images (4197).jpg,test,0.421564824,0.421564824,2.686259296
Images (4198).jpg,train,0.498145401,0.498145401,2.992581604
Images (4199).jpg,train,0.197103417,0.197103417,1.788413668
Images (4200).jpg,train,0.504030773,0.504030773,3.016123092
Images (4201).jpg,train,0.358367455,0.358367455,2.43346982
Images (4202).jpg,train,0.338840041,0.338840041,2.355360164
Images (4203).jpg,train,0.542721093,0.542721093,3.170884372
Images (4204).jpg,train,0.402602388,0.402602388,2.610409552
Images (4205).jpg,val,0.618528355,0.618528355,3.47411342
Images (4206).jpg,val,0.583440796,0.583440796,3.333763184
Images (4207).jpg,test,0.464209219,0.464209219,2.856836876
Images (4208).jpg,train,0.435040436,0.435040436,2.740161744
Images (4209).jpg,train,0.573920583,0.573920583,3.295682332
Images (4210).jpg,test,0.561980616,0.561980616,3.247922464
Images (4211).jpg,train,0.487405139,0.487405139,2.949620556
Images (4212).jpg,train,0.673554814,0.673554814,3.694219256
Images (4213).jpg,train,0.612346506,0.612346506,3.449386024
Images (4214).jpg,train,0.704978234,0.704978234,3.819912936
Images (4215).jpg,val,0.614087975,0.614087975,3.4563519
Images (4216).jpg,val,0.687096629,0.687096629,3.748386516
Images (4217).jpg,train,0.633404853,0.633404853,3.533619412
Images (4218).jpg,test,0.544758017,0.544758017,3.179032068
Images (4219).jpg,train,0.653415077,0.653415077,3.613660308
Images (4220).jpg,train,0.543322194,0.543322194,3.173288776
Images (4221).jpg,train,0.800450058,0.800450058,4.201800232
Images (4222).jpg,test,0.440211488,0.440211488,2.760845952
Images (4223).jpg,train,0.324553216,0.324553216,2.298212864
Images (4224).jpg,train,0.159038859,0.159038859,1.636155436
Images (4225).jpg,train,0.408713268,0.408713268,2.6348530720000003
Images (4226).jpg,train,0.652339085,0.652339085,3.60935634
Images (4227).jpg,test,0.610962784,0.610962784,3.443851136
Images (4228).jpg,train,0.707947495,0.707947495,3.83178998
Images (4229).jpg,train,0.547215654,0.547215654,3.188862616
Images (4230).jpg,train,0.692618509,0.692618509,3.770474036
Images (4231).jpg,train,0.446616383,0.446616383,2.786465532
Images (4232).jpg,test,0.382951681,0.382951681,2.531806724
Images (4233).jpg,test,0.583098586,0.583098586,3.332394344
Images (4234).jpg,train,0.539701654,0.539701654,3.158806616
Images (4235).jpg,train,0.49346996,0.49346996,2.97387984
Images (4236).jpg,train,0.52863995,0.52863995,3.1145598
Images (4237).jpg,train,0.39254905,0.39254905,2.5701962
Images (4238).jpg,val,0.081018519,0.081018519,1.324074076
Images (4239).jpg,train,0.092912513,0.092912513,1.371650052
Images (4240).jpg,test,0.206975811,0.206975811,1.827903244
Images (4241).jpg,train,0.723729908,0.723729908,3.894919632
Images (4242).jpg,train,0.66222955,0.66222955,3.6489182
Images (4243).jpg,val,0.891856227,0.891856227,4.567424908
Images (4244).jpg,train,0.494255329,0.494255329,2.977021316
Images (4245).jpg,train,0.534518452,0.534518452,3.138073808
Images (4246).jpg,train,0.541033852,0.541033852,3.164135408
Images (4247).jpg,train,0.39884394,0.39884394,2.59537576
Images (4248).jpg,train,0.120460455,0.120460455,1.48184182
Images (4249).jpg,train,0.461386597,0.461386597,2.845546388
Images (4250).jpg,train,0.200994516,0.200994516,1.803978064
Images (4251).jpg,test,0.582702935,0.582702935,3.33081174
Images (4252).jpg,train,0.338989441,0.338989441,2.355957764
Images (4253).jpg,train,0.447093232,0.447093232,2.7883729280000003
Images (4254).jpg,train,0.337246373,0.337246373,2.348985492
Images (4255).jpg,val,0.486499237,0.486499237,2.945996948
Images (4256).jpg,val,0.304493284,0.304493284,2.217973136
Images (4257).jpg,train,0.238375962,0.238375962,1.953503848
Images (4258).jpg,test,0.267074424,0.267074424,2.068297696
Images (4259).jpg,train,0.388136402,0.388136402,2.552545608
Images (4260).jpg,test,0.439209406,0.439209406,2.756837624
Images (4261).jpg,train,0.187685311,0.187685311,1.750741244
Images (4262).jpg,train,0.615640557,0.615640557,3.462562228
Images (4263).jpg,train,0.560420811,0.560420811,3.241683244
Images (4264).jpg,train,0.692580168,0.692580168,3.770320672
Images (4265).jpg,train,0.664232934,0.664232934,3.656931736
Images (4266).jpg,train,0.576687263,0.576687263,3.306749052
Images (4267).jpg,train,0.390172091,0.390172091,2.560688364
Images (4268).jpg,train,0.609957958,0.609957958,3.439831832
Images (4269).jpg,train,0.506137245,0.506137245,3.02454898
Images (4270).jpg,train,0.245297825,0.245297825,1.9811913
Images (4271).jpg,test,0.68706176,0.68706176,3.74824704
Images (4272).jpg,train,0.610363269,0.610363269,3.441453076
Images (4273).jpg,train,0.39150153,0.39150153,2.56600612
Images (4274).jpg,val,0.376475367,0.376475367,2.505901468
Images (4275).jpg,train,0.464256231,0.464256231,2.857024924
Images (4276).jpg,train,0.663384335,0.663384335,3.65353734
Images (4277).jpg,train,0.498835508,0.498835508,2.995342032
Images (4278).jpg,train,0.525125039,0.525125039,3.100500156
Images (4279).jpg,train,0.448572563,0.448572563,2.794290252
Images (4280).jpg,val,0.286606896,0.286606896,2.146427584
Images (4281).jpg,train,0.39201299,0.39201299,2.56805196
Images (4282).jpg,test,0.707155621,0.707155621,3.828622484
Images (4283).jpg,test,0.424937688,0.424937688,2.699750752
Images (4284).jpg,train,0.438546726,0.438546726,2.754186904
Images (4285).jpg,train,0.68358467,0.68358467,3.73433868
Images (4286).jpg,train,0.483185875,0.483185875,2.9327435
Images (4287).jpg,val,0.479782685,0.479782685,2.91913074
Images (4288).jpg,val,0.572891516,0.572891516,3.291566064
Images (4289).jpg,val,0.414631112,0.414631112,2.658524448
Images (4290).jpg,test,0.439980996,0.439980996,2.7599239840000003
Images (4291).jpg,train,0.499399377,0.499399377,2.997597508
Images (4292).jpg,test,0.61830893,0.61830893,3.47323572
Images (4293).jpg,val,0.303825147,0.303825147,2.215300588
Images (4294).jpg,test,0.594330933,0.594330933,3.377323732
Images (4295).jpg,train,0.510218777,0.510218777,3.040875108
Images (4296).jpg,train,0.511083405,0.511083405,3.04433362
Images (4297).jpg,train,0.388499978,0.388499978,2.553999912
Images (4298).jpg,test,0.523006631,0.523006631,3.092026524
Images (4299).jpg,train,0.512388916,0.512388916,3.049555664
Images (4300).jpg,train,0.571059958,0.571059958,3.284239832
Images (4301).jpg,train,0.490113747,0.490113747,2.960454988
Images (4302).jpg,val,0.313616627,0.313616627,2.254466508
Images (4303).jpg,train,0.402406228,0.402406228,2.609624912
Images (4304).jpg,train,0.455925267,0.455925267,2.823701068
Images (4305).jpg,val,0.510143896,0.510143896,3.040575584
Images (4306).jpg,train,0.830650761,0.830650761,4.322603044
Images (4307).jpg,val,0.707864618,0.707864618,3.831458472
Images (4308).jpg,train,0.618610963,0.618610963,3.474443852
Images (4309).jpg,train,0.567035735,0.567035735,3.26814294
Images (4310).jpg,train,0.572046772,0.572046772,3.288187088
Images (4311).jpg,train,0.444806379,0.444806379,2.779225516
Images (4312).jpg,train,0.572278285,0.572278285,3.28911314
Images (4313).jpg,val,0.402390001,0.402390001,2.609560004
Images (4314).jpg,val,0.620333175,0.620333175,3.4813327
Images (4315).jpg,train,0.498770482,0.498770482,2.9950819280000003
Images (4316).jpg,train,0.614912737,0.614912737,3.459650948
Images (4317).jpg,train,0.582745974,0.582745974,3.330983896
Images (4318).jpg,train,0.465449949,0.465449949,2.861799796
Images (4319).jpg,train,0.773169427,0.773169427,4.092677708
Images (4320).jpg,val,0.487038815,0.487038815,2.94815526
Images (4321).jpg,train,0.710411953,0.710411953,3.841647812
Images (4322).jpg,train,0.657191479,0.657191479,3.628765916
Images (4323).jpg,train,0.523129267,0.523129267,3.092517068
Images (4324).jpg,train,0.577233719,0.577233719,3.308934876
Images (4325).jpg,train,0.86720401,0.86720401,4.46881604
Images (4326).jpg,train,0.663288319,0.663288319,3.653153276
Images (4327).jpg,train,0.396935284,0.396935284,2.587741136
Images (4328).jpg,train,0.436772927,0.436772927,2.747091708
Images (4329).jpg,train,0.328480665,0.328480665,2.31392266
Images (4330).jpg,test,0.758418063,0.758418063,4.033672252000001
Images (4331).jpg,train,0.528674386,0.528674386,3.114697544
Images (4332).jpg,train,0.536974816,0.536974816,3.147899264
Images (4333).jpg,train,0.413708791,0.413708791,2.654835164
Images (4334).jpg,test,0.661361957,0.661361957,3.645447828
Images (4335).jpg,train,0.514250841,0.514250841,3.057003364
Images (4336).jpg,test,0.331392268,0.331392268,2.325569072
Images (4337).jpg,train,0.529365343,0.529365343,3.117461372
Images (4338).jpg,train,0.255937203,0.255937203,2.023748812
Images (4339).jpg,val,0.470698902,0.470698902,2.882795608
Images (4340).jpg,train,0.553739969,0.553739969,3.214959876
Images (4341).jpg,test,0.561727751,0.561727751,3.246911004
Images (4342).jpg,train,0.533041086,0.533041086,3.132164344
Images (4343).jpg,train,0.584503205,0.584503205,3.33801282
Images (4344).jpg,train,0.540381482,0.540381482,3.161525928
Images (4345).jpg,test,0.108828652,0.108828652,1.435314608
Images (4346).jpg,train,0.63620032,0.63620032,3.54480128
Images (4347).jpg,train,0.701315613,0.701315613,3.805262452
Images (4348).jpg,train,0.610306408,0.610306408,3.441225632
Images (4349).jpg,train,0.667276738,0.667276738,3.669106952
Images (4350).jpg,train,0.384033748,0.384033748,2.536134992
Images (4351).jpg,train,0.393107589,0.393107589,2.572430356
Images (4352).jpg,train,0.193344008,0.193344008,1.773376032
Images (4353).jpg,test,0.221830489,0.221830489,1.887321956
Images (4354).jpg,train,0.123309963,0.123309963,1.493239852
Images (4355).jpg,train,0.152388412,0.152388412,1.609553648
Images (4356).jpg,test,0.344955107,0.344955107,2.379820428
Images (4357).jpg,val,0.247059449,0.247059449,1.988237796
Images (4358).jpg,val,0.253905418,0.253905418,2.015621672
Images (4359).jpg,train,0.268421471,0.268421471,2.073685884
Images (4360).jpg,train,0.677351402,0.677351402,3.709405608
Images (4361).jpg,train,0.446556531,0.446556531,2.786226124
Images (4362).jpg,train,0.50072818,0.50072818,3.00291272
Images (4363).jpg,test,0.611101131,0.611101131,3.444404524
Images (4364).jpg,test,0.51189708,0.51189708,3.04758832
Images (4365).jpg,train,0.418356611,0.418356611,2.673426444
Images (4366).jpg,train,0.572941813,0.572941813,3.291767252
Images (4367).jpg,val,0.593215852,0.593215852,3.372863408
Images (4368).jpg,train,0.429784313,0.429784313,2.719137252
Images (4369).jpg,train,0.63131288,0.63131288,3.52525152
Images (4370).jpg,train,0.608428109,0.608428109,3.433712436
Images (4371).jpg,val,0.784722222,0.784722222,4.138888888
Images (4372).jpg,train,0.484105726,0.484105726,2.936422904
Images (4373).jpg,train,0.412530102,0.412530102,2.6501204080000003
Images (4374).jpg,val,0.526305921,0.526305921,3.105223684
Images (4375).jpg,train,0.453676751,0.453676751,2.814707004
Images (4376).jpg,val,0.36745684,0.36745684,2.46982736
Images (4377).jpg,train,0.486855805,0.486855805,2.94742322
Images (4378).jpg,train,0.66872493,0.66872493,3.67489972
Images (4379).jpg,train,0.734654672,0.734654672,3.938618688
Images (4380).jpg,train,0.729677145,0.729677145,3.91870858
Images (4381).jpg,train,0.58841147,0.58841147,3.35364588
Images (4382).jpg,train,0.286586297,0.286586297,2.146345188
Images (4383).jpg,train,0.329052729,0.329052729,2.316210916
Images (4384).jpg,train,0.350147107,0.350147107,2.400588428
Images (4385).jpg,test,0.417688968,0.417688968,2.670755872
Images (4386).jpg,test,0.340790411,0.340790411,2.363161644
Images (4387).jpg,train,0.040463993,0.040463993,1.161855972
Images (4388).jpg,train,0.694354069,0.694354069,3.777416276
Images (4389).jpg,train,0.844083943,0.844083943,4.376335772
Images (4390).jpg,train,0.236942208,0.236942208,1.947768832
Images (4391).jpg,train,0.346603882,0.346603882,2.386415528
Images (4392).jpg,train,0.552019294,0.552019294,3.208077176
Images (4393).jpg,train,0.251892918,0.251892918,2.007571672
Images (4394).jpg,train,0.347888362,0.347888362,2.391553448
Images (4395).jpg,train,0.380478585,0.380478585,2.52191434
Images (4396).jpg,train,0.335266765,0.335266765,2.3410670600000003
Images (4397).jpg,train,0.444541657,0.444541657,2.778166628
Images (4398).jpg,train,0.267006007,0.267006007,2.068024028
Images (4399).jpg,train,0.485871101,0.485871101,2.9434844040000003
Images (4400).jpg,train,0.426208229,0.426208229,2.704832916
Images (4401).jpg,train,0.594673481,0.594673481,3.378693924
Images (4402).jpg,train,0.484836152,0.484836152,2.939344608
Images (4403).jpg,val,0.519329228,0.519329228,3.077316912
Images (4404).jpg,train,0.530645563,0.530645563,3.122582252
Images (4405).jpg,train,0.475059701,0.475059701,2.900238804
Images (4406).jpg,train,0.550932038,0.550932038,3.203728152
Images (4407).jpg,train,0.601879877,0.601879877,3.407519508
Images (4408).jpg,train,0.674975958,0.674975958,3.699903832
Images (4409).jpg,train,0.477277453,0.477277453,2.909109812
Images (4410).jpg,train,0.484578325,0.484578325,2.9383133
Images (4411).jpg,train,0.574563925,0.574563925,3.2982557
Images (4412).jpg,train,0.246559746,0.246559746,1.986238984
Images (4413).jpg,train,0.297326539,0.297326539,2.189306156
Images (4414).jpg,train,0.438980983,0.438980983,2.755923932
Images (4415).jpg,train,0.333908891,0.333908891,2.335635564
Images (4416).jpg,train,0.333856068,0.333856068,2.335424272
Images (4417).jpg,train,0.450102786,0.450102786,2.800411144
Images (4418).jpg,train,0.638723919,0.638723919,3.554895676
Images (4419).jpg,test,0.446938813,0.446938813,2.787755252
Images (4420).jpg,train,0.506162624,0.506162624,3.024650496
Images (4421).jpg,test,0.658846712,0.658846712,3.635386848
Images (4422).jpg,train,0.643698284,0.643698284,3.574793136
Images (4423).jpg,train,0.393829026,0.393829026,2.575316104
Images (4424).jpg,train,0.4767151,0.4767151,2.9068604
Images (4425).jpg,test,0.433098703,0.433098703,2.732394812
Images (4426).jpg,train,0.190358584,0.190358584,1.761434336
Images (4427).jpg,train,0.290111204,0.290111204,2.160444816
Images (4428).jpg,train,0.579843325,0.579843325,3.3193733
Images (4429).jpg,train,0.560474464,0.560474464,3.241897856
Images (4430).jpg,train,0.491505373,0.491505373,2.9660214920000003
Images (4431).jpg,train,0.635251944,0.635251944,3.541007776
Images (4432).jpg,val,0.549136078,0.549136078,3.196544312
Images (4433).jpg,train,0.302532088,0.302532088,2.210128352
Images (4434).jpg,val,0.711912091,0.711912091,3.847648364
Images (4435).jpg,train,0.514323409,0.514323409,3.057293636
Images (4436).jpg,train,0.521766678,0.521766678,3.087066712
Images (4437).jpg,train,0.570948122,0.570948122,3.283792488
Images (4438).jpg,train,0.613773008,0.613773008,3.455092032
Images (4439).jpg,test,0.509418715,0.509418715,3.03767486
Images (4440).jpg,train,0.538923809,0.538923809,3.155695236
Images (4441).jpg,train,0.491865227,0.491865227,2.967460908
Images (4442).jpg,test,0.63716346,0.63716346,3.54865384
Images (4443).jpg,train,0.726699307,0.726699307,3.906797228
Images (4444).jpg,train,0.424202721,0.424202721,2.696810884
Images (4445).jpg,val,0.750363047,0.750363047,4.001452188
Images (4446).jpg,train,0.540935185,0.540935185,3.16374074
Images (4447).jpg,val,0.611755726,0.611755726,3.447022904
Images (4448).jpg,train,0.815146426,0.815146426,4.260585704
Images (4449).jpg,test,0.546026122,0.546026122,3.184104488
Images (4450).jpg,train,0.598543342,0.598543342,3.394173368
Images (4451).jpg,test,0.700734966,0.700734966,3.802939864
Images (4452).jpg,train,0.551321769,0.551321769,3.205287076
Images (4453).jpg,train,0.567624443,0.567624443,3.270497772
Images (4454).jpg,train,0.613395918,0.613395918,3.453583672
Images (4455).jpg,train,0.55861171,0.55861171,3.23444684
Images (4456).jpg,train,0.318521904,0.318521904,2.274087616
Images (4457).jpg,train,0.460013193,0.460013193,2.840052772
Images (4458).jpg,test,0.294331319,0.294331319,2.177325276
Images (4459).jpg,train,0.499657717,0.499657717,2.998630868
Images (4460).jpg,train,0.36798507,0.36798507,2.47194028
Images (4461).jpg,train,0.380370381,0.380370381,2.521481524
Images (4462).jpg,train,0.629960658,0.629960658,3.519842632
Images (4463).jpg,train,0.528065874,0.528065874,3.112263496
Images (4464).jpg,test,0.430120003,0.430120003,2.720480012
Images (4465).jpg,train,0.636010203,0.636010203,3.544040812
Images (4466).jpg,train,0.536056139,0.536056139,3.144224556
Images (4467).jpg,test,0.283471501,0.283471501,2.133886004
Images (4468).jpg,val,0.38844541,0.38844541,2.55378164
Images (4469).jpg,train,0.560769962,0.560769962,3.243079848
Images (4470).jpg,train,0.329886452,0.329886452,2.319545808
Images (4471).jpg,train,0.22234346,0.22234346,1.88937384
Images (4472).jpg,test,0.343630241,0.343630241,2.374520964
Images (4473).jpg,val,0.517865403,0.517865403,3.071461612
Images (4474).jpg,train,0.63798309,0.63798309,3.55193236
Images (4475).jpg,val,0.622264595,0.622264595,3.48905838
Images (4476).jpg,train,0.597555741,0.597555741,3.390222964
Images (4477).jpg,test,0.643332426,0.643332426,3.573329704
Images (4478).jpg,train,0.709020948,0.709020948,3.836083792
Images (4479).jpg,train,0.598120952,0.598120952,3.392483808
Images (4480).jpg,train,0.550457871,0.550457871,3.201831484
Images (4481).jpg,train,0.767733254,0.767733254,4.070933016
Images (4482).jpg,train,0.625183227,0.625183227,3.500732908
Images (4483).jpg,test,0.595051534,0.595051534,3.380206136
Images (4484).jpg,train,0.742052111,0.742052111,3.968208444
Images (4485).jpg,test,0.684374726,0.684374726,3.737498904
Images (4486).jpg,train,0.613096359,0.613096359,3.452385436
Images (4487).jpg,train,0.67631427,0.67631427,3.70525708
Images (4488).jpg,train,0.663930802,0.663930802,3.655723208
Images (4489).jpg,train,0.72227937,0.72227937,3.88911748
Images (4490).jpg,train,0.689031518,0.689031518,3.756126072
Images (4491).jpg,train,0.593361733,0.593361733,3.373446932
Images (4492).jpg,val,0.585671281,0.585671281,3.342685124
Images (4493).jpg,train,0.5462239,0.5462239,3.1848956
Images (4494).jpg,train,0.59537331,0.59537331,3.38149324
Images (4495).jpg,train,0.267937653,0.267937653,2.071750612
Images (4496).jpg,train,0.521381111,0.521381111,3.085524444
Images (4497).jpg,train,0.555597074,0.555597074,3.222388296
Images (4498).jpg,test,0.287753403,0.287753403,2.151013612
Images (4499).jpg,test,0.486009984,0.486009984,2.944039936
Images (4500).jpg,train,0.45611542,0.45611542,2.82446168
Images (4501).jpg,train,0.41742614,0.41742614,2.66970456
Images (4502).jpg,val,0.415548813,0.415548813,2.662195252
Images (4503).jpg,test,0.391816031,0.391816031,2.5672641240000003
Images (4504).jpg,train,0.628872957,0.628872957,3.515491828
Images (4505).jpg,train,0.380128396,0.380128396,2.520513584
Images (4506).jpg,train,0.510657856,0.510657856,3.042631424
Images (4507).jpg,train,0.605549192,0.605549192,3.422196768
Images (4508).jpg,val,0.631081279,0.631081279,3.524325116
Images (4509).jpg,train,0.475068108,0.475068108,2.900272432
Images (4510).jpg,test,0.751653874,0.751653874,4.006615496
Images (4511).jpg,train,0.68172044,0.68172044,3.72688176
Images (4512).jpg,val,0.438274893,0.438274893,2.753099572
Images (4513).jpg,train,0.570952485,0.570952485,3.28380994
Images (4514).jpg,train,0.491332811,0.491332811,2.965331244
Images (4515).jpg,val,0.518588435,0.518588435,3.07435374
Images (4516).jpg,val,0.450775158,0.450775158,2.803100632
Images (4517).jpg,train,0.642878301,0.642878301,3.571513204
Images (4518).jpg,train,0.442055153,0.442055153,2.768220612
Images (4519).jpg,train,0.354019216,0.354019216,2.416076864
Images (4520).jpg,test,0.579934259,0.579934259,3.319737036
Images (4521).jpg,train,0.715039993,0.715039993,3.860159972
Images (4522).jpg,test,0.688327981,0.688327981,3.753311924
Images (4523).jpg,test,0.457421106,0.457421106,2.829684424
Images (4524).jpg,test,0.50230411,0.50230411,3.00921644
Images (4525).jpg,train,0.579329347,0.579329347,3.317317388
Images (4526).jpg,val,0.567434609,0.567434609,3.269738436
Images (4527).jpg,train,0.531170596,0.531170596,3.124682384
Images (4528).jpg,val,0.265475147,0.265475147,2.0619005880000003
Images (4529).jpg,train,0.212059637,0.212059637,1.848238548
Images (4530).jpg,val,0.550183347,0.550183347,3.200733388
Images (4531).jpg,train,0.409235016,0.409235016,2.636940064
Images (4532).jpg,train,0.550961792,0.550961792,3.203847168
Images (4533).jpg,train,0.57316937,0.57316937,3.29267748
Images (4534).jpg,train,0.552292454,0.552292454,3.209169816
Images (4535).jpg,test,0.531078778,0.531078778,3.124315112
Images (4536).jpg,train,0.737157237,0.737157237,3.948628948
Images (4537).jpg,test,0.511451737,0.511451737,3.045806948
Images (4538).jpg,train,0.609124393,0.609124393,3.436497572
Images (4539).jpg,train,0.552492687,0.552492687,3.209970748
Images (4540).jpg,train,0.53236283,0.53236283,3.12945132
Images (4541).jpg,train,0.387902911,0.387902911,2.5516116440000003
Images (4542).jpg,train,0.610112877,0.610112877,3.440451508
Images (4543).jpg,train,0.44627117,0.44627117,2.78508468
Images (4544).jpg,train,0.360751821,0.360751821,2.443007284
Images (4545).jpg,train,0.582572405,0.582572405,3.33028962
Images (4546).jpg,val,0.425865083,0.425865083,2.703460332
Images (4547).jpg,train,0.410806989,0.410806989,2.643227956
Images (4548).jpg,train,0.385002081,0.385002081,2.540008324
Images (4549).jpg,train,0.283802295,0.283802295,2.13520918
Images (4550).jpg,train,0.782751452,0.782751452,4.131005807999999
Images (4551).jpg,train,0.567696198,0.567696198,3.270784792
Images (4552).jpg,test,0.70405861,0.70405861,3.81623444
Images (4553).jpg,train,0.513600753,0.513600753,3.054403012
Images (4554).jpg,train,0.676684748,0.676684748,3.706738992
Images (4555).jpg,test,0.55819218,0.55819218,3.23276872
Images (4556).jpg,train,0.599049478,0.599049478,3.396197912
Images (4557).jpg,train,0.648976518,0.648976518,3.595906072
Images (4558).jpg,train,0.620110669,0.620110669,3.480442676
Images (4559).jpg,train,0.574461882,0.574461882,3.297847528
Images (4560).jpg,train,0.497394842,0.497394842,2.989579368
Images (4561).jpg,train,0.587883541,0.587883541,3.351534164
Images (4562).jpg,train,0.492234245,0.492234245,2.96893698
Images (4563).jpg,test,0.553833606,0.553833606,3.215334424
Images (4564).jpg,train,0.475963891,0.475963891,2.903855564
Images (4565).jpg,train,0.630145177,0.630145177,3.520580708
Images (4566).jpg,train,0.463789549,0.463789549,2.855158196
Images (4567).jpg,val,0.448934994,0.448934994,2.795739976
Images (4568).jpg,train,0.349277706,0.349277706,2.3971108240000003
Images (4569).jpg,train,0.51746709,0.51746709,3.06986836
Images (4570).jpg,train,0.420141059,0.420141059,2.680564236
Images (4571).jpg,train,0.482909024,0.482909024,2.931636096
Images (4572).jpg,train,0.552074978,0.552074978,3.208299912
Images (4573).jpg,train,0.547327057,0.547327057,3.189308228
Images (4574).jpg,train,0.509385195,0.509385195,3.03754078
Images (4575).jpg,test,0.543433205,0.543433205,3.17373282
Images (4576).jpg,val,0.528055895,0.528055895,3.11222358
Images (4577).jpg,train,0.321821299,0.321821299,2.287285196
Images (4578).jpg,train,0.560126507,0.560126507,3.240506028
Images (4579).jpg,train,0.693599187,0.693599187,3.774396748
Images (4580).jpg,val,0.458122657,0.458122657,2.832490628
Images (4581).jpg,test,0.403896842,0.403896842,2.615587368
Images (4582).jpg,val,0.375255971,0.375255971,2.5010238840000003
Images (4583).jpg,val,0.714131759,0.714131759,3.856527036
Images (4584).jpg,train,0.415088192,0.415088192,2.660352768
Images (4585).jpg,train,0.464766924,0.464766924,2.8590676960000003
Images (4586).jpg,train,0.634094271,0.634094271,3.536377084
Images (4587).jpg,train,0.206540017,0.206540017,1.826160068
Images (4588).jpg,val,0.478906872,0.478906872,2.915627488
Images (4589).jpg,train,0.413181744,0.413181744,2.6527269760000003
Images (4590).jpg,test,0.545393747,0.545393747,3.181574988
Images (4591).jpg,train,0.444819042,0.444819042,2.779276168
Images (4592).jpg,train,0.709336296,0.709336296,3.837345184
Images (4593).jpg,train,0.423675034,0.423675034,2.694700136
Images (4594).jpg,train,0.221043019,0.221043019,1.884172076
Images (4595).jpg,train,0.531615555,0.531615555,3.12646222
Images (4596).jpg,train,0.431403172,0.431403172,2.725612688
Images (4597).jpg,train,0.416424534,0.416424534,2.665698136
Images (4598).jpg,train,0.560617515,0.560617515,3.24247006
Images (4599).jpg,train,0.342526593,0.342526593,2.370106372
Images (4600).jpg,test,0.716558048,0.716558048,3.866232192
Images (4601).jpg,val,0.527142187,0.527142187,3.108568748
Images (4602).jpg,train,0.597306179,0.597306179,3.389224716
Images (4603).jpg,val,0.360929187,0.360929187,2.443716748
Images (4604).jpg,train,0.481374276,0.481374276,2.925497104
Images (4605).jpg,train,0.319642824,0.319642824,2.278571296
Images (4606).jpg,train,0.284368813,0.284368813,2.137475252
Images (4607).jpg,val,0.697920497,0.697920497,3.791681988
Images (4608).jpg,val,0.767059338,0.767059338,4.068237352000001
Images (4609).jpg,val,0.474835122,0.474835122,2.899340488
Images (4610).jpg,train,0.555185086,0.555185086,3.220740344
Images (4611).jpg,train,0.398813192,0.398813192,2.595252768
Images (4612).jpg,train,0.351562727,0.351562727,2.406250908
Images (4613).jpg,train,0.327797358,0.327797358,2.311189432
Images (4614).jpg,train,0.705618114,0.705618114,3.822472456
Images (4615).jpg,train,0.423542702,0.423542702,2.694170808
Images (4616).jpg,test,0.487704487,0.487704487,2.950817948
Images (4617).jpg,train,0.419488445,0.419488445,2.67795378
Images (4618).jpg,train,0.751826489,0.751826489,4.007305956
Images (4619).jpg,train,0.443342631,0.443342631,2.773370524
Images (4620).jpg,train,0.465430734,0.465430734,2.861722936
Images (4621).jpg,train,0.402146037,0.402146037,2.6085841480000003
Images (4622).jpg,train,0.547234498,0.547234498,3.188937992
Images (4623).jpg,train,0.653792609,0.653792609,3.615170436
Images (4624).jpg,train,0.416838181,0.416838181,2.667352724
Images (4625).jpg,test,0.455334326,0.455334326,2.821337304
Images (4626).jpg,train,0.353643574,0.353643574,2.414574296
Images (4627).jpg,train,0.446674292,0.446674292,2.786697168
Images (4628).jpg,train,0.502778263,0.502778263,3.011113052
Images (4629).jpg,train,0.452073572,0.452073572,2.808294288
Images (4630).jpg,train,0.415820801,0.415820801,2.663283204
Images (4631).jpg,train,0.507323563,0.507323563,3.029294252
Images (4632).jpg,train,0.546020541,0.546020541,3.184082164
Images (4633).jpg,train,0.479376328,0.479376328,2.9175053120000003
Images (4634).jpg,train,0.642427866,0.642427866,3.569711464
Images (4635).jpg,test,0.372243416,0.372243416,2.488973664
Images (4636).jpg,train,0.398352215,0.398352215,2.5934088600000003
Images (4637).jpg,train,0.674331716,0.674331716,3.697326864
Images (4638).jpg,train,0.458541515,0.458541515,2.8341660600000003
Images (4639).jpg,test,0.340466727,0.340466727,2.361866908
Images (4640).jpg,train,0.553397971,0.553397971,3.213591884
Images (4641).jpg,train,0.740444411,0.740444411,3.961777644
Images (4642).jpg,test,0.317790736,0.317790736,2.2711629440000003
Images (4643).jpg,test,0.43245002,0.43245002,2.72980008
Images (4644).jpg,train,0.310072738,0.310072738,2.240290952
Images (4645).jpg,train,0.457568396,0.457568396,2.830273584
Images (4646).jpg,train,0.542379963,0.542379963,3.169519852
Images (4647).jpg,test,0.639079692,0.639079692,3.556318768
Images (4648).jpg,test,0.413381645,0.413381645,2.6535265800000003
Images (4649).jpg,train,0.570539963,0.570539963,3.282159852
Images (4650).jpg,train,0.343327644,0.343327644,2.373310576
Images (4651).jpg,train,0.371787387,0.371787387,2.487149548
Images (4652).jpg,test,0.207510363,0.207510363,1.830041452
Images (4653).jpg,train,0.774627048,0.774627048,4.098508192000001
Images (4654).jpg,test,0.346260934,0.346260934,2.385043736
Images (4655).jpg,train,0.472313454,0.472313454,2.889253816
Images (4656).jpg,test,0.435234139,0.435234139,2.7409365560000003
Images (4657).jpg,train,0.461814913,0.461814913,2.847259652
Images (4658).jpg,val,0.603479931,0.603479931,3.413919724
Images (4659).jpg,val,0.52495374,0.52495374,3.09981496
Images (4660).jpg,test,0.586972658,0.586972658,3.347890632
Images (4661).jpg,train,0.385610172,0.385610172,2.542440688
Images (4662).jpg,train,0.478158648,0.478158648,2.912634592
Images (4663).jpg,train,0.455723531,0.455723531,2.8228941240000003
Images (4664).jpg,train,0.2584507,0.2584507,2.0338028
Images (4665).jpg,train,0.75585909,0.75585909,4.02343636
Images (4666).jpg,train,0.43263112,0.43263112,2.73052448
Images (4667).jpg,train,0.794162201,0.794162201,4.176648804
Images (4668).jpg,val,0.613272297,0.613272297,3.453089188
Images (4669).jpg,train,0.525217884,0.525217884,3.100871536
Images (4670).jpg,train,0.698740886,0.698740886,3.794963544
Images (4671).jpg,train,0.607118975,0.607118975,3.4284759
Images (4672).jpg,train,0.678553897,0.678553897,3.714215588
Images (4673).jpg,train,0.514535778,0.514535778,3.058143112
Images (4674).jpg,val,0.395095947,0.395095947,2.580383788
Images (4675).jpg,train,0.764103022,0.764103022,4.056412088
Images (4676).jpg,train,0.547635836,0.547635836,3.190543344
Images (4677).jpg,train,0.496135268,0.496135268,2.984541072
Images (4678).jpg,train,0.734466355,0.734466355,3.93786542
Images (4679).jpg,train,0.633103121,0.633103121,3.532412484
Images (4680).jpg,train,0.361683861,0.361683861,2.446735444
Images (4681).jpg,train,0.445255895,0.445255895,2.7810235800000003
Images (4682).jpg,test,0.748713986,0.748713986,3.994855944
Images (4683).jpg,train,0.643802559,0.643802559,3.575210236
Images (4684).jpg,train,0.601328759,0.601328759,3.405315036
Images (4685).jpg,val,0.675863183,0.675863183,3.703452732
Images (4686).jpg,train,0.814912458,0.814912458,4.259649832
Images (4687).jpg,train,0.449058142,0.449058142,2.796232568
Images (4688).jpg,train,0.671797061,0.671797061,3.687188244
Images (4689).jpg,val,0.455821936,0.455821936,2.823287744
Images (4690).jpg,test,0.410321251,0.410321251,2.641285004
Images (4691).jpg,test,0.46872688,0.46872688,2.87490752
Images (4692).jpg,test,0.317863021,0.317863021,2.271452084
Images (4693).jpg,test,0.421808929,0.421808929,2.687235716
Images (4694).jpg,train,0.458274376,0.458274376,2.833097504
Images (4695).jpg,train,0.521475313,0.521475313,3.085901252
Images (4696).jpg,train,0.447310569,0.447310569,2.789242276
Images (4697).jpg,test,0.304103266,0.304103266,2.216413064
Images (4698).jpg,val,0.675038424,0.675038424,3.700153696
Images (4699).jpg,train,0.359899413,0.359899413,2.439597652
Images (4700).jpg,train,0.509872028,0.509872028,3.039488112
Images (4701).jpg,train,0.522135785,0.522135785,3.08854314
Images (4702).jpg,train,0.456141788,0.456141788,2.824567152
Images (4703).jpg,train,0.34601493,0.34601493,2.38405972
Images (4704).jpg,val,0.373871006,0.373871006,2.495484024
Images (4705).jpg,train,0.313660001,0.313660001,2.254640004
Images (4706).jpg,train,0.482144442,0.482144442,2.928577768
Images (4707).jpg,train,0.345335,0.345335,2.38134
Images (4708).jpg,train,0.693420019,0.693420019,3.773680076
Images (4709).jpg,test,0.553032767,0.553032767,3.212131068
Images (4710).jpg,train,0.424733954,0.424733954,2.698935816
Images (4711).jpg,train,0.35228722,0.35228722,2.40914888
Images (4712).jpg,train,0.488303412,0.488303412,2.953213648
Images (4713).jpg,train,0.452660293,0.452660293,2.810641172
Images (4714).jpg,train,0.535363637,0.535363637,3.141454548
Images (4715).jpg,train,0.48945296,0.48945296,2.95781184
Images (4716).jpg,test,0.263405109,0.263405109,2.053620436
Images (4717).jpg,train,0.293612884,0.293612884,2.1744515360000003
Images (4718).jpg,train,0.621090587,0.621090587,3.484362348
Images (4719).jpg,train,0.418327153,0.418327153,2.673308612
Images (4720).jpg,val,0.602211831,0.602211831,3.408847324
Images (4721).jpg,val,0.440351926,0.440351926,2.761407704
Images (4722).jpg,test,0.419877138,0.419877138,2.679508552
Images (4723).jpg,train,0.455897629,0.455897629,2.8235905160000003
Images (4724).jpg,val,0.399824193,0.399824193,2.599296772
Images (4725).jpg,train,0.462209947,0.462209947,2.8488397880000003
Images (4726).jpg,train,0.406110832,0.406110832,2.624443328
Images (4727).jpg,train,0.311282933,0.311282933,2.245131732
Images (4728).jpg,test,0.411187964,0.411187964,2.644751856
Images (4729).jpg,train,0.107810624,0.107810624,1.431242496
Images (4730).jpg,train,0.466251424,0.466251424,2.865005696
Images (4731).jpg,test,0.441890873,0.441890873,2.767563492
Images (4732).jpg,train,0.350680685,0.350680685,2.40272274
Images (4733).jpg,val,0.555185669,0.555185669,3.220742676
Images (4734).jpg,train,0.453713291,0.453713291,2.814853164
Images (4735).jpg,train,0.405692017,0.405692017,2.622768068
Images (4736).jpg,val,0.393468583,0.393468583,2.573874332
Images (4737).jpg,val,0.569351628,0.569351628,3.277406512
Images (4738).jpg,val,0.373846505,0.373846505,2.49538602
Images (4739).jpg,train,0.279359127,0.279359127,2.117436508
Images (4740).jpg,test,0.628936465,0.628936465,3.51574586
Images (4741).jpg,train,0.191466135,0.191466135,1.76586454
Images (4742).jpg,test,0.190625807,0.190625807,1.762503228
Images (4743).jpg,test,0.626630887,0.626630887,3.506523548
Images (4744).jpg,train,0.588352431,0.588352431,3.353409724
Images (4745).jpg,train,0.55830394,0.55830394,3.23321576
Images (4746).jpg,train,0.580805988,0.580805988,3.323223952
Images (4747).jpg,test,0.485472059,0.485472059,2.941888236
Images (4748).jpg,val,0.597427878,0.597427878,3.389711512
Images (4749).jpg,train,0.540716875,0.540716875,3.1628675
Images (4750).jpg,train,0.509282639,0.509282639,3.037130556
Images (4751).jpg,train,0.224235032,0.224235032,1.896940128
Images (4752).jpg,train,0.379863007,0.379863007,2.519452028
Images (4753).jpg,train,0.354445374,0.354445374,2.417781496
Images (4754).jpg,train,0.666059156,0.666059156,3.664236624
Images (4755).jpg,train,0.513961666,0.513961666,3.055846664
Images (4756).jpg,val,0.552290172,0.552290172,3.209160688
Images (4757).jpg,val,0.379548336,0.379548336,2.518193344
Images (4758).jpg,train,0.476369927,0.476369927,2.905479708
Images (4759).jpg,train,0.41423891,0.41423891,2.65695564
Images (4760).jpg,train,0.703202736,0.703202736,3.812810944
Images (4761).jpg,train,0.71933951,0.71933951,3.87735804
Images (4762).jpg,train,0.273776529,0.273776529,2.095106116
Images (4763).jpg,train,0.437230637,0.437230637,2.748922548
Images (4764).jpg,val,0.452800105,0.452800105,2.81120042
Images (4765).jpg,train,0.201126432,0.201126432,1.804505728
Images (4766).jpg,train,0.289823477,0.289823477,2.159293908
Images (4767).jpg,train,0.696530464,0.696530464,3.786121856
Images (4768).jpg,train,0.459218266,0.459218266,2.836873064
Images (4769).jpg,train,0.442609875,0.442609875,2.7704395
Images (4770).jpg,train,0.536475568,0.536475568,3.145902272
Images (4771).jpg,train,0.06619568,0.06619568,1.26478272
Images (4772).jpg,val,0.440792135,0.440792135,2.76316854
Images (4773).jpg,val,0.582159429,0.582159429,3.328637716
Images (4774).jpg,train,0.381856934,0.381856934,2.527427736
Images (4775).jpg,train,0.545598222,0.545598222,3.182392888
Images (4776).jpg,train,0.254991524,0.254991524,2.019966096
Images (4777).jpg,test,0.326611531,0.326611531,2.306446124
Images (4778).jpg,train,0.309836533,0.309836533,2.239346132
Images (4779).jpg,train,0.363072269,0.363072269,2.452289076
Images (4780).jpg,test,0.6012519,0.6012519,3.4050076
Images (4781).jpg,test,0.61684285,0.61684285,3.4673714
Images (4782).jpg,train,0.525254318,0.525254318,3.101017272
Images (4783).jpg,test,0.452941204,0.452941204,2.811764816
Images (4784).jpg,train,0.09719836,0.09719836,1.38879344
Images (4785).jpg,train,0.117683038,0.117683038,1.470732152
Images (4786).jpg,train,0.398519719,0.398519719,2.594078876
Images (4787).jpg,train,0.493945591,0.493945591,2.975782364
Images (4788).jpg,val,0.665067894,0.665067894,3.660271576
Images (4789).jpg,train,0.572162078,0.572162078,3.288648312
Images (4790).jpg,test,0.622961766,0.622961766,3.491847064
Images (4791).jpg,train,0.559245849,0.559245849,3.236983396
Images (4792).jpg,train,0.631628299,0.631628299,3.526513196
Images (4793).jpg,val,0.515921128,0.515921128,3.063684512
Images (4794).jpg,test,0.414597068,0.414597068,2.658388272
Images (4795).jpg,train,0.543748518,0.543748518,3.174994072
Images (4796).jpg,train,0.429015422,0.429015422,2.716061688
Images (4797).jpg,train,0.550888766,0.550888766,3.203555064
Images (4798).jpg,train,0.362791465,0.362791465,2.45116586
Images (4799).jpg,train,0.513282273,0.513282273,3.053129092
Images (4800).jpg,train,0.545514023,0.545514023,3.182056092
Images (4801).jpg,train,0.490192376,0.490192376,2.960769504
Images (4802).jpg,train,0.581624771,0.581624771,3.326499084
Images (4803).jpg,train,0.570469239,0.570469239,3.281876956
Images (4804).jpg,train,0.674095222,0.674095222,3.696380888
Images (4805).jpg,train,0.502523049,0.502523049,3.010092196
Images (4806).jpg,train,0.743720105,0.743720105,3.97488042
Images (4807).jpg,train,0.832671305,0.832671305,4.33068522
Images (4808).jpg,val,0.739421736,0.739421736,3.957686944
Images (4809).jpg,train,0.412189411,0.412189411,2.648757644
Images (4810).jpg,train,0.518320258,0.518320258,3.073281032
Images (4811).jpg,train,0.323844484,0.323844484,2.295377936
Images (4812).jpg,test,0.395281789,0.395281789,2.581127156
Images (4813).jpg,train,0.300645808,0.300645808,2.2025832320000003
Images (4814).jpg,test,0.704154878,0.704154878,3.816619512
Images (4815).jpg,train,0.530632812,0.530632812,3.122531248
Images (4816).jpg,val,0.702986062,0.702986062,3.811944248
Images (4817).jpg,test,0.741079452,0.741079452,3.964317808
Images (4818).jpg,train,0.492588218,0.492588218,2.9703528720000003
Images (4819).jpg,train,0.342396292,0.342396292,2.369585168
Images (4820).jpg,train,0.294724886,0.294724886,2.178899544
Images (4821).jpg,train,0.220166352,0.220166352,1.880665408
Images (4822).jpg,train,0.497605198,0.497605198,2.990420792
Images (4823).jpg,train,0.483016083,0.483016083,2.932064332
Images (4824).jpg,train,0.48435739,0.48435739,2.93742956
Images (4825).jpg,train,0.366985301,0.366985301,2.467941204
Images (4826).jpg,train,0.41350587,0.41350587,2.65402348
Images (4827).jpg,val,0.390029923,0.390029923,2.560119692
Images (4828).jpg,test,0.368835747,0.368835747,2.475342988
Images (4829).jpg,train,0.46873013,0.46873013,2.87492052
Images (4830).jpg,train,0.323131241,0.323131241,2.292524964
Images (4831).jpg,val,0.381004584,0.381004584,2.524018336
Images (4832).jpg,train,0.141665403,0.141665403,1.566661612
Images (4833).jpg,train,0.141209653,0.141209653,1.564838612
Images (4834).jpg,train,0.372434533,0.372434533,2.4897381320000003
Images (4835).jpg,test,0.65017978,0.65017978,3.60071912
Images (4836).jpg,val,0.473762651,0.473762651,2.895050604
Images (4837).jpg,test,0.610092461,0.610092461,3.440369844
Images (4838).jpg,train,0.51962794,0.51962794,3.07851176
Images (4839).jpg,test,0.291650576,0.291650576,2.166602304
Images (4840).jpg,train,0.53593819,0.53593819,3.14375276
Images (4841).jpg,train,0.49583751,0.49583751,2.98335004
Images (4842).jpg,train,0.433465373,0.433465373,2.733861492
Images (4843).jpg,train,0.56691083,0.56691083,3.26764332
Images (4844).jpg,train,0.617791209,0.617791209,3.471164836
Images (4845).jpg,train,0.744126236,0.744126236,3.976504944
Images (4846).jpg,train,0.591668851,0.591668851,3.366675404
Images (4847).jpg,train,0.703955754,0.703955754,3.815823016
Images (4848).jpg,train,0.405453132,0.405453132,2.621812528
Images (4849).jpg,test,0.414543256,0.414543256,2.658173024
Images (4850).jpg,train,0.18447413,0.18447413,1.73789652
Images (4851).jpg,val,0.189448778,0.189448778,1.7577951120000002
Images (4852).jpg,train,0.364738515,0.364738515,2.45895406
Images (4853).jpg,train,0.414654571,0.414654571,2.658618284
Images (4854).jpg,train,0.533343048,0.533343048,3.133372192
Images (4855).jpg,train,0.308752181,0.308752181,2.235008724
Images (4856).jpg,train,0.447689259,0.447689259,2.790757036
Images (4857).jpg,test,0.410643134,0.410643134,2.6425725360000003
Images (4858).jpg,train,0.353017752,0.353017752,2.412071008
Images (4859).jpg,val,0.482125739,0.482125739,2.928502956
Images (4860).jpg,train,0.374443105,0.374443105,2.49777242
Images (4861).jpg,train,0.640686791,0.640686791,3.562747164
Images (4862).jpg,train,0.502563386,0.502563386,3.010253544
Images (4863).jpg,train,0.634199741,0.634199741,3.536798964
Images (4864).jpg,train,0.376155533,0.376155533,2.504622132
Images (4865).jpg,train,0.385950846,0.385950846,2.5438033840000003
Images (4866).jpg,train,0.490517151,0.490517151,2.962068604
Images (4867).jpg,train,0.157016169,0.157016169,1.6280646760000002
Images (4868).jpg,train,0.528964976,0.528964976,3.115859904
Images (4869).jpg,train,0.471616654,0.471616654,2.886466616
Images (4870).jpg,train,0.476402051,0.476402051,2.905608204
Images (4871).jpg,train,0.442064011,0.442064011,2.768256044
Images (4872).jpg,train,0.518038977,0.518038977,3.072155908
Images (4873).jpg,train,0.300436318,0.300436318,2.201745272
Images (4874).jpg,train,0.365253174,0.365253174,2.461012696
Images (4875).jpg,train,0.533452968,0.533452968,3.133811872
Images (4876).jpg,test,0.48315735,0.48315735,2.9326294
Images (4877).jpg,train,0.355570491,0.355570491,2.422281964
Images (4878).jpg,train,0.225954751,0.225954751,1.903819004
Images (4879).jpg,train,0.446972474,0.446972474,2.7878898960000003
Images (4880).jpg,test,0.416670532,0.416670532,2.666682128
Images (4881).jpg,train,0.326703864,0.326703864,2.306815456
Images (4882).jpg,train,0.612555821,0.612555821,3.450223284
Images (4883).jpg,test,0.797763875,0.797763875,4.1910555
Images (4884).jpg,train,0.618622477,0.618622477,3.474489908
Images (4885).jpg,train,0.552354369,0.552354369,3.209417476
Images (4886).jpg,train,0.590256759,0.590256759,3.361027036
Images (4887).jpg,train,0.443514168,0.443514168,2.774056672
Images (4888).jpg,train,0.55380441,0.55380441,3.21521764
Images (4889).jpg,train,0.542508141,0.542508141,3.170032564
Images (4890).jpg,train,0.484918292,0.484918292,2.939673168
Images (4891).jpg,val,0.299801347,0.299801347,2.199205388
Images (4892).jpg,val,0.361712153,0.361712153,2.446848612
Images (4893).jpg,train,0.340197747,0.340197747,2.360790988
Images (4894).jpg,train,0.378840886,0.378840886,2.515363544
Images (4895).jpg,train,0.572630951,0.572630951,3.290523804
Images (4896).jpg,train,0.599501908,0.599501908,3.398007632
Images (4897).jpg,train,0.551440131,0.551440131,3.205760524
Images (4898).jpg,train,0.391568835,0.391568835,2.56627534
Images (4899).jpg,train,0.402653674,0.402653674,2.610614696
Images (4900).jpg,test,0.327121503,0.327121503,2.308486012
Images (4901).jpg,train,0.548632729,0.548632729,3.194530916
Images (4902).jpg,train,0.299108097,0.299108097,2.196432388
Images (4903).jpg,test,0.679815458,0.679815458,3.719261832
Images (4904).jpg,train,0.739010155,0.739010155,3.95604062
Images (4905).jpg,test,0.682150757,0.682150757,3.728603028
Images (4906).jpg,train,0.481495731,0.481495731,2.925982924
Images (4907).jpg,train,0.389538205,0.389538205,2.55815282
Images (4908).jpg,train,0.528542675,0.528542675,3.1141707
Images (4909).jpg,val,0.455122504,0.455122504,2.820490016
Images (4910).jpg,train,0.593025859,0.593025859,3.372103436
Images (4911).jpg,train,0.403744713,0.403744713,2.614978852
Images (4912).jpg,train,0.411672572,0.411672572,2.6466902880000003
Images (4913).jpg,train,0.418315656,0.418315656,2.673262624
Images (4914).jpg,train,0.332126191,0.332126191,2.328504764
Images (4915).jpg,train,0.414748871,0.414748871,2.658995484
Images (4916).jpg,val,0.350959952,0.350959952,2.403839808
Images (4917).jpg,train,0.651960459,0.651960459,3.607841836
Images (4918).jpg,test,0.618522342,0.618522342,3.474089368
Images (4919).jpg,train,0.434660447,0.434660447,2.738641788
Images (4920).jpg,train,0.347733195,0.347733195,2.39093278
Images (4921).jpg,train,0.423340123,0.423340123,2.693360492
Images (4922).jpg,train,0.211208324,0.211208324,1.844833296
Images (4923).jpg,train,0.488778977,0.488778977,2.955115908
Images (4924).jpg,train,0.371865761,0.371865761,2.487463044
Images (4925).jpg,train,0.368128174,0.368128174,2.472512696
Images (4926).jpg,train,0.14394412,0.14394412,1.57577648
Images (4927).jpg,val,0.420861154,0.420861154,2.683444616
Images (4928).jpg,train,0.433670042,0.433670042,2.734680168
Images (4929).jpg,train,0.278104444,0.278104444,2.112417776
Images (4930).jpg,test,0.178949804,0.178949804,1.715799216
Images (4931).jpg,train,0.345896161,0.345896161,2.383584644
Images (4932).jpg,test,0.493944184,0.493944184,2.9757767360000003
Images (4933).jpg,train,0.28877055,0.28877055,2.1550822
Images (4934).jpg,val,0.384952176,0.384952176,2.539808704
Images (4935).jpg,train,0.730765129,0.730765129,3.923060516
Images (4936).jpg,train,0.502919018,0.502919018,3.011676072
Images (4937).jpg,test,0.403945762,0.403945762,2.615783048
Images (4938).jpg,train,0.399546639,0.399546639,2.598186556
Images (4939).jpg,train,0.432112497,0.432112497,2.728449988
Images (4940).jpg,test,0.285980152,0.285980152,2.143920608
Images (4941).jpg,train,0.631582576,0.631582576,3.526330304
Images (4942).jpg,train,0.587194917,0.587194917,3.348779668
Images (4943).jpg,train,0.473585109,0.473585109,2.894340436
Images (4944).jpg,train,0.411527169,0.411527169,2.646108676
Images (4945).jpg,train,0.469580736,0.469580736,2.878322944
Images (4946).jpg,train,0.447593701,0.447593701,2.790374804
Images (4947).jpg,test,0.401993679,0.401993679,2.607974716
Images (4948).jpg,train,0.558081166,0.558081166,3.232324664
Images (4949).jpg,train,0.553998839,0.553998839,3.215995356
Images (4950).jpg,val,0.570419345,0.570419345,3.28167738
Images (4951).jpg,train,0.410033542,0.410033542,2.640134168
Images (4952).jpg,train,0.558460076,0.558460076,3.233840304
Images (4953).jpg,train,0.501598656,0.501598656,3.006394624
Images (4954).jpg,train,0.646298707,0.646298707,3.585194828
Images (4955).jpg,val,0.652172404,0.652172404,3.608689616
Images (4956).jpg,train,0.430839271,0.430839271,2.723357084
Images (4957).jpg,val,0.317872416,0.317872416,2.271489664
Images (4958).jpg,train,0.204555898,0.204555898,1.818223592
Images (4959).jpg,val,0.554799531,0.554799531,3.219198124
Images (4960).jpg,train,0.368425561,0.368425561,2.473702244
Images (4961).jpg,test,0.504224503,0.504224503,3.016898012
Images (4962).jpg,train,0.413894422,0.413894422,2.655577688
Images (4963).jpg,train,0.357772277,0.357772277,2.431089108
Images (4964).jpg,test,0.435562679,0.435562679,2.742250716
Images (4965).jpg,train,0.469131958,0.469131958,2.876527832
Images (4966).jpg,train,0.600053732,0.600053732,3.400214928
Images (4967).jpg,train,0.632997581,0.632997581,3.531990324
Images (4968).jpg,val,0.602300789,0.602300789,3.409203156
Images (4969).jpg,train,0.71525834,0.71525834,3.86103336
Images (4970).jpg,test,0.524186432,0.524186432,3.096745728
Images (4971).jpg,train,0.68352649,0.68352649,3.73410596
Images (4972).jpg,val,0.398349259,0.398349259,2.593397036
Images (4973).jpg,train,0.632593853,0.632593853,3.530375412
Images (4974).jpg,train,0.532204838,0.532204838,3.128819352
Images (4975).jpg,train,0.416354477,0.416354477,2.665417908
Images (4976).jpg,train,0.413635464,0.413635464,2.654541856
Images (4977).jpg,train,0.361345284,0.361345284,2.445381136
Images (4978).jpg,test,0.399584038,0.399584038,2.598336152
Images (4979).jpg,train,0.470705483,0.470705483,2.882821932
Images (4980).jpg,test,0.614622986,0.614622986,3.458491944
Images (4981).jpg,train,0.51522668,0.51522668,3.06090672
Images (4982).jpg,train,0.525703675,0.525703675,3.1028147
Images (4983).jpg,train,0.401574698,0.401574698,2.606298792
Images (4984).jpg,val,0.206858474,0.206858474,1.827433896
Images (4985).jpg,test,0.420034583,0.420034583,2.6801383320000003
Images (4986).jpg,test,0.329597676,0.329597676,2.318390704
Images (4987).jpg,train,0.394385918,0.394385918,2.577543672
Images (4988).jpg,train,0.298335974,0.298335974,2.193343896
Images (4989).jpg,train,0.601253903,0.601253903,3.405015612
Images (4990).jpg,train,0.628554451,0.628554451,3.514217804
Images (4991).jpg,train,0.505699562,0.505699562,3.022798248
Images (4992).jpg,test,0.550726606,0.550726606,3.202906424
Images (4993).jpg,train,0.437502015,0.437502015,2.75000806
Images (4994).jpg,train,0.693125687,0.693125687,3.772502748
Images (4995).jpg,val,0.506696858,0.506696858,3.026787432
Images (4996).jpg,test,0.549513447,0.549513447,3.198053788
Images (4997).jpg,train,0.634274145,0.634274145,3.53709658
Images (4998).jpg,train,0.462544916,0.462544916,2.850179664
Images (4999).jpg,test,0.563425821,0.563425821,3.253703284
Images (5000).jpg,train,0.602092935,0.602092935,3.40837174
Images (5001).jpg,train,0.564912034,0.564912034,3.259648136
Images (5002).jpg,test,0.627699373,0.627699373,3.510797492
Images (5003).jpg,train,0.448155207,0.448155207,2.792620828
Images (5004).jpg,train,0.433566303,0.433566303,2.734265212
Images (5005).jpg,train,0.580498093,0.580498093,3.321992372
Images (5006).jpg,test,0.505156744,0.505156744,3.020626976
Images (5007).jpg,val,0.404780651,0.404780651,2.619122604
Images (5008).jpg,test,0.483299553,0.483299553,2.933198212
Images (5009).jpg,train,0.478769677,0.478769677,2.915078708
Images (5010).jpg,train,0.580385087,0.580385087,3.321540348
Images (5011).jpg,train,0.584446557,0.584446557,3.337786228
Images (5012).jpg,val,0.526835854,0.526835854,3.107343416
Images (5013).jpg,train,0.666308277,0.666308277,3.665233108
Images (5014).jpg,train,0.459598133,0.459598133,2.8383925320000003
Images (5015).jpg,train,0.491922147,0.491922147,2.967688588
Images (5016).jpg,train,0.590696915,0.590696915,3.36278766
Images (5017).jpg,test,0.592482211,0.592482211,3.369928844
Images (5018).jpg,train,0.558623894,0.558623894,3.234495576
Images (5019).jpg,train,0.498326176,0.498326176,2.993304704
Images (5020).jpg,train,0.434248816,0.434248816,2.736995264
Images (5021).jpg,val,0.609630978,0.609630978,3.438523912
Images (5022).jpg,train,0.687678229,0.687678229,3.750712916
Images (5023).jpg,train,0.639533977,0.639533977,3.558135908
Images (5024).jpg,train,0.514217781,0.514217781,3.056871124
Images (5025).jpg,train,0.441556275,0.441556275,2.7662251
Images (5026).jpg,train,0.623070097,0.623070097,3.492280388
Images (5027).jpg,train,0.616860105,0.616860105,3.46744042
Images (5028).jpg,val,0.627341833,0.627341833,3.509367332
Images (5029).jpg,train,0.58809621,0.58809621,3.35238484
Images (5030).jpg,test,0.643025166,0.643025166,3.572100664
Images (5031).jpg,train,0.645798593,0.645798593,3.583194372
Images (5032).jpg,train,0.531255829,0.531255829,3.125023316
Images (5033).jpg,val,0.696634873,0.696634873,3.786539492
Images (5034).jpg,train,0.265655109,0.265655109,2.062620436
Images (5035).jpg,train,0.563964474,0.563964474,3.255857896
Images (5036).jpg,train,0.387403195,0.387403195,2.54961278
Images (5037).jpg,train,0.418577988,0.418577988,2.674311952
Images (5038).jpg,train,0.610112298,0.610112298,3.440449192
Images (5039).jpg,train,0.495436718,0.495436718,2.981746872
Images (5040).jpg,train,0.57547601,0.57547601,3.30190404
Images (5041).jpg,test,0.530559423,0.530559423,3.122237692
Images (5042).jpg,val,0.364749747,0.364749747,2.4589989880000003
Images (5043).jpg,train,0.647233803,0.647233803,3.588935212
Images (5044).jpg,val,0.281786546,0.281786546,2.127146184
Images (5045).jpg,train,0.234222004,0.234222004,1.936888016
Images (5046).jpg,train,0.417396004,0.417396004,2.669584016
Images (5047).jpg,train,0.420208676,0.420208676,2.680834704
Images (5048).jpg,train,0.308909926,0.308909926,2.235639704
Images (5049).jpg,train,0.466279538,0.466279538,2.865118152
Images (5050).jpg,train,0.435684802,0.435684802,2.742739208
Images (5051).jpg,train,0.537546666,0.537546666,3.150186664
Images (5052).jpg,val,0.470940373,0.470940373,2.883761492
Images (5053).jpg,train,0.520408661,0.520408661,3.081634644
Images (5054).jpg,train,0.439462922,0.439462922,2.757851688
Images (5055).jpg,train,0.477279694,0.477279694,2.909118776
Images (5056).jpg,train,0.46015469,0.46015469,2.84061876
Images (5057).jpg,test,0.36551523,0.36551523,2.46206092
Images (5058).jpg,train,0.522900773,0.522900773,3.091603092
Images (5059).jpg,train,0.595077107,0.595077107,3.380308428
Images (5060).jpg,train,0.571633694,0.571633694,3.286534776
Images (5061).jpg,train,0.544342797,0.544342797,3.177371188
Images (5062).jpg,val,0.496926606,0.496926606,2.987706424
Images (5063).jpg,train,0.735351154,0.735351154,3.941404616
Images (5064).jpg,train,0.666317143,0.666317143,3.665268572
Images (5065).jpg,train,0.644522894,0.644522894,3.578091576
Images (5066).jpg,test,0.702399923,0.702399923,3.809599692
Images (5067).jpg,test,0.474044656,0.474044656,2.896178624
Images (5068).jpg,train,0.274136417,0.274136417,2.096545668
Images (5069).jpg,test,0.206653257,0.206653257,1.826613028
Images (5070).jpg,train,0.45380069,0.45380069,2.81520276
Images (5071).jpg,train,0.453478122,0.453478122,2.813912488
Images (5072).jpg,val,0.307458413,0.307458413,2.229833652
Images (5073).jpg,train,0.450344101,0.450344101,2.801376404
Images (5074).jpg,train,0.585471133,0.585471133,3.341884532
Images (5075).jpg,train,0.378550457,0.378550457,2.514201828
Images (5076).jpg,test,0.430733908,0.430733908,2.722935632
Images (5077).jpg,test,0.632779137,0.632779137,3.531116548
Images (5078).jpg,train,0.734577336,0.734577336,3.938309344
Images (5079).jpg,test,0.404471837,0.404471837,2.617887348
Images (5080).jpg,train,0.453321861,0.453321861,2.813287444
Images (5081).jpg,val,0.627989149,0.627989149,3.511956596
Images (5082).jpg,train,0.632058795,0.632058795,3.52823518
Images (5083).jpg,train,0.525487562,0.525487562,3.101950248
Images (5084).jpg,train,0.672727759,0.672727759,3.690911036
Images (5085).jpg,train,0.481885466,0.481885466,2.927541864
Images (5086).jpg,train,0.364852426,0.364852426,2.459409704
Images (5087).jpg,train,0.357970041,0.357970041,2.431880164
Images (5088).jpg,train,0.444025885,0.444025885,2.7761035400000003
Images (5089).jpg,train,0.360785288,0.360785288,2.443141152
Images (5090).jpg,train,0.563692677,0.563692677,3.254770708
Images (5091).jpg,train,0.43641975,0.43641975,2.745679
Images (5092).jpg,train,0.621690518,0.621690518,3.486762072
Images (5093).jpg,train,0.771328862,0.771328862,4.085315447999999
Images (5094).jpg,train,0.675460407,0.675460407,3.701841628
Images (5095).jpg,train,0.510471218,0.510471218,3.041884872
Images (5096).jpg,train,0.457221223,0.457221223,2.828884892
Images (5097).jpg,train,0.485798676,0.485798676,2.943194704
Images (5098).jpg,val,0.537395281,0.537395281,3.149581124
Images (5099).jpg,test,0.64649859,0.64649859,3.58599436
Images (5100).jpg,train,0.546109002,0.546109002,3.184436008
Images (5101).jpg,train,0.599995453,0.599995453,3.399981812
Images (5102).jpg,test,0.665374542,0.665374542,3.661498168
Images (5103).jpg,train,0.769870064,0.769870064,4.079480256
Images (5104).jpg,train,0.452750539,0.452750539,2.811002156
Images (5105).jpg,train,0.477241779,0.477241779,2.908967116
Images (5106).jpg,test,0.631751263,0.631751263,3.527005052
Images (5107).jpg,train,0.749396031,0.749396031,3.997584124
Images (5108).jpg,train,0.508069248,0.508069248,3.032276992
Images (5109).jpg,val,0.341124373,0.341124373,2.364497492
Images (5110).jpg,train,0.411771878,0.411771878,2.647087512
Images (5111).jpg,train,0.339569602,0.339569602,2.3582784080000003
Images (5112).jpg,train,0.250806223,0.250806223,2.003224892
Images (5113).jpg,train,0.341562958,0.341562958,2.366251832
Images (5114).jpg,train,0.399615621,0.399615621,2.598462484
Images (5115).jpg,train,0.720035992,0.720035992,3.880143968
Images (5116).jpg,train,0.611370685,0.611370685,3.44548274
Images (5117).jpg,train,0.45974828,0.45974828,2.83899312
Images (5118).jpg,train,0.571340117,0.571340117,3.285360468
Images (5119).jpg,train,0.256661141,0.256661141,2.026644564
Images (5120).jpg,train,0.518699962,0.518699962,3.074799848
Images (5121).jpg,val,0.398320461,0.398320461,2.593281844
Images (5122).jpg,train,0.625267115,0.625267115,3.50106846
Images (5123).jpg,train,0.203852457,0.203852457,1.815409828
Images (5124).jpg,train,0.597904541,0.597904541,3.391618164
Images (5125).jpg,test,0.46800319,0.46800319,2.87201276
Images (5126).jpg,train,0.334272895,0.334272895,2.33709158
Images (5127).jpg,train,0.310139071,0.310139071,2.240556284
Images (5128).jpg,test,0.564842751,0.564842751,3.259371004
Images (5129).jpg,val,0.460404198,0.460404198,2.841616792
Images (5130).jpg,test,0.293305314,0.293305314,2.173221256
Images (5131).jpg,train,0.478166821,0.478166821,2.9126672840000003
Images (5132).jpg,val,0.554012597,0.554012597,3.216050388
Images (5133).jpg,test,0.552865468,0.552865468,3.211461872
Images (5134).jpg,train,0.423470032,0.423470032,2.693880128
Images (5135).jpg,train,0.541201146,0.541201146,3.164804584
Images (5136).jpg,test,0.390297768,0.390297768,2.561191072
Images (5137).jpg,train,0.629214852,0.629214852,3.516859408
Images (5138).jpg,train,0.591267292,0.591267292,3.365069168
Images (5139).jpg,train,0.510194581,0.510194581,3.040778324
Images (5140).jpg,train,0.496673119,0.496673119,2.986692476
Images (5141).jpg,train,0.529068927,0.529068927,3.116275708
Images (5142).jpg,train,0.444637616,0.444637616,2.7785504640000003
Images (5143).jpg,train,0.433443332,0.433443332,2.733773328
Images (5144).jpg,test,0.43510979,0.43510979,2.74043916
Images (5145).jpg,train,0.509115517,0.509115517,3.036462068
Images (5146).jpg,train,0.338506424,0.338506424,2.354025696
Images (5147).jpg,train,0.449359415,0.449359415,2.79743766
Images (5148).jpg,train,0.402493317,0.402493317,2.609973268
Images (5149).jpg,train,0.513231575,0.513231575,3.0529263
Images (5150).jpg,train,0.803686634,0.803686634,4.214746536
Images (5151).jpg,train,0.663044609,0.663044609,3.652178436
Images (5152).jpg,train,0.556608304,0.556608304,3.226433216
Images (5153).jpg,train,0.691941709,0.691941709,3.767766836
Images (5154).jpg,train,0.457312034,0.457312034,2.829248136
Images (5155).jpg,train,0.648679237,0.648679237,3.594716948
Images (5156).jpg,train,0.551100888,0.551100888,3.204403552
Images (5157).jpg,train,0.536119794,0.536119794,3.144479176
Images (5158).jpg,train,0.570568542,0.570568542,3.282274168
Images (5159).jpg,train,0.438033649,0.438033649,2.7521345960000003
Images (5160).jpg,train,0.502675196,0.502675196,3.010700784
Images (5161).jpg,train,0.225344144,0.225344144,1.901376576
Images (5162).jpg,test,0.586704393,0.586704393,3.346817572
Images (5163).jpg,test,0.467315476,0.467315476,2.869261904
Images (5164).jpg,train,0.589372952,0.589372952,3.357491808
Images (5165).jpg,val,0.44266123,0.44266123,2.77064492
Images (5166).jpg,train,0.486551087,0.486551087,2.946204348
Images (5167).jpg,train,0.452904484,0.452904484,2.811617936
Images (5168).jpg,train,0.386994889,0.386994889,2.547979556
Images (5169).jpg,val,0.689301426,0.689301426,3.757205704
Images (5170).jpg,train,0.752907708,0.752907708,4.011630832
Images (5171).jpg,train,0.709499123,0.709499123,3.837996492
Images (5172).jpg,train,0.747005363,0.747005363,3.988021452
Images (5173).jpg,train,0.62053682,0.62053682,3.48214728
Images (5174).jpg,test,0.595357125,0.595357125,3.3814285
Images (5175).jpg,train,0.687122926,0.687122926,3.748491704
Images (5176).jpg,train,0.49342044,0.49342044,2.97368176
Images (5177).jpg,train,0.469672234,0.469672234,2.878688936
Images (5178).jpg,train,0.672985318,0.672985318,3.691941272
Images (5179).jpg,train,0.583584783,0.583584783,3.334339132
Images (5180).jpg,val,0.505194238,0.505194238,3.020776952
Images (5181).jpg,train,0.410725609,0.410725609,2.642902436
Images (5182).jpg,train,0.314599883,0.314599883,2.2583995320000003
Images (5183).jpg,train,0.15594763,0.15594763,1.62379052
Images (5184).jpg,train,0.482932495,0.482932495,2.93172998
Images (5185).jpg,test,0.524402916,0.524402916,3.097611664
Images (5186).jpg,train,0.55716419,0.55716419,3.22865676
Images (5187).jpg,val,0.390433037,0.390433037,2.561732148
Images (5188).jpg,train,0.724565651,0.724565651,3.898262604
Images (5189).jpg,train,0.347225593,0.347225593,2.388902372
Images (5190).jpg,train,0.38901728,0.38901728,2.55606912
Images (5191).jpg,train,0.312529367,0.312529367,2.250117468
Images (5192).jpg,train,0.476024025,0.476024025,2.9040961000000003
Images (5193).jpg,train,0.540214608,0.540214608,3.160858432
Images (5194).jpg,test,0.539043795,0.539043795,3.15617518
Images (5195).jpg,train,0.615973585,0.615973585,3.46389434
Images (5196).jpg,train,0.543156675,0.543156675,3.1726267
Images (5197).jpg,train,0.587815671,0.587815671,3.351262684
Images (5198).jpg,test,0.208290151,0.208290151,1.833160604
Images (5199).jpg,val,0.303290736,0.303290736,2.213162944
Images (5200).jpg,train,0.354015366,0.354015366,2.416061464
Images (5201).jpg,train,0.482840455,0.482840455,2.93136182
Images (5202).jpg,train,0.481111507,0.481111507,2.924446028
Images (5203).jpg,train,0.576754677,0.576754677,3.307018708
Images (5204).jpg,train,0.40723041,0.40723041,2.62892164
Images (5205).jpg,train,0.43892703,0.43892703,2.75570812
Images (5206).jpg,train,0.292418672,0.292418672,2.169674688
Images (5207).jpg,train,0.518552089,0.518552089,3.074208356
Images (5208).jpg,train,0.311859334,0.311859334,2.247437336
Images (5209).jpg,train,0.476097228,0.476097228,2.904388912
Images (5210).jpg,train,0.38717199,0.38717199,2.54868796
Images (5211).jpg,test,0.315239321,0.315239321,2.260957284
Images (5212).jpg,test,0.313266593,0.313266593,2.253066372
Images (5213).jpg,test,0.415903256,0.415903256,2.663613024
Images (5214).jpg,train,0.261043503,0.261043503,2.044174012
Images (5215).jpg,train,0.462127736,0.462127736,2.848510944
Images (5216).jpg,train,0.263983495,0.263983495,2.05593398
Images (5217).jpg,train,0.265045535,0.265045535,2.06018214
Images (5218).jpg,train,0.191869009,0.191869009,1.767476036
Images (5219).jpg,test,0.325398095,0.325398095,2.30159238
Images (5220).jpg,val,0.576590531,0.576590531,3.306362124
Images (5221).jpg,train,0.53572202,0.53572202,3.14288808
Images (5222).jpg,train,0.457711136,0.457711136,2.830844544
Images (5223).jpg,test,0.361716378,0.361716378,2.446865512
Images (5224).jpg,val,0.472015732,0.472015732,2.888062928
Images (5225).jpg,train,0.425431532,0.425431532,2.701726128
Images (5226).jpg,train,0.159952109,0.159952109,1.639808436
Images (5227).jpg,train,0.750844688,0.750844688,4.003378752
Images (5228).jpg,train,0.111968148,0.111968148,1.447872592
Images (5229).jpg,train,0.306522491,0.306522491,2.226089964
Images (5230).jpg,val,0.451420729,0.451420729,2.8056829160000003
Images (5231).jpg,train,0.36478061,0.36478061,2.45912244
Images (5232).jpg,test,0.454178307,0.454178307,2.816713228
Images (5233).jpg,test,0.461755132,0.461755132,2.847020528
Images (5234).jpg,train,0.689312603,0.689312603,3.757250412
Images (5235).jpg,test,0.626266354,0.626266354,3.505065416
Images (5236).jpg,train,0.528919871,0.528919871,3.115679484
Images (5237).jpg,train,0.715606193,0.715606193,3.862424772
Images (5238).jpg,train,0.451268106,0.451268106,2.805072424
Images (5239).jpg,train,0.482305507,0.482305507,2.929222028
Images (5240).jpg,val,0.515272439,0.515272439,3.061089756
Images (5241).jpg,train,0.60184611,0.60184611,3.40738444
Images (5242).jpg,train,0.217476578,0.217476578,1.869906312
Images (5243).jpg,train,0.35181093,0.35181093,2.4072437200000003
Images (5244).jpg,test,0.354770217,0.354770217,2.419080868
Images (5245).jpg,train,0.373760751,0.373760751,2.495043004
Images (5246).jpg,train,0.420534813,0.420534813,2.682139252
Images (5247).jpg,train,0.380831575,0.380831575,2.5233263
Images (5248).jpg,val,0.526767146,0.526767146,3.107068584
Images (5249).jpg,train,0.411800365,0.411800365,2.64720146
Images (5250).jpg,train,0.224160111,0.224160111,1.896640444
Images (5251).jpg,train,0.358916227,0.358916227,2.435664908
Images (5252).jpg,val,0.283048875,0.283048875,2.1321955
Images (5253).jpg,train,0.415343653,0.415343653,2.661374612
Images (5254).jpg,train,0.502968609,0.502968609,3.011874436
Images (5255).jpg,train,0.707311451,0.707311451,3.829245804
Images (5256).jpg,train,0.177601618,0.177601618,1.7104064719999998
Images (5257).jpg,train,0.764033245,0.764033245,4.05613298
Images (5258).jpg,train,0.396099954,0.396099954,2.584399816
Images (5259).jpg,train,0.266310107,0.266310107,2.065240428
Images (5260).jpg,val,0.242980372,0.242980372,1.971921488
Images (5261).jpg,train,0.394080495,0.394080495,2.57632198
Images (5262).jpg,train,0.462609801,0.462609801,2.850439204
Images (5263).jpg,train,0.30099118,0.30099118,2.20396472
Images (5264).jpg,test,0.297035897,0.297035897,2.188143588
Images (5265).jpg,val,0.246443305,0.246443305,1.98577322
Images (5266).jpg,train,0.396333639,0.396333639,2.5853345560000003
Images (5267).jpg,train,0.363433059,0.363433059,2.453732236
Images (5268).jpg,train,0.512189457,0.512189457,3.048757828
Images (5269).jpg,train,0.499982196,0.499982196,2.999928784
Images (5270).jpg,test,0.400273409,0.400273409,2.601093636
Images (5271).jpg,test,0.507194287,0.507194287,3.028777148
Images (5272).jpg,train,0.312116727,0.312116727,2.248466908
Images (5273).jpg,train,0.456095941,0.456095941,2.824383764
Images (5274).jpg,train,0.475335101,0.475335101,2.901340404
Images (5275).jpg,train,0.761757634,0.761757634,4.047030535999999
Images (5276).jpg,train,0.714895776,0.714895776,3.859583104
Images (5277).jpg,train,0.627258652,0.627258652,3.509034608
Images (5278).jpg,train,0.528651182,0.528651182,3.114604728
Images (5279).jpg,val,0.565726896,0.565726896,3.262907584
Images (5280).jpg,train,0.576151263,0.576151263,3.304605052
Images (5281).jpg,val,0.668167984,0.668167984,3.672671936
Images (5282).jpg,val,0.746672204,0.746672204,3.986688816
Images (5283).jpg,val,0.588193114,0.588193114,3.352772456
Images (5284).jpg,train,0.619814026,0.619814026,3.479256104
Images (5285).jpg,train,0.613447523,0.613447523,3.453790092
Images (5286).jpg,train,0.471333306,0.471333306,2.885333224
Images (5287).jpg,test,0.475847504,0.475847504,2.903390016
Images (5288).jpg,train,0.509309608,0.509309608,3.037238432
Images (5289).jpg,train,0.503117312,0.503117312,3.012469248
Images (5290).jpg,test,0.512585514,0.512585514,3.050342056
Images (5291).jpg,test,0.541123002,0.541123002,3.164492008
Images (5292).jpg,train,0.570364792,0.570364792,3.281459168
Images (5293).jpg,train,0.534637361,0.534637361,3.138549444
Images (5294).jpg,train,0.616719334,0.616719334,3.466877336
Images (5295).jpg,train,0.550999516,0.550999516,3.203998064
Images (5296).jpg,train,0.50601604,0.50601604,3.02406416
Images (5297).jpg,test,0.477289074,0.477289074,2.909156296
Images (5298).jpg,train,0.529821146,0.529821146,3.119284584
Images (5299).jpg,train,0.502734959,0.502734959,3.010939836
Images (5300).jpg,train,0.284713902,0.284713902,2.138855608
Images (5301).jpg,train,0.420703374,0.420703374,2.682813496
Images (5302).jpg,train,0.549790486,0.549790486,3.199161944
Images (5303).jpg,test,0.370400918,0.370400918,2.4816036720000003
Images (5304).jpg,train,0.51614332,0.51614332,3.06457328
Images (5305).jpg,test,0.754193909,0.754193909,4.016775636
Images (5306).jpg,train,0.347235889,0.347235889,2.388943556
Images (5307).jpg,test,0.483244346,0.483244346,2.932977384
Images (5308).jpg,train,0.36953212,0.36953212,2.47812848
Images (5309).jpg,train,0.707737938,0.707737938,3.830951752
Images (5310).jpg,train,0.666577256,0.666577256,3.666309024
Images (5311).jpg,train,0.532871544,0.532871544,3.131486176
Images (5312).jpg,train,0.506467499,0.506467499,3.025869996
Images (5313).jpg,test,0.19204332,0.19204332,1.76817328
Images (5314).jpg,val,0.554007122,0.554007122,3.216028488
Images (5315).jpg,train,0.5318695,0.5318695,3.127478
Images (5316).jpg,train,0.628989804,0.628989804,3.515959216
Images (5317).jpg,test,0.572223713,0.572223713,3.288894852
Images (5318).jpg,test,0.336140754,0.336140754,2.344563016
Images (5319).jpg,train,0.478452961,0.478452961,2.913811844
Images (5320).jpg,train,0.39472028,0.39472028,2.57888112
Images (5321).jpg,train,0.489994557,0.489994557,2.959978228
Images (5322).jpg,train,0.658186848,0.658186848,3.632747392
Images (5323).jpg,train,0.374076082,0.374076082,2.496304328
Images (5324).jpg,train,0.386173564,0.386173564,2.544694256
Images (5325).jpg,train,0.495668073,0.495668073,2.982672292
Images (5326).jpg,train,0.652757924,0.652757924,3.611031696
Images (5327).jpg,val,0.535256646,0.535256646,3.141026584
Images (5328).jpg,train,0.356335514,0.356335514,2.425342056
Images (5329).jpg,train,0.28,0.28,2.12
Images (5330).jpg,train,0.471239846,0.471239846,2.884959384
Images (5331).jpg,train,0.415734322,0.415734322,2.662937288
Images (5332).jpg,val,0.376588872,0.376588872,2.506355488
Images (5333).jpg,train,0.541116021,0.541116021,3.164464084
Images (5334).jpg,train,0.495703709,0.495703709,2.982814836
Images (5335).jpg,train,0.55936126,0.55936126,3.23744504
Images (5336).jpg,train,0.568750603,0.568750603,3.275002412
Images (5337).jpg,train,0.39953521,0.39953521,2.59814084
Images (5338).jpg,train,0.54440696,0.54440696,3.17762784
Images (5339).jpg,train,0.552862923,0.552862923,3.211451692
Images (5340).jpg,train,0.451292298,0.451292298,2.805169192
Images (5341).jpg,train,0.503668377,0.503668377,3.014673508
Images (5342).jpg,train,0.747715453,0.747715453,3.990861812
Images (5343).jpg,test,0.318995678,0.318995678,2.275982712
Images (5344).jpg,train,0.328296271,0.328296271,2.313185084
Images (5345).jpg,train,0.695842123,0.695842123,3.783368492
Images (5346).jpg,train,0.543618765,0.543618765,3.17447506
Images (5347).jpg,train,0.472423746,0.472423746,2.889694984
Images (5348).jpg,train,0.506045697,0.506045697,3.024182788
Images (5349).jpg,train,0.400977274,0.400977274,2.603909096
Images (5350).jpg,train,0.540896096,0.540896096,3.163584384
Images (5351).jpg,train,0.59464873,0.59464873,3.37859492
Images (5352).jpg,train,0.583225901,0.583225901,3.332903604
Images (5353).jpg,val,0.430692211,0.430692211,2.722768844
Images (5354).jpg,train,0.666041248,0.666041248,3.664164992
Images (5355).jpg,val,0.34914813,0.34914813,2.39659252
Images (5356).jpg,train,0.329245265,0.329245265,2.31698106
Images (5357).jpg,val,0.534947121,0.534947121,3.139788484
Images (5358).jpg,train,0.489388234,0.489388234,2.957552936
Images (5359).jpg,train,0.425974791,0.425974791,2.703899164
Images (5360).jpg,train,0.656911918,0.656911918,3.627647672
Images (5361).jpg,train,0.487339618,0.487339618,2.949358472
Images (5362).jpg,train,0.51942693,0.51942693,3.07770772
Images (5363).jpg,train,0.366626614,0.366626614,2.4665064560000003
Images (5364).jpg,train,0.560759012,0.560759012,3.243036048
Images (5365).jpg,train,0.601713784,0.601713784,3.406855136
Images (5366).jpg,train,0.498489735,0.498489735,2.99395894
Images (5367).jpg,train,0.617123814,0.617123814,3.468495256
Images (5368).jpg,val,0.604532752,0.604532752,3.418131008
Images (5369).jpg,val,0.577442238,0.577442238,3.309768952
Images (5370).jpg,train,0.505755369,0.505755369,3.023021476
Images (5371).jpg,train,0.611485161,0.611485161,3.445940644
Images (5372).jpg,train,0.550756161,0.550756161,3.203024644
Images (5373).jpg,train,0.62752591,0.62752591,3.51010364
Images (5374).jpg,val,0.701972818,0.701972818,3.807891272
Images (5375).jpg,test,0.515462983,0.515462983,3.061851932
Images (5376).jpg,train,0.397208017,0.397208017,2.5888320680000003
Images (5377).jpg,train,0.588236439,0.588236439,3.352945756
Images (5378).jpg,train,0.661715523,0.661715523,3.646862092
Images (5379).jpg,train,0.654401724,0.654401724,3.617606896
Images (5380).jpg,train,0.342418435,0.342418435,2.36967374
Images (5381).jpg,train,0.385049355,0.385049355,2.54019742
Images (5382).jpg,train,0.368727699,0.368727699,2.474910796
Images (5383).jpg,train,0.527292035,0.527292035,3.10916814
Images (5384).jpg,train,0.619030993,0.619030993,3.476123972
Images (5385).jpg,train,0.578537294,0.578537294,3.314149176
Images (5386).jpg,train,0.650798204,0.650798204,3.603192816
Images (5387).jpg,train,0.592621713,0.592621713,3.370486852
Images (5388).jpg,train,0.404821093,0.404821093,2.619284372
Images (5389).jpg,val,0.384140595,0.384140595,2.53656238
Images (5390).jpg,train,0.505318737,0.505318737,3.021274948
Images (5391).jpg,val,0.450306555,0.450306555,2.80122622
Images (5392).jpg,train,0.508823728,0.508823728,3.035294912
Images (5393).jpg,train,0.477194272,0.477194272,2.908777088
Images (5394).jpg,train,0.498704467,0.498704467,2.994817868
Images (5395).jpg,train,0.366873297,0.366873297,2.467493188
Images (5396).jpg,val,0.564334595,0.564334595,3.25733838
Images (5397).jpg,test,0.588074134,0.588074134,3.352296536
Images (5398).jpg,test,0.473285655,0.473285655,2.89314262
Images (5399).jpg,val,0.474934346,0.474934346,2.899737384
Images (5400).jpg,train,0.204697468,0.204697468,1.818789872
Images (5401).jpg,train,0.564254677,0.564254677,3.257018708
Images (5402).jpg,train,0.533243191,0.533243191,3.132972764
Images (5403).jpg,train,0.460893576,0.460893576,2.843574304
Images (5404).jpg,train,0.405314496,0.405314496,2.621257984
Images (5405).jpg,test,0.420688539,0.420688539,2.682754156
Images (5406).jpg,test,0.408265341,0.408265341,2.633061364
Images (5407).jpg,val,0.533285916,0.533285916,3.133143664
Images (5408).jpg,train,0.438793728,0.438793728,2.755174912
Images (5409).jpg,train,0.547901769,0.547901769,3.191607076
Images (5410).jpg,train,0.521545037,0.521545037,3.086180148
Images (5411).jpg,test,0.505297111,0.505297111,3.021188444
Images (5412).jpg,train,0.319806468,0.319806468,2.279225872
Images (5413).jpg,train,0.712756093,0.712756093,3.851024372
Images (5414).jpg,train,0.495890763,0.495890763,2.983563052
Images (5415).jpg,train,0.600671033,0.600671033,3.402684132
Images (5416).jpg,train,0.522676156,0.522676156,3.090704624
Images (5417).jpg,train,0.59028352,0.59028352,3.36113408
Images (5418).jpg,train,0.662682831,0.662682831,3.650731324
Images (5419).jpg,train,0.47862164,0.47862164,2.9144865600000003
Images (5420).jpg,train,0.425999177,0.425999177,2.703996708
Images (5421).jpg,val,0.597790274,0.597790274,3.391161096
Images (5422).jpg,val,0.441019745,0.441019745,2.76407898
Images (5423).jpg,train,0.447686211,0.447686211,2.790744844
Images (5424).jpg,train,0.538452427,0.538452427,3.153809708
Images (5425).jpg,train,0.424116274,0.424116274,2.696465096
Images (5426).jpg,train,0.367004657,0.367004657,2.4680186280000003
Images (5427).jpg,train,0.487964165,0.487964165,2.95185666
Images (5428).jpg,train,0.466278621,0.466278621,2.865114484
Images (5429).jpg,train,0.310589039,0.310589039,2.242356156
Images (5430).jpg,train,0.517327006,0.517327006,3.069308024
Images (5431).jpg,train,0.366174233,0.366174233,2.464696932
Images (5432).jpg,train,0.449272101,0.449272101,2.797088404
Images (5433).jpg,train,0.447838128,0.447838128,2.791352512
Images (5434).jpg,test,0.631044456,0.631044456,3.524177824
Images (5435).jpg,train,0.609655714,0.609655714,3.438622856
Images (5436).jpg,train,0.852592007,0.852592007,4.410368028000001
Images (5437).jpg,train,0.543764145,0.543764145,3.17505658
Images (5438).jpg,val,0.129403024,0.129403024,1.517612096
Images (5439).jpg,train,0.252862381,0.252862381,2.011449524
Images (5440).jpg,train,0.45190284,0.45190284,2.80761136
Images (5441).jpg,train,0.476229146,0.476229146,2.904916584
Images (5442).jpg,val,0.541445229,0.541445229,3.165780916
Images (5443).jpg,train,0.54248174,0.54248174,3.16992696
Images (5444).jpg,train,0.578008759,0.578008759,3.312035036
Images (5445).jpg,train,0.525157025,0.525157025,3.1006281
Images (5446).jpg,train,0.255239747,0.255239747,2.0209589880000003
Images (5447).jpg,train,0.066723206,0.066723206,1.266892824
Images (5448).jpg,train,0.520718338,0.520718338,3.082873352
Images (5449).jpg,train,0.449731878,0.449731878,2.798927512
Images (5450).jpg,train,0.49129225,0.49129225,2.965169
Images (5451).jpg,train,0.444413713,0.444413713,2.777654852
Images (5452).jpg,train,0.425718588,0.425718588,2.7028743520000003
Images (5453).jpg,train,0.509391072,0.509391072,3.037564288
Images (5454).jpg,train,0.311149895,0.311149895,2.24459958
Images (5455).jpg,test,0.295761597,0.295761597,2.183046388
Images (5456).jpg,train,0.40034631,0.40034631,2.60138524
Images (5457).jpg,test,0.463348669,0.463348669,2.853394676
Images (5458).jpg,train,0.607592385,0.607592385,3.43036954
Images (5459).jpg,train,0.540147145,0.540147145,3.16058858
Images (5460).jpg,train,0.554869597,0.554869597,3.219478388
Images (5461).jpg,train,0.645048687,0.645048687,3.580194748
Images (5462).jpg,train,0.18543071,0.18543071,1.74172284
Images (5463).jpg,test,0.348091118,0.348091118,2.392364472
Images (5464).jpg,train,0.514612884,0.514612884,3.058451536
Images (5465).jpg,train,0.614502251,0.614502251,3.458009004
Images (5466).jpg,train,0.388623006,0.388623006,2.554492024
Images (5467).jpg,val,0.600434945,0.600434945,3.40173978
Images (5468).jpg,val,0.49257589,0.49257589,2.97030356
Images (5469).jpg,train,0.400312474,0.400312474,2.601249896
Images (5470).jpg,test,0.672105451,0.672105451,3.688421804
Images (5471).jpg,train,0.545463669,0.545463669,3.181854676
Images (5472).jpg,train,0.815443266,0.815443266,4.261773064
Images (5473).jpg,train,0.234614458,0.234614458,1.938457832
Images (5474).jpg,val,0.26697036,0.26697036,2.06788144
Images (5475).jpg,train,0.331052548,0.331052548,2.324210192
Images (5476).jpg,val,0.445229563,0.445229563,2.780918252
Images (5477).jpg,train,0.736890102,0.736890102,3.947560408
Images (5478).jpg,val,0.572560644,0.572560644,3.290242576
Images (5479).jpg,train,0.589950612,0.589950612,3.359802448
Images (5480).jpg,train,0.37651438,0.37651438,2.50605752
Images (5481).jpg,train,0.674845022,0.674845022,3.699380088
Images (5482).jpg,test,0.401733343,0.401733343,2.6069333720000003
Images (5483).jpg,train,0.583040765,0.583040765,3.33216306
Images (5484).jpg,train,0.490967057,0.490967057,2.963868228
Images (5485).jpg,train,0.460626137,0.460626137,2.842504548
Images (5486).jpg,train,0.570026925,0.570026925,3.2801077
Images (5487).jpg,train,0.347838566,0.347838566,2.3913542640000003
Images (5488).jpg,test,0.698517356,0.698517356,3.794069424
Images (5489).jpg,test,0.652987407,0.652987407,3.611949628
Images (5490).jpg,test,0.502305364,0.502305364,3.009221456
Images (5491).jpg,train,0.439238917,0.439238917,2.756955668
Images (5492).jpg,test,0.501881332,0.501881332,3.007525328
Images (5493).jpg,test,0.38957585,0.38957585,2.5583034
Images (5494).jpg,val,0.555819333,0.555819333,3.223277332
Images (5495).jpg,train,0.475714558,0.475714558,2.902858232
Images (5496).jpg,train,0.470977509,0.470977509,2.883910036
Images (5497).jpg,train,0.430118954,0.430118954,2.720475816
Images (5498).jpg,test,0.351839077,0.351839077,2.407356308
Images (5499).jpg,train,0.39997392,0.39997392,2.59989568
Images (5500).jpg,train,0.443336573,0.443336573,2.7733462920000003
Images (5501).jpg,val,0.546774456,0.546774456,3.187097824
Images (5502).jpg,val,0.373851615,0.373851615,2.49540646
Images (5503).jpg,train,0.747739995,0.747739995,3.99095998
Images (5504).jpg,train,0.404413998,0.404413998,2.617655992
Images (5505).jpg,val,0.541409066,0.541409066,3.165636264
Images (5506).jpg,train,0.395269551,0.395269551,2.581078204
Images (5507).jpg,train,0.669506035,0.669506035,3.67802414
Images (5508).jpg,train,0.496799149,0.496799149,2.987196596
Images (5509).jpg,train,0.345236229,0.345236229,2.380944916
Images (5510).jpg,train,0.333522635,0.333522635,2.33409054
Images (5511).jpg,train,0.492675302,0.492675302,2.970701208
Images (5512).jpg,test,0.531612588,0.531612588,3.126450352
Images (5513).jpg,train,0.331330464,0.331330464,2.325321856
Images (5514).jpg,train,0.418458664,0.418458664,2.673834656
Images (5515).jpg,train,0.557584566,0.557584566,3.230338264
Images (5516).jpg,train,0.334933314,0.334933314,2.339733256
Images (5517).jpg,train,0.419406674,0.419406674,2.677626696
Images (5518).jpg,val,0.407141171,0.407141171,2.628564684
Images (5519).jpg,test,0.712216103,0.712216103,3.848864412
Images (5520).jpg,train,0.479901718,0.479901718,2.919606872
Images (5521).jpg,train,0.609641411,0.609641411,3.438565644
Images (5522).jpg,train,0.696251461,0.696251461,3.785005844
Images (5523).jpg,train,0.597105836,0.597105836,3.388423344
Images (5524).jpg,train,0.580914299,0.580914299,3.323657196
Images (5525).jpg,train,0.679139531,0.679139531,3.716558124
Images (5526).jpg,train,0.444311758,0.444311758,2.777247032
Images (5527).jpg,train,0.660212462,0.660212462,3.640849848
Images (5528).jpg,test,0.519812546,0.519812546,3.079250184
Images (5529).jpg,train,0.2694235,0.2694235,2.077694
Images (5530).jpg,train,0.523721554,0.523721554,3.094886216
Images (5531).jpg,train,0.369943705,0.369943705,2.4797748200000003
Images (5532).jpg,train,0.578902352,0.578902352,3.315609408
Images (5533).jpg,val,0.615395897,0.615395897,3.461583588
Images (5534).jpg,train,0.711578137,0.711578137,3.846312548
Images (5535).jpg,train,0.381487138,0.381487138,2.525948552
Images (5536).jpg,test,0.539952152,0.539952152,3.159808608
Images (5537).jpg,test,0.579425315,0.579425315,3.31770126
Images (5538).jpg,train,0.496498759,0.496498759,2.9859950360000003
Images (5539).jpg,train,0.569171269,0.569171269,3.276685076
Images (5540).jpg,test,0.345530808,0.345530808,2.382123232
Images (5541).jpg,test,0.488791955,0.488791955,2.95516782
Images (5542).jpg,train,0.451875172,0.451875172,2.807500688
Images (5543).jpg,train,0.520814805,0.520814805,3.08325922
Images (5544).jpg,train,0.434994166,0.434994166,2.7399766640000003
Images (5545).jpg,train,0.44330436,0.44330436,2.77321744
Images (5546).jpg,train,0.400324872,0.400324872,2.601299488
Images (5547).jpg,train,0.42725833,0.42725833,2.70903332
Images (5548).jpg,test,0.396663868,0.396663868,2.586655472
Images (5549).jpg,train,0.479009997,0.479009997,2.916039988
Images (5550).jpg,train,0.520224887,0.520224887,3.080899548
Images (5551).jpg,train,0.778128541,0.778128541,4.112514164
Images (5552).jpg,train,0.599672739,0.599672739,3.398690956
Images (5553).jpg,val,0.573822655,0.573822655,3.29529062
Images (5554).jpg,train,0.315091813,0.315091813,2.260367252
Images (5555).jpg,train,0.501611817,0.501611817,3.006447268
Images (5556).jpg,train,0.595471645,0.595471645,3.38188658
Images (5557).jpg,train,0.634163506,0.634163506,3.536654024
Images (5558).jpg,train,0.617244347,0.617244347,3.468977388
Images (5559).jpg,train,0.524152329,0.524152329,3.096609316
Images (5560).jpg,train,0.459926338,0.459926338,2.839705352
Images (5561).jpg,train,0.656224178,0.656224178,3.624896712
Images (5562).jpg,train,0.50260971,0.50260971,3.01043884
Images (5563).jpg,train,0.502664673,0.502664673,3.010658692
Images (5564).jpg,train,0.512327683,0.512327683,3.049310732
Images (5565).jpg,test,0.528462249,0.528462249,3.113848996
Images (5566).jpg,train,0.549165337,0.549165337,3.196661348
Images (5567).jpg,train,0.368506234,0.368506234,2.474024936
Images (5568).jpg,val,0.638432448,0.638432448,3.553729792
Images (5569).jpg,test,0.569121023,0.569121023,3.276484092
Images (5570).jpg,train,0.484955273,0.484955273,2.939821092
Images (5571).jpg,test,0.618623873,0.618623873,3.474495492
Images (5572).jpg,train,0.41348964,0.41348964,2.65395856
Images (5573).jpg,val,0.435301937,0.435301937,2.741207748
Images (5574).jpg,train,0.541348332,0.541348332,3.165393328
Images (5575).jpg,test,0.4973861,0.4973861,2.9895444
Images (5576).jpg,val,0.549702925,0.549702925,3.1988117
Images (5577).jpg,train,0.269510779,0.269510779,2.078043116
Images (5578).jpg,test,0.360050605,0.360050605,2.4402024200000003
Images (5579).jpg,train,0.312578958,0.312578958,2.250315832
Images (5580).jpg,train,0.287930672,0.287930672,2.151722688
Images (5581).jpg,test,0.269182539,0.269182539,2.076730156
Images (5582).jpg,train,0.251931206,0.251931206,2.0077248240000003
Images (5583).jpg,train,0.127378533,0.127378533,1.509514132
Images (5584).jpg,train,0.258068917,0.258068917,2.032275668
Images (5585).jpg,train,0.231694825,0.231694825,1.9267793
Images (5586).jpg,train,0.616137116,0.616137116,3.464548464
Images (5587).jpg,train,0.545107205,0.545107205,3.18042882
Images (5588).jpg,train,0.676406381,0.676406381,3.705625524
Images (5589).jpg,test,0.287658379,0.287658379,2.150633516
Images (5590).jpg,val,0.391627495,0.391627495,2.56650998
Images (5591).jpg,train,0.491490929,0.491490929,2.965963716
Images (5592).jpg,train,0.521619942,0.521619942,3.086479768
Images (5593).jpg,train,0.1646894,0.1646894,1.6587576
Images (5594).jpg,train,0.480884278,0.480884278,2.923537112
Images (5595).jpg,test,0.348526947,0.348526947,2.394107788
Images (5596).jpg,train,0.486786377,0.486786377,2.947145508
Images (5597).jpg,train,0.373546404,0.373546404,2.494185616
Images (5598).jpg,train,0.551838906,0.551838906,3.207355624
Images (5599).jpg,val,0.355546944,0.355546944,2.422187776
Images (5600).jpg,train,0.362150376,0.362150376,2.448601504
Images (5601).jpg,train,0.741454052,0.741454052,3.965816208
Images (5602).jpg,train,0.50551794,0.50551794,3.02207176
Images (5603).jpg,val,0.470405311,0.470405311,2.881621244
Images (5604).jpg,train,0.541254056,0.541254056,3.165016224
Images (5605).jpg,train,0.454878928,0.454878928,2.8195157120000003
Images (5606).jpg,test,0.459446919,0.459446919,2.837787676
Images (5607).jpg,val,0.249978081,0.249978081,1.999912324
Images (5608).jpg,test,0.431284002,0.431284002,2.725136008
Images (5609).jpg,train,0.18424165,0.18424165,1.7369666
Images (5610).jpg,test,0.330913689,0.330913689,2.323654756
Images (5611).jpg,train,0.389224541,0.389224541,2.556898164
Images (5612).jpg,train,0.352010911,0.352010911,2.408043644
Images (5613).jpg,train,0.311704094,0.311704094,2.246816376
Images (5614).jpg,test,0.454310982,0.454310982,2.817243928
Images (5615).jpg,train,0.699685748,0.699685748,3.798742992
Images (5616).jpg,test,0.304516278,0.304516278,2.218065112
Images (5617).jpg,train,0.633214085,0.633214085,3.53285634
Images (5618).jpg,val,0.421488545,0.421488545,2.68595418
Images (5619).jpg,train,0.414627356,0.414627356,2.658509424
Images (5620).jpg,train,0.483495476,0.483495476,2.933981904
Images (5621).jpg,train,0.614809906,0.614809906,3.459239624
Images (5622).jpg,train,0.620466901,0.620466901,3.481867604
Images (5623).jpg,test,0.608592543,0.608592543,3.434370172
Images (5624).jpg,train,0.483851784,0.483851784,2.935407136
Images (5625).jpg,train,0.402472947,0.402472947,2.609891788
Images (5626).jpg,test,0.4137128,0.4137128,2.6548512
Images (5627).jpg,train,0.3229861,0.3229861,2.2919444
Images (5628).jpg,train,0.429169706,0.429169706,2.716678824
Images (5629).jpg,train,0.590326219,0.590326219,3.361304876
Images (5630).jpg,train,0.368911774,0.368911774,2.4756470960000003
Images (5631).jpg,train,0.532619774,0.532619774,3.130479096
Images (5632).jpg,train,0.295689118,0.295689118,2.182756472
Images (5633).jpg,test,0.584710666,0.584710666,3.338842664
Images (5634).jpg,train,0.197404771,0.197404771,1.789619084
Images (5635).jpg,test,0.097871163,0.097871163,1.391484652
Images (5636).jpg,train,0.282602227,0.282602227,2.130408908
Images (5637).jpg,train,0.566642282,0.566642282,3.266569128
Images (5638).jpg,train,0.304036095,0.304036095,2.21614438
Images (5639).jpg,train,0.443654818,0.443654818,2.774619272
Images (5640).jpg,test,0.501899979,0.501899979,3.007599916
Images (5641).jpg,train,0.629694212,0.629694212,3.518776848
Images (5642).jpg,train,0.387584454,0.387584454,2.550337816
Images (5643).jpg,train,0.441999945,0.441999945,2.76799978
Images (5644).jpg,train,0.351346137,0.351346137,2.405384548
Images (5645).jpg,train,0.588244719,0.588244719,3.352978876
Images (5646).jpg,train,0.633186972,0.633186972,3.532747888
Images (5647).jpg,train,0.665478686,0.665478686,3.661914744
Images (5648).jpg,test,0.548727334,0.548727334,3.194909336
Images (5649).jpg,test,0.578714598,0.578714598,3.314858392
Images (5650).jpg,train,0.763594563,0.763594563,4.054378251999999
Images (5651).jpg,train,0.463001454,0.463001454,2.852005816
Images (5652).jpg,train,0.497039457,0.497039457,2.9881578280000003
Images (5653).jpg,train,0.628729451,0.628729451,3.514917804
Images (5654).jpg,train,0.648546517,0.648546517,3.594186068
Images (5655).jpg,train,0.516792099,0.516792099,3.067168396
Images (5656).jpg,train,0.390854515,0.390854515,2.56341806
Images (5657).jpg,train,0.451762707,0.451762707,2.807050828
Images (5658).jpg,train,0.717564766,0.717564766,3.870259064
Images (5659).jpg,val,0.627556431,0.627556431,3.510225724
Images (5660).jpg,train,0.354664338,0.354664338,2.4186573520000003
Images (5661).jpg,train,0.623650467,0.623650467,3.494601868
Images (5662).jpg,train,0.583843052,0.583843052,3.335372208
Images (5663).jpg,train,0.47103094,0.47103094,2.88412376
Images (5664).jpg,test,0.292982823,0.292982823,2.171931292
Images (5665).jpg,train,0.351436837,0.351436837,2.405747348
Images (5666).jpg,train,0.389230779,0.389230779,2.556923116
Images (5667).jpg,train,0.412632477,0.412632477,2.650529908
Images (5668).jpg,test,0.619254239,0.619254239,3.477016956
Images (5669).jpg,train,0.532575888,0.532575888,3.130303552
Images (5670).jpg,train,0.547802163,0.547802163,3.191208652
Images (5671).jpg,train,0.443272793,0.443272793,2.773091172
Images (5672).jpg,train,0.622082832,0.622082832,3.488331328
Images (5673).jpg,train,0.584432494,0.584432494,3.337729976
Images (5674).jpg,train,0.450052136,0.450052136,2.800208544
Images (5675).jpg,train,0.759727308,0.759727308,4.038909232
Images (5676).jpg,train,0.388305397,0.388305397,2.553221588
Images (5677).jpg,train,0.302541183,0.302541183,2.210164732
Images (5678).jpg,val,0.515445054,0.515445054,3.061780216
Images (5679).jpg,train,0.697548592,0.697548592,3.790194368
Images (5680).jpg,train,0.755042957,0.755042957,4.0201718280000005
Images (5681).jpg,test,0.67479838,0.67479838,3.69919352
Images (5682).jpg,train,0.619359809,0.619359809,3.477439236
Images (5683).jpg,train,0.524139655,0.524139655,3.09655862
Images (5684).jpg,train,0.595165339,0.595165339,3.380661356
Images (5685).jpg,val,0.613253891,0.613253891,3.453015564
Images (5686).jpg,val,0.549159737,0.549159737,3.196638948
Images (5687).jpg,val,0.556221677,0.556221677,3.224886708
Images (5688).jpg,train,0.533377151,0.533377151,3.133508604
Images (5689).jpg,train,0.669948018,0.669948018,3.679792072
Images (5690).jpg,train,0.317533438,0.317533438,2.270133752
Images (5691).jpg,train,0.613060578,0.613060578,3.452242312
Images (5692).jpg,train,0.459010422,0.459010422,2.836041688
Images (5693).jpg,train,0.473087503,0.473087503,2.892350012
Images (5694).jpg,train,0.353669147,0.353669147,2.414676588
Images (5695).jpg,train,0.472353947,0.472353947,2.889415788
Images (5696).jpg,train,0.403755663,0.403755663,2.615022652
Images (5697).jpg,train,0.436565026,0.436565026,2.746260104
Images (5698).jpg,train,0.481610914,0.481610914,2.926443656
Images (5699).jpg,train,0.585003974,0.585003974,3.340015896
Images (5700).jpg,train,0.478583563,0.478583563,2.914334252
Images (5701).jpg,train,0.441646874,0.441646874,2.766587496
Images (5702).jpg,train,0.655355065,0.655355065,3.62142026
Images (5703).jpg,test,0.562290666,0.562290666,3.249162664
Images (5704).jpg,train,0.555299828,0.555299828,3.221199312
Images (5705).jpg,test,0.479651714,0.479651714,2.918606856
Images (5706).jpg,train,0.671248658,0.671248658,3.684994632
Images (5707).jpg,train,0.794175322,0.794175322,4.176701288
Images (5708).jpg,train,0.7559715,0.7559715,4.023886
Images (5709).jpg,test,0.722001946,0.722001946,3.888007784
Images (5710).jpg,train,0.372681951,0.372681951,2.490727804
Images (5711).jpg,test,0.404160179,0.404160179,2.616640716
Images (5712).jpg,train,0.453164593,0.453164593,2.812658372
Images (5713).jpg,test,0.540753954,0.540753954,3.163015816
Images (5714).jpg,train,0.588795464,0.588795464,3.355181856
Images (5715).jpg,train,0.479513218,0.479513218,2.918052872
Images (5716).jpg,train,0.500954979,0.500954979,3.003819916
Images (5717).jpg,train,0.567729037,0.567729037,3.270916148
Images (5718).jpg,train,0.520159313,0.520159313,3.080637252
Images (5719).jpg,test,0.532882052,0.532882052,3.131528208
Images (5720).jpg,val,0.393485014,0.393485014,2.573940056
Images (5721).jpg,train,0.521539209,0.521539209,3.086156836
Images (5722).jpg,train,0.512808869,0.512808869,3.051235476
Images (5723).jpg,test,0.570043208,0.570043208,3.280172832
Images (5724).jpg,train,0.447430944,0.447430944,2.789723776
Images (5725).jpg,train,0.534980595,0.534980595,3.13992238
Images (5726).jpg,train,0.148471141,0.148471141,1.593884564
Images (5727).jpg,train,0.741755845,0.741755845,3.96702338
Images (5728).jpg,train,0.678520787,0.678520787,3.714083148
Images (5729).jpg,test,0.353885913,0.353885913,2.415543652
Images (5730).jpg,train,0.480272061,0.480272061,2.921088244
Images (5731).jpg,test,0.715203927,0.715203927,3.860815708
Images (5732).jpg,train,0.728988522,0.728988522,3.915954088
Images (5733).jpg,train,0.736114076,0.736114076,3.944456304
Images (5734).jpg,train,0.446907447,0.446907447,2.7876297880000003
Images (5735).jpg,train,0.616348211,0.616348211,3.465392844
Images (5736).jpg,train,0.281641552,0.281641552,2.126566208
Images (5737).jpg,val,0.549021683,0.549021683,3.196086732
Images (5738).jpg,train,0.49261817,0.49261817,2.9704726800000003
Images (5739).jpg,train,0.59031896,0.59031896,3.36127584
Images (5740).jpg,train,0.502942807,0.502942807,3.011771228
Images (5741).jpg,train,0.572026515,0.572026515,3.28810606
Images (5742).jpg,train,0.202074384,0.202074384,1.808297536
Images (5743).jpg,train,0.396760709,0.396760709,2.587042836
Images (5744).jpg,train,0.573760048,0.573760048,3.295040192
Images (5745).jpg,train,0.56777446,0.56777446,3.27109784
Images (5746).jpg,train,0.684844933,0.684844933,3.739379732
Images (5747).jpg,train,0.500090915,0.500090915,3.00036366
Images (5748).jpg,train,0.746241355,0.746241355,3.98496542
Images (5749).jpg,train,0.380446555,0.380446555,2.52178622
Images (5750).jpg,train,0.394322128,0.394322128,2.577288512
Images (5751).jpg,test,0.593805752,0.593805752,3.375223008
Images (5752).jpg,train,0.619548177,0.619548177,3.478192708
Images (5753).jpg,test,0.586319215,0.586319215,3.34527686
Images (5754).jpg,train,0.454802529,0.454802529,2.819210116
Images (5755).jpg,train,0.547149709,0.547149709,3.188598836
Images (5756).jpg,train,0.167237156,0.167237156,1.668948624
Images (5757).jpg,train,0.68355552,0.68355552,3.73422208
Images (5758).jpg,train,0.44179812,0.44179812,2.7671924800000003
Images (5759).jpg,train,0.550417033,0.550417033,3.201668132
Images (5760).jpg,train,0.659094803,0.659094803,3.636379212
Images (5761).jpg,train,0.42448312,0.42448312,2.69793248
Images (5762).jpg,test,0.458845665,0.458845665,2.83538266
Images (5763).jpg,train,0.482653563,0.482653563,2.930614252
Images (5764).jpg,train,0.507678136,0.507678136,3.030712544
Images (5765).jpg,train,0.469726931,0.469726931,2.8789077240000003
Images (5766).jpg,train,0.338949643,0.338949643,2.3557985720000003
Images (5767).jpg,train,0.495973779,0.495973779,2.983895116
Images (5768).jpg,train,0.611766107,0.611766107,3.447064428
Images (5769).jpg,train,0.522429482,0.522429482,3.089717928
Images (5770).jpg,test,0.518871252,0.518871252,3.075485008
Images (5771).jpg,val,0.60368911,0.60368911,3.41475644
Images (5772).jpg,train,0.722852563,0.722852563,3.891410252
Images (5773).jpg,train,0.613734746,0.613734746,3.454938984
Images (5774).jpg,test,0.479490048,0.479490048,2.917960192
Images (5775).jpg,test,0.794445018,0.794445018,4.177780072
Images (5776).jpg,test,0.395127022,0.395127022,2.580508088
Images (5777).jpg,train,0.448160081,0.448160081,2.792640324
Images (5778).jpg,train,0.454985917,0.454985917,2.819943668
Images (5779).jpg,train,0.661647635,0.661647635,3.64659054
Images (5780).jpg,train,0.488280541,0.488280541,2.953122164
Images (5781).jpg,train,0.511580412,0.511580412,3.046321648
Images (5782).jpg,test,0.624767337,0.624767337,3.499069348
Images (5783).jpg,train,0.751495583,0.751495583,4.005982332
Images (5784).jpg,train,0.535206704,0.535206704,3.140826816
Images (5785).jpg,train,0.602013391,0.602013391,3.408053564
Images (5786).jpg,train,0.602802822,0.602802822,3.411211288
Images (5787).jpg,test,0.658212942,0.658212942,3.632851768
Images (5788).jpg,train,0.551113568,0.551113568,3.204454272
Images (5789).jpg,train,0.546618866,0.546618866,3.186475464
Images (5790).jpg,train,0.498394081,0.498394081,2.993576324
Images (5791).jpg,val,0.542430928,0.542430928,3.169723712
Images (5792).jpg,test,0.449573709,0.449573709,2.798294836
Images (5793).jpg,train,0.585399354,0.585399354,3.341597416
Images (5794).jpg,train,0.556974144,0.556974144,3.227896576
Images (5795).jpg,train,0.588007695,0.588007695,3.35203078
Images (5796).jpg,val,0.63972125,0.63972125,3.558885
Images (5797).jpg,train,0.515335505,0.515335505,3.06134202
Images (5798).jpg,test,0.601600521,0.601600521,3.406402084
Images (5799).jpg,train,0.367637226,0.367637226,2.470548904
Images (5800).jpg,train,0.492191577,0.492191577,2.968766308
Images (5801).jpg,train,0.576093495,0.576093495,3.30437398
Images (5802).jpg,train,0.524979836,0.524979836,3.099919344
Images (5803).jpg,train,0.452030197,0.452030197,2.808120788
Images (5804).jpg,val,0.522010148,0.522010148,3.088040592
Images (5805).jpg,val,0.400063071,0.400063071,2.600252284
Images (5806).jpg,train,0.272914937,0.272914937,2.091659748
Images (5807).jpg,val,0.329401738,0.329401738,2.317606952
Images (5808).jpg,test,0.522836471,0.522836471,3.091345884
Images (5809).jpg,train,0.566865742,0.566865742,3.267462968
Images (5810).jpg,train,0.469897854,0.469897854,2.879591416
Images (5811).jpg,test,0.637305558,0.637305558,3.549222232
Images (5812).jpg,train,0.519530404,0.519530404,3.078121616
Images (5813).jpg,train,0.625825112,0.625825112,3.503300448
Images (5814).jpg,train,0.623533394,0.623533394,3.494133576
Images (5815).jpg,train,0.513089097,0.513089097,3.052356388
Images (5816).jpg,train,0.503848056,0.503848056,3.015392224
Images (5817).jpg,train,0.414794637,0.414794637,2.659178548
Images (5818).jpg,train,0.544871647,0.544871647,3.179486588
Images (5819).jpg,val,0.349483894,0.349483894,2.397935576
Images (5820).jpg,train,0.431825865,0.431825865,2.72730346
Images (5821).jpg,train,0.448050815,0.448050815,2.79220326
Images (5822).jpg,train,0.600993137,0.600993137,3.403972548
Images (5823).jpg,train,0.425121586,0.425121586,2.700486344
Images (5824).jpg,test,0.506649354,0.506649354,3.026597416
Images (5825).jpg,val,0.699978526,0.699978526,3.799914104
Images (5826).jpg,train,0.48613979,0.48613979,2.94455916
Images (5827).jpg,val,0.428039231,0.428039231,2.7121569240000003
Images (5828).jpg,train,0.574981072,0.574981072,3.299924288
Images (5829).jpg,train,0.440498615,0.440498615,2.76199446
Images (5830).jpg,train,0.511715622,0.511715622,3.046862488
Images (5831).jpg,train,0.622798282,0.622798282,3.491193128
Images (5832).jpg,train,0.753549538,0.753549538,4.0141981520000005
Images (5833).jpg,train,0.616303389,0.616303389,3.465213556
Images (5834).jpg,train,0.650331142,0.650331142,3.601324568
Images (5835).jpg,train,0.561114556,0.561114556,3.244458224
Images (5836).jpg,test,0.716974957,0.716974957,3.867899828
Images (5837).jpg,train,0.787904931,0.787904931,4.151619724
Images (5838).jpg,train,0.594599421,0.594599421,3.378397684
Images (5839).jpg,val,0.312424675,0.312424675,2.2496987
Images (5840).jpg,train,0.393997967,0.393997967,2.575991868
Images (5841).jpg,train,0.691664022,0.691664022,3.766656088
Images (5842).jpg,train,0.451258004,0.451258004,2.805032016
Images (5843).jpg,train,0.568714228,0.568714228,3.274856912
Images (5844).jpg,train,0.300007341,0.300007341,2.200029364
Images (5845).jpg,train,0.20259105,0.20259105,1.8103642
Images (5846).jpg,train,0.821793713,0.821793713,4.287174852
Images (5847).jpg,train,0.616903956,0.616903956,3.467615824
Images (5848).jpg,train,0.692068539,0.692068539,3.768274156
Images (5849).jpg,val,0.615046494,0.615046494,3.460185976
Images (5850).jpg,train,0.773718973,0.773718973,4.094875892
Images (5851).jpg,train,0.661737669,0.661737669,3.646950676
Images (5852).jpg,test,0.418171616,0.418171616,2.672686464
Images (5853).jpg,train,0.401752064,0.401752064,2.6070082560000003
Images (5854).jpg,train,0.403132242,0.403132242,2.612528968
Images (5855).jpg,train,0.490853625,0.490853625,2.9634145
Images (5856).jpg,train,0.440650108,0.440650108,2.762600432
Images (5857).jpg,train,0.365403456,0.365403456,2.461613824
Images (5858).jpg,train,0.374967767,0.374967767,2.499871068
Images (5859).jpg,test,0.42844818,0.42844818,2.71379272
Images (5860).jpg,train,0.428741877,0.428741877,2.714967508
Images (5861).jpg,train,0.311862961,0.311862961,2.247451844
Images (5862).jpg,train,0.502381127,0.502381127,3.009524508
Images (5863).jpg,train,0.297518933,0.297518933,2.190075732
Images (5864).jpg,train,0.51452739,0.51452739,3.05810956
Images (5865).jpg,train,0.43886409,0.43886409,2.75545636
Images (5866).jpg,train,0.392764072,0.392764072,2.5710562880000003
Images (5867).jpg,train,0.41676763,0.41676763,2.66707052
Images (5868).jpg,train,0.444074752,0.444074752,2.776299008
Images (5869).jpg,train,0.618015835,0.618015835,3.47206334
Images (5870).jpg,test,0.472869712,0.472869712,2.891478848
Images (5871).jpg,train,0.356169186,0.356169186,2.424676744
Images (5872).jpg,train,0.422733799,0.422733799,2.690935196
Images (5873).jpg,train,0.386452231,0.386452231,2.545808924
Images (5874).jpg,test,0.438993046,0.438993046,2.755972184
Images (5875).jpg,val,0.601901352,0.601901352,3.407605408
Images (5876).jpg,train,0.466871807,0.466871807,2.867487228
Images (5877).jpg,train,0.295754377,0.295754377,2.183017508
Images (5878).jpg,test,0.309453785,0.309453785,2.23781514
Images (5879).jpg,train,0.555630699,0.555630699,3.222522796
Images (5880).jpg,train,0.354931366,0.354931366,2.419725464
Images (5881).jpg,train,0.320238906,0.320238906,2.280955624
Images (5882).jpg,test,0.438014046,0.438014046,2.752056184
Images (5883).jpg,train,0.450532734,0.450532734,2.802130936
Images (5884).jpg,train,0.649363109,0.649363109,3.597452436
Images (5885).jpg,train,0.510621934,0.510621934,3.042487736
Images (5886).jpg,test,0.494593848,0.494593848,2.978375392
Images (5887).jpg,train,0.343573792,0.343573792,2.374295168
Images (5888).jpg,train,0.278612717,0.278612717,2.114450868
Images (5889).jpg,train,0.491014683,0.491014683,2.964058732
Images (5890).jpg,train,0.725705321,0.725705321,3.902821284
Images (5891).jpg,val,0.531146913,0.531146913,3.124587652
Images (5892).jpg,train,0.722916348,0.722916348,3.891665392
Images (5893).jpg,train,0.534077095,0.534077095,3.13630838
Images (5894).jpg,train,0.410638295,0.410638295,2.64255318
Images (5895).jpg,test,0.453753769,0.453753769,2.815015076
Images (5896).jpg,train,0.501588118,0.501588118,3.006352472
Images (5897).jpg,train,0.532577512,0.532577512,3.130310048
Images (5898).jpg,train,0.512997237,0.512997237,3.051988948
Images (5899).jpg,train,0.677521622,0.677521622,3.710086488
Images (5900).jpg,train,0.60155418,0.60155418,3.40621672
Images (5901).jpg,val,0.458958571,0.458958571,2.835834284
Images (5902).jpg,train,0.589105586,0.589105586,3.356422344
Images (5903).jpg,train,0.392490968,0.392490968,2.569963872
Images (5904).jpg,val,0.310537989,0.310537989,2.242151956
Images (5905).jpg,train,0.485962021,0.485962021,2.943848084
Images (5906).jpg,train,0.591731105,0.591731105,3.36692442
Images (5907).jpg,test,0.439062805,0.439062805,2.75625122
Images (5908).jpg,train,0.82441826,0.82441826,4.297673039999999
Images (5909).jpg,val,0.71825256,0.71825256,3.87301024
Images (5910).jpg,train,0.474142849,0.474142849,2.896571396
Images (5911).jpg,train,0.590030226,0.590030226,3.360120904
Images (5912).jpg,train,0.504313626,0.504313626,3.017254504
Images (5913).jpg,train,0.168872495,0.168872495,1.67548998
Images (5914).jpg,train,0.528969303,0.528969303,3.115877212
Images (5915).jpg,train,0.271857984,0.271857984,2.087431936
Images (5916).jpg,train,0.430808175,0.430808175,2.7232327
Images (5917).jpg,train,0.467934659,0.467934659,2.871738636
Images (5918).jpg,test,0.497916767,0.497916767,2.991667068
Images (5919).jpg,train,0.500704322,0.500704322,3.002817288
Images (5920).jpg,val,0.651816719,0.651816719,3.607266876
Images (5921).jpg,train,0.509527134,0.509527134,3.038108536
Images (5922).jpg,train,0.449623794,0.449623794,2.7984951760000003
Images (5923).jpg,test,0.510090363,0.510090363,3.040361452
Images (5924).jpg,test,0.380530408,0.380530408,2.522121632
Images (5925).jpg,train,0.359810032,0.359810032,2.439240128
Images (5926).jpg,test,0.37978799,0.37978799,2.5191519600000003
Images (5927).jpg,train,0.304334108,0.304334108,2.217336432
Images (5928).jpg,train,0.448263254,0.448263254,2.793053016
Images (5929).jpg,val,0.438502539,0.438502539,2.754010156
Images (5930).jpg,train,0.145485999,0.145485999,1.581943996
Images (5931).jpg,val,0.429203985,0.429203985,2.71681594
Images (5932).jpg,train,0.536935928,0.536935928,3.147743712
Images (5933).jpg,train,0.320689923,0.320689923,2.282759692
Images (5934).jpg,train,0.409850878,0.409850878,2.639403512
Images (5935).jpg,test,0.628273804,0.628273804,3.513095216
Images (5936).jpg,train,0.527101338,0.527101338,3.108405352
Images (5937).jpg,train,0.524754257,0.524754257,3.099017028
Images (5938).jpg,train,0.519517137,0.519517137,3.078068548
Images (5939).jpg,train,0.516149395,0.516149395,3.06459758
Images (5940).jpg,train,0.492108452,0.492108452,2.968433808
Images (5941).jpg,train,0.513139603,0.513139603,3.052558412
Images (5942).jpg,train,0.598649411,0.598649411,3.394597644
Images (5943).jpg,val,0.653164243,0.653164243,3.612656972
Images (5944).jpg,train,0.514751132,0.514751132,3.059004528
Images (5945).jpg,train,0.426515188,0.426515188,2.706060752
Images (5946).jpg,val,0.527269962,0.527269962,3.109079848
Images (5947).jpg,train,0.422464068,0.422464068,2.689856272
Images (5948).jpg,train,0.466995043,0.466995043,2.867980172
Images (5949).jpg,train,0.52861715,0.52861715,3.1144686
Images (5950).jpg,train,0.480441582,0.480441582,2.921766328
Images (5951).jpg,train,0.645132169,0.645132169,3.580528676
Images (5952).jpg,train,0.485502206,0.485502206,2.942008824
Images (5953).jpg,train,0.562189471,0.562189471,3.248757884
Images (5954).jpg,train,0.695874353,0.695874353,3.783497412
Images (5955).jpg,test,0.366396919,0.366396919,2.465587676
Images (5956).jpg,train,0.691286538,0.691286538,3.765146152
Images (5957).jpg,test,0.694742863,0.694742863,3.778971452
Images (5958).jpg,train,0.651473661,0.651473661,3.605894644
Images (5959).jpg,train,0.577114747,0.577114747,3.308458988
Images (5960).jpg,train,0.526622187,0.526622187,3.106488748
Images (5961).jpg,train,0.559962818,0.559962818,3.239851272
Images (5962).jpg,train,0.57559768,0.57559768,3.30239072
Images (5963).jpg,train,0.519179766,0.519179766,3.076719064
Images (5964).jpg,train,0.632611873,0.632611873,3.530447492
Images (5965).jpg,train,0.566684703,0.566684703,3.266738812
Images (5966).jpg,train,0.572750125,0.572750125,3.2910005
Images (5967).jpg,train,0.514404224,0.514404224,3.057616896
Images (5968).jpg,train,0.567164295,0.567164295,3.26865718
Images (5969).jpg,train,0.658940957,0.658940957,3.635763828
Images (5970).jpg,train,0.642066453,0.642066453,3.568265812
Images (5971).jpg,train,0.394811363,0.394811363,2.5792454520000003
Images (5972).jpg,train,0.367658737,0.367658737,2.470634948
Images (5973).jpg,train,0.413131553,0.413131553,2.652526212
Images (5974).jpg,train,0.720070279,0.720070279,3.880281116
Images (5975).jpg,test,0.735385557,0.735385557,3.941542228
Images (5976).jpg,train,0.567851382,0.567851382,3.271405528
Images (5977).jpg,train,0.509149708,0.509149708,3.036598832
Images (5978).jpg,train,0.33642592,0.33642592,2.34570368
Images (5979).jpg,train,0.530524075,0.530524075,3.1220963
Images (5980).jpg,test,0.565452838,0.565452838,3.261811352
Images (5981).jpg,train,0.406339837,0.406339837,2.625359348
Images (5982).jpg,train,0.67180053,0.67180053,3.68720212
Images (5983).jpg,train,0.39545089,0.39545089,2.58180356
Images (5984).jpg,train,0.611975701,0.611975701,3.447902804
Images (5985).jpg,train,0.332796148,0.332796148,2.331184592
Images (5986).jpg,test,0.444906819,0.444906819,2.7796272760000003
Images (5987).jpg,train,0.749564545,0.749564545,3.99825818
Images (5988).jpg,train,0.45944648,0.45944648,2.83778592
Images (5989).jpg,train,0.532673957,0.532673957,3.130695828
Images (5990).jpg,test,0.555537331,0.555537331,3.222149324
Images (5991).jpg,train,0.329907186,0.329907186,2.319628744
Images (5992).jpg,val,0.395841861,0.395841861,2.5833674440000003
Images (5993).jpg,train,0.592399189,0.592399189,3.369596756
Images (5994).jpg,test,0.612852662,0.612852662,3.451410648
Images (5995).jpg,train,0.679766648,0.679766648,3.719066592
Images (5996).jpg,train,0.639559761,0.639559761,3.558239044
Images (5997).jpg,train,0.601306666,0.601306666,3.405226664
Images (5998).jpg,train,0.680519974,0.680519974,3.722079896
Images (5999).jpg,train,0.623283896,0.623283896,3.493135584
Images (6000).jpg,test,0.585422655,0.585422655,3.34169062
Images (6001).jpg,train,0.401499057,0.401499057,2.605996228
Images (6002).jpg,train,0.487353058,0.487353058,2.949412232
Images (6003).jpg,train,0.699639027,0.699639027,3.798556108
Images (6004).jpg,train,0.667679741,0.667679741,3.670718964
Images (6005).jpg,test,0.615016953,0.615016953,3.460067812
Images (6006).jpg,train,0.447296517,0.447296517,2.789186068
Images (6007).jpg,test,0.508317928,0.508317928,3.033271712
Images (6008).jpg,train,0.668018277,0.668018277,3.672073108
Images (6009).jpg,test,0.761650002,0.761650002,4.046600008
Images (6010).jpg,train,0.527180546,0.527180546,3.108722184
Images (6011).jpg,test,0.781356251,0.781356251,4.125425004
Images (6012).jpg,train,0.569983657,0.569983657,3.279934628
Images (6013).jpg,train,0.436526332,0.436526332,2.746105328
Images (6014).jpg,train,0.52162202,0.52162202,3.08648808
Images (6015).jpg,test,0.38218355,0.38218355,2.5287342
Images (6016).jpg,train,0.588245849,0.588245849,3.352983396
Images (6017).jpg,train,0.440876976,0.440876976,2.763507904
Images (6018).jpg,train,0.544489028,0.544489028,3.177956112
Images (6019).jpg,train,0.584870778,0.584870778,3.339483112
Images (6020).jpg,train,0.612518326,0.612518326,3.450073304
Images (6021).jpg,train,0.550876712,0.550876712,3.203506848
Images (6022).jpg,train,0.45782972,0.45782972,2.83131888
Images (6023).jpg,train,0.466167889,0.466167889,2.864671556
Images (6024).jpg,train,0.473574301,0.473574301,2.894297204
Images (6025).jpg,test,0.56001195,0.56001195,3.2400478
Images (6026).jpg,train,0.511779518,0.511779518,3.047118072
Images (6027).jpg,test,0.515857995,0.515857995,3.06343198
Images (6028).jpg,train,0.576894864,0.576894864,3.307579456
Images (6029).jpg,train,0.450344631,0.450344631,2.801378524
Images (6030).jpg,train,0.545816773,0.545816773,3.183267092
Images (6031).jpg,train,0.38060536,0.38060536,2.52242144
Images (6032).jpg,train,0.449731321,0.449731321,2.798925284
Images (6033).jpg,train,0.451806557,0.451806557,2.807226228
Images (6034).jpg,val,0.494787691,0.494787691,2.979150764
Images (6035).jpg,train,0.625318543,0.625318543,3.501274172
Images (6036).jpg,train,0.707191288,0.707191288,3.828765152
Images (6037).jpg,train,0.667251313,0.667251313,3.669005252
Images (6038).jpg,train,0.604432616,0.604432616,3.417730464
Images (6039).jpg,train,0.701505518,0.701505518,3.806022072
Images (6040).jpg,test,0.765273304,0.765273304,4.061093216
Images (6041).jpg,test,0.678186185,0.678186185,3.71274474
Images (6042).jpg,train,0.663023055,0.663023055,3.65209222
Images (6043).jpg,train,0.591050411,0.591050411,3.364201644
Images (6044).jpg,test,0.614753138,0.614753138,3.459012552
Images (6045).jpg,train,0.583562231,0.583562231,3.334248924
Images (6046).jpg,train,0.555409553,0.555409553,3.221638212
Images (6047).jpg,train,0.533972049,0.533972049,3.135888196
Images (6048).jpg,train,0.605483177,0.605483177,3.421932708
Images (6049).jpg,train,0.57284468,0.57284468,3.29137872
Images (6050).jpg,train,0.58247535,0.58247535,3.3299014
Images (6051).jpg,train,0.606247794,0.606247794,3.424991176
Images (6052).jpg,test,0.598593171,0.598593171,3.394372684
Images (6053).jpg,train,0.483937218,0.483937218,2.935748872
Images (6054).jpg,val,0.629854405,0.629854405,3.51941762
Images (6055).jpg,train,0.719631917,0.719631917,3.878527668
Images (6056).jpg,train,0.494781411,0.494781411,2.979125644
Images (6057).jpg,test,0.747039881,0.747039881,3.988159524
Images (6058).jpg,test,0.61372081,0.61372081,3.45488324
Images (6059).jpg,val,0.38472601,0.38472601,2.5389040400000003
Images (6060).jpg,train,0.654044979,0.654044979,3.616179916
Images (6061).jpg,train,0.506102789,0.506102789,3.024411156
Images (6062).jpg,train,0.408935068,0.408935068,2.635740272
Images (6063).jpg,train,0.55986987,0.55986987,3.23947948
Images (6064).jpg,train,0.455327332,0.455327332,2.821309328
Images (6065).jpg,train,0.432999718,0.432999718,2.731998872
Images (6066).jpg,train,0.784671092,0.784671092,4.138684368
Images (6067).jpg,train,0.531547544,0.531547544,3.126190176
Images (6068).jpg,test,0.500174361,0.500174361,3.000697444
Images (6069).jpg,train,0.400986397,0.400986397,2.603945588
Images (6070).jpg,train,0.612863648,0.612863648,3.451454592
Images (6071).jpg,train,0.547251275,0.547251275,3.1890051
Images (6072).jpg,train,0.180968229,0.180968229,1.723872916
Images (6073).jpg,train,0.546958039,0.546958039,3.187832156
Images (6074).jpg,train,0.634395745,0.634395745,3.53758298
Images (6075).jpg,train,0.721881167,0.721881167,3.887524668
Images (6076).jpg,train,0.509844672,0.509844672,3.039378688
Images (6077).jpg,train,0.48502528,0.48502528,2.94010112
Images (6078).jpg,train,0.56244838,0.56244838,3.24979352
Images (6079).jpg,test,0.535277241,0.535277241,3.141108964
Images (6080).jpg,train,0.748123543,0.748123543,3.992494172
Images (6081).jpg,val,0.610320654,0.610320654,3.441282616
Images (6082).jpg,test,0.53395574,0.53395574,3.13582296
Images (6083).jpg,train,0.627981996,0.627981996,3.511927984
Images (6084).jpg,train,0.573584969,0.573584969,3.294339876
Images (6085).jpg,train,0.676161181,0.676161181,3.704644724
Images (6086).jpg,test,0.633445961,0.633445961,3.533783844
Images (6087).jpg,train,0.602642393,0.602642393,3.410569572
Images (6088).jpg,train,0.649776909,0.649776909,3.599107636
Images (6089).jpg,train,0.671132271,0.671132271,3.684529084
Images (6090).jpg,train,0.382442631,0.382442631,2.529770524
Images (6091).jpg,train,0.523315747,0.523315747,3.093262988
Images (6092).jpg,train,0.531476019,0.531476019,3.125904076
Images (6093).jpg,train,0.385715323,0.385715323,2.542861292
Images (6094).jpg,val,0.391198191,0.391198191,2.564792764
Images (6095).jpg,train,0.475954566,0.475954566,2.903818264
Images (6096).jpg,train,0.51340684,0.51340684,3.05362736
Images (6097).jpg,train,0.650223942,0.650223942,3.600895768
Images (6098).jpg,train,0.658048239,0.658048239,3.632192956
Images (6099).jpg,train,0.659641988,0.659641988,3.638567952
Images (6100).jpg,train,0.470634087,0.470634087,2.882536348
Images (6101).jpg,test,0.662636755,0.662636755,3.65054702
Images (6102).jpg,train,0.392526819,0.392526819,2.570107276
Images (6103).jpg,train,0.524004228,0.524004228,3.096016912
Images (6104).jpg,val,0.511783916,0.511783916,3.047135664
Images (6105).jpg,test,0.508975998,0.508975998,3.035903992
Images (6106).jpg,train,0.482436902,0.482436902,2.929747608
Images (6107).jpg,train,0.717902588,0.717902588,3.871610352
Images (6108).jpg,train,0.419773133,0.419773133,2.6790925320000003
Images (6109).jpg,train,0.417900613,0.417900613,2.671602452
Images (6110).jpg,test,0.519179623,0.519179623,3.076718492
Images (6111).jpg,test,0.544936097,0.544936097,3.179744388
Images (6112).jpg,train,0.435527746,0.435527746,2.742110984
Images (6113).jpg,train,0.469209439,0.469209439,2.876837756
Images (6114).jpg,val,0.553860733,0.553860733,3.215442932
Images (6115).jpg,train,0.627180035,0.627180035,3.50872014
Images (6116).jpg,test,0.73377526,0.73377526,3.93510104
Images (6117).jpg,train,0.581303683,0.581303683,3.325214732
Images (6118).jpg,test,0.569723074,0.569723074,3.278892296
Images (6119).jpg,train,0.459070203,0.459070203,2.836280812
Images (6120).jpg,train,0.603175032,0.603175032,3.412700128
Images (6121).jpg,val,0.678682237,0.678682237,3.714728948
Images (6122).jpg,train,0.590155555,0.590155555,3.36062222
Images (6123).jpg,train,0.646104651,0.646104651,3.584418604
Images (6124).jpg,train,0.613634217,0.613634217,3.454536868
Images (6125).jpg,train,0.600671201,0.600671201,3.402684804
Images (6126).jpg,train,0.409939799,0.409939799,2.639759196
Images (6127).jpg,train,0.574210748,0.574210748,3.296842992
Images (6128).jpg,train,0.571033108,0.571033108,3.284132432
Images (6129).jpg,train,0.553302568,0.553302568,3.213210272
Images (6130).jpg,train,0.537427688,0.537427688,3.149710752
Images (6131).jpg,train,0.474266774,0.474266774,2.897067096
Images (6132).jpg,train,0.430595908,0.430595908,2.722383632
Images (6133).jpg,train,0.620554074,0.620554074,3.482216296
Images (6134).jpg,train,0.575972396,0.575972396,3.303889584
Images (6135).jpg,train,0.249748069,0.249748069,1.998992276
Images (6136).jpg,train,0.538775265,0.538775265,3.15510106
Images (6137).jpg,val,0.573245011,0.573245011,3.292980044
Images (6138).jpg,train,0.327346358,0.327346358,2.309385432
Images (6139).jpg,train,0.564126866,0.564126866,3.256507464
Images (6140).jpg,train,0.646252921,0.646252921,3.585011684
Images (6141).jpg,train,0.736688311,0.736688311,3.946753244
Images (6142).jpg,test,0.676054687,0.676054687,3.704218748
Images (6143).jpg,train,0.578155851,0.578155851,3.312623404
Images (6144).jpg,val,0.617893252,0.617893252,3.471573008
Images (6145).jpg,train,0.562843956,0.562843956,3.251375824
Images (6146).jpg,val,0.388316523,0.388316523,2.5532660920000003
Images (6147).jpg,train,0.512700856,0.512700856,3.050803424
Images (6148).jpg,train,0.400185318,0.400185318,2.600741272
Images (6149).jpg,val,0.554218449,0.554218449,3.216873796
Images (6150).jpg,val,0.175925926,0.175925926,1.703703704
Images (6151).jpg,train,0.382996963,0.382996963,2.5319878520000003
Images (6152).jpg,train,0.584247454,0.584247454,3.336989816
Images (6153).jpg,train,0.500007654,0.500007654,3.000030616
Images (6154).jpg,test,0.724161065,0.724161065,3.89664426
Images (6155).jpg,train,0.539405467,0.539405467,3.157621868
Images (6156).jpg,test,0.529355806,0.529355806,3.117423224
Images (6157).jpg,train,0.735595887,0.735595887,3.942383548
Images (6158).jpg,train,0.444140626,0.444140626,2.776562504
Images (6159).jpg,train,0.580445874,0.580445874,3.321783496
Images (6160).jpg,train,0.6454655,0.6454655,3.581862
Images (6161).jpg,train,0.628190833,0.628190833,3.512763332
Images (6162).jpg,train,0.695148607,0.695148607,3.780594428
Images (6163).jpg,train,0.618338901,0.618338901,3.473355604
Images (6164).jpg,train,0.639250188,0.639250188,3.557000752
Images (6165).jpg,train,0.348882532,0.348882532,2.395530128
Images (6166).jpg,train,0.424786866,0.424786866,2.699147464
Images (6167).jpg,train,0.534985416,0.534985416,3.139941664
Images (6168).jpg,val,0.567725303,0.567725303,3.270901212
Images (6169).jpg,train,0.450152695,0.450152695,2.80061078
Images (6170).jpg,train,0.554565304,0.554565304,3.218261216
Images (6171).jpg,train,0.38947605,0.38947605,2.5579042000000003
Images (6172).jpg,test,0.584556418,0.584556418,3.338225672
Images (6173).jpg,train,0.566582165,0.566582165,3.26632866
Images (6174).jpg,train,0.794596455,0.794596455,4.17838582
Images (6175).jpg,train,0.604972184,0.604972184,3.419888736
Images (6176).jpg,train,0.365019566,0.365019566,2.460078264
Images (6177).jpg,train,0.435246412,0.435246412,2.740985648
Images (6178).jpg,test,0.509820759,0.509820759,3.039283036
Images (6179).jpg,train,0.468657721,0.468657721,2.874630884
Images (6180).jpg,train,0.536421403,0.536421403,3.145685612
Images (6181).jpg,train,0.424264634,0.424264634,2.697058536
Images (6182).jpg,train,0.592771934,0.592771934,3.371087736
Images (6183).jpg,test,0.564273302,0.564273302,3.257093208
Images (6184).jpg,train,0.29981424,0.29981424,2.19925696
Images (6185).jpg,train,0.409293664,0.409293664,2.637174656
Images (6186).jpg,train,0.389418971,0.389418971,2.557675884
Images (6187).jpg,train,0.239446366,0.239446366,1.957785464
Images (6188).jpg,val,0.245447951,0.245447951,1.981791804
Images (6189).jpg,train,0.417933197,0.417933197,2.671732788
Images (6190).jpg,train,0.379921448,0.379921448,2.519685792
Images (6191).jpg,train,0.319049144,0.319049144,2.276196576
Images (6192).jpg,val,0.326331472,0.326331472,2.305325888
Images (6193).jpg,test,0.513256971,0.513256971,3.053027884
Images (6194).jpg,train,0.386521214,0.386521214,2.546084856
Images (6195).jpg,train,0.437935562,0.437935562,2.751742248
Images (6196).jpg,train,0.61924671,0.61924671,3.47698684
Images (6197).jpg,train,0.472808324,0.472808324,2.891233296
Images (6198).jpg,test,0.584774298,0.584774298,3.339097192
Images (6199).jpg,train,0.52426308,0.52426308,3.09705232
Images (6200).jpg,train,0.601020722,0.601020722,3.404082888
Images (6201).jpg,train,0.626106656,0.626106656,3.504426624
Images (6202).jpg,train,0.357338868,0.357338868,2.429355472
Images (6203).jpg,train,0.583397439,0.583397439,3.333589756
Images (6204).jpg,train,0.777452661,0.777452661,4.109810644
Images (6205).jpg,train,0.62242101,0.62242101,3.48968404
Images (6206).jpg,train,0.761583803,0.761583803,4.046335212
Images (6207).jpg,test,0.611956047,0.611956047,3.447824188
Images (6208).jpg,train,0.49259145,0.49259145,2.9703658
Images (6209).jpg,test,0.37987685,0.37987685,2.5195074
Images (6210).jpg,train,0.56657254,0.56657254,3.26629016
Images (6211).jpg,train,0.514163827,0.514163827,3.056655308
Images (6212).jpg,val,0.362404062,0.362404062,2.449616248
Images (6213).jpg,train,0.33373142,0.33373142,2.33492568
Images (6214).jpg,train,0.465299251,0.465299251,2.861197004
Images (6215).jpg,train,0.453451472,0.453451472,2.813805888
Images (6216).jpg,train,0.488304154,0.488304154,2.953216616
Images (6217).jpg,train,0.738623288,0.738623288,3.954493152
Images (6218).jpg,train,0.627538449,0.627538449,3.510153796
Images (6219).jpg,train,0.350132057,0.350132057,2.400528228
Images (6220).jpg,train,0.470178139,0.470178139,2.880712556
Images (6221).jpg,test,0.487409395,0.487409395,2.94963758
Images (6222).jpg,test,0.620540723,0.620540723,3.482162892
Images (6223).jpg,test,0.455876278,0.455876278,2.8235051120000003
Images (6224).jpg,val,0.538098121,0.538098121,3.152392484
Images (6225).jpg,test,0.747335785,0.747335785,3.98934314
Images (6226).jpg,train,0.668571452,0.668571452,3.674285808
Images (6227).jpg,train,0.67452782,0.67452782,3.69811128
Images (6228).jpg,test,0.681422002,0.681422002,3.725688008
Images (6229).jpg,train,0.639674449,0.639674449,3.558697796
Images (6230).jpg,train,0.365053863,0.365053863,2.460215452
Images (6231).jpg,train,0.396000702,0.396000702,2.584002808
Images (6232).jpg,train,0.391489733,0.391489733,2.565958932
Images (6233).jpg,train,0.428737938,0.428737938,2.714951752
Images (6234).jpg,train,0.691889425,0.691889425,3.7675577
Images (6235).jpg,train,0.626649077,0.626649077,3.506596308
Images (6236).jpg,train,0.435851204,0.435851204,2.743404816
Images (6237).jpg,val,0.654223811,0.654223811,3.616895244
Images (6238).jpg,train,0.679465716,0.679465716,3.717862864
Images (6239).jpg,train,0.433919569,0.433919569,2.735678276
Images (6240).jpg,val,0.446411784,0.446411784,2.785647136
Images (6241).jpg,test,0.481692471,0.481692471,2.926769884
Images (6242).jpg,train,0.307131324,0.307131324,2.228525296
Images (6243).jpg,train,0.611326127,0.611326127,3.445304508
Images (6244).jpg,train,0.578150871,0.578150871,3.312603484
Images (6245).jpg,train,0.648670113,0.648670113,3.594680452
Images (6246).jpg,train,0.786108951,0.786108951,4.144435804
Images (6247).jpg,val,0.739340947,0.739340947,3.957363788
Images (6248).jpg,train,0.609816449,0.609816449,3.439265796
Images (6249).jpg,test,0.579264303,0.579264303,3.317057212
Images (6250).jpg,val,0.581421731,0.581421731,3.325686924
Images (6251).jpg,train,0.596418469,0.596418469,3.385673876
Images (6252).jpg,val,0.611615555,0.611615555,3.44646222
Images (6253).jpg,train,0.567137158,0.567137158,3.268548632
Images (6254).jpg,train,0.438675301,0.438675301,2.754701204
Images (6255).jpg,train,0.611460966,0.611460966,3.445843864
Images (6256).jpg,train,0.383475955,0.383475955,2.53390382
Images (6257).jpg,train,0.792913452,0.792913452,4.171653808
Images (6258).jpg,train,0.622650731,0.622650731,3.490602924
Images (6259).jpg,train,0.636321436,0.636321436,3.545285744
Images (6260).jpg,train,0.662550959,0.662550959,3.650203836
Images (6261).jpg,train,0.620646164,0.620646164,3.482584656
Images (6262).jpg,train,0.70544829,0.70544829,3.82179316
Images (6263).jpg,val,0.734731381,0.734731381,3.938925524
Images (6264).jpg,test,0.700658047,0.700658047,3.802632188
Images (6265).jpg,train,0.511287873,0.511287873,3.045151492
Images (6266).jpg,train,0.649619506,0.649619506,3.598478024
Images (6267).jpg,train,0.655306143,0.655306143,3.621224572
Images (6268).jpg,train,0.748779042,0.748779042,3.995116168
Images (6269).jpg,test,0.373679212,0.373679212,2.494716848
Images (6270).jpg,train,0.817695801,0.817695801,4.270783204000001
Images (6271).jpg,train,0.734987938,0.734987938,3.939951752
Images (6272).jpg,train,0.861067028,0.861067028,4.444268112
Images (6273).jpg,test,0.55452306,0.55452306,3.21809224
Images (6274).jpg,train,0.628431654,0.628431654,3.513726616
Images (6275).jpg,train,0.685376412,0.685376412,3.741505648
Images (6276).jpg,train,0.585277396,0.585277396,3.341109584
Images (6277).jpg,train,0.671094792,0.671094792,3.684379168
Images (6278).jpg,train,0.696081574,0.696081574,3.784326296
Images (6279).jpg,test,0.684608414,0.684608414,3.738433656
Images (6280).jpg,val,0.667622017,0.667622017,3.670488068
Images (6281).jpg,train,0.861979477,0.861979477,4.447917908
Images (6282).jpg,val,0.642171814,0.642171814,3.568687256
Images (6283).jpg,train,0.652593081,0.652593081,3.610372324
Images (6284).jpg,train,0.729160642,0.729160642,3.916642568
Images (6285).jpg,train,0.444237724,0.444237724,2.776950896
Images (6286).jpg,test,0.581377433,0.581377433,3.325509732
Images (6287).jpg,train,0.586964411,0.586964411,3.347857644
Images (6288).jpg,train,0.673556661,0.673556661,3.694226644
Images (6289).jpg,val,0.550417244,0.550417244,3.201668976
Images (6290).jpg,test,0.497585065,0.497585065,2.99034026
Images (6291).jpg,train,0.531266528,0.531266528,3.125066112
Images (6292).jpg,test,0.491051937,0.491051937,2.964207748
Images (6293).jpg,train,0.525396769,0.525396769,3.101587076
Images (6294).jpg,test,0.590074555,0.590074555,3.36029822
Images (6295).jpg,val,0.46123485,0.46123485,2.8449394
Images (6296).jpg,train,0.517150153,0.517150153,3.068600612
Images (6297).jpg,val,0.584620106,0.584620106,3.338480424
Images (6298).jpg,train,0.386829162,0.386829162,2.547316648
Images (6299).jpg,train,0.536658691,0.536658691,3.146634764
Images (6300).jpg,val,0.59647182,0.59647182,3.38588728
Images (6301).jpg,train,0.561656332,0.561656332,3.246625328
Images (6302).jpg,train,0.494135554,0.494135554,2.976542216
Images (6303).jpg,train,0.506710792,0.506710792,3.026843168
Images (6304).jpg,train,0.342096817,0.342096817,2.368387268
Images (6305).jpg,test,0.528229499,0.528229499,3.112917996
Images (6306).jpg,train,0.601777869,0.601777869,3.407111476
Images (6307).jpg,train,0.492342364,0.492342364,2.969369456
Images (6308).jpg,train,0.626968805,0.626968805,3.50787522
Images (6309).jpg,train,0.671499709,0.671499709,3.685998836
Images (6310).jpg,train,0.443049817,0.443049817,2.772199268
Images (6311).jpg,test,0.576614236,0.576614236,3.306456944
Images (6312).jpg,train,0.594503065,0.594503065,3.37801226
Images (6313).jpg,train,0.675561821,0.675561821,3.702247284
Images (6314).jpg,train,0.673408665,0.673408665,3.69363466
Images (6315).jpg,train,0.617389288,0.617389288,3.469557152
Images (6316).jpg,train,0.598288287,0.598288287,3.393153148
Images (6317).jpg,train,0.7615642,0.7615642,4.0462568
Images (6318).jpg,train,0.456744174,0.456744174,2.826976696
Images (6319).jpg,train,0.348317692,0.348317692,2.393270768
Images (6320).jpg,train,0.473988001,0.473988001,2.895952004
Images (6321).jpg,train,0.548220685,0.548220685,3.19288274
Images (6322).jpg,train,0.35,0.35,2.4
Images (6323).jpg,train,0.713781302,0.713781302,3.855125208
Images (6324).jpg,train,0.702689087,0.702689087,3.810756348
Images (6325).jpg,train,0.712060078,0.712060078,3.848240312
Images (6326).jpg,train,0.597152549,0.597152549,3.388610196
Images (6327).jpg,train,0.631226802,0.631226802,3.524907208
Images (6328).jpg,train,0.567213147,0.567213147,3.268852588
Images (6329).jpg,train,0.485694039,0.485694039,2.942776156
Images (6330).jpg,train,0.598343388,0.598343388,3.393373552
Images (6331).jpg,train,0.717780676,0.717780676,3.871122704
Images (6332).jpg,test,0.583499553,0.583499553,3.333998212
Images (6333).jpg,train,0.588502864,0.588502864,3.354011456
Images (6334).jpg,train,0.516041462,0.516041462,3.064165848
Images (6335).jpg,test,0.642408326,0.642408326,3.569633304
Images (6336).jpg,test,0.64391988,0.64391988,3.57567952
Images (6337).jpg,val,0.788102105,0.788102105,4.15240842
Images (6338).jpg,train,0.446716677,0.446716677,2.786866708
Images (6339).jpg,test,0.705816938,0.705816938,3.823267752
Images (6340).jpg,train,0.39588022,0.39588022,2.58352088
Images (6341).jpg,test,0.474801097,0.474801097,2.899204388
Images (6342).jpg,train,0.520086606,0.520086606,3.080346424
Images (6343).jpg,test,0.600171654,0.600171654,3.400686616
Images (6344).jpg,train,0.570597805,0.570597805,3.28239122
Images (6345).jpg,train,0.477137051,0.477137051,2.908548204
Images (6346).jpg,val,0.60434684,0.60434684,3.41738736
Images (6347).jpg,train,0.59461982,0.59461982,3.37847928
Images (6348).jpg,train,0.521581983,0.521581983,3.086327932
Images (6349).jpg,train,0.237795209,0.237795209,1.951180836
Images (6350).jpg,train,0.602962863,0.602962863,3.411851452
Images (6351).jpg,test,0.636394198,0.636394198,3.545576792
Images (6352).jpg,train,0.513923275,0.513923275,3.0556931
Images (6353).jpg,train,0.453713856,0.453713856,2.814855424
Images (6354).jpg,train,0.338484426,0.338484426,2.353937704
Images (6355).jpg,train,0.489920384,0.489920384,2.959681536
Images (6356).jpg,train,0.583111831,0.583111831,3.332447324
Images (6357).jpg,train,0.512983811,0.512983811,3.051935244
Images (6358).jpg,val,0.602942288,0.602942288,3.411769152
Images (6359).jpg,test,0.531480681,0.531480681,3.125922724
Images (6360).jpg,train,0.770838665,0.770838665,4.08335466
Images (6361).jpg,train,0.583087619,0.583087619,3.332350476
Images (6362).jpg,train,0.560149032,0.560149032,3.240596128
Images (6363).jpg,train,0.497741679,0.497741679,2.990966716
Images (6364).jpg,test,0.501168514,0.501168514,3.004674056
Images (6365).jpg,val,0.405590567,0.405590567,2.622362268
Images (6366).jpg,train,0.374250639,0.374250639,2.497002556
Images (6367).jpg,test,0.608911145,0.608911145,3.43564458
Images (6368).jpg,train,0.435554307,0.435554307,2.742217228
Images (6369).jpg,val,0.658354123,0.658354123,3.633416492
Images (6370).jpg,train,0.630364506,0.630364506,3.521458024
Images (6371).jpg,train,0.397688351,0.397688351,2.590753404
Images (6372).jpg,train,0.626468656,0.626468656,3.505874624
Images (6373).jpg,train,0.395595582,0.395595582,2.582382328
Images (6374).jpg,test,0.450825493,0.450825493,2.803301972
Images (6375).jpg,train,0.439289497,0.439289497,2.757157988
Images (6376).jpg,train,0.587925484,0.587925484,3.351701936
Images (6377).jpg,test,0.521817753,0.521817753,3.087271012
Images (6378).jpg,val,0.482900882,0.482900882,2.931603528
Images (6379).jpg,val,0.521713714,0.521713714,3.086854856
Images (6380).jpg,test,0.509022922,0.509022922,3.036091688
Images (6381).jpg,train,0.41009735,0.41009735,2.6403894
Images (6382).jpg,train,0.506013109,0.506013109,3.024052436
Images (6383).jpg,val,0.391151444,0.391151444,2.564605776
Images (6384).jpg,train,0.461631013,0.461631013,2.846524052
Images (6385).jpg,train,0.590569812,0.590569812,3.362279248
Images (6386).jpg,train,0.520905775,0.520905775,3.0836231
Images (6387).jpg,train,0.436321486,0.436321486,2.745285944
Images (6388).jpg,train,0.446731512,0.446731512,2.786926048
Images (6389).jpg,train,0.472171746,0.472171746,2.888686984
Images (6390).jpg,train,0.663465436,0.663465436,3.653861744
Images (6391).jpg,train,0.680102799,0.680102799,3.720411196
Images (6392).jpg,train,0.619667923,0.619667923,3.478671692
Images (6393).jpg,train,0.539742043,0.539742043,3.158968172
Images (6394).jpg,train,0.552621682,0.552621682,3.210486728
Images (6395).jpg,train,0.513232953,0.513232953,3.052931812
Images (6396).jpg,train,0.325766438,0.325766438,2.303065752
Images (6397).jpg,train,0.466371958,0.466371958,2.865487832
Images (6398).jpg,test,0.572002976,0.572002976,3.288011904
Images (6399).jpg,train,0.449349913,0.449349913,2.797399652
Images (6400).jpg,train,0.496979306,0.496979306,2.9879172240000003
Images (6401).jpg,train,0.510354075,0.510354075,3.0414163
Images (6402).jpg,train,0.716374236,0.716374236,3.865496944
Images (6403).jpg,test,0.454333568,0.454333568,2.817334272
Images (6404).jpg,train,0.451098334,0.451098334,2.804393336
Images (6405).jpg,train,0.56697213,0.56697213,3.26788852
Images (6406).jpg,test,0.609925568,0.609925568,3.439702272
Images (6407).jpg,val,0.663723096,0.663723096,3.654892384
Images (6408).jpg,train,0.459771454,0.459771454,2.839085816
Images (6409).jpg,train,0.525242733,0.525242733,3.100970932
Images (6410).jpg,train,0.553277543,0.553277543,3.213110172
Images (6411).jpg,train,0.506469636,0.506469636,3.025878544
Images (6412).jpg,test,0.330699795,0.330699795,2.32279918
Images (6413).jpg,test,0.582234946,0.582234946,3.328939784
Images (6414).jpg,train,0.390205152,0.390205152,2.560820608
Images (6415).jpg,train,0.706661046,0.706661046,3.826644184
Images (6416).jpg,train,0.516038257,0.516038257,3.064153028
Images (6417).jpg,val,0.537835438,0.537835438,3.151341752
Images (6418).jpg,train,0.546285183,0.546285183,3.185140732
Images (6419).jpg,train,0.479188988,0.479188988,2.916755952
Images (6420).jpg,train,0.685009263,0.685009263,3.740037052
Images (6421).jpg,train,0.353499901,0.353499901,2.413999604
Images (6422).jpg,train,0.436474106,0.436474106,2.745896424
Images (6423).jpg,train,0.453517647,0.453517647,2.814070588
Images (6424).jpg,train,0.51448601,0.51448601,3.05794404
Images (6425).jpg,train,0.573584025,0.573584025,3.2943361
Images (6426).jpg,train,0.378223541,0.378223541,2.512894164
Images (6427).jpg,val,0.560705624,0.560705624,3.242822496
Images (6428).jpg,train,0.295077834,0.295077834,2.180311336
Images (6429).jpg,test,0.471646925,0.471646925,2.8865877
Images (6430).jpg,test,0.597801824,0.597801824,3.391207296
Images (6431).jpg,train,0.479201685,0.479201685,2.91680674
Images (6432).jpg,train,0.30524112,0.30524112,2.22096448
Images (6433).jpg,train,0.597708294,0.597708294,3.390833176
Images (6434).jpg,train,0.505820643,0.505820643,3.023282572
Images (6435).jpg,train,0.574415805,0.574415805,3.29766322
Images (6436).jpg,train,0.617901261,0.617901261,3.471605044
Images (6437).jpg,train,0.49958575,0.49958575,2.998343
Images (6438).jpg,train,0.413981469,0.413981469,2.655925876
Images (6439).jpg,train,0.351340521,0.351340521,2.405362084
Images (6440).jpg,test,0.503296921,0.503296921,3.013187684
Images (6441).jpg,train,0.509218602,0.509218602,3.036874408
Images (6442).jpg,val,0.65455682,0.65455682,3.61822728
Images (6443).jpg,train,0.606129754,0.606129754,3.424519016
Images (6444).jpg,train,0.533802559,0.533802559,3.135210236
Images (6445).jpg,val,0.471401284,0.471401284,2.885605136
Images (6446).jpg,train,0.419191887,0.419191887,2.676767548
Images (6447).jpg,train,0.379005624,0.379005624,2.516022496
Images (6448).jpg,train,0.67581403,0.67581403,3.70325612
Images (6449).jpg,val,0.69176792,0.69176792,3.76707168
Images (6450).jpg,train,0.79481231,0.79481231,4.17924924
Images (6451).jpg,train,0.618589222,0.618589222,3.474356888
Images (6452).jpg,train,0.354239953,0.354239953,2.416959812
Images (6453).jpg,test,0.528218108,0.528218108,3.112872432
Images (6454).jpg,train,0.589583943,0.589583943,3.358335772
Images (6455).jpg,test,0.414409001,0.414409001,2.657636004
Images (6456).jpg,train,0.35233478,0.35233478,2.4093391200000003
Images (6457).jpg,train,0.341044265,0.341044265,2.3641770600000003
Images (6458).jpg,train,0.587731871,0.587731871,3.350927484
Images (6459).jpg,val,0.620925305,0.620925305,3.48370122
Images (6460).jpg,train,0.648348706,0.648348706,3.593394824
Images (6461).jpg,train,0.565816033,0.565816033,3.263264132
Images (6462).jpg,train,0.605991185,0.605991185,3.42396474
Images (6463).jpg,train,0.764542267,0.764542267,4.058169068
Images (6464).jpg,val,0.373615351,0.373615351,2.494461404
Images (6465).jpg,train,0.516114586,0.516114586,3.064458344
Images (6466).jpg,val,0.600598739,0.600598739,3.402394956
Images (6467).jpg,train,0.495715916,0.495715916,2.982863664
Images (6468).jpg,train,0.556552902,0.556552902,3.226211608
Images (6469).jpg,train,0.381155999,0.381155999,2.524623996
Images (6470).jpg,train,0.57476474,0.57476474,3.29905896
Images (6471).jpg,test,0.334408458,0.334408458,2.337633832
Images (6472).jpg,train,0.344502442,0.344502442,2.378009768
Images (6473).jpg,train,0.460827472,0.460827472,2.8433098880000003
Images (6474).jpg,train,0.552728913,0.552728913,3.210915652
Images (6475).jpg,train,0.442849599,0.442849599,2.771398396
Images (6476).jpg,train,0.463572533,0.463572533,2.854290132
Images (6477).jpg,train,0.310382929,0.310382929,2.241531716
Images (6478).jpg,train,0.338982968,0.338982968,2.355931872
Images (6479).jpg,val,0.540827943,0.540827943,3.163311772
Images (6480).jpg,train,0.576108944,0.576108944,3.304435776
Images (6481).jpg,train,0.492332368,0.492332368,2.969329472
Images (6482).jpg,train,0.476943257,0.476943257,2.9077730280000003
Images (6483).jpg,train,0.383069069,0.383069069,2.532276276
Images (6484).jpg,test,0.47354152,0.47354152,2.89416608
Images (6485).jpg,train,0.672310827,0.672310827,3.689243308
Images (6486).jpg,train,0.423072388,0.423072388,2.692289552
Images (6487).jpg,train,0.332712118,0.332712118,2.330848472
Images (6488).jpg,train,0.291779145,0.291779145,2.16711658
Images (6489).jpg,train,0.550123937,0.550123937,3.200495748
Images (6490).jpg,train,0.535164389,0.535164389,3.140657556
Images (6491).jpg,train,0.488478729,0.488478729,2.953914916
Images (6492).jpg,test,0.525452135,0.525452135,3.10180854
Images (6493).jpg,train,0.663838227,0.663838227,3.655352908
Images (6494).jpg,train,0.43516694,0.43516694,2.74066776
Images (6495).jpg,test,0.520213001,0.520213001,3.080852004
Images (6496).jpg,train,0.359980528,0.359980528,2.439922112
Images (6497).jpg,val,0.658156746,0.658156746,3.632626984
Images (6498).jpg,train,0.599370301,0.599370301,3.397481204
Images (6499).jpg,train,0.448195614,0.448195614,2.7927824560000003
Images (6500).jpg,train,0.59811641,0.59811641,3.39246564
Images (6501).jpg,train,0.48916239,0.48916239,2.95664956
Images (6502).jpg,train,0.34444044,0.34444044,2.3777617600000003
Images (6503).jpg,train,0.574349772,0.574349772,3.297399088
Images (6504).jpg,train,0.599710109,0.599710109,3.398840436
Images (6505).jpg,train,0.631324024,0.631324024,3.525296096
Images (6506).jpg,train,0.466523592,0.466523592,2.866094368
Images (6507).jpg,train,0.488159743,0.488159743,2.952638972
Images (6508).jpg,train,0.363764213,0.363764213,2.455056852
Images (6509).jpg,train,0.731481481,0.731481481,3.925925924
Images (6510).jpg,train,0.52240165,0.52240165,3.0896066
Images (6511).jpg,train,0.638863633,0.638863633,3.555454532
Images (6512).jpg,train,0.422575524,0.422575524,2.690302096
Images (6513).jpg,val,0.497926543,0.497926543,2.991706172
Images (6514).jpg,train,0.525261719,0.525261719,3.101046876
Images (6515).jpg,train,0.568133175,0.568133175,3.2725327
Images (6516).jpg,train,0.620333035,0.620333035,3.48133214
Images (6517).jpg,train,0.48386049,0.48386049,2.93544196
Images (6518).jpg,train,0.595891068,0.595891068,3.383564272
Images (6519).jpg,train,0.489720325,0.489720325,2.9588813
Images (6520).jpg,train,0.450418859,0.450418859,2.801675436
Images (6521).jpg,train,0.460481147,0.460481147,2.841924588
Images (6522).jpg,test,0.657151291,0.657151291,3.628605164
Images (6523).jpg,test,0.65739711,0.65739711,3.62958844
Images (6524).jpg,test,0.62754926,0.62754926,3.51019704
Images (6525).jpg,train,0.610624152,0.610624152,3.442496608
Images (6526).jpg,test,0.449842064,0.449842064,2.799368256
Images (6527).jpg,train,0.580754084,0.580754084,3.323016336
Images (6528).jpg,test,0.398578675,0.398578675,2.5943147
Images (6529).jpg,train,0.510047982,0.510047982,3.040191928
Images (6530).jpg,train,0.646640961,0.646640961,3.586563844
Images (6531).jpg,train,0.772370619,0.772370619,4.089482476000001
Images (6532).jpg,train,0.582716534,0.582716534,3.330866136
Images (6533).jpg,train,0.500558047,0.500558047,3.002232188
Images (6534).jpg,test,0.630149839,0.630149839,3.520599356
Images (6535).jpg,train,0.636185962,0.636185962,3.544743848
Images (6536).jpg,train,0.4744692,0.4744692,2.8978768
Images (6537).jpg,train,0.651385033,0.651385033,3.605540132
Images (6538).jpg,val,0.411181925,0.411181925,2.6447277
Images (6539).jpg,test,0.606384628,0.606384628,3.425538512
Images (6540).jpg,train,0.426220753,0.426220753,2.704883012
Images (6541).jpg,test,0.558089325,0.558089325,3.2323573
Images (6542).jpg,train,0.423040173,0.423040173,2.692160692
Images (6543).jpg,train,0.570511143,0.570511143,3.282044572
Images (6544).jpg,val,0.674863656,0.674863656,3.699454624
Images (6545).jpg,train,0.511996071,0.511996071,3.047984284
Images (6546).jpg,test,0.468923372,0.468923372,2.875693488
Images (6547).jpg,train,0.538200638,0.538200638,3.152802552
Images (6548).jpg,val,0.677293637,0.677293637,3.709174548
Images (6549).jpg,train,0.625784276,0.625784276,3.503137104
Images (6550).jpg,train,0.677441342,0.677441342,3.709765368
Images (6551).jpg,train,0.62777768,0.62777768,3.51111072
Images (6552).jpg,train,0.609887315,0.609887315,3.43954926
Images (6553).jpg,train,0.639744597,0.639744597,3.558978388
Images (6554).jpg,train,0.608018785,0.608018785,3.43207514
Images (6555).jpg,train,0.683991942,0.683991942,3.735967768
Images (6556).jpg,train,0.523791682,0.523791682,3.095166728
Images (6557).jpg,train,0.478992478,0.478992478,2.915969912
Images (6558).jpg,train,0.588986147,0.588986147,3.355944588
Images (6559).jpg,val,0.629891729,0.629891729,3.519566916
Images (6560).jpg,train,0.635056688,0.635056688,3.540226752
Images (6561).jpg,train,0.719753182,0.719753182,3.879012728
Images (6562).jpg,train,0.542731106,0.542731106,3.170924424
Images (6563).jpg,train,0.388984731,0.388984731,2.555938924
Images (6564).jpg,train,0.473179497,0.473179497,2.892717988
Images (6565).jpg,train,0.438500384,0.438500384,2.754001536
Images (6566).jpg,train,0.491221691,0.491221691,2.964886764
Images (6567).jpg,train,0.466730363,0.466730363,2.866921452
Images (6568).jpg,test,0.506927523,0.506927523,3.027710092
Images (6569).jpg,test,0.410730748,0.410730748,2.642922992
Images (6570).jpg,train,0.494855879,0.494855879,2.979423516
Images (6571).jpg,train,0.560884507,0.560884507,3.243538028
Images (6572).jpg,train,0.42667083,0.42667083,2.70668332
Images (6573).jpg,train,0.489915879,0.489915879,2.959663516
Images (6574).jpg,test,0.468070505,0.468070505,2.87228202
Images (6575).jpg,train,0.556311867,0.556311867,3.225247468
Images (6576).jpg,train,0.596381466,0.596381466,3.385525864
Images (6577).jpg,train,0.453978131,0.453978131,2.815912524
Images (6578).jpg,train,0.529305985,0.529305985,3.11722394
Images (6579).jpg,val,0.525111991,0.525111991,3.100447964
Images (6580).jpg,train,0.442057679,0.442057679,2.768230716
Images (6581).jpg,train,0.652691168,0.652691168,3.610764672
Images (6582).jpg,train,0.456102173,0.456102173,2.824408692
Images (6583).jpg,train,0.616941044,0.616941044,3.467764176
Images (6584).jpg,train,0.527999063,0.527999063,3.111996252
Images (6585).jpg,train,0.652234658,0.652234658,3.608938632
Images (6586).jpg,train,0.562258895,0.562258895,3.24903558
Images (6587).jpg,train,0.392798298,0.392798298,2.571193192
Images (6588).jpg,train,0.622779067,0.622779067,3.491116268
Images (6589).jpg,train,0.418457011,0.418457011,2.673828044
Images (6590).jpg,train,0.403480227,0.403480227,2.613920908
Images (6591).jpg,train,0.519643624,0.519643624,3.078574496
Images (6592).jpg,test,0.633017361,0.633017361,3.532069444
Images (6593).jpg,train,0.408239521,0.408239521,2.632958084
Images (6594).jpg,train,0.711897976,0.711897976,3.847591904
Images (6595).jpg,train,0.628814236,0.628814236,3.515256944
Images (6596).jpg,test,0.704318698,0.704318698,3.817274792
Images (6597).jpg,train,0.723793734,0.723793734,3.895174936
Images (6598).jpg,train,0.692483229,0.692483229,3.769932916
Images (6599).jpg,train,0.621990837,0.621990837,3.487963348
Images (6600).jpg,train,0.630349553,0.630349553,3.521398212
Images (6601).jpg,train,0.694676044,0.694676044,3.778704176
Images (6602).jpg,train,0.583989298,0.583989298,3.335957192
Images (6603).jpg,test,0.763101381,0.763101381,4.052405524
Images (6604).jpg,train,0.669023441,0.669023441,3.676093764
Images (6605).jpg,train,0.710829291,0.710829291,3.843317164
Images (6606).jpg,train,0.434450412,0.434450412,2.737801648
Images (6607).jpg,train,0.586394431,0.586394431,3.345577724
Images (6608).jpg,test,0.747616077,0.747616077,3.990464308
Images (6609).jpg,train,0.716706857,0.716706857,3.866827428
Images (6610).jpg,train,0.61099605,0.61099605,3.4439842
Images (6611).jpg,train,0.569446438,0.569446438,3.277785752
Images (6612).jpg,train,0.720439599,0.720439599,3.881758396
Images (6613).jpg,test,0.642283623,0.642283623,3.569134492
Images (6614).jpg,train,0.576927465,0.576927465,3.30770986
Images (6615).jpg,train,0.580752989,0.580752989,3.323011956
Images (6616).jpg,train,0.561875927,0.561875927,3.247503708
Images (6617).jpg,train,0.601810736,0.601810736,3.407242944
Images (6618).jpg,test,0.491525718,0.491525718,2.966102872
Images (6619).jpg,train,0.623443768,0.623443768,3.493775072
Images (6620).jpg,train,0.52758136,0.52758136,3.11032544
Images (6621).jpg,val,0.770292542,0.770292542,4.081170168
Images (6622).jpg,test,0.693088971,0.693088971,3.772355884
Images (6623).jpg,train,0.651843789,0.651843789,3.607375156
Images (6624).jpg,test,0.748193032,0.748193032,3.992772128
Images (6625).jpg,train,0.690457547,0.690457547,3.761830188
Images (6626).jpg,train,0.702675146,0.702675146,3.810700584
Images (6627).jpg,test,0.559739764,0.559739764,3.238959056
Images (6628).jpg,train,0.622386807,0.622386807,3.489547228
Images (6629).jpg,test,0.578610895,0.578610895,3.31444358
Images (6630).jpg,train,0.601125386,0.601125386,3.404501544
Images (6631).jpg,train,0.507111847,0.507111847,3.028447388
Images (6632).jpg,val,0.598530591,0.598530591,3.394122364
Images (6633).jpg,train,0.593551757,0.593551757,3.374207028
Images (6634).jpg,train,0.652433464,0.652433464,3.609733856
Images (6635).jpg,train,0.600133011,0.600133011,3.400532044
Images (6636).jpg,train,0.712076679,0.712076679,3.848306716
Images (6637).jpg,train,0.682388145,0.682388145,3.72955258
Images (6638).jpg,train,0.628366027,0.628366027,3.513464108
Images (6639).jpg,train,0.62882724,0.62882724,3.51530896
Images (6640).jpg,train,0.592962906,0.592962906,3.371851624
Images (6641).jpg,train,0.569038301,0.569038301,3.276153204
Images (6642).jpg,train,0.541306412,0.541306412,3.165225648
Images (6643).jpg,train,0.610029801,0.610029801,3.440119204
Images (6644).jpg,train,0.588228577,0.588228577,3.352914308
Images (6645).jpg,train,0.6202263,0.6202263,3.4809052
Images (6646).jpg,train,0.623846299,0.623846299,3.495385196
Images (6647).jpg,train,0.60730283,0.60730283,3.42921132
Images (6648).jpg,train,0.492196929,0.492196929,2.968787716
Images (6649).jpg,train,0.647802333,0.647802333,3.591209332
Images (6650).jpg,train,0.586444314,0.586444314,3.345777256
Images (6651).jpg,train,0.519003785,0.519003785,3.07601514
Images (6652).jpg,test,0.69792001,0.69792001,3.79168004
Images (6653).jpg,train,0.784095815,0.784095815,4.136383260000001
Images (6654).jpg,train,0.663772271,0.663772271,3.655089084
Images (6655).jpg,train,0.561227257,0.561227257,3.244909028
Images (6656).jpg,train,0.612628352,0.612628352,3.450513408
Images (6657).jpg,train,0.703244437,0.703244437,3.812977748
Images (6658).jpg,train,0.596084151,0.596084151,3.384336604
Images (6659).jpg,train,0.594355404,0.594355404,3.377421616
Images (6660).jpg,train,0.693208145,0.693208145,3.77283258
Images (6661).jpg,test,0.696797033,0.696797033,3.787188132
Images (6662).jpg,train,0.643411405,0.643411405,3.57364562
Images (6663).jpg,train,0.575458913,0.575458913,3.301835652
Images (6664).jpg,test,0.719013131,0.719013131,3.876052524
Images (6665).jpg,train,0.6400461,0.6400461,3.5601844
Images (6666).jpg,train,0.41953756,0.41953756,2.67815024
Images (6667).jpg,test,0.626185362,0.626185362,3.504741448
Images (6668).jpg,train,0.64343348,0.64343348,3.57373392
Images (6669).jpg,train,0.61788789,0.61788789,3.47155156
Images (6670).jpg,train,0.537648552,0.537648552,3.150594208
Images (6671).jpg,test,0.473827766,0.473827766,2.895311064
Images (6672).jpg,train,0.668022383,0.668022383,3.672089532
Images (6673).jpg,test,0.5210131,0.5210131,3.0840524
Images (6674).jpg,val,0.590044408,0.590044408,3.360177632
Images (6675).jpg,train,0.629143324,0.629143324,3.516573296
Images (6676).jpg,val,0.551077823,0.551077823,3.204311292
Images (6677).jpg,train,0.604715115,0.604715115,3.41886046
Images (6678).jpg,test,0.569499067,0.569499067,3.277996268
Images (6679).jpg,train,0.575588171,0.575588171,3.302352684
Images (6680).jpg,train,0.60791577,0.60791577,3.43166308
Images (6681).jpg,train,0.596462583,0.596462583,3.385850332
Images (6682).jpg,train,0.636344607,0.636344607,3.545378428
Images (6683).jpg,train,0.692523415,0.692523415,3.77009366
Images (6684).jpg,train,0.699816896,0.699816896,3.799267584
Images (6685).jpg,train,0.776958216,0.776958216,4.107832864000001
Images (6686).jpg,train,0.551020806,0.551020806,3.204083224
Images (6687).jpg,val,0.662847245,0.662847245,3.65138898
Images (6688).jpg,train,0.663428287,0.663428287,3.653713148
Images (6689).jpg,train,0.648773348,0.648773348,3.595093392
Images (6690).jpg,train,0.643305829,0.643305829,3.573223316
Images (6691).jpg,train,0.706620896,0.706620896,3.826483584
Images (6692).jpg,train,0.713873349,0.713873349,3.855493396
Images (6693).jpg,train,0.721758469,0.721758469,3.887033876
Images (6694).jpg,train,0.575786836,0.575786836,3.303147344
Images (6695).jpg,train,0.745605113,0.745605113,3.982420452
Images (6696).jpg,train,0.794039071,0.794039071,4.176156284
Images (6697).jpg,test,0.70241859,0.70241859,3.80967436
Images (6698).jpg,train,0.714735329,0.714735329,3.858941316
Images (6699).jpg,train,0.63557637,0.63557637,3.54230548
Images (6700).jpg,test,0.690147186,0.690147186,3.760588744
Images (6701).jpg,train,0.643367951,0.643367951,3.573471804
Images (6702).jpg,train,0.636809075,0.636809075,3.5472363
Images (6703).jpg,train,0.414843928,0.414843928,2.659375712
Images (6704).jpg,test,0.720666018,0.720666018,3.882664072
Images (6705).jpg,train,0.595862969,0.595862969,3.383451876
Images (6706).jpg,train,0.572575543,0.572575543,3.290302172
Images (6707).jpg,test,0.633997452,0.633997452,3.535989808
Images (6708).jpg,train,0.684754387,0.684754387,3.739017548
Images (6709).jpg,train,0.74098804,0.74098804,3.96395216
Images (6710).jpg,train,0.64440223,0.64440223,3.57760892
Images (6711).jpg,train,0.711396153,0.711396153,3.845584612
Images (6712).jpg,train,0.663089249,0.663089249,3.652356996
Images (6713).jpg,train,0.675232938,0.675232938,3.700931752
Images (6714).jpg,train,0.65704221,0.65704221,3.62816884
Images (6715).jpg,val,0.721110995,0.721110995,3.88444398
Images (6716).jpg,train,0.596385812,0.596385812,3.385543248
Images (6717).jpg,train,0.549641354,0.549641354,3.198565416
Images (6718).jpg,train,0.587413803,0.587413803,3.349655212
Images (6719).jpg,train,0.653155024,0.653155024,3.612620096
Images (6720).jpg,train,0.66317272,0.66317272,3.65269088
Images (6721).jpg,train,0.608041718,0.608041718,3.432166872
Images (6722).jpg,train,0.704786528,0.704786528,3.819146112
Images (6723).jpg,train,0.711935854,0.711935854,3.847743416
Images (6724).jpg,test,0.659223664,0.659223664,3.636894656
Images (6725).jpg,val,0.621397776,0.621397776,3.485591104
Images (6726).jpg,train,0.623710454,0.623710454,3.494841816
Images (6727).jpg,train,0.630971288,0.630971288,3.523885152
Images (6728).jpg,train,0.38442638,0.38442638,2.5377055200000003
Images (6729).jpg,train,0.458367434,0.458367434,2.833469736
Images (6730).jpg,train,0.467450058,0.467450058,2.869800232
Images (6731).jpg,train,0.62543754,0.62543754,3.50175016
Images (6732).jpg,test,0.563184754,0.563184754,3.252739016
Images (6733).jpg,train,0.624726479,0.624726479,3.498905916
Images (6734).jpg,train,0.642944787,0.642944787,3.571779148
Images (6735).jpg,train,0.629580681,0.629580681,3.518322724
Images (6736).jpg,train,0.625711167,0.625711167,3.502844668
Images (6737).jpg,train,0.608842901,0.608842901,3.435371604
Images (6738).jpg,train,0.754784329,0.754784329,4.019137316
Images (6739).jpg,train,0.763206427,0.763206427,4.052825708
Images (6740).jpg,train,0.721772439,0.721772439,3.887089756
Images (6741).jpg,train,0.699680626,0.699680626,3.798722504
Images (6742).jpg,train,0.605399642,0.605399642,3.421598568
Images (6743).jpg,train,0.710182202,0.710182202,3.840728808
Images (6744).jpg,train,0.6429264,0.6429264,3.5717056
Images (6745).jpg,train,0.652696545,0.652696545,3.61078618
Images (6746).jpg,train,0.659975862,0.659975862,3.639903448
Images (6747).jpg,train,0.636493981,0.636493981,3.545975924
Images (6748).jpg,train,0.7826833,0.7826833,4.1307332
Images (6749).jpg,val,0.556825159,0.556825159,3.227300636
Images (6750).jpg,test,0.48276426,0.48276426,2.93105704
Images (6751).jpg,test,0.686956739,0.686956739,3.747826956
Images (6752).jpg,train,0.494300759,0.494300759,2.977203036
Images (6753).jpg,val,0.688387498,0.688387498,3.753549992
Images (6754).jpg,train,0.484942353,0.484942353,2.939769412
Images (6755).jpg,test,0.694708645,0.694708645,3.77883458
Images (6756).jpg,train,0.743674064,0.743674064,3.974696256
Images (6757).jpg,train,0.755758774,0.755758774,4.023035096
Images (6758).jpg,train,0.683959235,0.683959235,3.73583694
Images (6759).jpg,train,0.751815045,0.751815045,4.007260179999999
Images (6760).jpg,test,0.606982741,0.606982741,3.427930964
Images (6761).jpg,train,0.847001197,0.847001197,4.388004788
Images (6762).jpg,train,0.707454662,0.707454662,3.829818648
Images (6763).jpg,train,0.530098242,0.530098242,3.120392968
Images (6764).jpg,train,0.546080958,0.546080958,3.184323832
Images (6765).jpg,test,0.609972439,0.609972439,3.439889756
Images (6766).jpg,train,0.646587574,0.646587574,3.586350296
Images (6767).jpg,train,0.599871209,0.599871209,3.399484836
Images (6768).jpg,test,0.532307234,0.532307234,3.129228936
Images (6769).jpg,train,0.654981999,0.654981999,3.619927996
Images (6770).jpg,train,0.719706986,0.719706986,3.878827944
Images (6771).jpg,train,0.530766432,0.530766432,3.123065728
Images (6772).jpg,test,0.562641159,0.562641159,3.250564636
Images (6773).jpg,train,0.451217835,0.451217835,2.80487134
Images (6774).jpg,train,0.541269238,0.541269238,3.165076952
Images (6775).jpg,train,0.563995059,0.563995059,3.255980236
Images (6776).jpg,train,0.486034197,0.486034197,2.944136788
Images (6777).jpg,train,0.686511815,0.686511815,3.74604726
Images (6778).jpg,train,0.701926494,0.701926494,3.807705976
Images (6779).jpg,test,0.49964154,0.49964154,2.99856616
Images (6780).jpg,train,0.54069789,0.54069789,3.16279156
Images (6781).jpg,train,0.665259526,0.665259526,3.661038104
Images (6782).jpg,val,0.644725716,0.644725716,3.578902864
Images (6783).jpg,train,0.690951283,0.690951283,3.763805132
Images (6784).jpg,train,0.480032583,0.480032583,2.9201303320000003
Images (6785).jpg,train,0.684616493,0.684616493,3.738465972
Images (6786).jpg,train,0.628454125,0.628454125,3.5138165
Images (6787).jpg,train,0.543696737,0.543696737,3.174786948
Images (6788).jpg,test,0.721314075,0.721314075,3.8852563
Images (6789).jpg,train,0.55128636,0.55128636,3.20514544
Images (6790).jpg,train,0.52157997,0.52157997,3.08631988
Images (6791).jpg,train,0.56888105,0.56888105,3.2755242
Images (6792).jpg,train,0.578877782,0.578877782,3.315511128
Images (6793).jpg,train,0.456966274,0.456966274,2.827865096
Images (6794).jpg,test,0.616862214,0.616862214,3.467448856
Images (6795).jpg,val,0.577124011,0.577124011,3.308496044
Images (6796).jpg,train,0.600245474,0.600245474,3.400981896
Images (6797).jpg,test,0.675153783,0.675153783,3.700615132
Images (6798).jpg,train,0.57635987,0.57635987,3.30543948
Images (6799).jpg,train,0.649580395,0.649580395,3.59832158
Images (6800).jpg,test,0.642777688,0.642777688,3.571110752
Images (6801).jpg,train,0.545708018,0.545708018,3.182832072
Images (6802).jpg,train,0.62573806,0.62573806,3.50295224
Images (6803).jpg,test,0.632434472,0.632434472,3.529737888
Images (6804).jpg,test,0.550612614,0.550612614,3.202450456
Images (6805).jpg,val,0.671913922,0.671913922,3.687655688
Images (6806).jpg,test,0.639956162,0.639956162,3.559824648
Images (6807).jpg,train,0.629114087,0.629114087,3.516456348
Images (6808).jpg,test,0.605196898,0.605196898,3.420787592
Images (6809).jpg,train,0.583110268,0.583110268,3.332441072
Images (6810).jpg,train,0.656094849,0.656094849,3.624379396
Images (6811).jpg,train,0.60884515,0.60884515,3.4353806
Images (6812).jpg,train,0.832374288,0.832374288,4.329497152
Images (6813).jpg,train,0.644820893,0.644820893,3.579283572
Images (6814).jpg,train,0.648619967,0.648619967,3.594479868
Images (6815).jpg,val,0.659173822,0.659173822,3.636695288
Images (6816).jpg,train,0.596144586,0.596144586,3.384578344
Images (6817).jpg,train,0.637633374,0.637633374,3.550533496
Images (6818).jpg,train,0.710979683,0.710979683,3.843918732
Images (6819).jpg,train,0.66520015,0.66520015,3.6608006
Images (6820).jpg,train,0.624826729,0.624826729,3.499306916
Images (6821).jpg,train,0.650433075,0.650433075,3.6017323
Images (6822).jpg,train,0.738699639,0.738699639,3.954798556
Images (6823).jpg,train,0.729827635,0.729827635,3.91931054
Images (6824).jpg,train,0.842649617,0.842649617,4.370598468
Images (6825).jpg,test,0.645605491,0.645605491,3.582421964
Images (6826).jpg,test,0.808656952,0.808656952,4.234627808
Images (6827).jpg,val,0.697392018,0.697392018,3.789568072
Images (6828).jpg,train,0.752678692,0.752678692,4.010714768
Images (6829).jpg,train,0.629500878,0.629500878,3.518003512
Images (6830).jpg,train,0.74356335,0.74356335,3.9742534
Images (6831).jpg,train,0.570898049,0.570898049,3.283592196
Images (6832).jpg,train,0.624498153,0.624498153,3.497992612
Images (6833).jpg,train,0.63615865,0.63615865,3.5446346
Images (6834).jpg,train,0.743710675,0.743710675,3.9748427
Images (6835).jpg,test,0.635419095,0.635419095,3.54167638
Images (6836).jpg,val,0.629976571,0.629976571,3.519906284
Images (6837).jpg,train,0.799809144,0.799809144,4.1992365760000006
Images (6838).jpg,val,0.523376763,0.523376763,3.093507052
Images (6839).jpg,test,0.434913651,0.434913651,2.739654604
Images (6840).jpg,val,0.669351646,0.669351646,3.677406584
Images (6841).jpg,train,0.613530969,0.613530969,3.454123876
Images (6842).jpg,train,0.714607943,0.714607943,3.858431772
Images (6843).jpg,test,0.627348149,0.627348149,3.509392596
Images (6844).jpg,test,0.622416035,0.622416035,3.48966414
Images (6845).jpg,train,0.688680964,0.688680964,3.754723856
Images (6846).jpg,train,0.699127637,0.699127637,3.796510548
Images (6847).jpg,test,0.628975036,0.628975036,3.515900144
Images (6848).jpg,train,0.491529869,0.491529869,2.9661194760000003
Images (6849).jpg,train,0.749172403,0.749172403,3.996689612
Images (6850).jpg,train,0.648742091,0.648742091,3.594968364
Images (6851).jpg,train,0.788925699,0.788925699,4.155702796
Images (6852).jpg,test,0.712559857,0.712559857,3.850239428
Images (6853).jpg,train,0.721458733,0.721458733,3.885834932
Images (6854).jpg,train,0.804821751,0.804821751,4.219287004
Images (6855).jpg,train,0.620248034,0.620248034,3.480992136
Images (6856).jpg,train,0.711302287,0.711302287,3.845209148
Images (6857).jpg,train,0.80469825,0.80469825,4.218793
Images (6858).jpg,train,0.729991181,0.729991181,3.919964724
Images (6859).jpg,train,0.550915673,0.550915673,3.203662692
Images (6860).jpg,train,0.518771889,0.518771889,3.075087556
Images (6861).jpg,train,0.627937739,0.627937739,3.511750956
Images (6862).jpg,train,0.621778786,0.621778786,3.487115144
Images (6863).jpg,val,0.551073231,0.551073231,3.204292924
Images (6864).jpg,test,0.638250344,0.638250344,3.553001376
Images (6865).jpg,train,0.544778592,0.544778592,3.179114368
Images (6866).jpg,train,0.82318832,0.82318832,4.29275328
Images (6867).jpg,val,0.657459939,0.657459939,3.629839756
Images (6868).jpg,train,0.679537524,0.679537524,3.718150096
Images (6869).jpg,val,0.805562688,0.805562688,4.222250752
Images (6870).jpg,train,0.775965464,0.775965464,4.103861856
Images (6871).jpg,train,0.606786206,0.606786206,3.427144824
Images (6872).jpg,val,0.797280056,0.797280056,4.189120224
Images (6873).jpg,test,0.665391726,0.665391726,3.661566904
Images (6874).jpg,train,0.519455289,0.519455289,3.077821156
Images (6875).jpg,train,0.670944188,0.670944188,3.683776752
Images (6876).jpg,val,0.679467093,0.679467093,3.717868372
Images (6877).jpg,train,0.689550857,0.689550857,3.758203428
Images (6878).jpg,train,0.494396355,0.494396355,2.97758542
Images (6879).jpg,train,0.653370564,0.653370564,3.613482256
Images (6880).jpg,train,0.808788521,0.808788521,4.235154084
Images (6881).jpg,train,0.65535846,0.65535846,3.62143384
Images (6882).jpg,train,0.814468319,0.814468319,4.257873276
Images (6883).jpg,val,0.580212485,0.580212485,3.32084994
Images (6884).jpg,train,0.571789162,0.571789162,3.287156648
Images (6885).jpg,train,0.578167189,0.578167189,3.312668756
Images (6886).jpg,test,0.679395885,0.679395885,3.71758354
Images (6887).jpg,train,0.75650743,0.75650743,4.02602972
Images (6888).jpg,test,0.681463593,0.681463593,3.725854372
Images (6889).jpg,train,0.681003392,0.681003392,3.724013568
Images (6890).jpg,train,0.7036185,0.7036185,3.814474
Images (6891).jpg,train,0.641668971,0.641668971,3.566675884
Images (6892).jpg,val,0.65077203,0.65077203,3.60308812
Images (6893).jpg,val,0.796556256,0.796556256,4.1862250240000005
Images (6894).jpg,train,0.702742131,0.702742131,3.810968524
Images (6895).jpg,train,0.726539185,0.726539185,3.90615674
Images (6896).jpg,val,0.64800815,0.64800815,3.5920326
Images (6897).jpg,val,0.644637597,0.644637597,3.578550388
Images (6898).jpg,train,0.79877968,0.79877968,4.19511872
Images (6899).jpg,train,0.550716889,0.550716889,3.202867556
Images (6900).jpg,train,0.713069472,0.713069472,3.852277888
Images (6901).jpg,train,0.695736936,0.695736936,3.782947744
Images (6902).jpg,train,0.728257901,0.728257901,3.913031604
Images (6903).jpg,train,0.688117873,0.688117873,3.752471492
Images (6904).jpg,train,0.738959399,0.738959399,3.955837596
Images (6905).jpg,train,0.601785163,0.601785163,3.407140652
Images (6906).jpg,val,0.722087558,0.722087558,3.888350232
Images (6907).jpg,train,0.731092942,0.731092942,3.924371768
Images (6908).jpg,train,0.759967307,0.759967307,4.039869228000001
Images (6909).jpg,test,0.679724497,0.679724497,3.718897988
Images (6910).jpg,train,0.735514144,0.735514144,3.942056576
Images (6911).jpg,train,0.554162934,0.554162934,3.216651736
Images (6912).jpg,train,0.799292119,0.799292119,4.197168476
Images (6913).jpg,train,0.657649886,0.657649886,3.630599544
Images (6914).jpg,train,0.73175525,0.73175525,3.927021
Images (6915).jpg,val,0.731611512,0.731611512,3.926446048
Images (6916).jpg,train,0.768209488,0.768209488,4.072837952
Images (6917).jpg,train,0.734698382,0.734698382,3.938793528
Images (6918).jpg,train,0.634207494,0.634207494,3.536829976
Images (6919).jpg,train,0.717987549,0.717987549,3.871950196
Images (6920).jpg,train,0.864536424,0.864536424,4.458145696
Images (6921).jpg,train,0.676091245,0.676091245,3.70436498
Images (6922).jpg,train,0.602262442,0.602262442,3.409049768
Images (6923).jpg,val,0.697084195,0.697084195,3.78833678
Images (6924).jpg,test,0.542672703,0.542672703,3.170690812
Images (6925).jpg,val,0.745321325,0.745321325,3.9812853
Images (6926).jpg,train,0.681870205,0.681870205,3.72748082
Images (6927).jpg,train,0.765150311,0.765150311,4.060601244
Images (6928).jpg,val,0.584299347,0.584299347,3.337197388
Images (6929).jpg,train,0.569807007,0.569807007,3.279228028
Images (6930).jpg,train,0.666070435,0.666070435,3.66428174
Images (6931).jpg,train,0.592517846,0.592517846,3.370071384
Images (6932).jpg,val,0.791466439,0.791466439,4.1658657560000005
Images (6933).jpg,train,0.733505471,0.733505471,3.934021884
Images (6934).jpg,train,0.636028182,0.636028182,3.544112728
Images (6935).jpg,train,0.737729282,0.737729282,3.950917128
Images (6936).jpg,train,0.613588326,0.613588326,3.454353304
Images (6937).jpg,train,0.761044147,0.761044147,4.044176588
Images (6938).jpg,test,0.834486924,0.834486924,4.3379476960000005
Images (6939).jpg,test,0.690605652,0.690605652,3.762422608
Images (6940).jpg,train,0.692216906,0.692216906,3.768867624
Images (6941).jpg,train,0.753562462,0.753562462,4.014249848
Images (6942).jpg,train,0.737244621,0.737244621,3.948978484
Images (6943).jpg,train,0.784248841,0.784248841,4.136995364000001
Images (6944).jpg,train,0.731997205,0.731997205,3.92798882
Images (6945).jpg,train,0.628535304,0.628535304,3.514141216
Images (6946).jpg,test,0.760327708,0.760327708,4.041310832000001
Images (6947).jpg,train,0.73194855,0.73194855,3.9277942
Images (6948).jpg,train,0.737082073,0.737082073,3.948328292
Images (6949).jpg,train,0.772457527,0.772457527,4.089830108
Images (6950).jpg,train,0.681447256,0.681447256,3.725789024
Images (6951).jpg,train,0.809251271,0.809251271,4.237005084
Images (6952).jpg,val,0.758396535,0.758396535,4.033586140000001
Images (6953).jpg,train,0.75980905,0.75980905,4.0392362
Images (6954).jpg,train,0.719881546,0.719881546,3.879526184
Images (6955).jpg,val,0.683310913,0.683310913,3.733243652
Images (6956).jpg,train,0.655339292,0.655339292,3.621357168
Images (6957).jpg,train,0.786610177,0.786610177,4.146440708
Images (6958).jpg,test,0.686989796,0.686989796,3.747959184
Images (6959).jpg,test,0.790296446,0.790296446,4.161185784000001
Images (6960).jpg,train,0.741919586,0.741919586,3.967678344
Images (6961).jpg,train,0.766054522,0.766054522,4.0642180880000005
Images (6962).jpg,test,0.698227608,0.698227608,3.792910432
Images (6963).jpg,test,0.775509161,0.775509161,4.102036644
Images (6964).jpg,train,0.753754296,0.753754296,4.015017184
Images (6965).jpg,train,0.719309222,0.719309222,3.877236888
Images (6966).jpg,val,0.761170685,0.761170685,4.04468274
Images (6967).jpg,train,0.802485955,0.802485955,4.20994382
Images (6968).jpg,train,0.753983778,0.753983778,4.015935112
Images (6969).jpg,train,0.767534316,0.767534316,4.070137264
Images (6970).jpg,test,0.685357621,0.685357621,3.741430484
Images (6971).jpg,train,0.790129324,0.790129324,4.160517296
Images (6972).jpg,train,0.83566047,0.83566047,4.34264188
Images (6973).jpg,train,0.759898925,0.759898925,4.0395957
Images (6974).jpg,train,0.826315719,0.826315719,4.3052628760000005
Images (6975).jpg,train,0.748838069,0.748838069,3.995352276
Images (6976).jpg,train,0.695823967,0.695823967,3.783295868
Images (6977).jpg,train,0.813140881,0.813140881,4.252563524
Images (6978).jpg,train,0.696974099,0.696974099,3.787896396
Images (6979).jpg,test,0.751686585,0.751686585,4.006746339999999
Images (6980).jpg,train,0.706515804,0.706515804,3.826063216
Images (6981).jpg,train,0.637400678,0.637400678,3.549602712
Images (6982).jpg,train,0.786625397,0.786625397,4.146501588
Images (6983).jpg,train,0.762296692,0.762296692,4.049186768
Images (6984).jpg,train,0.698030752,0.698030752,3.792123008
Images (6985).jpg,train,0.752089816,0.752089816,4.008359264
Images (6986).jpg,train,0.786027235,0.786027235,4.144108940000001
Images (6987).jpg,train,0.71738061,0.71738061,3.86952244
Images (6988).jpg,train,0.599596057,0.599596057,3.398384228
Images (6989).jpg,train,0.831524384,0.831524384,4.326097536
Images (6990).jpg,train,0.780058029,0.780058029,4.120232116
Images (6991).jpg,train,0.646704018,0.646704018,3.586816072
Images (6992).jpg,train,0.724605841,0.724605841,3.898423364
Images (6993).jpg,val,0.671848309,0.671848309,3.687393236
Images (6994).jpg,train,0.67736274,0.67736274,3.70945096
Images (6995).jpg,train,0.761268151,0.761268151,4.045072604
Images (6996).jpg,test,0.65692557,0.65692557,3.62770228
Images (6997).jpg,train,0.712650456,0.712650456,3.850601824
Images (6998).jpg,train,0.743995678,0.743995678,3.975982712
Images (6999).jpg,train,0.75973756,0.75973756,4.03895024
Images (7000).jpg,train,0.649096978,0.649096978,3.596387912
Images (7001).jpg,test,0.810497547,0.810497547,4.241990188
Images (7002).jpg,train,0.737970032,0.737970032,3.951880128
Images (7003).jpg,train,0.68311873,0.68311873,3.73247492
Images (7004).jpg,test,0.614174187,0.614174187,3.456696748
Images (7005).jpg,train,0.811796575,0.811796575,4.2471863
Images (7006).jpg,train,0.732683833,0.732683833,3.930735332
Images (7007).jpg,val,0.83761713,0.83761713,4.35046852
Images (7008).jpg,train,0.716250382,0.716250382,3.865001528
Images (7009).jpg,train,0.686587346,0.686587346,3.746349384
Images (7010).jpg,train,0.71483882,0.71483882,3.85935528
Images (7011).jpg,test,0.770395347,0.770395347,4.081581388
Images (7012).jpg,train,0.768476572,0.768476572,4.073906288
Images (7013).jpg,train,0.680434066,0.680434066,3.721736264
Images (7014).jpg,train,0.712836652,0.712836652,3.851346608
Images (7015).jpg,train,0.632266696,0.632266696,3.529066784
Images (7016).jpg,train,0.626714298,0.626714298,3.506857192
Images (7017).jpg,train,0.586313298,0.586313298,3.345253192
Images (7018).jpg,train,0.710691697,0.710691697,3.842766788
Images (7019).jpg,train,0.584236266,0.584236266,3.336945064
Images (7020).jpg,train,0.787625699,0.787625699,4.150502796
Images (7021).jpg,train,0.709775937,0.709775937,3.839103748
Images (7022).jpg,train,0.747066584,0.747066584,3.988266336
Images (7023).jpg,train,0.661102664,0.661102664,3.644410656
Images (7024).jpg,train,0.753907767,0.753907767,4.015631067999999
Images (7025).jpg,train,0.779459139,0.779459139,4.117836556
Images (7026).jpg,train,0.807515407,0.807515407,4.230061628
Images (7027).jpg,train,0.711457639,0.711457639,3.845830556
Images (7028).jpg,train,0.83580816,0.83580816,4.34323264
Images (7029).jpg,val,0.668661407,0.668661407,3.674645628
Images (7030).jpg,train,0.811102547,0.811102547,4.244410188
Images (7031).jpg,train,0.687797385,0.687797385,3.75118954
Images (7032).jpg,train,0.798658263,0.798658263,4.194633052
Images (7033).jpg,train,0.775917828,0.775917828,4.103671312
Images (7034).jpg,train,0.759263655,0.759263655,4.03705462
Images (7035).jpg,train,0.736691172,0.736691172,3.946764688
Images (7036).jpg,train,0.711918016,0.711918016,3.847672064
Images (7037).jpg,train,0.574073489,0.574073489,3.296293956
Images (7038).jpg,train,0.8126176,0.8126176,4.2504704
Images (7039).jpg,test,0.638367545,0.638367545,3.55347018
Images (7040).jpg,train,0.701820071,0.701820071,3.807280284
Images (7041).jpg,test,0.658269227,0.658269227,3.633076908
Images (7042).jpg,train,0.860423262,0.860423262,4.441693047999999
Images (7043).jpg,train,0.775136681,0.775136681,4.100546724
Images (7044).jpg,test,0.669010831,0.669010831,3.676043324
Images (7045).jpg,train,0.827435933,0.827435933,4.309743731999999
Images (7046).jpg,train,0.891495455,0.891495455,4.56598182
Images (7047).jpg,train,0.633060824,0.633060824,3.532243296
Images (7048).jpg,test,0.646618569,0.646618569,3.586474276
Images (7049).jpg,train,0.771597397,0.771597397,4.086389587999999
Images (7050).jpg,test,0.772892897,0.772892897,4.091571588
Images (7051).jpg,train,0.775504304,0.775504304,4.102017216
Images (7052).jpg,train,0.674144471,0.674144471,3.696577884
Images (7053).jpg,train,0.725386403,0.725386403,3.901545612
Images (7054).jpg,test,0.666791755,0.666791755,3.66716702
Images (7055).jpg,train,0.773117077,0.773117077,4.092468308
Images (7056).jpg,test,0.595025573,0.595025573,3.380102292
Images (7057).jpg,test,0.799314338,0.799314338,4.197257351999999
Images (7058).jpg,val,0.713124361,0.713124361,3.852497444
Images (7059).jpg,test,0.777255109,0.777255109,4.109020436
Images (7060).jpg,train,0.747295868,0.747295868,3.989183472
Images (7061).jpg,train,0.606974264,0.606974264,3.427897056
Images (7062).jpg,train,0.717427075,0.717427075,3.8697083
Images (7063).jpg,train,0.803526413,0.803526413,4.214105652000001
Images (7064).jpg,train,0.760376955,0.760376955,4.04150782
Images (7065).jpg,train,0.691547883,0.691547883,3.766191532
Images (7066).jpg,train,0.551431089,0.551431089,3.205724356
Images (7067).jpg,train,0.564320968,0.564320968,3.257283872
Images (7068).jpg,val,0.800909531,0.800909531,4.203638123999999
Images (7069).jpg,val,0.729337973,0.729337973,3.917351892
Images (7070).jpg,train,0.733372298,0.733372298,3.933489192
Images (7071).jpg,train,0.692731184,0.692731184,3.770924736
Images (7072).jpg,train,0.753193161,0.753193161,4.012772644
Images (7073).jpg,train,0.874628575,0.874628575,4.4985143
Images (7074).jpg,train,0.72354913,0.72354913,3.89419652
Images (7075).jpg,val,0.754801395,0.754801395,4.01920558
Images (7076).jpg,train,0.833802998,0.833802998,4.335211992
Images (7077).jpg,train,0.752405179,0.752405179,4.009620716000001
Images (7078).jpg,train,0.663818352,0.663818352,3.655273408
Images (7079).jpg,train,0.659575722,0.659575722,3.638302888
Images (7080).jpg,train,0.697658448,0.697658448,3.790633792
Images (7081).jpg,train,0.693255846,0.693255846,3.773023384
Images (7082).jpg,test,0.7926493,0.7926493,4.1705972
Images (7083).jpg,val,0.75178978,0.75178978,4.00715912
Images (7084).jpg,train,0.741852228,0.741852228,3.967408912
Images (7085).jpg,train,0.77690202,0.77690202,4.10760808
Images (7086).jpg,test,0.68842153,0.68842153,3.75368612
Images (7087).jpg,train,0.711570755,0.711570755,3.84628302
Images (7088).jpg,train,0.766475003,0.766475003,4.065900012
Images (7089).jpg,train,0.629966042,0.629966042,3.519864168
Images (7090).jpg,train,0.656516106,0.656516106,3.626064424
Images (7091).jpg,train,0.821867039,0.821867039,4.287468156
Images (7092).jpg,train,0.674695013,0.674695013,3.698780052
Images (7093).jpg,train,0.871669571,0.871669571,4.486678284
Images (7094).jpg,train,0.778309343,0.778309343,4.113237372
Images (7095).jpg,train,0.762648861,0.762648861,4.050595444
Images (7096).jpg,train,0.797716191,0.797716191,4.1908647640000005
Images (7097).jpg,train,0.748509896,0.748509896,3.994039584
Images (7098).jpg,train,0.640389846,0.640389846,3.561559384
Images (7099).jpg,train,0.84890466,0.84890466,4.39561864
Images (7100).jpg,train,0.851868908,0.851868908,4.407475632000001
Images (7101).jpg,test,0.672878669,0.672878669,3.691514676
Images (7102).jpg,test,0.691776185,0.691776185,3.76710474
Images (7103).jpg,train,0.703710501,0.703710501,3.814842004
Images (7104).jpg,train,0.827501984,0.827501984,4.310007936
Images (7105).jpg,train,0.823993221,0.823993221,4.295972884
Images (7106).jpg,test,0.765067875,0.765067875,4.0602715
Images (7107).jpg,train,0.831470293,0.831470293,4.325881172
Images (7108).jpg,train,0.677696491,0.677696491,3.710785964
Images (7109).jpg,train,0.852240578,0.852240578,4.408962312
Images (7110).jpg,train,0.734111359,0.734111359,3.936445436
Images (7111).jpg,train,0.819961351,0.819961351,4.279845404
Images (7112).jpg,train,0.853129897,0.853129897,4.412519588
Images (7113).jpg,test,0.702850322,0.702850322,3.811401288
Images (7114).jpg,train,0.838055397,0.838055397,4.352221588
Images (7115).jpg,train,0.830894468,0.830894468,4.323577872
Images (7116).jpg,train,0.824589515,0.824589515,4.29835806
Images (7117).jpg,train,0.795890806,0.795890806,4.183563224
Images (7118).jpg,train,0.625095877,0.625095877,3.500383508
Images (7119).jpg,train,0.709505061,0.709505061,3.838020244
Images (7120).jpg,train,0.682712818,0.682712818,3.730851272
Images (7121).jpg,val,0.702147729,0.702147729,3.808590916
Images (7122).jpg,train,0.619200051,0.619200051,3.476800204
Images (7123).jpg,train,0.75692611,0.75692611,4.02770444
Images (7124).jpg,train,0.776373208,0.776373208,4.105492832
Images (7125).jpg,train,0.824881604,0.824881604,4.299526416
Images (7126).jpg,train,0.833204091,0.833204091,4.332816364
Images (7127).jpg,test,0.595463326,0.595463326,3.381853304
Images (7128).jpg,train,0.825164826,0.825164826,4.300659304
Images (7129).jpg,train,0.839035509,0.839035509,4.356142036
Images (7130).jpg,train,0.786872923,0.786872923,4.147491692
Images (7131).jpg,test,0.765120981,0.765120981,4.060483924
Images (7132).jpg,train,0.780504737,0.780504737,4.122018948
Images (7133).jpg,train,0.682785509,0.682785509,3.731142036
Images (7134).jpg,train,0.784889025,0.784889025,4.1395561
Images (7135).jpg,train,0.747396078,0.747396078,3.989584312
Images (7136).jpg,test,0.775970642,0.775970642,4.103882568
Images (7137).jpg,test,0.684005506,0.684005506,3.736022024
Images (7138).jpg,test,0.795208381,0.795208381,4.1808335240000005
Images (7139).jpg,val,0.5572991,0.5572991,3.2291964
Images (7140).jpg,val,0.765743183,0.765743183,4.062972732
Images (7141).jpg,train,0.776448052,0.776448052,4.105792208
Images (7142).jpg,train,0.848879368,0.848879368,4.395517472
Images (7143).jpg,train,0.641686203,0.641686203,3.566744812
Images (7144).jpg,train,0.792148676,0.792148676,4.168594704
Images (7145).jpg,train,0.768798592,0.768798592,4.075194368
Images (7146).jpg,train,0.625983021,0.625983021,3.503932084
Images (7147).jpg,train,0.712606194,0.712606194,3.850424776
Images (7148).jpg,train,0.755131028,0.755131028,4.020524112
Images (7149).jpg,train,0.725323689,0.725323689,3.901294756
Images (7150).jpg,train,0.752345136,0.752345136,4.009380544
Images (7151).jpg,train,0.801980755,0.801980755,4.20792302
Images (7152).jpg,test,0.658081772,0.658081772,3.632327088
Images (7153).jpg,val,0.727620705,0.727620705,3.91048282
Images (7154).jpg,train,0.790529178,0.790529178,4.162116712
Images (7155).jpg,train,0.789297543,0.789297543,4.157190172
Images (7156).jpg,val,0.614375271,0.614375271,3.457501084
Images (7157).jpg,test,0.791736883,0.791736883,4.166947532
Images (7158).jpg,train,0.689634445,0.689634445,3.75853778
Images (7159).jpg,train,0.761350788,0.761350788,4.045403152
Images (7160).jpg,test,0.68103698,0.68103698,3.72414792
Images (7161).jpg,train,0.696120026,0.696120026,3.784480104
Images (7162).jpg,train,0.701565297,0.701565297,3.806261188
Images (7163).jpg,train,0.694235799,0.694235799,3.776943196
Images (7164).jpg,train,0.760222466,0.760222466,4.040889864
Images (7165).jpg,val,0.744247696,0.744247696,3.976990784
Images (7166).jpg,train,0.698063884,0.698063884,3.792255536
Images (7167).jpg,train,0.785823537,0.785823537,4.143294148
Images (7168).jpg,train,0.779029773,0.779029773,4.116119092
Images (7169).jpg,test,0.667037803,0.667037803,3.668151212
Images (7170).jpg,train,0.629472889,0.629472889,3.517891556
Images (7171).jpg,train,0.684755147,0.684755147,3.739020588
Images (7172).jpg,train,0.799806858,0.799806858,4.199227432
Images (7173).jpg,test,0.834137826,0.834137826,4.336551304
Images (7174).jpg,test,0.853727074,0.853727074,4.414908296
Images (7175).jpg,train,0.732509644,0.732509644,3.930038576
Images (7176).jpg,val,0.735993187,0.735993187,3.943972748
Images (7177).jpg,train,0.880078814,0.880078814,4.520315256
Images (7178).jpg,train,0.788211148,0.788211148,4.152844592
Images (7179).jpg,train,0.59963012,0.59963012,3.39852048
Images (7180).jpg,train,0.79211037,0.79211037,4.16844148
Images (7181).jpg,train,0.44212963,0.44212963,2.76851852
Images (7182).jpg,train,0.750051161,0.750051161,4.000204644
Images (7183).jpg,train,0.74578723,0.74578723,3.98314892
Images (7184).jpg,train,0.685590883,0.685590883,3.742363532
Images (7185).jpg,train,0.711455608,0.711455608,3.845822432
Images (7186).jpg,train,0.746027234,0.746027234,3.984108936
Images (7187).jpg,val,0.683184655,0.683184655,3.73273862
Images (7188).jpg,train,0.598990462,0.598990462,3.395961848
Images (7189).jpg,train,0.737119602,0.737119602,3.948478408
Images (7190).jpg,train,0.767213128,0.767213128,4.068852511999999
Images (7191).jpg,val,0.789725316,0.789725316,4.158901264
Images (7192).jpg,train,0.750565218,0.750565218,4.002260872
Images (7193).jpg,train,0.688576361,0.688576361,3.754305444
Images (7194).jpg,train,0.753020691,0.753020691,4.0120827640000005
Images (7195).jpg,train,0.559047921,0.559047921,3.236191684
Images (7196).jpg,train,0.847295783,0.847295783,4.389183131999999
Images (7197).jpg,train,0.872002758,0.872002758,4.488011032
Images (7198).jpg,train,0.728840153,0.728840153,3.915360612
Images (7199).jpg,test,0.705364487,0.705364487,3.821457948
Images (7200).jpg,train,0.795705599,0.795705599,4.182822396000001
Images (7201).jpg,train,0.767877029,0.767877029,4.071508116
Images (7202).jpg,train,0.669075769,0.669075769,3.676303076
Images (7203).jpg,train,0.663429594,0.663429594,3.653718376
Images (7204).jpg,test,0.6460149,0.6460149,3.5840596
Images (7205).jpg,train,0.803064379,0.803064379,4.212257516
Images (7206).jpg,train,0.756375344,0.756375344,4.025501375999999
Images (7207).jpg,train,0.752019417,0.752019417,4.008077668
Images (7208).jpg,train,0.61633281,0.61633281,3.46533124
Images (7209).jpg,train,0.713916066,0.713916066,3.855664264
Images (7210).jpg,train,0.88229686,0.88229686,4.529187439999999
Images (7211).jpg,train,0.774577103,0.774577103,4.098308412
Images (7212).jpg,train,0.663309586,0.663309586,3.653238344
Images (7213).jpg,train,0.618341355,0.618341355,3.47336542
Images (7214).jpg,train,0.61423732,0.61423732,3.45694928
Images (7215).jpg,test,0.841008484,0.841008484,4.364033936
Images (7216).jpg,train,0.6692226,0.6692226,3.6768904
Images (7217).jpg,train,0.613275508,0.613275508,3.453102032
Images (7218).jpg,val,0.739406807,0.739406807,3.957627228
Images (7219).jpg,train,0.71024755,0.71024755,3.8409902
Images (7220).jpg,val,0.726944674,0.726944674,3.907778696
Images (7221).jpg,train,0.838480983,0.838480983,4.353923932
Images (7222).jpg,train,0.694876702,0.694876702,3.779506808
Images (7223).jpg,train,0.866376115,0.866376115,4.46550446
Images (7224).jpg,train,0.854905073,0.854905073,4.419620291999999
Images (7225).jpg,train,0.776550247,0.776550247,4.106200987999999
Images (7226).jpg,train,0.596658263,0.596658263,3.386633052
Images (7227).jpg,train,0.69563491,0.69563491,3.78253964
Images (7228).jpg,train,0.419031088,0.419031088,2.676124352
Images (7229).jpg,train,0.716518418,0.716518418,3.866073672
Images (7230).jpg,test,0.77945347,0.77945347,4.11781388
Images (7231).jpg,train,0.751693405,0.751693405,4.006773620000001
Images (7232).jpg,test,0.715260053,0.715260053,3.861040212
Images (7233).jpg,train,0.821526666,0.821526666,4.286106664
Images (7234).jpg,train,0.782184842,0.782184842,4.128739368
Images (7235).jpg,train,0.802550843,0.802550843,4.2102033720000005
Images (7236).jpg,train,0.632813964,0.632813964,3.531255856
Images (7237).jpg,test,0.610376197,0.610376197,3.441504788
Images (7238).jpg,test,0.490387084,0.490387084,2.961548336
Images (7239).jpg,train,0.625465391,0.625465391,3.501861564
Images (7240).jpg,train,0.745009067,0.745009067,3.980036268
Images (7241).jpg,train,0.723456624,0.723456624,3.893826496
Images (7242).jpg,train,0.610200368,0.610200368,3.440801472
Images (7243).jpg,train,0.64104892,0.64104892,3.56419568
Images (7244).jpg,train,0.747720487,0.747720487,3.990881948
Images (7245).jpg,train,0.730532821,0.730532821,3.922131284
Images (7246).jpg,val,0.689954314,0.689954314,3.759817256
Images (7247).jpg,train,0.739226781,0.739226781,3.956907124
Images (7248).jpg,val,0.648031533,0.648031533,3.592126132
Images (7249).jpg,train,0.861265194,0.861265194,4.445060776
Images (7250).jpg,train,0.42528888,0.42528888,2.70115552
Images (7251).jpg,train,0.633332021,0.633332021,3.533328084
Images (7252).jpg,train,0.754634392,0.754634392,4.018537568
Images (7253).jpg,train,0.677354581,0.677354581,3.709418324
Images (7254).jpg,train,0.682575912,0.682575912,3.730303648
Images (7255).jpg,train,0.81264644,0.81264644,4.25058576
Images (7256).jpg,train,0.641984408,0.641984408,3.567937632
Images (7257).jpg,train,0.565862918,0.565862918,3.263451672
Images (7258).jpg,test,0.610114254,0.610114254,3.440457016
Images (7259).jpg,train,0.822646863,0.822646863,4.2905874520000005
Images (7260).jpg,train,0.55520488,0.55520488,3.22081952
Images (7261).jpg,train,0.735744015,0.735744015,3.94297606
Images (7262).jpg,train,0.799559255,0.799559255,4.1982370200000005
Images (7263).jpg,train,0.838685457,0.838685457,4.354741828
Images (7264).jpg,train,0.713788521,0.713788521,3.855154084
Images (7265).jpg,test,0.839805883,0.839805883,4.359223532
Images (7266).jpg,train,0.810759012,0.810759012,4.243036048
Images (7267).jpg,train,0.699756549,0.699756549,3.799026196
Images (7268).jpg,train,0.674483986,0.674483986,3.697935944
Images (7269).jpg,train,0.653146724,0.653146724,3.612586896
Images (7270).jpg,train,0.55981461,0.55981461,3.23925844
Images (7271).jpg,train,0.696680597,0.696680597,3.786722388
Images (7272).jpg,train,0.781208884,0.781208884,4.124835536
Images (7273).jpg,train,0.675610554,0.675610554,3.702442216
Images (7274).jpg,val,0.712856202,0.712856202,3.851424808
Images (7275).jpg,train,0.891228833,0.891228833,4.564915332
Images (7276).jpg,train,0.778091605,0.778091605,4.11236642
Images (7277).jpg,train,0.713459896,0.713459896,3.853839584
Images (7278).jpg,test,0.776147873,0.776147873,4.104591492
Images (7279).jpg,train,0.742799771,0.742799771,3.971199084
Images (7280).jpg,train,0.722278275,0.722278275,3.8891131
Images (7281).jpg,train,0.713981659,0.713981659,3.855926636
Images (7282).jpg,train,0.718991507,0.718991507,3.875966028
Images (7283).jpg,test,0.74239732,0.74239732,3.96958928
Images (7284).jpg,val,0.657615783,0.657615783,3.630463132
Images (7285).jpg,test,0.775261718,0.775261718,4.101046872
Images (7286).jpg,test,0.847425721,0.847425721,4.389702884
Images (7287).jpg,train,0.715790989,0.715790989,3.863163956
Images (7288).jpg,train,0.835601113,0.835601113,4.342404452
Images (7289).jpg,train,0.682240678,0.682240678,3.728962712
Images (7290).jpg,train,0.736318392,0.736318392,3.945273568
Images (7291).jpg,train,0.780464451,0.780464451,4.121857803999999
Images (7292).jpg,train,0.648163246,0.648163246,3.592652984
Images (7293).jpg,train,0.735268237,0.735268237,3.941072948
Images (7294).jpg,train,0.672604258,0.672604258,3.690417032
Images (7295).jpg,train,0.815841258,0.815841258,4.263365031999999
Images (7296).jpg,val,0.692127507,0.692127507,3.768510028
Images (7297).jpg,train,0.746328652,0.746328652,3.985314608
Images (7298).jpg,test,0.791841805,0.791841805,4.16736722
Images (7299).jpg,train,0.722555529,0.722555529,3.890222116
Images (7300).jpg,train,0.777643113,0.777643113,4.110572452
Images (7301).jpg,train,0.793334217,0.793334217,4.173336868
Images (7302).jpg,train,0.786772514,0.786772514,4.147090056
Images (7303).jpg,train,0.759208871,0.759208871,4.036835484
Images (7304).jpg,train,0.757557442,0.757557442,4.030229768
Images (7305).jpg,train,0.595191987,0.595191987,3.380767948
Images (7306).jpg,train,0.716302039,0.716302039,3.865208156
Images (7307).jpg,val,0.680458508,0.680458508,3.721834032
Images (7308).jpg,train,0.78485607,0.78485607,4.13942428
Images (7309).jpg,train,0.654590638,0.654590638,3.618362552
Images (7310).jpg,test,0.7582212,0.7582212,4.0328848
Images (7311).jpg,val,0.617097058,0.617097058,3.468388232
Images (7312).jpg,train,0.885612468,0.885612468,4.542449872000001
Images (7313).jpg,train,0.66919021,0.66919021,3.67676084
Images (7314).jpg,train,0.682651005,0.682651005,3.73060402
Images (7315).jpg,test,0.895313155,0.895313155,4.58125262
Images (7316).jpg,train,0.752089304,0.752089304,4.008357216
Images (7317).jpg,train,0.777587922,0.777587922,4.110351688
Images (7318).jpg,val,0.798889916,0.798889916,4.195559664
Images (7319).jpg,test,0.637998702,0.637998702,3.551994808
Images (7320).jpg,train,0.891669033,0.891669033,4.566676132
Images (7321).jpg,train,0.781555386,0.781555386,4.126221544
Images (7322).jpg,train,0.667698399,0.667698399,3.670793596
Images (7323).jpg,train,0.618775772,0.618775772,3.475103088
Images (7324).jpg,train,0.788393725,0.788393725,4.153574900000001
Images (7325).jpg,train,0.715871346,0.715871346,3.863485384
Images (7326).jpg,val,0.689412503,0.689412503,3.757650012
Images (7327).jpg,train,0.730144763,0.730144763,3.920579052
Images (7328).jpg,test,0.660286915,0.660286915,3.64114766
Images (7329).jpg,train,0.744619314,0.744619314,3.978477256
Images (7330).jpg,train,0.782000628,0.782000628,4.128002512
Images (7331).jpg,train,0.736430784,0.736430784,3.945723136
Images (7332).jpg,train,0.538664127,0.538664127,3.154656508
Images (7333).jpg,train,0.640251069,0.640251069,3.561004276
Images (7334).jpg,train,0.712395613,0.712395613,3.849582452
Images (7335).jpg,train,0.84857891,0.84857891,4.39431564
Images (7336).jpg,train,0.684391231,0.684391231,3.737564924
Images (7337).jpg,train,0.71717013,0.71717013,3.86868052
Images (7338).jpg,train,0.731169434,0.731169434,3.924677736
Images (7339).jpg,train,0.723345172,0.723345172,3.893380688
Images (7340).jpg,test,0.791263534,0.791263534,4.165054136
Images (7341).jpg,train,0.837842906,0.837842906,4.351371624
Images (7342).jpg,train,0.781389888,0.781389888,4.125559552
Images (7343).jpg,train,0.627993935,0.627993935,3.51197574
Images (7344).jpg,train,0.730433321,0.730433321,3.921733284
Images (7345).jpg,train,0.667311781,0.667311781,3.669247124
Images (7346).jpg,train,0.866255246,0.866255246,4.465020984000001
Images (7347).jpg,train,0.616525259,0.616525259,3.466101036
Images (7348).jpg,train,0.742036355,0.742036355,3.96814542
Images (7349).jpg,train,0.808372248,0.808372248,4.233488992
Images (7350).jpg,train,0.79529815,0.79529815,4.1811926
Images (7351).jpg,train,0.690448653,0.690448653,3.761794612
Images (7352).jpg,train,0.654281367,0.654281367,3.617125468
Images (7353).jpg,val,0.682967855,0.682967855,3.73187142
Images (7354).jpg,train,0.680224205,0.680224205,3.72089682
Images (7355).jpg,test,0.713444912,0.713444912,3.853779648
Images (7356).jpg,train,0.678848777,0.678848777,3.715395108
Images (7357).jpg,train,0.761124623,0.761124623,4.044498492
Images (7358).jpg,val,0.744963697,0.744963697,3.979854788
Images (7359).jpg,train,0.792149294,0.792149294,4.1685971760000005
Images (7360).jpg,train,0.650757593,0.650757593,3.603030372
Images (7361).jpg,train,0.719494376,0.719494376,3.877977504
Images (7362).jpg,val,0.787067535,0.787067535,4.14827014
Images (7363).jpg,train,0.841469586,0.841469586,4.365878344
Images (7364).jpg,train,0.747690569,0.747690569,3.990762276
Images (7365).jpg,train,0.718199742,0.718199742,3.872798968
Images (7366).jpg,train,0.776191232,0.776191232,4.104764928
Images (7367).jpg,train,0.759165299,0.759165299,4.036661196
Images (7368).jpg,train,0.681335818,0.681335818,3.725343272
Images (7369).jpg,train,0.639118493,0.639118493,3.556473972
Images (7370).jpg,val,0.694786541,0.694786541,3.779146164
Images (7371).jpg,train,0.701625607,0.701625607,3.806502428
Images (7372).jpg,train,0.766949139,0.766949139,4.067796555999999
Images (7373).jpg,train,0.805823024,0.805823024,4.223292096
Images (7374).jpg,train,0.717164656,0.717164656,3.868658624
Images (7375).jpg,train,0.629113478,0.629113478,3.516453912
Images (7376).jpg,test,0.732244454,0.732244454,3.928977816
Images (7377).jpg,test,0.711225464,0.711225464,3.844901856
Images (7378).jpg,train,0.804487736,0.804487736,4.217950944
Images (7379).jpg,train,0.867651955,0.867651955,4.47060782
Images (7380).jpg,train,0.835178797,0.835178797,4.340715188
Images (7381).jpg,test,0.885584158,0.885584158,4.542336632
Images (7382).jpg,val,0.747449855,0.747449855,3.98979942
Images (7383).jpg,train,0.748932607,0.748932607,3.995730428
Images (7384).jpg,train,0.714000452,0.714000452,3.856001808
Images (7385).jpg,test,0.746984179,0.746984179,3.987936716
Images (7386).jpg,val,0.704945491,0.704945491,3.819781964
Images (7387).jpg,test,0.807254083,0.807254083,4.2290163320000005
Images (7388).jpg,train,0.800914515,0.800914515,4.20365806
Images (7389).jpg,train,0.795946013,0.795946013,4.183784052
Images (7390).jpg,train,0.735741454,0.735741454,3.942965816
Images (7391).jpg,val,0.691880136,0.691880136,3.767520544
Images (7392).jpg,train,0.809722616,0.809722616,4.238890464
Images (7393).jpg,train,0.754195847,0.754195847,4.016783388
Images (7394).jpg,test,0.747301381,0.747301381,3.989205524
Images (7395).jpg,test,0.737834008,0.737834008,3.951336032
Images (7396).jpg,train,0.708943856,0.708943856,3.835775424
Images (7397).jpg,train,0.619391701,0.619391701,3.477566804
Images (7398).jpg,test,0.51015481,0.51015481,3.04061924
Images (7399).jpg,train,0.840674222,0.840674222,4.362696888
Images (7400).jpg,train,0.728791164,0.728791164,3.915164656
Images (7401).jpg,train,0.660701838,0.660701838,3.642807352
Images (7402).jpg,val,0.772117524,0.772117524,4.088470096
Images (7403).jpg,train,0.813847981,0.813847981,4.255391924
Images (7404).jpg,val,0.786956589,0.786956589,4.147826356
Images (7405).jpg,train,0.775238087,0.775238087,4.100952348
Images (7406).jpg,train,0.73467067,0.73467067,3.93868268
Images (7407).jpg,val,0.740383904,0.740383904,3.961535616
Images (7408).jpg,val,0.74057153,0.74057153,3.96228612
Images (7409).jpg,test,0.782943776,0.782943776,4.131775104
Images (7410).jpg,train,0.673538697,0.673538697,3.694154788
Images (7411).jpg,train,0.715862713,0.715862713,3.863450852
Images (7412).jpg,test,0.721611073,0.721611073,3.886444292
Images (7413).jpg,train,0.687608893,0.687608893,3.750435572
Images (7414).jpg,train,0.56520513,0.56520513,3.26082052
Images (7415).jpg,train,0.619970726,0.619970726,3.479882904
Images (7416).jpg,test,0.762148148,0.762148148,4.048592592
Images (7417).jpg,train,0.645099337,0.645099337,3.580397348
Images (7418).jpg,train,0.761921209,0.761921209,4.047684836
Images (7419).jpg,test,0.757857003,0.757857003,4.031428012
Images (7420).jpg,test,0.823049049,0.823049049,4.292196196
Images (7421).jpg,train,0.815196794,0.815196794,4.260787176
Images (7422).jpg,test,0.70694706,0.70694706,3.82778824
Images (7423).jpg,train,0.818455994,0.818455994,4.273823976
Images (7424).jpg,test,0.756375805,0.756375805,4.02550322
Images (7425).jpg,train,0.781072648,0.781072648,4.124290592
Images (7426).jpg,train,0.916310837,0.916310837,4.665243348000001
Images (7427).jpg,train,0.798522294,0.798522294,4.194089176
Images (7428).jpg,train,0.809651177,0.809651177,4.238604708
Images (7429).jpg,train,0.793298066,0.793298066,4.173192264
Images (7430).jpg,test,0.948321376,0.948321376,4.793285504
Images (7431).jpg,test,0.818609755,0.818609755,4.27443902
Images (7432).jpg,test,0.753090909,0.753090909,4.012363636
Images (7433).jpg,train,0.827307505,0.827307505,4.30923002
Images (7434).jpg,train,0.799102516,0.799102516,4.196410064
Images (7435).jpg,train,0.740556997,0.740556997,3.962227988
Images (7436).jpg,train,0.810176741,0.810176741,4.240706964
Images (7437).jpg,train,0.836443436,0.836443436,4.345773744000001
Images (7438).jpg,train,0.687750611,0.687750611,3.751002444
Images (7439).jpg,train,0.661692864,0.661692864,3.646771456
Images (7440).jpg,train,0.780458519,0.780458519,4.121834076
Images (7441).jpg,train,0.677913134,0.677913134,3.711652536
Images (7442).jpg,train,0.730808168,0.730808168,3.923232672
Images (7443).jpg,test,0.800370868,0.800370868,4.201483472
Images (7444).jpg,train,0.792906441,0.792906441,4.171625764
Images (7445).jpg,train,0.726977717,0.726977717,3.907910868
Images (7446).jpg,train,0.752228452,0.752228452,4.008913808
Images (7447).jpg,train,0.77700763,0.77700763,4.10803052
Images (7448).jpg,test,0.786976794,0.786976794,4.147907176
Images (7449).jpg,train,0.699390727,0.699390727,3.797562908
Images (7450).jpg,train,0.767563535,0.767563535,4.070254139999999
Images (7451).jpg,train,0.817454256,0.817454256,4.269817024
Images (7452).jpg,val,0.831240599,0.831240599,4.324962396
Images (7453).jpg,test,0.792731265,0.792731265,4.17092506
Images (7454).jpg,train,0.673904823,0.673904823,3.695619292
Images (7455).jpg,val,0.724984679,0.724984679,3.899938716
Images (7456).jpg,train,0.705667635,0.705667635,3.82267054
Images (7457).jpg,train,0.78288403,0.78288403,4.13153612
Images (7458).jpg,train,0.763088878,0.763088878,4.052355512
Images (7459).jpg,train,0.828690509,0.828690509,4.314762035999999
Images (7460).jpg,train,0.766544066,0.766544066,4.066176264
Images (7461).jpg,train,0.798298816,0.798298816,4.193195264
Images (7462).jpg,val,0.817476694,0.817476694,4.269906776
Images (7463).jpg,train,0.764315585,0.764315585,4.057262339999999
Images (7464).jpg,train,0.552728403,0.552728403,3.210913612
Images (7465).jpg,test,0.792897593,0.792897593,4.171590372
Images (7466).jpg,train,0.762800621,0.762800621,4.051202484
Images (7467).jpg,train,0.711007964,0.711007964,3.844031856
Images (7468).jpg,train,0.717025825,0.717025825,3.8681033
Images (7469).jpg,train,0.712453769,0.712453769,3.849815076
Images (7470).jpg,train,0.61186135,0.61186135,3.4474454
Images (7471).jpg,train,0.793555805,0.793555805,4.17422322
Images (7472).jpg,test,0.732770812,0.732770812,3.931083248
Images (7473).jpg,train,0.732692254,0.732692254,3.930769016
Images (7474).jpg,test,0.742266105,0.742266105,3.96906442
Images (7475).jpg,train,0.622055542,0.622055542,3.488222168
Images (7476).jpg,train,0.723944397,0.723944397,3.895777588
Images (7477).jpg,train,0.644919676,0.644919676,3.579678704
Images (7478).jpg,train,0.614554633,0.614554633,3.458218532
Images (7479).jpg,train,0.748292568,0.748292568,3.993170272
Images (7480).jpg,train,0.698321429,0.698321429,3.793285716
Images (7481).jpg,val,0.766503367,0.766503367,4.066013468
Images (7482).jpg,train,0.743661435,0.743661435,3.97464574
Images (7483).jpg,train,0.849696864,0.849696864,4.398787456
Images (7484).jpg,val,0.678667225,0.678667225,3.7146689
Images (7485).jpg,train,0.724808496,0.724808496,3.899233984
Images (7486).jpg,train,0.791946709,0.791946709,4.167786835999999
Images (7487).jpg,train,0.812464726,0.812464726,4.249858904
Images (7488).jpg,train,0.782151167,0.782151167,4.128604668
Images (7489).jpg,train,0.802792351,0.802792351,4.211169404
Images (7490).jpg,train,0.749499955,0.749499955,3.99799982
Images (7491).jpg,train,0.838443329,0.838443329,4.353773316
Images (7492).jpg,train,0.691243576,0.691243576,3.764974304
Images (7493).jpg,train,0.650274079,0.650274079,3.601096316
Images (7494).jpg,train,0.822700322,0.822700322,4.290801288
Images (7495).jpg,train,0.593888752,0.593888752,3.375555008
Images (7496).jpg,train,0.609034271,0.609034271,3.436137084
Images (7497).jpg,test,0.764126387,0.764126387,4.0565055480000005
Images (7498).jpg,train,0.768223178,0.768223178,4.072892712
Images (7499).jpg,train,0.692355436,0.692355436,3.769421744
Images (7500).jpg,train,0.727134985,0.727134985,3.90853994
Images (7501).jpg,test,0.769289103,0.769289103,4.077156412
Images (7502).jpg,train,0.811145586,0.811145586,4.244582344
Images (7503).jpg,train,0.696684923,0.696684923,3.786739692
Images (7504).jpg,train,0.73000314,0.73000314,3.92001256
Images (7505).jpg,train,0.674192193,0.674192193,3.696768772
Images (7506).jpg,train,0.608036092,0.608036092,3.432144368
Images (7507).jpg,test,0.64730342,0.64730342,3.58921368
Images (7508).jpg,train,0.731001103,0.731001103,3.924004412
Images (7509).jpg,train,0.752163403,0.752163403,4.008653612
Images (7510).jpg,train,0.623478658,0.623478658,3.493914632
Images (7511).jpg,train,0.621976349,0.621976349,3.487905396
Images (7512).jpg,train,0.642530545,0.642530545,3.57012218
Images (7513).jpg,train,0.670067997,0.670067997,3.680271988
Images (7514).jpg,train,0.704761994,0.704761994,3.819047976
Images (7515).jpg,test,0.810182354,0.810182354,4.240729416000001
Images (7516).jpg,val,0.795051343,0.795051343,4.180205372
Images (7517).jpg,train,0.727918693,0.727918693,3.911674772
Images (7518).jpg,val,0.789328697,0.789328697,4.157314788
Images (7519).jpg,train,0.791236937,0.791236937,4.164947748
Images (7520).jpg,train,0.688580599,0.688580599,3.754322396
Images (7521).jpg,train,0.802127373,0.802127373,4.208509492
Images (7522).jpg,train,0.622695709,0.622695709,3.490782836
Images (7523).jpg,train,0.701587428,0.701587428,3.806349712
Images (7524).jpg,train,0.677333176,0.677333176,3.709332704
Images (7525).jpg,train,0.720765147,0.720765147,3.883060588
Images (7526).jpg,test,0.678012192,0.678012192,3.712048768
Images (7527).jpg,test,0.763374331,0.763374331,4.053497324
Images (7528).jpg,train,0.754846182,0.754846182,4.019384728
Images (7529).jpg,train,0.805642055,0.805642055,4.222568219999999
Images (7530).jpg,test,0.728968918,0.728968918,3.915875672
Images (7531).jpg,train,0.66531197,0.66531197,3.66124788
Images (7532).jpg,train,0.773158753,0.773158753,4.092635012000001
Images (7533).jpg,train,0.568107338,0.568107338,3.272429352
Images (7534).jpg,train,0.740773213,0.740773213,3.963092852
Images (7535).jpg,train,0.522053921,0.522053921,3.088215684
Images (7536).jpg,train,0.582748393,0.582748393,3.330993572
Images (7537).jpg,train,0.685895476,0.685895476,3.743581904
Images (7538).jpg,train,0.760971226,0.760971226,4.043884904
Images (7539).jpg,train,0.668973479,0.668973479,3.675893916
Images (7540).jpg,train,0.824955108,0.824955108,4.299820432000001
Images (7541).jpg,train,0.770354251,0.770354251,4.081417004
Images (7542).jpg,test,0.530354798,0.530354798,3.121419192
Images (7543).jpg,train,0.610238444,0.610238444,3.440953776
Images (7544).jpg,val,0.681171079,0.681171079,3.724684316
Images (7545).jpg,train,0.721745683,0.721745683,3.886982732
Images (7546).jpg,train,0.80385298,0.80385298,4.21541192
Images (7547).jpg,test,0.817570172,0.817570172,4.270280688
Images (7548).jpg,test,0.676491272,0.676491272,3.705965088
Images (7549).jpg,train,0.774330808,0.774330808,4.097323232
Images (7550).jpg,train,0.729892746,0.729892746,3.919570984
Images (7551).jpg,train,0.759721718,0.759721718,4.038886872
Images (7552).jpg,train,0.717020086,0.717020086,3.868080344
Images (7553).jpg,test,0.6539882,0.6539882,3.6159528
Images (7554).jpg,train,0.740794127,0.740794127,3.963176508
Images (7555).jpg,train,0.826888736,0.826888736,4.307554944
Images (7556).jpg,train,0.549180965,0.549180965,3.19672386
Images (7557).jpg,val,0.841653855,0.841653855,4.3666154200000005
Images (7558).jpg,train,0.826534357,0.826534357,4.306137428
Images (7559).jpg,train,0.678794505,0.678794505,3.71517802
Images (7560).jpg,test,0.758812439,0.758812439,4.035249756
Images (7561).jpg,val,0.789518616,0.789518616,4.158074464
Images (7562).jpg,train,0.673733762,0.673733762,3.694935048
Images (7563).jpg,train,0.71663358,0.71663358,3.86653432
Images (7564).jpg,train,0.767537339,0.767537339,4.070149356
Images (7565).jpg,val,0.575015578,0.575015578,3.300062312
Images (7566).jpg,train,0.581643297,0.581643297,3.326573188
Images (7567).jpg,train,0.585024602,0.585024602,3.340098408
Images (7568).jpg,train,0.724642645,0.724642645,3.89857058
Images (7569).jpg,train,0.680365331,0.680365331,3.721461324
Images (7570).jpg,train,0.575061902,0.575061902,3.300247608
Images (7571).jpg,val,0.659911931,0.659911931,3.639647724
Images (7572).jpg,train,0.553953751,0.553953751,3.215815004
Images (7573).jpg,train,0.778195211,0.778195211,4.112780844
Images (7574).jpg,train,0.811118106,0.811118106,4.244472424
Images (7575).jpg,test,0.586894276,0.586894276,3.347577104
Images (7576).jpg,train,0.715703518,0.715703518,3.862814072
Images (7577).jpg,train,0.723228238,0.723228238,3.892912952
Images (7578).jpg,train,0.636016914,0.636016914,3.544067656
Images (7579).jpg,train,0.676751982,0.676751982,3.707007928
Images (7580).jpg,train,0.785518448,0.785518448,4.142073792
Images (7581).jpg,train,0.642466576,0.642466576,3.569866304
Images (7582).jpg,train,0.71815019,0.71815019,3.87260076
Images (7583).jpg,val,0.769783265,0.769783265,4.07913306
Images (7584).jpg,train,0.766632817,0.766632817,4.066531268
Images (7585).jpg,train,0.661606115,0.661606115,3.64642446
Images (7586).jpg,train,0.662018897,0.662018897,3.648075588
Images (7587).jpg,train,0.752929173,0.752929173,4.011716692
Images (7588).jpg,test,0.801714451,0.801714451,4.206857804
Images (7589).jpg,train,0.691819701,0.691819701,3.767278804
Images (7590).jpg,train,0.788494496,0.788494496,4.153977984
Images (7591).jpg,train,0.808595143,0.808595143,4.234380572
Images (7592).jpg,val,0.794249003,0.794249003,4.176996012
Images (7593).jpg,train,0.72705553,0.72705553,3.90822212
Images (7594).jpg,train,0.794918549,0.794918549,4.179674196000001
Images (7595).jpg,test,0.801948245,0.801948245,4.20779298
Images (7596).jpg,test,0.738373993,0.738373993,3.953495972
Images (7597).jpg,train,0.750362588,0.750362588,4.001450352
Images (7598).jpg,train,0.750976154,0.750976154,4.003904616
Images (7599).jpg,train,0.691401886,0.691401886,3.765607544
Images (7600).jpg,train,0.731854913,0.731854913,3.927419652
Images (7601).jpg,train,0.71586633,0.71586633,3.86346532
Images (7602).jpg,train,0.826861432,0.826861432,4.307445727999999
Images (7603).jpg,train,0.795599263,0.795599263,4.182397052
Images (7604).jpg,train,0.820913313,0.820913313,4.283653252000001
Images (7605).jpg,train,0.77459079,0.77459079,4.09836316
Images (7606).jpg,train,0.757320683,0.757320683,4.029282732
Images (7607).jpg,train,0.841630509,0.841630509,4.366522036
Images (7608).jpg,val,0.795506279,0.795506279,4.182025116
Images (7609).jpg,train,0.738010387,0.738010387,3.952041548
Images (7610).jpg,train,0.772706754,0.772706754,4.090827016
Images (7611).jpg,train,0.811462433,0.811462433,4.245849732
Images (7612).jpg,train,0.660687706,0.660687706,3.642750824
Images (7613).jpg,train,0.786830704,0.786830704,4.147322816
Images (7614).jpg,train,0.743004161,0.743004161,3.972016644
Images (7615).jpg,train,0.716815484,0.716815484,3.867261936
Images (7616).jpg,train,0.704871209,0.704871209,3.819484836
Images (7617).jpg,train,0.719907211,0.719907211,3.879628844
Images (7618).jpg,train,0.620815504,0.620815504,3.483262016
Images (7619).jpg,train,0.748020451,0.748020451,3.992081804
Images (7620).jpg,val,0.724280479,0.724280479,3.897121916
Images (7621).jpg,test,0.748824875,0.748824875,3.9952995
Images (7622).jpg,train,0.670024636,0.670024636,3.680098544
Images (7623).jpg,test,0.663665381,0.663665381,3.654661524
Images (7624).jpg,test,0.881481963,0.881481963,4.525927852000001
Images (7625).jpg,val,0.75340322,0.75340322,4.01361288
Images (7626).jpg,train,0.756562932,0.756562932,4.026251728
Images (7627).jpg,train,0.660172398,0.660172398,3.640689592
Images (7628).jpg,train,0.624368718,0.624368718,3.497474872
Images (7629).jpg,train,0.668621228,0.668621228,3.674484912
Images (7630).jpg,train,0.618453,0.618453,3.473812
Images (7631).jpg,train,0.687706769,0.687706769,3.750827076
Images (7632).jpg,val,0.457808259,0.457808259,2.831233036
Images (7633).jpg,train,0.727009453,0.727009453,3.908037812
Images (7634).jpg,train,0.770863717,0.770863717,4.0834548680000005
Images (7635).jpg,train,0.74194257,0.74194257,3.96777028
Images (7636).jpg,train,0.594526624,0.594526624,3.378106496
Images (7637).jpg,train,0.779511387,0.779511387,4.118045548
Images (7638).jpg,train,0.771369488,0.771369488,4.085477952
Images (7639).jpg,train,0.498335854,0.498335854,2.993343416
Images (7640).jpg,test,0.70826791,0.70826791,3.83307164
Images (7641).jpg,train,0.748413041,0.748413041,3.993652164
Images (7642).jpg,train,0.678877987,0.678877987,3.715511948
Images (7643).jpg,test,0.41372865,0.41372865,2.6549146
Images (7644).jpg,test,0.72468874,0.72468874,3.89875496
Images (7645).jpg,train,0.482873375,0.482873375,2.9314935
Images (7646).jpg,train,0.690601304,0.690601304,3.762405216
Images (7647).jpg,train,0.759030488,0.759030488,4.036121952
Images (7648).jpg,train,0.5850159,0.5850159,3.3400636
Images (7649).jpg,train,0.583005097,0.583005097,3.332020388
Images (7650).jpg,train,0.714751224,0.714751224,3.859004896
Images (7651).jpg,train,0.824061615,0.824061615,4.29624646
Images (7652).jpg,train,0.538864548,0.538864548,3.155458192
Images (7653).jpg,train,0.833343728,0.833343728,4.333374912
Images (7654).jpg,train,0.542205941,0.542205941,3.168823764
Images (7655).jpg,train,0.674089094,0.674089094,3.696356376
Images (7656).jpg,train,0.823666985,0.823666985,4.29466794
Images (7657).jpg,train,0.773617013,0.773617013,4.094468052
Images (7658).jpg,test,0.692293847,0.692293847,3.769175388
Images (7659).jpg,train,0.668613656,0.668613656,3.674454624
Images (7660).jpg,train,0.582517273,0.582517273,3.330069092
Images (7661).jpg,train,0.461414902,0.461414902,2.845659608
Images (7662).jpg,val,0.611620476,0.611620476,3.446481904
Images (7663).jpg,train,0.63520488,0.63520488,3.54081952
Images (7664).jpg,train,0.527621777,0.527621777,3.110487108
Images (7665).jpg,train,0.60899524,0.60899524,3.43598096
Images (7666).jpg,train,0.578314087,0.578314087,3.313256348
Images (7667).jpg,val,0.52245311,0.52245311,3.08981244
Images (7668).jpg,train,0.52845031,0.52845031,3.11380124
Images (7669).jpg,train,0.521778386,0.521778386,3.087113544
Images (7670).jpg,val,0.51517894,0.51517894,3.06071576
Images (7671).jpg,test,0.561922636,0.561922636,3.247690544
Images (7672).jpg,val,0.563815803,0.563815803,3.255263212
Images (7673).jpg,train,0.56044875,0.56044875,3.241795
Images (7674).jpg,train,0.511069634,0.511069634,3.044278536
Images (7675).jpg,train,0.607305595,0.607305595,3.42922238
Images (7676).jpg,train,0.611693985,0.611693985,3.44677594
Images (7677).jpg,train,0.595214912,0.595214912,3.380859648
Images (7678).jpg,train,0.545661341,0.545661341,3.182645364
Images (7679).jpg,test,0.515602021,0.515602021,3.062408084
Images (7680).jpg,train,0.568009732,0.568009732,3.272038928
Images (7681).jpg,train,0.669675772,0.669675772,3.678703088
Images (7682).jpg,train,0.602095708,0.602095708,3.408382832
Images (7683).jpg,train,0.532337805,0.532337805,3.12935122
Images (7684).jpg,train,0.334915688,0.334915688,2.339662752
Images (7685).jpg,train,0.387400696,0.387400696,2.549602784
Images (7686).jpg,train,0.746297562,0.746297562,3.985190248
Images (7687).jpg,train,0.243055556,0.243055556,1.972222224
Images (7688).jpg,train,0.482317516,0.482317516,2.929270064
Images (7689).jpg,val,0.541846077,0.541846077,3.167384308
Images (7690).jpg,val,0.60150203,0.60150203,3.40600812
Images (7691).jpg,train,0.559715073,0.559715073,3.238860292
Images (7692).jpg,train,0.680112201,0.680112201,3.720448804
Images (7693).jpg,val,0.357071389,0.357071389,2.428285556
Images (7694).jpg,train,0.459506543,0.459506543,2.838026172
Images (7695).jpg,test,0.617684751,0.617684751,3.470739004
Images (7696).jpg,train,0.545256259,0.545256259,3.181025036
Images (7697).jpg,train,0.554400883,0.554400883,3.217603532
Images (7698).jpg,train,0.482485133,0.482485133,2.929940532
Images (7699).jpg,train,0.767327149,0.767327149,4.069308596
Images (7700).jpg,test,0.557319748,0.557319748,3.229278992
Images (7701).jpg,train,0.511250336,0.511250336,3.045001344
Images (7702).jpg,train,0.596487255,0.596487255,3.38594902
Images (7703).jpg,train,0.660712743,0.660712743,3.642850972
Images (7704).jpg,train,0.464094743,0.464094743,2.856378972
Images (7705).jpg,train,0.517486782,0.517486782,3.069947128
Images (7706).jpg,val,0.544193389,0.544193389,3.176773556
Images (7707).jpg,test,0.550668184,0.550668184,3.202672736
Images (7708).jpg,train,0.593228974,0.593228974,3.372915896
Images (7709).jpg,train,0.640024377,0.640024377,3.560097508
Images (7710).jpg,train,0.406244187,0.406244187,2.624976748
Images (7711).jpg,train,0.535182421,0.535182421,3.140729684
Images (7712).jpg,val,0.629480766,0.629480766,3.517923064
Images (7713).jpg,test,0.464708026,0.464708026,2.858832104
Images (7714).jpg,train,0.379678636,0.379678636,2.518714544
Images (7715).jpg,val,0.465623412,0.465623412,2.862493648
Images (7716).jpg,test,0.552461569,0.552461569,3.209846276
Images (7717).jpg,train,0.859422116,0.859422116,4.437688464
Images (7718).jpg,train,0.56844312,0.56844312,3.27377248
Images (7719).jpg,train,0.74223592,0.74223592,3.96894368
Images (7720).jpg,train,0.794687245,0.794687245,4.17874898
Images (7721).jpg,test,0.923611111,0.923611111,4.694444444
Images (7722).jpg,train,0.538585026,0.538585026,3.154340104
Images (7723).jpg,test,0.534795476,0.534795476,3.139181904
Images (7724).jpg,train,0.470403473,0.470403473,2.881613892
Images (7725).jpg,train,0.312240822,0.312240822,2.248963288
Images (7726).jpg,train,0.485114567,0.485114567,2.940458268
Images (7727).jpg,val,0.620045865,0.620045865,3.48018346
Images (7728).jpg,test,0.458447201,0.458447201,2.833788804
Images (7729).jpg,test,0.539871457,0.539871457,3.159485828
Images (7730).jpg,train,0.371281607,0.371281607,2.485126428
Images (7731).jpg,val,0.521088792,0.521088792,3.084355168
Images (7732).jpg,test,0.609350591,0.609350591,3.437402364
Images (7733).jpg,test,0.50798317,0.50798317,3.03193268
Images (7734).jpg,train,0.558439323,0.558439323,3.233757292
Images (7735).jpg,train,0.363278916,0.363278916,2.4531156640000003
Images (7736).jpg,test,0.630659401,0.630659401,3.522637604
Images (7737).jpg,train,0.452056282,0.452056282,2.808225128
Images (7738).jpg,train,0.466328919,0.466328919,2.865315676
Images (7739).jpg,test,0.515492032,0.515492032,3.061968128
Images (7740).jpg,val,0.638234984,0.638234984,3.552939936
Images (7741).jpg,train,0.512934647,0.512934647,3.051738588
Images (7742).jpg,train,0.547178743,0.547178743,3.188714972
Images (7743).jpg,train,0.495132477,0.495132477,2.9805299080000003
Images (7744).jpg,train,0.506007035,0.506007035,3.02402814
Images (7745).jpg,train,0.639237437,0.639237437,3.556949748
Images (7746).jpg,train,0.537731678,0.537731678,3.150926712
Images (7747).jpg,train,0.637358029,0.637358029,3.549432116
Images (7748).jpg,train,0.510613068,0.510613068,3.042452272
Images (7749).jpg,train,0.577539883,0.577539883,3.310159532
Images (7750).jpg,train,0.570530324,0.570530324,3.282121296
Images (7751).jpg,train,0.638240902,0.638240902,3.552963608
Images (7752).jpg,train,0.550697606,0.550697606,3.202790424
Images (7753).jpg,val,0.526093869,0.526093869,3.104375476
Images (7754).jpg,train,0.365382206,0.365382206,2.461528824
Images (7755).jpg,train,0.413992085,0.413992085,2.6559683400000003
Images (7756).jpg,train,0.481742413,0.481742413,2.926969652
Images (7757).jpg,train,0.535536587,0.535536587,3.142146348
Images (7758).jpg,val,0.497944953,0.497944953,2.991779812
Images (7759).jpg,train,0.55325047,0.55325047,3.21300188
Images (7760).jpg,train,0.590730382,0.590730382,3.362921528
Images (7761).jpg,train,0.717063057,0.717063057,3.868252228
Images (7762).jpg,train,0.613235895,0.613235895,3.45294358
Images (7763).jpg,train,0.550597895,0.550597895,3.20239158
Images (7764).jpg,train,0.468020614,0.468020614,2.872082456
Images (7765).jpg,train,0.45715595,0.45715595,2.8286238
Images (7766).jpg,test,0.557638276,0.557638276,3.230553104
Images (7767).jpg,train,0.543788254,0.543788254,3.175153016
Images (7768).jpg,test,0.539901696,0.539901696,3.159606784
Images (7769).jpg,train,0.43256551,0.43256551,2.73026204
Images (7770).jpg,train,0.62294596,0.62294596,3.49178384
Images (7771).jpg,test,0.330052586,0.330052586,2.320210344
Images (7772).jpg,train,0.513760723,0.513760723,3.055042892
Images (7773).jpg,train,0.505259512,0.505259512,3.021038048
Images (7774).jpg,val,0.450253022,0.450253022,2.801012088
Images (7775).jpg,val,0.445251248,0.445251248,2.781004992
Images (7776).jpg,train,0.557716839,0.557716839,3.230867356
Images (7777).jpg,train,0.540039799,0.540039799,3.160159196
Images (7778).jpg,train,0.474908383,0.474908383,2.899633532
Images (7779).jpg,val,0.458700459,0.458700459,2.834801836
Images (7780).jpg,train,0.553924399,0.553924399,3.215697596
Images (7781).jpg,train,0.542859358,0.542859358,3.171437432
Images (7782).jpg,test,0.542286482,0.542286482,3.169145928
Images (7783).jpg,train,0.516761937,0.516761937,3.067047748
Images (7784).jpg,train,0.526490033,0.526490033,3.105960132
Images (7785).jpg,train,0.732947074,0.732947074,3.931788296
Images (7786).jpg,train,0.559290972,0.559290972,3.237163888
Images (7787).jpg,train,0.679906278,0.679906278,3.719625112
Images (7788).jpg,train,0.511931505,0.511931505,3.04772602
Images (7789).jpg,train,0.672006238,0.672006238,3.688024952
Images (7790).jpg,train,0.635224949,0.635224949,3.540899796
Images (7791).jpg,train,0.581757013,0.581757013,3.327028052
Images (7792).jpg,train,0.637189496,0.637189496,3.548757984
Images (7793).jpg,train,0.525069588,0.525069588,3.100278352
Images (7794).jpg,train,0.514547964,0.514547964,3.058191856
Images (7795).jpg,train,0.63191041,0.63191041,3.52764164
Images (7796).jpg,train,0.495296617,0.495296617,2.981186468
Images (7797).jpg,train,0.639741498,0.639741498,3.558965992
Images (7798).jpg,train,0.65403825,0.65403825,3.616153
Images (7799).jpg,test,0.686953896,0.686953896,3.747815584
Images (7800).jpg,val,0.580118848,0.580118848,3.320475392
Images (7801).jpg,train,0.404676964,0.404676964,2.618707856
Images (7802).jpg,train,0.5344053,0.5344053,3.1376212
Images (7803).jpg,train,0.455647113,0.455647113,2.822588452
Images (7804).jpg,test,0.614109204,0.614109204,3.456436816
Images (7805).jpg,train,0.667217632,0.667217632,3.668870528
Images (7806).jpg,train,0.51871814,0.51871814,3.07487256
Images (7807).jpg,train,0.617325118,0.617325118,3.469300472
Images (7808).jpg,train,0.529176857,0.529176857,3.116707428
Images (7809).jpg,test,0.646539147,0.646539147,3.586156588
Images (7810).jpg,train,0.594152844,0.594152844,3.376611376
Images (7811).jpg,train,0.613608258,0.613608258,3.454433032
Images (7812).jpg,train,0.620827284,0.620827284,3.483309136
Images (7813).jpg,train,0.411063369,0.411063369,2.6442534760000003
Images (7814).jpg,train,0.679737389,0.679737389,3.718949556
Images (7815).jpg,train,0.715837106,0.715837106,3.863348424
Images (7816).jpg,train,0.644510415,0.644510415,3.57804166
Images (7817).jpg,train,0.673238823,0.673238823,3.692955292
Images (7818).jpg,train,0.621485856,0.621485856,3.485943424
Images (7819).jpg,train,0.618146069,0.618146069,3.472584276
Images (7820).jpg,train,0.621815827,0.621815827,3.487263308
Images (7821).jpg,val,0.611726829,0.611726829,3.446907316
Images (7822).jpg,train,0.698446695,0.698446695,3.79378678
Images (7823).jpg,train,0.380868044,0.380868044,2.5234721760000003
Images (7824).jpg,train,0.590075703,0.590075703,3.360302812
Images (7825).jpg,train,0.700323002,0.700323002,3.801292008
Images (7826).jpg,train,0.501145855,0.501145855,3.00458342
Images (7827).jpg,train,0.703308098,0.703308098,3.813232392
Images (7828).jpg,train,0.584884376,0.584884376,3.339537504
Images (7829).jpg,train,0.706632683,0.706632683,3.826530732
Images (7830).jpg,train,0.805099499,0.805099499,4.220397996
Images (7831).jpg,train,0.691489147,0.691489147,3.765956588
Images (7832).jpg,train,0.564222916,0.564222916,3.256891664
Images (7833).jpg,train,0.810496328,0.810496328,4.241985312000001
Images (7834).jpg,train,0.761548252,0.761548252,4.046193008
Images (7835).jpg,train,0.660871309,0.660871309,3.643485236
Images (7836).jpg,train,0.698502397,0.698502397,3.794009588
Images (7837).jpg,train,0.670831095,0.670831095,3.68332438
Images (7838).jpg,val,0.654397026,0.654397026,3.617588104
Images (7839).jpg,train,0.668629754,0.668629754,3.674519016
Images (7840).jpg,train,0.610845458,0.610845458,3.443381832
Images (7841).jpg,test,0.521107477,0.521107477,3.084429908
Images (7842).jpg,val,0.609311949,0.609311949,3.437247796
Images (7843).jpg,train,0.605721878,0.605721878,3.422887512
Images (7844).jpg,train,0.592296121,0.592296121,3.369184484
Images (7845).jpg,train,0.63412131,0.63412131,3.53648524
Images (7846).jpg,train,0.452113556,0.452113556,2.808454224
Images (7847).jpg,test,0.461947739,0.461947739,2.847790956
Images (7848).jpg,train,0.520308404,0.520308404,3.081233616
Images (7849).jpg,train,0.600175049,0.600175049,3.400700196
Images (7850).jpg,train,0.654549019,0.654549019,3.618196076
Images (7851).jpg,train,0.636160248,0.636160248,3.544640992
Images (7852).jpg,train,0.561521447,0.561521447,3.246085788
Images (7853).jpg,train,0.595092807,0.595092807,3.380371228
Images (7854).jpg,train,0.64915477,0.64915477,3.59661908
Images (7855).jpg,train,0.644729895,0.644729895,3.57891958
Images (7856).jpg,train,0.56958257,0.56958257,3.27833028
Images (7857).jpg,train,0.543487741,0.543487741,3.173950964
Images (7858).jpg,val,0.607422173,0.607422173,3.429688692
Images (7859).jpg,train,0.582511741,0.582511741,3.330046964
Images (7860).jpg,train,0.438366997,0.438366997,2.753467988
Images (7861).jpg,train,0.499257668,0.499257668,2.997030672
Images (7862).jpg,train,0.720728148,0.720728148,3.882912592
Images (7863).jpg,train,0.548516801,0.548516801,3.194067204
Images (7864).jpg,test,0.665356652,0.665356652,3.661426608
Images (7865).jpg,test,0.516338876,0.516338876,3.065355504
Images (7866).jpg,train,0.557821943,0.557821943,3.231287772
Images (7867).jpg,train,0.589343369,0.589343369,3.357373476
Images (7868).jpg,train,0.580828736,0.580828736,3.323314944
Images (7869).jpg,train,0.443090719,0.443090719,2.772362876
Images (7870).jpg,train,0.522584295,0.522584295,3.09033718
Images (7871).jpg,train,0.657259568,0.657259568,3.629038272
Images (7872).jpg,test,0.379280812,0.379280812,2.517123248
Images (7873).jpg,test,0.58236295,0.58236295,3.3294518
Images (7874).jpg,val,0.601672947,0.601672947,3.406691788
Images (7875).jpg,train,0.685990784,0.685990784,3.743963136
Images (7876).jpg,train,0.646989767,0.646989767,3.587959068
Images (7877).jpg,test,0.591286745,0.591286745,3.36514698
Images (7878).jpg,test,0.603566821,0.603566821,3.414267284
Images (7879).jpg,train,0.525131241,0.525131241,3.100524964
Images (7880).jpg,train,0.774356377,0.774356377,4.097425508000001
Images (7881).jpg,train,0.674060071,0.674060071,3.696240284
Images (7882).jpg,test,0.742982838,0.742982838,3.971931352
Images (7883).jpg,train,0.55173109,0.55173109,3.20692436
Images (7884).jpg,train,0.51182072,0.51182072,3.04728288
Images (7885).jpg,train,0.698756955,0.698756955,3.79502782
Images (7886).jpg,test,0.52996863,0.52996863,3.11987452
Images (7887).jpg,train,0.287476075,0.287476075,2.1499043
Images (7888).jpg,test,0.739977481,0.739977481,3.959909924
Images (7889).jpg,test,0.556321725,0.556321725,3.2252869
Images (7890).jpg,train,0.611498283,0.611498283,3.445993132
Images (7891).jpg,train,0.646559678,0.646559678,3.586238712
Images (7892).jpg,train,0.568352821,0.568352821,3.273411284
Images (7893).jpg,train,0.712009958,0.712009958,3.848039832
Images (7894).jpg,train,0.635873298,0.635873298,3.543493192
Images (7895).jpg,test,0.583586673,0.583586673,3.334346692
Images (7896).jpg,train,0.568236268,0.568236268,3.272945072
Images (7897).jpg,train,0.683131799,0.683131799,3.732527196
Images (7898).jpg,test,0.545738165,0.545738165,3.18295266
Images (7899).jpg,test,0.5999066,0.5999066,3.3996264
Images (7900).jpg,train,0.721810277,0.721810277,3.887241108
Images (7901).jpg,test,0.619345353,0.619345353,3.477381412
Images (7902).jpg,train,0.464459507,0.464459507,2.857838028
Images (7903).jpg,train,0.665323979,0.665323979,3.661295916
Images (7904).jpg,test,0.674042117,0.674042117,3.696168468
Images (7905).jpg,train,0.701773447,0.701773447,3.807093788
Images (7906).jpg,train,0.758806403,0.758806403,4.035225612
Images (7907).jpg,train,0.698699622,0.698699622,3.794798488
Images (7908).jpg,train,0.540788631,0.540788631,3.163154524
Images (7909).jpg,train,0.569312031,0.569312031,3.277248124
Images (7910).jpg,train,0.668635762,0.668635762,3.674543048
Images (7911).jpg,train,0.597189286,0.597189286,3.388757144
Images (7912).jpg,train,0.516959188,0.516959188,3.067836752
Images (7913).jpg,train,0.509030259,0.509030259,3.036121036
Images (7914).jpg,train,0.644828441,0.644828441,3.579313764
Images (7915).jpg,train,0.614951766,0.614951766,3.459807064
Images (7916).jpg,train,0.682452482,0.682452482,3.729809928
Images (7917).jpg,train,0.471910508,0.471910508,2.887642032
Images (7918).jpg,train,0.424964478,0.424964478,2.699857912
Images (7919).jpg,train,0.654538987,0.654538987,3.618155948
Images (7920).jpg,train,0.609201233,0.609201233,3.436804932
Images (7921).jpg,train,0.281011269,0.281011269,2.124045076
Images (7922).jpg,train,0.675666726,0.675666726,3.702666904
Images (7923).jpg,train,0.524393874,0.524393874,3.097575496
Images (7924).jpg,train,0.691873124,0.691873124,3.767492496
Images (7925).jpg,train,0.600946159,0.600946159,3.403784636
Images (7926).jpg,train,0.70370771,0.70370771,3.81483084
Images (7927).jpg,train,0.589513618,0.589513618,3.358054472
Images (7928).jpg,train,0.7050567,0.7050567,3.8202268
Images (7929).jpg,train,0.578033357,0.578033357,3.312133428
Images (7930).jpg,train,0.619157206,0.619157206,3.476628824
Images (7931).jpg,train,0.554756922,0.554756922,3.219027688
Images (7932).jpg,train,0.56164925,0.56164925,3.246597
Images (7933).jpg,test,0.720213694,0.720213694,3.880854776
Images (7934).jpg,train,0.633912596,0.633912596,3.535650384
Images (7935).jpg,train,0.752938639,0.752938639,4.011754556
Images (7936).jpg,train,0.675421501,0.675421501,3.701686004
Images (7937).jpg,val,0.660549921,0.660549921,3.642199684
Images (7938).jpg,train,0.709572313,0.709572313,3.838289252
Images (7939).jpg,test,0.664441636,0.664441636,3.657766544
Images (7940).jpg,test,0.730356444,0.730356444,3.921425776
Images (7941).jpg,val,0.647437641,0.647437641,3.589750564
Images (7942).jpg,test,0.637935151,0.637935151,3.551740604
Images (7943).jpg,test,0.592184171,0.592184171,3.368736684
Images (7944).jpg,train,0.671546987,0.671546987,3.686187948
Images (7945).jpg,test,0.684386922,0.684386922,3.737547688
Images (7946).jpg,train,0.599004196,0.599004196,3.396016784
Images (7947).jpg,train,0.664246257,0.664246257,3.656985028
Images (7948).jpg,train,0.712388955,0.712388955,3.84955582
Images (7949).jpg,train,0.778078324,0.778078324,4.112313296
Images (7950).jpg,test,0.645244896,0.645244896,3.580979584
Images (7951).jpg,test,0.713273823,0.713273823,3.853095292
Images (7952).jpg,train,0.650769131,0.650769131,3.603076524
Images (7953).jpg,train,0.627692101,0.627692101,3.510768404
Images (7954).jpg,train,0.701489823,0.701489823,3.805959292
Images (7955).jpg,train,0.621027097,0.621027097,3.484108388
Images (7956).jpg,train,0.554444964,0.554444964,3.217779856
Images (7957).jpg,train,0.66902307,0.66902307,3.67609228
Images (7958).jpg,train,0.460514634,0.460514634,2.842058536
Images (7959).jpg,train,0.742192478,0.742192478,3.968769912
Images (7960).jpg,train,0.686582422,0.686582422,3.746329688
Images (7961).jpg,test,0.576167051,0.576167051,3.304668204
Images (7962).jpg,train,0.480229234,0.480229234,2.920916936
Images (7963).jpg,test,0.617570317,0.617570317,3.470281268
Images (7964).jpg,train,0.654172895,0.654172895,3.61669158
Images (7965).jpg,train,0.564677378,0.564677378,3.258709512
Images (7966).jpg,train,0.71111451,0.71111451,3.84445804
Images (7967).jpg,test,0.653651536,0.653651536,3.614606144
Images (7968).jpg,train,0.65392133,0.65392133,3.61568532
Images (7969).jpg,train,0.647401048,0.647401048,3.589604192
Images (7970).jpg,train,0.602428505,0.602428505,3.40971402
Images (7971).jpg,train,0.540098453,0.540098453,3.160393812
Images (7972).jpg,val,0.622522758,0.622522758,3.490091032
Images (7973).jpg,train,0.829650435,0.829650435,4.31860174
Images (7974).jpg,train,0.52665908,0.52665908,3.10663632
Images (7975).jpg,train,0.61265592,0.61265592,3.45062368
Images (7976).jpg,train,0.55203687,0.55203687,3.20814748
Images (7977).jpg,train,0.56781954,0.56781954,3.27127816
Images (7978).jpg,train,0.518387227,0.518387227,3.073548908
Images (7979).jpg,test,0.596694185,0.596694185,3.38677674
Images (7980).jpg,train,0.687090624,0.687090624,3.748362496
Images (7981).jpg,train,0.71963665,0.71963665,3.8785466
Images (7982).jpg,train,0.610641742,0.610641742,3.442566968
Images (7983).jpg,train,0.536552992,0.536552992,3.146211968
Images (7984).jpg,train,0.627477308,0.627477308,3.509909232
Images (7985).jpg,train,0.61460025,0.61460025,3.458401
Images (7986).jpg,train,0.639485375,0.639485375,3.5579415
Images (7987).jpg,train,0.580148006,0.580148006,3.320592024
Images (7988).jpg,train,0.489955323,0.489955323,2.959821292
Images (7989).jpg,train,0.64298377,0.64298377,3.57193508
Images (7990).jpg,train,0.659431738,0.659431738,3.637726952
Images (7991).jpg,train,0.581997712,0.581997712,3.327990848
Images (7992).jpg,test,0.598081781,0.598081781,3.392327124
Images (7993).jpg,train,0.665407078,0.665407078,3.661628312
Images (7994).jpg,train,0.548252213,0.548252213,3.193008852
Images (7995).jpg,train,0.655999747,0.655999747,3.623998988
Images (7996).jpg,val,0.63346006,0.63346006,3.53384024
Images (7997).jpg,train,0.825951927,0.825951927,4.303807708
Images (7998).jpg,train,0.622809761,0.622809761,3.491239044
Images (7999).jpg,test,0.626463906,0.626463906,3.505855624
Images (8000).jpg,train,0.62560136,0.62560136,3.50240544
Images (8001).jpg,test,0.574288861,0.574288861,3.297155444
Images (8002).jpg,train,0.646021682,0.646021682,3.584086728
Images (8003).jpg,train,0.680657314,0.680657314,3.722629256
Images (8004).jpg,test,0.732850602,0.732850602,3.931402408
Images (8005).jpg,train,0.616356512,0.616356512,3.465426048
Images (8006).jpg,train,0.649378792,0.649378792,3.597515168
Images (8007).jpg,train,0.745207837,0.745207837,3.980831348
Images (8008).jpg,train,0.607648003,0.607648003,3.430592012
Images (8009).jpg,val,0.631081226,0.631081226,3.524324904
Images (8010).jpg,val,0.603570318,0.603570318,3.414281272
Images (8011).jpg,train,0.605851224,0.605851224,3.423404896
Images (8012).jpg,val,0.624481118,0.624481118,3.497924472
Images (8013).jpg,train,0.56627887,0.56627887,3.26511548
Images (8014).jpg,test,0.648549325,0.648549325,3.5941973
Images (8015).jpg,train,0.678960392,0.678960392,3.715841568
Images (8016).jpg,train,0.678119551,0.678119551,3.712478204
Images (8017).jpg,test,0.667323199,0.667323199,3.669292796
Images (8018).jpg,test,0.66867678,0.66867678,3.67470712
Images (8019).jpg,train,0.765469178,0.765469178,4.061876712
Images (8020).jpg,train,0.63732336,0.63732336,3.54929344
Images (8021).jpg,train,0.671452439,0.671452439,3.685809756
Images (8022).jpg,train,0.754966098,0.754966098,4.019864392000001
Images (8023).jpg,train,0.570108359,0.570108359,3.280433436
Images (8024).jpg,train,0.567591294,0.567591294,3.270365176
Images (8025).jpg,train,0.417591216,0.417591216,2.670364864
Images (8026).jpg,test,0.529753029,0.529753029,3.119012116
Images (8027).jpg,train,0.662953163,0.662953163,3.651812652
Images (8028).jpg,train,0.580161569,0.580161569,3.320646276
Images (8029).jpg,train,0.416880482,0.416880482,2.667521928
Images (8030).jpg,test,0.573519139,0.573519139,3.294076556
Images (8031).jpg,train,0.525469124,0.525469124,3.101876496
Images (8032).jpg,test,0.713507915,0.713507915,3.85403166
Images (8033).jpg,test,0.468801479,0.468801479,2.875205916
Images (8034).jpg,train,0.437289925,0.437289925,2.7491597
Images (8035).jpg,train,0.647505581,0.647505581,3.590022324
Images (8036).jpg,train,0.530603919,0.530603919,3.122415676
Images (8037).jpg,train,0.51579378,0.51579378,3.06317512
Images (8038).jpg,train,0.420186532,0.420186532,2.680746128
Images (8039).jpg,train,0.547850624,0.547850624,3.191402496
Images (8040).jpg,train,0.571237156,0.571237156,3.284948624
Images (8041).jpg,train,0.577910209,0.577910209,3.311640836
Images (8042).jpg,train,0.600873115,0.600873115,3.40349246
Images (8043).jpg,train,0.582518028,0.582518028,3.330072112
Images (8044).jpg,train,0.521830345,0.521830345,3.08732138
Images (8045).jpg,train,0.488316657,0.488316657,2.953266628
Images (8046).jpg,train,0.502828313,0.502828313,3.011313252
Images (8047).jpg,test,0.481878865,0.481878865,2.92751546
Images (8048).jpg,train,0.49014667,0.49014667,2.96058668
Images (8049).jpg,test,0.476742124,0.476742124,2.906968496
Images (8050).jpg,train,0.610440146,0.610440146,3.441760584
Images (8051).jpg,train,0.562655182,0.562655182,3.250620728
Images (8052).jpg,train,0.421214225,0.421214225,2.6848569
Images (8053).jpg,test,0.450766702,0.450766702,2.803066808
Images (8054).jpg,train,0.571721039,0.571721039,3.286884156
Images (8055).jpg,train,0.553111427,0.553111427,3.212445708
Images (8056).jpg,train,0.553688948,0.553688948,3.214755792
Images (8057).jpg,val,0.430701907,0.430701907,2.722807628
Images (8058).jpg,test,0.446122008,0.446122008,2.784488032
Images (8059).jpg,test,0.631505858,0.631505858,3.526023432
Images (8060).jpg,train,0.431161244,0.431161244,2.724644976
Images (8061).jpg,train,0.559951974,0.559951974,3.239807896
Images (8062).jpg,train,0.525303927,0.525303927,3.101215708
Images (8063).jpg,train,0.54060353,0.54060353,3.16241412
Images (8064).jpg,train,0.574193566,0.574193566,3.296774264
Images (8065).jpg,train,0.620021737,0.620021737,3.480086948
Images (8066).jpg,train,0.680828498,0.680828498,3.723313992
Images (8067).jpg,test,0.648004159,0.648004159,3.592016636
Images (8068).jpg,train,0.565783234,0.565783234,3.263132936
Images (8069).jpg,train,0.786503754,0.786503754,4.146015016
Images (8070).jpg,train,0.57186908,0.57186908,3.28747632
Images (8071).jpg,train,0.50702524,0.50702524,3.02810096
Images (8072).jpg,train,0.705667222,0.705667222,3.822668888
Images (8073).jpg,train,0.674675092,0.674675092,3.698700368
Images (8074).jpg,train,0.629556972,0.629556972,3.518227888
Images (8075).jpg,train,0.555646622,0.555646622,3.222586488
Images (8076).jpg,train,0.740802939,0.740802939,3.963211756
Images (8077).jpg,train,0.639574596,0.639574596,3.558298384
Images (8078).jpg,train,0.693498874,0.693498874,3.773995496
Images (8079).jpg,train,0.670902444,0.670902444,3.683609776
Images (8080).jpg,train,0.50337853,0.50337853,3.01351412
Images (8081).jpg,train,0.490555779,0.490555779,2.962223116
Images (8082).jpg,train,0.662822792,0.662822792,3.651291168
Images (8083).jpg,test,0.693312519,0.693312519,3.773250076
Images (8084).jpg,train,0.598646974,0.598646974,3.394587896
Images (8085).jpg,train,0.633096463,0.633096463,3.532385852
Images (8086).jpg,train,0.629374537,0.629374537,3.517498148
Images (8087).jpg,train,0.555159962,0.555159962,3.220639848
Images (8088).jpg,train,0.603197396,0.603197396,3.412789584
Images (8089).jpg,train,0.666240248,0.666240248,3.664960992
Images (8090).jpg,val,0.685558794,0.685558794,3.742235176
Images (8091).jpg,train,0.720637143,0.720637143,3.882548572
Images (8092).jpg,train,0.725983882,0.725983882,3.903935528
Images (8093).jpg,train,0.564435586,0.564435586,3.257742344
Images (8094).jpg,train,0.6057043,0.6057043,3.4228172
Images (8095).jpg,train,0.764967333,0.764967333,4.059869332
Images (8096).jpg,test,0.60512439,0.60512439,3.42049756
Images (8097).jpg,train,0.708663285,0.708663285,3.83465314
Images (8098).jpg,test,0.671749943,0.671749943,3.686999772
Images (8099).jpg,test,0.683749592,0.683749592,3.734998368
Images (8100).jpg,train,0.750454424,0.750454424,4.001817696
Images (8101).jpg,test,0.777395105,0.777395105,4.10958042
Images (8102).jpg,test,0.671582714,0.671582714,3.686330856
Images (8103).jpg,train,0.716077025,0.716077025,3.8643081
Images (8104).jpg,train,0.701721913,0.701721913,3.806887652
Images (8105).jpg,train,0.823879469,0.823879469,4.295517876
Images (8106).jpg,train,0.665309445,0.665309445,3.66123778
Images (8107).jpg,train,0.618555438,0.618555438,3.474221752
Images (8108).jpg,train,0.727243669,0.727243669,3.908974676
Images (8109).jpg,train,0.703379223,0.703379223,3.813516892
Images (8110).jpg,train,0.688982613,0.688982613,3.755930452
Images (8111).jpg,train,0.589256155,0.589256155,3.35702462
Images (8112).jpg,train,0.677079534,0.677079534,3.708318136
Images (8113).jpg,train,0.650240172,0.650240172,3.600960688
Images (8114).jpg,train,0.772150815,0.772150815,4.08860326
Images (8115).jpg,test,0.753142249,0.753142249,4.012568996000001
Images (8116).jpg,train,0.730433109,0.730433109,3.921732436
Images (8117).jpg,train,0.637016506,0.637016506,3.548066024
Images (8118).jpg,train,0.65844608,0.65844608,3.63378432
Images (8119).jpg,train,0.53039842,0.53039842,3.12159368
Images (8120).jpg,train,0.663164649,0.663164649,3.652658596
Images (8121).jpg,train,0.599892596,0.599892596,3.399570384
Images (8122).jpg,train,0.705390169,0.705390169,3.821560676
Images (8123).jpg,test,0.653761455,0.653761455,3.61504582
Images (8124).jpg,test,0.694504983,0.694504983,3.778019932
Images (8125).jpg,train,0.74812239,0.74812239,3.99248956
Images (8126).jpg,train,0.701074616,0.701074616,3.804298464
Images (8127).jpg,train,0.624923933,0.624923933,3.499695732
Images (8128).jpg,train,0.716462645,0.716462645,3.86585058
Images (8129).jpg,train,0.70411583,0.70411583,3.81646332
Images (8130).jpg,train,0.542936623,0.542936623,3.171746492
Images (8131).jpg,test,0.602912071,0.602912071,3.411648284
Images (8132).jpg,train,0.655922693,0.655922693,3.623690772
Images (8133).jpg,val,0.675910866,0.675910866,3.703643464
Images (8134).jpg,test,0.668524422,0.668524422,3.674097688
Images (8135).jpg,train,0.720179008,0.720179008,3.880716032
Images (8136).jpg,train,0.858554803,0.858554803,4.434219212
Images (8137).jpg,test,0.671072022,0.671072022,3.684288088
Images (8138).jpg,test,0.680349895,0.680349895,3.72139958
Images (8139).jpg,test,0.564890365,0.564890365,3.25956146
Images (8140).jpg,train,0.533006931,0.533006931,3.132027724
Images (8141).jpg,train,0.503123228,0.503123228,3.012492912
Images (8142).jpg,test,0.612698464,0.612698464,3.450793856
Images (8143).jpg,train,0.545271854,0.545271854,3.181087416
Images (8144).jpg,train,0.49603711,0.49603711,2.98414844
Images (8145).jpg,test,0.456153073,0.456153073,2.8246122920000003
Images (8146).jpg,train,0.451568001,0.451568001,2.806272004
Images (8147).jpg,train,0.569666807,0.569666807,3.278667228
Images (8148).jpg,val,0.613579253,0.613579253,3.454317012
Images (8149).jpg,test,0.489314483,0.489314483,2.957257932
Images (8150).jpg,train,0.497532048,0.497532048,2.990128192
Images (8151).jpg,train,0.564560146,0.564560146,3.258240584
Images (8152).jpg,train,0.648822606,0.648822606,3.595290424
Images (8153).jpg,train,0.583533871,0.583533871,3.334135484
Images (8154).jpg,train,0.476362703,0.476362703,2.905450812
Images (8155).jpg,val,0.439367963,0.439367963,2.757471852
Images (8156).jpg,train,0.684954712,0.684954712,3.739818848
Images (8157).jpg,test,0.534656346,0.534656346,3.138625384
Images (8158).jpg,train,0.672672181,0.672672181,3.690688724
Images (8159).jpg,train,0.544875729,0.544875729,3.179502916
Images (8160).jpg,train,0.643590519,0.643590519,3.574362076
Images (8161).jpg,train,0.66104018,0.66104018,3.64416072
Images (8162).jpg,train,0.564819669,0.564819669,3.259278676
Images (8163).jpg,train,0.561143714,0.561143714,3.244574856
Images (8164).jpg,train,0.612063388,0.612063388,3.448253552
Images (8165).jpg,val,0.442868036,0.442868036,2.771472144
Images (8166).jpg,train,0.575963891,0.575963891,3.303855564
Images (8167).jpg,train,0.797999642,0.797999642,4.191998568
Images (8168).jpg,train,0.710482101,0.710482101,3.841928404
Images (8169).jpg,train,0.645815494,0.645815494,3.583261976
Images (8170).jpg,train,0.695468353,0.695468353,3.781873412
Images (8171).jpg,test,0.671562122,0.671562122,3.686248488
Images (8172).jpg,train,0.657516036,0.657516036,3.630064144
Images (8173).jpg,train,0.544626569,0.544626569,3.178506276
Images (8174).jpg,train,0.551603234,0.551603234,3.206412936
Images (8175).jpg,test,0.671458984,0.671458984,3.685835936
Images (8176).jpg,train,0.599266922,0.599266922,3.397067688
Images (8177).jpg,train,0.57075827,0.57075827,3.28303308
Images (8178).jpg,train,0.661775982,0.661775982,3.647103928
Images (8179).jpg,val,0.579431761,0.579431761,3.317727044
Images (8180).jpg,test,0.757992062,0.757992062,4.031968248
Images (8181).jpg,train,0.610504448,0.610504448,3.442017792
Images (8182).jpg,train,0.681603076,0.681603076,3.726412304
Images (8183).jpg,train,0.755649988,0.755649988,4.022599952
Images (8184).jpg,train,0.595534623,0.595534623,3.382138492
Images (8185).jpg,train,0.684902454,0.684902454,3.739609816
Images (8186).jpg,train,0.511410234,0.511410234,3.045640936
Images (8187).jpg,train,0.777674426,0.777674426,4.110697704
Images (8188).jpg,train,0.658560669,0.658560669,3.634242676
Images (8189).jpg,val,0.635775582,0.635775582,3.543102328
Images (8190).jpg,train,0.679749557,0.679749557,3.718998228
Images (8191).jpg,val,0.764423386,0.764423386,4.057693544
Images (8192).jpg,test,0.676197509,0.676197509,3.704790036
Images (8193).jpg,train,0.645848767,0.645848767,3.583395068
Images (8194).jpg,test,0.812178698,0.812178698,4.248714792
Images (8195).jpg,train,0.754293457,0.754293457,4.017173828
Images (8196).jpg,train,0.632802449,0.632802449,3.531209796
Images (8197).jpg,train,0.258731646,0.258731646,2.034926584
Images (8198).jpg,test,0.701286508,0.701286508,3.805146032
Images (8199).jpg,train,0.743900085,0.743900085,3.97560034
Images (8200).jpg,train,0.537049645,0.537049645,3.14819858
Images (8201).jpg,train,0.34847775,0.34847775,2.393911
Images (8202).jpg,test,0.388038986,0.388038986,2.552155944
Images (8203).jpg,train,0.500524448,0.500524448,3.002097792
Images (8204).jpg,train,0.217350887,0.217350887,1.869403548
Images (8205).jpg,train,0.433830224,0.433830224,2.735320896
Images (8206).jpg,train,0.401398974,0.401398974,2.605595896
Images (8207).jpg,train,0.50082943,0.50082943,3.00331772
Images (8208).jpg,train,0.300595387,0.300595387,2.202381548
Images (8209).jpg,train,0.499199706,0.499199706,2.996798824
Images (8210).jpg,train,0.548739325,0.548739325,3.1949573
Images (8211).jpg,train,0.518689807,0.518689807,3.074759228
Images (8212).jpg,train,0.57838136,0.57838136,3.31352544
Images (8213).jpg,val,0.514643155,0.514643155,3.05857262
Images (8214).jpg,train,0.560392943,0.560392943,3.241571772
Images (8215).jpg,train,0.515394986,0.515394986,3.061579944
Images (8216).jpg,test,0.468710138,0.468710138,2.874840552
Images (8217).jpg,test,0.53558609,0.53558609,3.14234436
Images (8218).jpg,test,0.591695218,0.591695218,3.366780872
Images (8219).jpg,train,0.342559053,0.342559053,2.370236212
Images (8220).jpg,train,0.772624455,0.772624455,4.09049782
Images (8221).jpg,train,0.546754535,0.546754535,3.18701814
Images (8222).jpg,test,0.717619037,0.717619037,3.870476148
Images (8223).jpg,test,0.319704283,0.319704283,2.278817132
Images (8224).jpg,train,0.373042175,0.373042175,2.4921687
Images (8225).jpg,train,0.52374778,0.52374778,3.09499112
Images (8226).jpg,train,0.515274308,0.515274308,3.061097232
Images (8227).jpg,train,0.322856171,0.322856171,2.291424684
Images (8228).jpg,train,0.359342802,0.359342802,2.437371208
Images (8229).jpg,train,0.692713506,0.692713506,3.770854024
Images (8230).jpg,test,0.22583688,0.22583688,1.90334752
Images (8231).jpg,train,0.378093941,0.378093941,2.512375764
Images (8232).jpg,val,0.386359831,0.386359831,2.545439324
Images (8233).jpg,test,0.440268461,0.440268461,2.761073844
Images (8234).jpg,train,0.382957968,0.382957968,2.531831872
Images (8235).jpg,train,0.504600911,0.504600911,3.018403644
Images (8236).jpg,train,0.375278329,0.375278329,2.501113316
Images (8237).jpg,test,0.561889682,0.561889682,3.247558728
Images (8238).jpg,train,0.506984761,0.506984761,3.027939044
Images (8239).jpg,train,0.635463359,0.635463359,3.541853436
Images (8240).jpg,train,0.265632821,0.265632821,2.0625312840000003
Images (8241).jpg,test,0.546696449,0.546696449,3.186785796
Images (8242).jpg,train,0.482342117,0.482342117,2.929368468
Images (8243).jpg,train,0.337944965,0.337944965,2.35177986
Images (8244).jpg,train,0.547364957,0.547364957,3.189459828
Images (8245).jpg,train,0.533897495,0.533897495,3.13558998
Images (8246).jpg,test,0.559703171,0.559703171,3.238812684
Images (8247).jpg,train,0.09883868,0.09883868,1.39535472
Images (8248).jpg,val,0.247685185,0.247685185,1.99074074
Images (8249).jpg,test,0.373836603,0.373836603,2.495346412
Images (8250).jpg,train,0.504626343,0.504626343,3.018505372
Images (8251).jpg,train,0.611704701,0.611704701,3.446818804
Images (8252).jpg,val,0.333549003,0.333549003,2.334196012
Images (8253).jpg,train,0.452183483,0.452183483,2.808733932
Images (8254).jpg,train,0.564950729,0.564950729,3.259802916
Images (8255).jpg,train,0.679746679,0.679746679,3.718986716
Images (8256).jpg,test,0.713646728,0.713646728,3.854586912
Images (8257).jpg,train,0.447372116,0.447372116,2.789488464
Images (8258).jpg,train,0.379445586,0.379445586,2.517782344
Images (8259).jpg,train,0.362883942,0.362883942,2.4515357680000003
Images (8260).jpg,train,0.429651241,0.429651241,2.718604964
Images (8261).jpg,train,0.44845512,0.44845512,2.79382048
Images (8262).jpg,val,0.220095985,0.220095985,1.88038394
Images (8263).jpg,train,0.168782444,0.168782444,1.675129776
Images (8264).jpg,train,0.476331567,0.476331567,2.905326268
Images (8265).jpg,test,0.49531472,0.49531472,2.98125888
Images (8266).jpg,train,0.558613846,0.558613846,3.234455384
Images (8267).jpg,train,0.496517956,0.496517956,2.986071824
Images (8268).jpg,train,0.673401424,0.673401424,3.693605696
Images (8269).jpg,test,0.425161755,0.425161755,2.70064702
Images (8270).jpg,train,0.256864404,0.256864404,2.027457616
Images (8271).jpg,train,0.294075734,0.294075734,2.176302936
Images (8272).jpg,train,0.194011403,0.194011403,1.776045612
Images (8273).jpg,test,0.201305249,0.201305249,1.805220996
Images (8274).jpg,val,0.204535811,0.204535811,1.818143244
Images (8275).jpg,train,0.066847199,0.066847199,1.267388796
Images (8276).jpg,train,0.461170592,0.461170592,2.844682368
Images (8277).jpg,train,0.561143643,0.561143643,3.244574572
Images (8278).jpg,train,0.546929219,0.546929219,3.187716876
Images (8279).jpg,train,0.456167272,0.456167272,2.8246690880000003
Images (8280).jpg,train,0.541169632,0.541169632,3.164678528
Images (8281).jpg,train,0.384228792,0.384228792,2.536915168
Images (8282).jpg,val,0.411973218,0.411973218,2.647892872
Images (8283).jpg,test,0.465725702,0.465725702,2.8629028080000003
Images (8284).jpg,test,0.64251458,0.64251458,3.57005832
Images (8285).jpg,test,0.487153969,0.487153969,2.948615876
Images (8286).jpg,train,0.467703252,0.467703252,2.870813008
Images (8287).jpg,train,0.439647743,0.439647743,2.758590972
Images (8288).jpg,train,0.433528386,0.433528386,2.734113544
Images (8289).jpg,train,0.193736533,0.193736533,1.774946132
Images (8290).jpg,train,0.350316823,0.350316823,2.401267292
Images (8291).jpg,test,0.324694967,0.324694967,2.298779868
Images (8292).jpg,train,0.196748822,0.196748822,1.786995288
Images (8293).jpg,test,0.393847198,0.393847198,2.575388792
Images (8294).jpg,train,0.219594335,0.219594335,1.87837734
Images (8295).jpg,train,0.427378776,0.427378776,2.7095151040000003
Images (8296).jpg,train,0.303914979,0.303914979,2.215659916
Images (8297).jpg,train,0.362319348,0.362319348,2.449277392
Images (8298).jpg,train,0.533377421,0.533377421,3.133509684
Images (8299).jpg,train,0.380443966,0.380443966,2.5217758640000003
Images (8300).jpg,train,0.354537652,0.354537652,2.418150608
Images (8301).jpg,val,0.2275332,0.2275332,1.9101328
Images (8302).jpg,train,0.412574418,0.412574418,2.650297672
Images (8303).jpg,train,0.440523999,0.440523999,2.762095996
Images (8304).jpg,train,0.529491634,0.529491634,3.117966536
Images (8305).jpg,train,0.47661344,0.47661344,2.90645376
Images (8306).jpg,train,0.306140511,0.306140511,2.224562044
Images (8307).jpg,train,0.172187226,0.172187226,1.688748904
Images (8308).jpg,train,0.285174248,0.285174248,2.140696992
Images (8309).jpg,train,0.409364235,0.409364235,2.63745694
Images (8310).jpg,test,0.346017296,0.346017296,2.384069184
Images (8311).jpg,train,0.224490393,0.224490393,1.897961572
Images (8312).jpg,train,0.425853131,0.425853131,2.703412524
Images (8313).jpg,train,0.279968827,0.279968827,2.119875308
Images (8314).jpg,train,0.473361402,0.473361402,2.893445608
Images (8315).jpg,train,0.287655308,0.287655308,2.150621232
Images (8316).jpg,train,0.461555973,0.461555973,2.8462238920000003
Images (8317).jpg,train,0.49203544,0.49203544,2.96814176
Images (8318).jpg,train,0.314863713,0.314863713,2.259454852
Images (8319).jpg,test,0.499557469,0.499557469,2.998229876
Images (8320).jpg,train,0.76,0.76,4.04
Images (8321).jpg,val,0.43835811,0.43835811,2.75343244
Images (8322).jpg,train,0.417004139,0.417004139,2.668016556
Images (8323).jpg,train,0.33632725,0.33632725,2.3453090000000003
Images (8324).jpg,train,0.468267121,0.468267121,2.873068484
Images (8325).jpg,train,0.432299139,0.432299139,2.729196556
Images (8326).jpg,test,0.402990372,0.402990372,2.611961488
Images (8327).jpg,train,0.322289488,0.322289488,2.289157952
Images (8328).jpg,test,0.232289212,0.232289212,1.929156848
Images (8329).jpg,train,0.297190154,0.297190154,2.188760616
Images (8330).jpg,train,0.596700718,0.596700718,3.386802872
Images (8331).jpg,train,0.407334732,0.407334732,2.629338928
Images (8332).jpg,train,0.645045159,0.645045159,3.580180636
Images (8333).jpg,train,0.620702494,0.620702494,3.482809976
Images (8334).jpg,train,0.572764483,0.572764483,3.291057932
Images (8335).jpg,train,0.244810897,0.244810897,1.979243588
Images (8336).jpg,train,0.482454669,0.482454669,2.929818676
Images (8337).jpg,train,0.399704684,0.399704684,2.598818736
Images (8338).jpg,train,0.461854085,0.461854085,2.84741634
Images (8339).jpg,val,0.327715847,0.327715847,2.310863388
Images (8340).jpg,train,0.187314084,0.187314084,1.749256336
Images (8341).jpg,train,0.275782707,0.275782707,2.1031308280000003
Images (8342).jpg,train,0.113069146,0.113069146,1.452276584
Images (8343).jpg,train,0.267274431,0.267274431,2.069097724
Images (8344).jpg,train,0.332580564,0.332580564,2.330322256
Images (8345).jpg,test,0.264185109,0.264185109,2.056740436
Images (8346).jpg,train,0.348206359,0.348206359,2.392825436
Images (8347).jpg,test,0.332563063,0.332563063,2.330252252
Images (8348).jpg,train,0.506323617,0.506323617,3.025294468
Images (8349).jpg,test,0.563249905,0.563249905,3.25299962
Images (8350).jpg,train,0.652468483,0.652468483,3.609873932
Images (8351).jpg,test,0.409719727,0.409719727,2.638878908
Images (8352).jpg,test,0.33779167,0.33779167,2.35116668
Images (8353).jpg,train,0.660452788,0.660452788,3.641811152
Images (8354).jpg,val,0.380244095,0.380244095,2.52097638
Images (8355).jpg,train,0.448161741,0.448161741,2.792646964
Images (8356).jpg,test,0.497284516,0.497284516,2.989138064
Images (8357).jpg,train,0.368280462,0.368280462,2.473121848
Images (8358).jpg,train,0.58999766,0.58999766,3.35999064
Images (8359).jpg,train,0.453487129,0.453487129,2.813948516
Images (8360).jpg,val,0.590574209,0.590574209,3.362296836
Images (8361).jpg,train,0.356958649,0.356958649,2.4278345960000003
Images (8362).jpg,train,0.557315667,0.557315667,3.229262668
Images (8363).jpg,train,0.475230248,0.475230248,2.900920992
Images (8364).jpg,train,0.709805539,0.709805539,3.839222156
Images (8365).jpg,val,0.351287292,0.351287292,2.405149168
Images (8366).jpg,train,0.566772034,0.566772034,3.267088136
Images (8367).jpg,train,0.37748173,0.37748173,2.50992692
Images (8368).jpg,test,0.492047837,0.492047837,2.968191348
Images (8369).jpg,val,0.355123246,0.355123246,2.420492984
Images (8370).jpg,train,0.448140902,0.448140902,2.792563608
Images (8371).jpg,train,0.478543541,0.478543541,2.9141741640000003
Images (8372).jpg,train,0.485292981,0.485292981,2.941171924
Images (8373).jpg,train,0.40009166,0.40009166,2.60036664
Images (8374).jpg,train,0.360971237,0.360971237,2.443884948
Images (8375).jpg,train,0.150438187,0.150438187,1.601752748
Images (8376).jpg,train,0.622476895,0.622476895,3.48990758
Images (8377).jpg,train,0.364541034,0.364541034,2.458164136
Images (8378).jpg,train,0.406853211,0.406853211,2.627412844
Images (8379).jpg,val,0.410420125,0.410420125,2.6416805
Images (8380).jpg,train,0.278706181,0.278706181,2.114824724
Images (8381).jpg,train,0.478023503,0.478023503,2.912094012
Images (8382).jpg,train,0.401535542,0.401535542,2.606142168
Images (8383).jpg,train,0.456878941,0.456878941,2.827515764
Images (8384).jpg,train,0.402063611,0.402063611,2.608254444
Images (8385).jpg,train,0.520424387,0.520424387,3.081697548
Images (8386).jpg,train,0.311519349,0.311519349,2.246077396
Images (8387).jpg,train,0.339373829,0.339373829,2.357495316
Images (8388).jpg,train,0.421180756,0.421180756,2.684723024
Images (8389).jpg,train,0.373664849,0.373664849,2.4946593960000003
Images (8390).jpg,test,0.449245465,0.449245465,2.79698186
Images (8391).jpg,train,0.495604928,0.495604928,2.982419712
Images (8392).jpg,test,0.534266198,0.534266198,3.137064792
Images (8393).jpg,train,0.149529155,0.149529155,1.59811662
Images (8394).jpg,val,0.606804439,0.606804439,3.427217756
Images (8395).jpg,train,0.532562764,0.532562764,3.130251056
Images (8396).jpg,train,0.351569874,0.351569874,2.406279496
Images (8397).jpg,train,0.227097371,0.227097371,1.908389484
Images (8398).jpg,train,0.307873838,0.307873838,2.231495352
Images (8399).jpg,train,0.489236596,0.489236596,2.956946384
Images (8400).jpg,train,0.537089575,0.537089575,3.1483583
Images (8401).jpg,train,0.397512448,0.397512448,2.5900497920000003
Images (8402).jpg,test,0.177635879,0.177635879,1.710543516
Images (8403).jpg,train,0.315635246,0.315635246,2.262540984
Images (8404).jpg,train,0.379560839,0.379560839,2.518243356
Images (8405).jpg,train,0.350068302,0.350068302,2.400273208
Images (8406).jpg,val,0.45207309,0.45207309,2.8082923600000003
Images (8407).jpg,train,0.36390178,0.36390178,2.45560712
Images (8408).jpg,train,0.469371679,0.469371679,2.877486716
Images (8409).jpg,train,0.352677109,0.352677109,2.410708436
Images (8410).jpg,val,0.404009234,0.404009234,2.616036936
Images (8411).jpg,train,0.410142737,0.410142737,2.640570948
Images (8412).jpg,test,0.47006942,0.47006942,2.88027768
Images (8413).jpg,train,0.546007295,0.546007295,3.18402918
Images (8414).jpg,train,0.353949673,0.353949673,2.415798692
Images (8415).jpg,test,0.589485676,0.589485676,3.357942704
Images (8416).jpg,test,0.567789605,0.567789605,3.27115842
Images (8417).jpg,train,0.511125509,0.511125509,3.044502036
Images (8418).jpg,train,0.330153916,0.330153916,2.320615664
Images (8419).jpg,train,0.456572773,0.456572773,2.826291092
Images (8420).jpg,train,0.485322411,0.485322411,2.9412896440000003
Images (8421).jpg,train,0.537692138,0.537692138,3.150768552
Images (8422).jpg,test,0.368899396,0.368899396,2.475597584
Images (8423).jpg,train,0.455326078,0.455326078,2.821304312
Images (8424).jpg,val,0.509288291,0.509288291,3.037153164
Images (8425).jpg,val,0.514228942,0.514228942,3.056915768
Images (8426).jpg,val,0.262565805,0.262565805,2.05026322
Images (8427).jpg,train,0.463167259,0.463167259,2.852669036
Images (8428).jpg,train,0.59651191,0.59651191,3.38604764
Images (8429).jpg,train,0.780668928,0.780668928,4.122675712
Images (8430).jpg,train,0.491286788,0.491286788,2.965147152
Images (8431).jpg,train,0.561168404,0.561168404,3.244673616
Images (8432).jpg,train,0.478317188,0.478317188,2.913268752
Images (8433).jpg,train,0.563412611,0.563412611,3.253650444
Images (8434).jpg,test,0.583142579,0.583142579,3.332570316
Images (8435).jpg,val,0.559823299,0.559823299,3.239293196
Images (8436).jpg,train,0.41490461,0.41490461,2.65961844
Images (8437).jpg,test,0.548070746,0.548070746,3.192282984
Images (8438).jpg,train,0.559009179,0.559009179,3.236036716
Images (8439).jpg,train,0.203882515,0.203882515,1.81553006
Images (8440).jpg,train,0.53636472,0.53636472,3.14545888
Images (8441).jpg,train,0.646425201,0.646425201,3.585700804
Images (8442).jpg,train,0.260179713,0.260179713,2.040718852
Images (8443).jpg,train,0.341484333,0.341484333,2.365937332
Images (8444).jpg,test,0.224994993,0.224994993,1.899979972
Images (8445).jpg,train,0.763505929,0.763505929,4.054023716
Images (8446).jpg,train,0.487304585,0.487304585,2.94921834
Images (8447).jpg,train,0.569309586,0.569309586,3.277238344
Images (8448).jpg,train,0.396659337,0.396659337,2.586637348
Images (8449).jpg,train,0.471855671,0.471855671,2.887422684
Images (8450).jpg,test,0.516101641,0.516101641,3.064406564
Images (8451).jpg,train,0.464500401,0.464500401,2.858001604
Images (8452).jpg,train,0.401981475,0.401981475,2.6079259
Images (8453).jpg,train,0.398022454,0.398022454,2.592089816
Images (8454).jpg,train,0.434093983,0.434093983,2.736375932
Images (8455).jpg,test,0.52685262,0.52685262,3.10741048
Images (8456).jpg,train,0.510716717,0.510716717,3.042866868
Images (8457).jpg,train,0.460681946,0.460681946,2.842727784
Images (8458).jpg,test,0.441864026,0.441864026,2.767456104
Images (8459).jpg,train,0.421374672,0.421374672,2.685498688
Images (8460).jpg,train,0.509462301,0.509462301,3.037849204
Images (8461).jpg,train,0.541986592,0.541986592,3.167946368
Images (8462).jpg,train,0.405718606,0.405718606,2.622874424
Images (8463).jpg,train,0.509954751,0.509954751,3.039819004
Images (8464).jpg,test,0.284765012,0.284765012,2.139060048
Images (8465).jpg,train,0.599406483,0.599406483,3.397625932
Images (8466).jpg,train,0.422666265,0.422666265,2.69066506
Images (8467).jpg,train,0.55614547,0.55614547,3.22458188
Images (8468).jpg,train,0.23718779,0.23718779,1.94875116
Images (8469).jpg,train,0.449747374,0.449747374,2.798989496
Images (8470).jpg,train,0.375077164,0.375077164,2.500308656
Images (8471).jpg,train,0.619522164,0.619522164,3.478088656
Images (8472).jpg,test,0.437476399,0.437476399,2.749905596
Images (8473).jpg,test,0.711548531,0.711548531,3.846194124
Images (8474).jpg,test,0.621906932,0.621906932,3.487627728
Images (8475).jpg,val,0.818292344,0.818292344,4.273169376
Images (8476).jpg,val,0.503195813,0.503195813,3.012783252
Images (8477).jpg,train,0.633623288,0.633623288,3.534493152
Images (8478).jpg,train,0.577678063,0.577678063,3.310712252
Images (8479).jpg,test,0.56309049,0.56309049,3.25236196
Images (8480).jpg,train,0.344260726,0.344260726,2.377042904
Images (8481).jpg,test,0.504695256,0.504695256,3.018781024
Images (8482).jpg,test,0.541597931,0.541597931,3.166391724
Images (8483).jpg,test,0.702773163,0.702773163,3.811092652
Images (8484).jpg,val,0.625663407,0.625663407,3.502653628
Images (8485).jpg,train,0.706958954,0.706958954,3.827835816
Images (8486).jpg,train,0.675243782,0.675243782,3.700975128
Images (8487).jpg,train,0.530065393,0.530065393,3.120261572
Images (8488).jpg,train,0.499350263,0.499350263,2.997401052
Images (8489).jpg,train,0.583834717,0.583834717,3.335338868
Images (8490).jpg,train,0.64364732,0.64364732,3.57458928
Images (8491).jpg,val,0.65482671,0.65482671,3.61930684
Images (8492).jpg,test,0.638009917,0.638009917,3.552039668
Images (8493).jpg,test,0.399753727,0.399753727,2.599014908
Images (8494).jpg,train,0.329440081,0.329440081,2.317760324
Images (8495).jpg,train,0.649793732,0.649793732,3.599174928
Images (8496).jpg,val,0.548173325,0.548173325,3.1926933
Images (8497).jpg,train,0.679966938,0.679966938,3.719867752
Images (8498).jpg,train,0.712933772,0.712933772,3.851735088
Images (8499).jpg,train,0.660659329,0.660659329,3.642637316
Images (8500).jpg,train,0.888887809,0.888887809,4.555551236
Images (8501).jpg,test,0.649736738,0.649736738,3.598946952
Images (8502).jpg,train,0.546709076,0.546709076,3.186836304
Images (8503).jpg,test,0.606764297,0.606764297,3.427057188
Images (8504).jpg,train,0.704357675,0.704357675,3.8174307
Images (8505).jpg,train,0.744232864,0.744232864,3.976931456
Images (8506).jpg,train,0.765087864,0.765087864,4.060351455999999
Images (8507).jpg,train,0.617052262,0.617052262,3.468209048
Images (8508).jpg,test,0.720832789,0.720832789,3.883331156
Images (8509).jpg,train,0.799638016,0.799638016,4.198552063999999
Images (8510).jpg,train,0.59962525,0.59962525,3.398501
Images (8511).jpg,train,0.581467414,0.581467414,3.325869656
Images (8512).jpg,train,0.366018841,0.366018841,2.464075364
Images (8513).jpg,train,0.620153534,0.620153534,3.480614136
Images (8514).jpg,train,0.572437212,0.572437212,3.289748848
Images (8515).jpg,train,0.616498921,0.616498921,3.465995684
Images (8516).jpg,val,0.556150258,0.556150258,3.224601032
Images (8517).jpg,val,0.556387846,0.556387846,3.225551384
Images (8518).jpg,train,0.594086512,0.594086512,3.376346048
Images (8519).jpg,train,0.642680501,0.642680501,3.570722004
Images (8520).jpg,train,0.453952992,0.453952992,2.815811968
Images (8521).jpg,test,0.70576521,0.70576521,3.82306084
Images (8522).jpg,test,0.668795636,0.668795636,3.675182544
Images (8523).jpg,val,0.653838102,0.653838102,3.615352408
Images (8524).jpg,train,0.222222222,0.222222222,1.888888888
Images (8525).jpg,train,0.689835007,0.689835007,3.759340028
Images (8526).jpg,train,0.726638691,0.726638691,3.906554764
Images (8527).jpg,train,0.548827965,0.548827965,3.19531186
Images (8528).jpg,train,0.510997822,0.510997822,3.043991288
Images (8529).jpg,train,0.617972291,0.617972291,3.471889164
Images (8530).jpg,train,0.714203351,0.714203351,3.856813404
Images (8531).jpg,train,0.439629605,0.439629605,2.75851842
Images (8532).jpg,test,0.644757416,0.644757416,3.579029664
Images (8533).jpg,train,0.770305607,0.770305607,4.081222428
Images (8534).jpg,test,0.718555958,0.718555958,3.874223832
Images (8535).jpg,train,0.788929722,0.788929722,4.155718888
Images (8536).jpg,train,0.70350858,0.70350858,3.81403432
Images (8537).jpg,train,0.765928261,0.765928261,4.063713044
Images (8538).jpg,train,0.683799469,0.683799469,3.735197876
Images (8539).jpg,train,0.580904058,0.580904058,3.323616232
Images (8540).jpg,test,0.667990353,0.667990353,3.671961412
Images (8541).jpg,train,0.716176255,0.716176255,3.86470502
Images (8542).jpg,train,0.662084401,0.662084401,3.648337604
Images (8543).jpg,train,0.81504039,0.81504039,4.26016156
Images (8544).jpg,train,0.569768338,0.569768338,3.279073352
Images (8545).jpg,test,0.599313195,0.599313195,3.39725278
Images (8546).jpg,train,0.69229071,0.69229071,3.76916284
Images (8547).jpg,val,0.75031381,0.75031381,4.00125524
Images (8548).jpg,test,0.723527176,0.723527176,3.894108704
Images (8549).jpg,train,0.370404506,0.370404506,2.4816180240000003
Images (8550).jpg,train,0.698557436,0.698557436,3.794229744
Images (8551).jpg,train,0.640981884,0.640981884,3.563927536
Images (8552).jpg,val,0.682078412,0.682078412,3.728313648
Images (8553).jpg,val,0.731155022,0.731155022,3.924620088
Images (8554).jpg,val,0.51394782,0.51394782,3.05579128
Images (8555).jpg,test,0.875977214,0.875977214,4.503908856
Images (8556).jpg,train,0.674437892,0.674437892,3.697751568
Images (8557).jpg,train,0.774180887,0.774180887,4.096723548
Images (8558).jpg,test,0.679095681,0.679095681,3.716382724
Images (8559).jpg,train,0.700076802,0.700076802,3.800307208
Images (8560).jpg,test,0.590731251,0.590731251,3.362925004
Images (8561).jpg,train,0.746796658,0.746796658,3.987186632
Images (8562).jpg,train,0.683256324,0.683256324,3.733025296
Images (8563).jpg,train,0.681690629,0.681690629,3.726762516
Images (8564).jpg,train,0.569972584,0.569972584,3.279890336
Images (8565).jpg,train,0.480027039,0.480027039,2.920108156
Images (8566).jpg,train,0.565185959,0.565185959,3.260743836
Images (8567).jpg,train,0.57190737,0.57190737,3.28762948
Images (8568).jpg,train,0.585850078,0.585850078,3.343400312
Images (8569).jpg,train,0.633500062,0.633500062,3.534000248
Images (8570).jpg,train,0.682116501,0.682116501,3.728466004
Images (8571).jpg,train,0.797898926,0.797898926,4.191595704
Images (8572).jpg,train,0.542287418,0.542287418,3.169149672
Images (8573).jpg,train,0.654378808,0.654378808,3.617515232
Images (8574).jpg,train,0.556313053,0.556313053,3.225252212
Images (8575).jpg,val,0.73545023,0.73545023,3.94180092
Images (8576).jpg,train,0.671649719,0.671649719,3.686598876
Images (8577).jpg,train,0.777256501,0.777256501,4.109026004
Images (8578).jpg,val,0.36735944,0.36735944,2.46943776
Images (8579).jpg,train,0.476191361,0.476191361,2.904765444
Images (8580).jpg,test,0.594014475,0.594014475,3.3760579
Images (8581).jpg,train,0.487933686,0.487933686,2.951734744
Images (8582).jpg,train,0.483604977,0.483604977,2.934419908
Images (8583).jpg,train,0.521718323,0.521718323,3.086873292
Images (8584).jpg,train,0.535086987,0.535086987,3.140347948
Images (8585).jpg,test,0.561393864,0.561393864,3.245575456
Images (8586).jpg,val,0.674574126,0.674574126,3.698296504
Images (8587).jpg,train,0.653667995,0.653667995,3.61467198
Images (8588).jpg,train,0.729389789,0.729389789,3.917559156
Images (8589).jpg,train,0.627419646,0.627419646,3.509678584
Images (8590).jpg,train,0.645931083,0.645931083,3.583724332
Images (8591).jpg,train,0.482671654,0.482671654,2.930686616
Images (8592).jpg,train,0.774280051,0.774280051,4.097120203999999
Images (8593).jpg,test,0.71909046,0.71909046,3.87636184
Images (8594).jpg,train,0.660564703,0.660564703,3.642258812
Images (8595).jpg,test,0.687065652,0.687065652,3.748262608
Images (8596).jpg,val,0.677020954,0.677020954,3.708083816
Images (8597).jpg,val,0.686393577,0.686393577,3.745574308
Images (8598).jpg,val,0.522334503,0.522334503,3.089338012
Images (8599).jpg,train,0.708459093,0.708459093,3.833836372
Images (8600).jpg,train,0.555266007,0.555266007,3.221064028
Images (8601).jpg,train,0.47341313,0.47341313,2.89365252
Images (8602).jpg,train,0.470079685,0.470079685,2.88031874
Images (8603).jpg,test,0.369019594,0.369019594,2.476078376
Images (8604).jpg,train,0.735716217,0.735716217,3.942864868
Images (8605).jpg,train,0.721642845,0.721642845,3.88657138
Images (8606).jpg,train,0.62067405,0.62067405,3.4826962
Images (8607).jpg,train,0.626570389,0.626570389,3.506281556
Images (8608).jpg,train,0.659948258,0.659948258,3.639793032
Images (8609).jpg,train,0.504510718,0.504510718,3.018042872
Images (8610).jpg,train,0.575610554,0.575610554,3.302442216
Images (8611).jpg,val,0.599708149,0.599708149,3.398832596
Images (8612).jpg,train,0.622621453,0.622621453,3.490485812
Images (8613).jpg,train,0.665382359,0.665382359,3.661529436
Images (8614).jpg,train,0.62942137,0.62942137,3.51768548
Images (8615).jpg,test,0.578573172,0.578573172,3.314292688
Images (8616).jpg,train,0.520977671,0.520977671,3.083910684
Images (8617).jpg,test,0.64143821,0.64143821,3.56575284
Images (8618).jpg,train,0.619733632,0.619733632,3.478934528
Images (8619).jpg,train,0.81280346,0.81280346,4.25121384
Images (8620).jpg,train,0.639526824,0.639526824,3.558107296
Images (8621).jpg,train,0.739687149,0.739687149,3.958748596
Images (8622).jpg,test,0.456337202,0.456337202,2.825348808
Images (8623).jpg,train,0.542001899,0.542001899,3.168007596
Images (8624).jpg,train,0.561123422,0.561123422,3.244493688
Images (8625).jpg,train,0.800361855,0.800361855,4.20144742
Images (8626).jpg,train,0.658690426,0.658690426,3.634761704
Images (8627).jpg,train,0.680665508,0.680665508,3.722662032
Images (8628).jpg,train,0.701602298,0.701602298,3.806409192
Images (8629).jpg,train,0.881135161,0.881135161,4.524540644
Images (8630).jpg,train,0.580080648,0.580080648,3.320322592
Images (8631).jpg,train,0.360071728,0.360071728,2.440286912
Images (8632).jpg,test,0.648190196,0.648190196,3.592760784
Images (8633).jpg,test,0.696414673,0.696414673,3.785658692
Images (8634).jpg,test,0.615741646,0.615741646,3.462966584
Images (8635).jpg,train,0.613228619,0.613228619,3.452914476
Images (8636).jpg,train,0.494112083,0.494112083,2.976448332
Images (8637).jpg,train,0.645859045,0.645859045,3.58343618
Images (8638).jpg,train,0.763273608,0.763273608,4.053094432
Images (8639).jpg,train,0.62697919,0.62697919,3.50791676
Images (8640).jpg,train,0.642681057,0.642681057,3.570724228
Images (8641).jpg,train,0.631838505,0.631838505,3.52735402
Images (8642).jpg,train,0.673756058,0.673756058,3.695024232
Images (8643).jpg,train,0.768855781,0.768855781,4.075423124
Images (8644).jpg,val,0.618938038,0.618938038,3.475752152
Images (8645).jpg,train,0.636073923,0.636073923,3.544295692
Images (8646).jpg,val,0.674918368,0.674918368,3.699673472
Images (8647).jpg,train,0.669433529,0.669433529,3.677734116
Images (8648).jpg,train,0.717573559,0.717573559,3.870294236
Images (8649).jpg,train,0.550054212,0.550054212,3.200216848
Images (8650).jpg,train,0.562213337,0.562213337,3.248853348
Images (8651).jpg,test,0.699107389,0.699107389,3.796429556
Images (8652).jpg,train,0.703964496,0.703964496,3.815857984
Images (8653).jpg,val,0.470639156,0.470639156,2.882556624
Images (8654).jpg,train,0.645778573,0.645778573,3.583114292
Images (8655).jpg,train,0.604220512,0.604220512,3.416882048
Images (8656).jpg,train,0.466582402,0.466582402,2.866329608
Images (8657).jpg,train,0.514006312,0.514006312,3.056025248
Images (8658).jpg,train,0.609061239,0.609061239,3.436244956
Images (8659).jpg,train,0.723632386,0.723632386,3.894529544
Images (8660).jpg,test,0.670564879,0.670564879,3.682259516
Images (8661).jpg,train,0.623060825,0.623060825,3.4922433
Images (8662).jpg,train,0.600907977,0.600907977,3.403631908
Images (8663).jpg,train,0.638031228,0.638031228,3.552124912
Images (8664).jpg,train,0.644291108,0.644291108,3.577164432
Images (8665).jpg,train,0.711743348,0.711743348,3.846973392
Images (8666).jpg,train,0.6240327,0.6240327,3.4961308
Images (8667).jpg,train,0.579304499,0.579304499,3.317217996
Images (8668).jpg,train,0.628088967,0.628088967,3.512355868
Images (8669).jpg,test,0.749147943,0.749147943,3.996591772
Images (8670).jpg,train,0.793433411,0.793433411,4.173733644
Images (8671).jpg,test,0.61916919,0.61916919,3.47667676
Images (8672).jpg,test,0.756230805,0.756230805,4.02492322
Images (8673).jpg,train,0.674704779,0.674704779,3.698819116
Images (8674).jpg,train,0.703024191,0.703024191,3.812096764
Images (8675).jpg,train,0.662751461,0.662751461,3.651005844
Images (8676).jpg,test,0.576705771,0.576705771,3.306823084
Images (8677).jpg,train,0.66772519,0.66772519,3.67090076
Images (8678).jpg,train,0.515229311,0.515229311,3.060917244
Images (8679).jpg,train,0.6316748,0.6316748,3.5266992
Images (8680).jpg,train,0.496012067,0.496012067,2.984048268
Images (8681).jpg,train,0.712223236,0.712223236,3.848892944
Images (8682).jpg,train,0.612318013,0.612318013,3.449272052
Images (8683).jpg,train,0.606080258,0.606080258,3.424321032
Images (8684).jpg,test,0.679859336,0.679859336,3.719437344
Images (8685).jpg,train,0.680499527,0.680499527,3.721998108
Images (8686).jpg,train,0.742077154,0.742077154,3.968308616
Images (8687).jpg,train,0.568309852,0.568309852,3.273239408
Images (8688).jpg,val,0.620836632,0.620836632,3.483346528
Images (8689).jpg,train,0.638738606,0.638738606,3.554954424
Images (8690).jpg,train,0.433293605,0.433293605,2.73317442
Images (8691).jpg,train,0.70923722,0.70923722,3.83694888
Images (8692).jpg,train,0.670399081,0.670399081,3.681596324
Images (8693).jpg,val,0.675774925,0.675774925,3.7030997
Images (8694).jpg,train,0.755635842,0.755635842,4.022543368
Images (8695).jpg,test,0.608726446,0.608726446,3.434905784
Images (8696).jpg,train,0.551205809,0.551205809,3.204823236
Images (8697).jpg,train,0.608163284,0.608163284,3.432653136
Images (8698).jpg,train,0.631391188,0.631391188,3.525564752
Images (8699).jpg,test,0.639397061,0.639397061,3.557588244
Images (8700).jpg,train,0.699851917,0.699851917,3.799407668
Images (8701).jpg,train,0.717569344,0.717569344,3.870277376
Images (8702).jpg,train,0.664051107,0.664051107,3.656204428
Images (8703).jpg,train,0.72718553,0.72718553,3.90874212
Images (8704).jpg,train,0.681767408,0.681767408,3.727069632
Images (8705).jpg,train,0.803251794,0.803251794,4.213007176
Images (8706).jpg,test,0.682468884,0.682468884,3.729875536
Images (8707).jpg,train,0.704623026,0.704623026,3.818492104
Images (8708).jpg,val,0.626080122,0.626080122,3.504320488
Images (8709).jpg,train,0.687451572,0.687451572,3.749806288
Images (8710).jpg,train,0.744175132,0.744175132,3.976700528
Images (8711).jpg,test,0.641452515,0.641452515,3.56581006
Images (8712).jpg,val,0.633323844,0.633323844,3.533295376
Images (8713).jpg,train,0.670978749,0.670978749,3.683914996
Images (8714).jpg,train,0.664286064,0.664286064,3.657144256
Images (8715).jpg,train,0.629276497,0.629276497,3.517105988
Images (8716).jpg,train,0.644516395,0.644516395,3.57806558
Images (8717).jpg,val,0.675814583,0.675814583,3.703258332
Images (8718).jpg,val,0.679159386,0.679159386,3.716637544
Images (8719).jpg,val,0.66139003,0.66139003,3.64556012
Images (8720).jpg,train,0.670315458,0.670315458,3.681261832
Images (8721).jpg,train,0.754792435,0.754792435,4.019169740000001
Images (8722).jpg,train,0.659476331,0.659476331,3.637905324
Images (8723).jpg,train,0.681699132,0.681699132,3.726796528
Images (8724).jpg,train,0.634807355,0.634807355,3.53922942
Images (8725).jpg,test,0.506302178,0.506302178,3.025208712
Images (8726).jpg,train,0.583409779,0.583409779,3.333639116
Images (8727).jpg,train,0.660472844,0.660472844,3.641891376
Images (8728).jpg,train,0.638020319,0.638020319,3.552081276
Images (8729).jpg,train,0.646994483,0.646994483,3.587977932
Images (8730).jpg,val,0.693871196,0.693871196,3.775484784
Images (8731).jpg,train,0.509666874,0.509666874,3.038667496
Images (8732).jpg,train,0.515307018,0.515307018,3.061228072
Images (8733).jpg,val,0.586180067,0.586180067,3.344720268
Images (8734).jpg,val,0.659587558,0.659587558,3.638350232
Images (8735).jpg,train,0.55821332,0.55821332,3.23285328
Images (8736).jpg,train,0.684153431,0.684153431,3.736613724
Images (8737).jpg,train,0.645543732,0.645543732,3.582174928
Images (8738).jpg,train,0.648313803,0.648313803,3.593255212
Images (8739).jpg,train,0.474153887,0.474153887,2.896615548
Images (8740).jpg,train,0.509468836,0.509468836,3.037875344
Images (8741).jpg,train,0.75752825,0.75752825,4.030113
Images (8742).jpg,train,0.669503404,0.669503404,3.678013616
Images (8743).jpg,train,0.604631492,0.604631492,3.418525968
Images (8744).jpg,train,0.679822342,0.679822342,3.719289368
Images (8745).jpg,train,0.645995721,0.645995721,3.583982884
Images (8746).jpg,train,0.459565747,0.459565747,2.8382629880000003
Images (8747).jpg,train,0.576835471,0.576835471,3.307341884
Images (8748).jpg,train,0.573921431,0.573921431,3.295685724
Images (8749).jpg,train,0.63674787,0.63674787,3.54699148
Images (8750).jpg,test,0.665746298,0.665746298,3.662985192
Images (8751).jpg,train,0.607680901,0.607680901,3.430723604
Images (8752).jpg,train,0.482510776,0.482510776,2.930043104
Images (8753).jpg,train,0.456573431,0.456573431,2.826293724
Images (8754).jpg,train,0.584480584,0.584480584,3.337922336
Images (8755).jpg,train,0.564640626,0.564640626,3.258562504
Images (8756).jpg,train,0.671842387,0.671842387,3.687369548
Images (8757).jpg,train,0.714945328,0.714945328,3.859781312
Images (8758).jpg,train,0.658842003,0.658842003,3.635368012
Images (8759).jpg,train,0.605168747,0.605168747,3.420674988
Images (8760).jpg,train,0.420146322,0.420146322,2.680585288
Images (8761).jpg,train,0.621355655,0.621355655,3.48542262
Images (8762).jpg,train,0.840277778,0.840277778,4.361111112
Images (8763).jpg,train,0.511936106,0.511936106,3.047744424
Images (8764).jpg,train,0.70267361,0.70267361,3.81069444
Images (8765).jpg,train,0.374011885,0.374011885,2.49604754
Images (8766).jpg,train,0.600360268,0.600360268,3.401441072
Images (8767).jpg,train,0.564950588,0.564950588,3.259802352
Images (8768).jpg,train,0.609488794,0.609488794,3.437955176
Images (8769).jpg,train,0.619218771,0.619218771,3.476875084
Images (8770).jpg,train,0.585955847,0.585955847,3.343823388
Images (8771).jpg,test,0.76514039,0.76514039,4.06056156
Images (8772).jpg,test,0.647010006,0.647010006,3.588040024
Images (8773).jpg,train,0.656750844,0.656750844,3.627003376
Images (8774).jpg,val,0.623973973,0.623973973,3.495895892
Images (8775).jpg,test,0.631028827,0.631028827,3.524115308
Images (8776).jpg,train,0.535425808,0.535425808,3.141703232
Images (8777).jpg,val,0.64611522,0.64611522,3.58446088
Images (8778).jpg,train,0.564713147,0.564713147,3.258852588
Images (8779).jpg,test,0.560279155,0.560279155,3.24111662
Images (8780).jpg,test,0.646596081,0.646596081,3.586384324
Images (8781).jpg,train,0.477024186,0.477024186,2.908096744
Images (8782).jpg,train,0.524185726,0.524185726,3.096742904
Images (8783).jpg,val,0.666936024,0.666936024,3.667744096
Images (8784).jpg,val,0.617222519,0.617222519,3.468890076
Images (8785).jpg,val,0.580811092,0.580811092,3.323244368
Images (8786).jpg,train,0.63821116,0.63821116,3.55284464
Images (8787).jpg,train,0.510916902,0.510916902,3.043667608
Images (8788).jpg,train,0.721079559,0.721079559,3.884318236
Images (8789).jpg,test,0.638138045,0.638138045,3.55255218
Images (8790).jpg,test,0.690330803,0.690330803,3.761323212
Images (8791).jpg,train,0.568921731,0.568921731,3.275686924
Images (8792).jpg,train,0.565287488,0.565287488,3.261149952
Images (8793).jpg,train,0.824904473,0.824904473,4.2996178920000006
Images (8794).jpg,train,0.675543492,0.675543492,3.702173968
Images (8795).jpg,train,0.656842141,0.656842141,3.627368564
Images (8796).jpg,train,0.65649358,0.65649358,3.62597432
Images (8797).jpg,val,0.542199751,0.542199751,3.168799004
Images (8798).jpg,test,0.735176455,0.735176455,3.94070582
Images (8799).jpg,train,0.631057384,0.631057384,3.524229536
Images (8800).jpg,train,0.579719174,0.579719174,3.318876696
Images (8801).jpg,val,0.616381466,0.616381466,3.465525864
Images (8802).jpg,train,0.569082293,0.569082293,3.276329172
Images (8803).jpg,val,0.645534337,0.645534337,3.582137348
Images (8804).jpg,train,0.689397598,0.689397598,3.757590392
Images (8805).jpg,train,0.64423979,0.64423979,3.57695916
Images (8806).jpg,train,0.650349721,0.650349721,3.601398884
Images (8807).jpg,train,0.621437106,0.621437106,3.485748424
Images (8808).jpg,train,0.400373192,0.400373192,2.601492768
Images (8809).jpg,val,0.543757472,0.543757472,3.175029888
Images (8810).jpg,test,0.494641743,0.494641743,2.9785669720000003
Images (8811).jpg,train,0.493097815,0.493097815,2.97239126
Images (8812).jpg,test,0.716556923,0.716556923,3.866227692
Images (8813).jpg,train,0.561224606,0.561224606,3.244898424
Images (8814).jpg,train,0.554036057,0.554036057,3.216144228
Images (8815).jpg,train,0.54019322,0.54019322,3.16077288
Images (8816).jpg,train,0.630163596,0.630163596,3.520654384
Images (8817).jpg,train,0.77932656,0.77932656,4.11730624
Images (8818).jpg,val,0.828080437,0.828080437,4.3123217480000005
Images (8819).jpg,val,0.596826251,0.596826251,3.387305004
Images (8820).jpg,train,0.652220017,0.652220017,3.608880068
Images (8821).jpg,train,0.666853869,0.666853869,3.667415476
Images (8822).jpg,train,0.618949429,0.618949429,3.475797716
Images (8823).jpg,train,0.610422309,0.610422309,3.441689236
Images (8824).jpg,test,0.685716415,0.685716415,3.74286566
Images (8825).jpg,test,0.6903846,0.6903846,3.7615384
Images (8826).jpg,train,0.590498304,0.590498304,3.361993216
Images (8827).jpg,test,0.630049679,0.630049679,3.520198716
Images (8828).jpg,test,0.651518567,0.651518567,3.606074268
Images (8829).jpg,train,0.659868821,0.659868821,3.639475284
Images (8830).jpg,val,0.729955459,0.729955459,3.919821836
Images (8831).jpg,train,0.506629359,0.506629359,3.026517436
Images (8832).jpg,train,0.443526871,0.443526871,2.774107484
Images (8833).jpg,test,0.672889778,0.672889778,3.691559112
Images (8834).jpg,train,0.527369126,0.527369126,3.109476504
Images (8835).jpg,train,0.694516404,0.694516404,3.778065616
Images (8836).jpg,train,0.513978188,0.513978188,3.055912752
Images (8837).jpg,train,0.527294987,0.527294987,3.109179948
Images (8838).jpg,train,0.614430849,0.614430849,3.457723396
Images (8839).jpg,train,0.578999703,0.578999703,3.315998812
Images (8840).jpg,train,0.674396765,0.674396765,3.69758706
Images (8841).jpg,train,0.746176135,0.746176135,3.98470454
Images (8842).jpg,train,0.623475945,0.623475945,3.49390378
Images (8843).jpg,train,0.628610044,0.628610044,3.514440176
Images (8844).jpg,train,0.555086548,0.555086548,3.220346192
Images (8845).jpg,val,0.683626091,0.683626091,3.734504364
Images (8846).jpg,train,0.622092431,0.622092431,3.488369724
Images (8847).jpg,train,0.47635505,0.47635505,2.9054202
Images (8848).jpg,test,0.538568636,0.538568636,3.154274544
Images (8849).jpg,train,0.714564109,0.714564109,3.858256436
Images (8850).jpg,test,0.747441781,0.747441781,3.989767124
Images (8851).jpg,train,0.634367669,0.634367669,3.537470676
Images (8852).jpg,train,0.743937275,0.743937275,3.9757491
Images (8853).jpg,val,0.663411858,0.663411858,3.653647432
Images (8854).jpg,train,0.4948838,0.4948838,2.9795352
Images (8855).jpg,train,0.603224213,0.603224213,3.412896852
Images (8856).jpg,test,0.607007183,0.607007183,3.428028732
Images (8857).jpg,train,0.633719151,0.633719151,3.534876604
Images (8858).jpg,test,0.541827041,0.541827041,3.167308164
Images (8859).jpg,train,0.624267972,0.624267972,3.497071888
Images (8860).jpg,train,0.637693809,0.637693809,3.550775236
Images (8861).jpg,train,0.664615858,0.664615858,3.658463432
Images (8862).jpg,train,0.634953892,0.634953892,3.539815568
Images (8863).jpg,val,0.589264532,0.589264532,3.357058128
Images (8864).jpg,test,0.559373483,0.559373483,3.237493932
Images (8865).jpg,test,0.631834328,0.631834328,3.527337312
Images (8866).jpg,train,0.59928553,0.59928553,3.39714212
Images (8867).jpg,val,0.584132669,0.584132669,3.336530676
Images (8868).jpg,train,0.591191466,0.591191466,3.364765864
Images (8869).jpg,val,0.520551061,0.520551061,3.082204244
Images (8870).jpg,train,0.723031978,0.723031978,3.892127912
Images (8871).jpg,train,0.61861604,0.61861604,3.47446416
Images (8872).jpg,train,0.533904692,0.533904692,3.135618768
Images (8873).jpg,train,0.707451975,0.707451975,3.8298079
Images (8874).jpg,train,0.684570434,0.684570434,3.738281736
Images (8875).jpg,train,0.63352544,0.63352544,3.53410176
Images (8876).jpg,test,0.608449852,0.608449852,3.433799408
Images (8877).jpg,train,0.667769501,0.667769501,3.671078004
Images (8878).jpg,test,0.596292847,0.596292847,3.385171388
Images (8879).jpg,train,0.648566094,0.648566094,3.594264376
Images (8880).jpg,train,0.577447801,0.577447801,3.309791204
Images (8881).jpg,train,0.748120253,0.748120253,3.992481012
Images (8882).jpg,train,0.63546365,0.63546365,3.5418546
Images (8883).jpg,train,0.542118017,0.542118017,3.168472068
Images (8884).jpg,test,0.628153781,0.628153781,3.512615124
Images (8885).jpg,train,0.608955893,0.608955893,3.435823572
Images (8886).jpg,train,0.393603658,0.393603658,2.574414632
Images (8887).jpg,test,0.476433175,0.476433175,2.9057327
Images (8888).jpg,train,0.676489289,0.676489289,3.705957156
Images (8889).jpg,test,0.5300583,0.5300583,3.1202332
Images (8890).jpg,test,0.673439915,0.673439915,3.69375966
Images (8891).jpg,train,0.684200691,0.684200691,3.736802764
Images (8892).jpg,test,0.58472482,0.58472482,3.33889928
Images (8893).jpg,train,0.636984364,0.636984364,3.547937456
Images (8894).jpg,train,0.78974268,0.78974268,4.15897072
Images (8895).jpg,train,0.727206719,0.727206719,3.908826876
Images (8896).jpg,train,0.673772562,0.673772562,3.695090248
Images (8897).jpg,train,0.663120263,0.663120263,3.652481052
Images (8898).jpg,train,0.699172141,0.699172141,3.796688564
Images (8899).jpg,train,0.711192048,0.711192048,3.844768192
Images (8900).jpg,train,0.677627861,0.677627861,3.710511444
Images (8901).jpg,train,0.622781628,0.622781628,3.491126512
Images (8902).jpg,test,0.675127539,0.675127539,3.700510156
Images (8903).jpg,test,0.665747393,0.665747393,3.662989572
Images (8904).jpg,train,0.628894751,0.628894751,3.515579004
Images (8905).jpg,train,0.750823619,0.750823619,4.003294476000001
Images (8906).jpg,train,0.638193524,0.638193524,3.552774096
Images (8907).jpg,train,0.586533791,0.586533791,3.346135164
Images (8908).jpg,train,0.561250155,0.561250155,3.24500062
Images (8909).jpg,train,0.716421655,0.716421655,3.86568662
Images (8910).jpg,train,0.772893384,0.772893384,4.091573536
Images (8911).jpg,train,0.669630543,0.669630543,3.678522172
Images (8912).jpg,train,0.43237225,0.43237225,2.729489
Images (8913).jpg,train,0.484351244,0.484351244,2.937404976
Images (8914).jpg,train,0.53031386,0.53031386,3.12125544
Images (8915).jpg,train,0.686226931,0.686226931,3.744907724
Images (8916).jpg,train,0.535039599,0.535039599,3.140158396
Images (8917).jpg,val,0.58283433,0.58283433,3.33133732
Images (8918).jpg,train,0.503482506,0.503482506,3.013930024
Images (8919).jpg,train,0.770124804,0.770124804,4.080499216
Images (8920).jpg,train,0.624729111,0.624729111,3.498916444
Images (8921).jpg,train,0.563148514,0.563148514,3.252594056
Images (8922).jpg,train,0.678263142,0.678263142,3.713052568
Images (8923).jpg,train,0.620216076,0.620216076,3.480864304
Images (8924).jpg,train,0.639902289,0.639902289,3.559609156
Images (8925).jpg,train,0.545620301,0.545620301,3.182481204
Images (8926).jpg,train,0.345569079,0.345569079,2.382276316
Images (8927).jpg,train,0.632338928,0.632338928,3.529355712
Images (8928).jpg,test,0.733797543,0.733797543,3.935190172
Images (8929).jpg,train,0.37,0.37,2.48
Images (8930).jpg,train,0.744280827,0.744280827,3.977123308
Images (8931).jpg,test,0.774919236,0.774919236,4.0996769440000005
Images (8932).jpg,train,0.732030672,0.732030672,3.928122688
Images (8933).jpg,test,0.646078312,0.646078312,3.584313248
Images (8934).jpg,train,0.547409991,0.547409991,3.189639964
Images (8935).jpg,train,0.629304495,0.629304495,3.51721798
Images (8936).jpg,train,0.792474939,0.792474939,4.169899756
Images (8937).jpg,train,0.829624188,0.829624188,4.318496752
Images (8938).jpg,test,0.580962408,0.580962408,3.323849632
Images (8939).jpg,train,0.548930657,0.548930657,3.195722628
Images (8940).jpg,val,0.826087754,0.826087754,4.304351016
Images (8941).jpg,train,0.613070574,0.613070574,3.452282296
Images (8942).jpg,train,0.684959445,0.684959445,3.73983778
Images (8943).jpg,train,0.57347188,0.57347188,3.29388752
Images (8944).jpg,train,0.651662362,0.651662362,3.606649448
Images (8945).jpg,train,0.642808647,0.642808647,3.571234588
Images (8946).jpg,train,0.75221443,0.75221443,4.00885772
Images (8947).jpg,train,0.701773674,0.701773674,3.807094696
Images (8948).jpg,test,0.888527672,0.888527672,4.554110688
Images (8949).jpg,train,0.556875227,0.556875227,3.227500908
Images (8950).jpg,train,0.58304737,0.58304737,3.33218948
Images (8951).jpg,test,0.559650066,0.559650066,3.238600264
Images (8952).jpg,train,0.571132393,0.571132393,3.284529572
Images (8953).jpg,train,0.574245963,0.574245963,3.296983852
Images (8954).jpg,val,0.597260582,0.597260582,3.389042328
Images (8955).jpg,test,0.720493155,0.720493155,3.88197262
Images (8956).jpg,train,0.523493874,0.523493874,3.093975496
Images (8957).jpg,train,0.641755384,0.641755384,3.567021536
Images (8958).jpg,train,0.623405659,0.623405659,3.493622636
Images (8959).jpg,train,0.685346937,0.685346937,3.741387748
Images (8960).jpg,train,0.655020164,0.655020164,3.620080656
Images (8961).jpg,test,0.679518902,0.679518902,3.718075608
Images (8962).jpg,train,0.622483189,0.622483189,3.489932756
Images (8963).jpg,train,0.734164498,0.734164498,3.936657992
Images (8964).jpg,train,0.746102555,0.746102555,3.98441022
Images (8965).jpg,train,0.708809559,0.708809559,3.835238236
Images (8966).jpg,train,0.637940157,0.637940157,3.551760628
Images (8967).jpg,train,0.62505819,0.62505819,3.50023276
Images (8968).jpg,test,0.56500221,0.56500221,3.26000884
Images (8969).jpg,train,0.698110861,0.698110861,3.792443444
Images (8970).jpg,train,0.75834871,0.75834871,4.03339484
Images (8971).jpg,val,0.613617842,0.613617842,3.454471368
Images (8972).jpg,train,0.688968762,0.688968762,3.755875048
Images (8973).jpg,train,0.631056702,0.631056702,3.524226808
Images (8974).jpg,train,0.718302205,0.718302205,3.87320882
Images (8975).jpg,train,0.698285277,0.698285277,3.793141108
Images (8976).jpg,test,0.813903506,0.813903506,4.255614024
Images (8977).jpg,train,0.679560235,0.679560235,3.71824094
Images (8978).jpg,train,0.738028807,0.738028807,3.952115228
Images (8979).jpg,train,0.732285893,0.732285893,3.929143572
Images (8980).jpg,train,0.503159203,0.503159203,3.012636812
Images (8981).jpg,train,0.467888689,0.467888689,2.871554756
Images (8982).jpg,train,0.644987016,0.644987016,3.579948064
Images (8983).jpg,train,0.572646686,0.572646686,3.290586744
Images (8984).jpg,train,0.487500877,0.487500877,2.950003508
Images (8985).jpg,train,0.549153626,0.549153626,3.196614504
Images (8986).jpg,train,0.731994116,0.731994116,3.927976464
Images (8987).jpg,train,0.670643875,0.670643875,3.6825755
Images (8988).jpg,train,0.659302921,0.659302921,3.637211684
Images (8989).jpg,train,0.688900177,0.688900177,3.755600708
Images (8990).jpg,train,0.673510048,0.673510048,3.694040192
Images (8991).jpg,train,0.684758084,0.684758084,3.739032336
Images (8992).jpg,test,0.846487043,0.846487043,4.385948172
Images (8993).jpg,train,0.657770561,0.657770561,3.631082244
Images (8994).jpg,train,0.836869481,0.836869481,4.347477924
Images (8995).jpg,train,0.629465878,0.629465878,3.517863512
Images (8996).jpg,train,0.649296257,0.649296257,3.597185028
Images (8997).jpg,test,0.716357123,0.716357123,3.865428492
Images (8998).jpg,train,0.658491318,0.658491318,3.633965272
Images (8999).jpg,train,0.695044939,0.695044939,3.780179756
Images (9000).jpg,train,0.669825834,0.669825834,3.679303336
Images (9001).jpg,train,0.679076201,0.679076201,3.716304804
Images (9002).jpg,train,0.770546823,0.770546823,4.082187292
Images (9003).jpg,train,0.666358407,0.666358407,3.665433628
Images (9004).jpg,train,0.642254174,0.642254174,3.569016696
Images (9005).jpg,train,0.553057545,0.553057545,3.21223018
Images (9006).jpg,train,0.665241592,0.665241592,3.660966368
Images (9007).jpg,val,0.692626103,0.692626103,3.770504412
Images (9008).jpg,train,0.712853624,0.712853624,3.851414496
Images (9009).jpg,train,0.720658388,0.720658388,3.882633552
Images (9010).jpg,train,0.590920499,0.590920499,3.363681996
Images (9011).jpg,train,0.665603116,0.665603116,3.662412464
Images (9012).jpg,train,0.601082528,0.601082528,3.404330112
Images (9013).jpg,train,0.765666659,0.765666659,4.062666635999999
Images (9014).jpg,val,0.640215123,0.640215123,3.560860492
Images (9015).jpg,train,0.788528378,0.788528378,4.154113512
Images (9016).jpg,train,0.736357369,0.736357369,3.945429476
Images (9017).jpg,train,0.782738202,0.782738202,4.130952808
Images (9018).jpg,train,0.597424629,0.597424629,3.389698516
Images (9019).jpg,test,0.722081196,0.722081196,3.888324784
Images (9020).jpg,train,0.794243934,0.794243934,4.176975736
Images (9021).jpg,train,0.483721821,0.483721821,2.934887284
Images (9022).jpg,train,0.660016358,0.660016358,3.640065432
Images (9023).jpg,train,0.403069688,0.403069688,2.612278752
Images (9024).jpg,train,0.65027242,0.65027242,3.60108968
Images (9025).jpg,train,0.683784394,0.683784394,3.735137576
Images (9026).jpg,train,0.593234625,0.593234625,3.3729385
Images (9027).jpg,train,0.756087286,0.756087286,4.024349144
Images (9028).jpg,val,0.648453629,0.648453629,3.593814516
Images (9029).jpg,train,0.730163872,0.730163872,3.920655488
Images (9030).jpg,train,0.4296437,0.4296437,2.7185748
Images (9031).jpg,train,0.552991879,0.552991879,3.211967516
Images (9032).jpg,test,0.774872792,0.774872792,4.099491168
Images (9033).jpg,val,0.795366318,0.795366318,4.1814652720000005
Images (9034).jpg,train,0.690953705,0.690953705,3.76381482
Images (9035).jpg,train,0.64907351,0.64907351,3.59629404
Images (9036).jpg,train,0.455818951,0.455818951,2.823275804
Images (9037).jpg,test,0.485591023,0.485591023,2.942364092
Images (9038).jpg,test,0.513146718,0.513146718,3.052586872
Images (9039).jpg,train,0.620709145,0.620709145,3.48283658
Images (9040).jpg,train,0.6590187,0.6590187,3.6360748
Images (9041).jpg,train,0.551803869,0.551803869,3.207215476
Images (9042).jpg,train,0.814428856,0.814428856,4.257715424000001
Images (9043).jpg,train,0.707308255,0.707308255,3.82923302
Images (9044).jpg,train,0.688834895,0.688834895,3.75533958
Images (9045).jpg,train,0.588411276,0.588411276,3.353645104
Images (9046).jpg,train,0.58086282,0.58086282,3.32345128
Images (9047).jpg,train,0.596938414,0.596938414,3.387753656
Images (9048).jpg,train,0.721033757,0.721033757,3.884135028
Images (9049).jpg,train,0.671017662,0.671017662,3.684070648
Images (9050).jpg,train,0.716608002,0.716608002,3.866432008
Images (9051).jpg,test,0.591224492,0.591224492,3.364897968
Images (9052).jpg,test,0.673485253,0.673485253,3.693941012
Images (9053).jpg,train,0.665099265,0.665099265,3.66039706
Images (9054).jpg,train,0.732917819,0.732917819,3.931671276
Images (9055).jpg,train,0.742511756,0.742511756,3.970047024
Images (9056).jpg,train,0.656140053,0.656140053,3.624560212
Images (9057).jpg,train,0.646775561,0.646775561,3.587102244
Images (9058).jpg,train,0.640447261,0.640447261,3.561789044
Images (9059).jpg,val,0.674491608,0.674491608,3.697966432
Images (9060).jpg,train,0.614586386,0.614586386,3.458345544
Images (9061).jpg,train,0.692021244,0.692021244,3.768084976
Images (9062).jpg,train,0.677387288,0.677387288,3.709549152
Images (9063).jpg,train,0.737002476,0.737002476,3.948009904
Images (9064).jpg,train,0.79943307,0.79943307,4.19773228
Images (9065).jpg,train,0.644618756,0.644618756,3.578475024
Images (9066).jpg,train,0.736468348,0.736468348,3.945873392
Images (9067).jpg,train,0.688894227,0.688894227,3.755576908
Images (9068).jpg,train,0.697279628,0.697279628,3.789118512
Images (9069).jpg,val,0.5447577,0.5447577,3.1790308
Images (9070).jpg,test,0.67755298,0.67755298,3.71021192
Images (9071).jpg,val,0.568063691,0.568063691,3.272254764
Images (9072).jpg,test,0.550301002,0.550301002,3.201204008
Images (9073).jpg,val,0.711752865,0.711752865,3.84701146
Images (9074).jpg,train,0.6227835,0.6227835,3.491134
Images (9075).jpg,train,0.598107159,0.598107159,3.392428636
Images (9076).jpg,train,0.660582081,0.660582081,3.642328324
Images (9077).jpg,train,0.665677545,0.665677545,3.66271018
Images (9078).jpg,train,0.729068291,0.729068291,3.916273164
Images (9079).jpg,train,0.721476818,0.721476818,3.885907272
Images (9080).jpg,train,0.786829619,0.786829619,4.147318476000001
Images (9081).jpg,train,0.766025135,0.766025135,4.06410054
Images (9082).jpg,train,0.660895858,0.660895858,3.643583432
Images (9083).jpg,test,0.478980857,0.478980857,2.915923428
Images (9084).jpg,train,0.768293184,0.768293184,4.073172736
Images (9085).jpg,test,0.52926389,0.52926389,3.11705556
Images (9086).jpg,train,0.571154363,0.571154363,3.284617452
Images (9087).jpg,train,0.719059077,0.719059077,3.876236308
Images (9088).jpg,val,0.621224797,0.621224797,3.484899188
Images (9089).jpg,train,0.510213267,0.510213267,3.040853068
Images (9090).jpg,train,0.64326709,0.64326709,3.57306836
Images (9091).jpg,train,0.762671731,0.762671731,4.050686924
Images (9092).jpg,val,0.735320551,0.735320551,3.941282204
Images (9093).jpg,train,0.577749639,0.577749639,3.310998556
Images (9094).jpg,train,0.679488215,0.679488215,3.71795286
Images (9095).jpg,train,0.700686859,0.700686859,3.802747436
Images (9096).jpg,test,0.676486218,0.676486218,3.705944872
Images (9097).jpg,val,0.673661124,0.673661124,3.694644496
Images (9098).jpg,val,0.740865935,0.740865935,3.96346374
Images (9099).jpg,train,0.608385766,0.608385766,3.433543064
Images (9100).jpg,train,0.683006938,0.683006938,3.732027752
Images (9101).jpg,train,0.606232941,0.606232941,3.424931764
Images (9102).jpg,train,0.6406739,0.6406739,3.5626956
Images (9103).jpg,train,0.682311391,0.682311391,3.729245564
Images (9104).jpg,train,0.698367664,0.698367664,3.793470656
Images (9105).jpg,train,0.693591681,0.693591681,3.774366724
Images (9106).jpg,train,0.745687182,0.745687182,3.982748728
Images (9107).jpg,train,0.741416962,0.741416962,3.965667848
Images (9108).jpg,test,0.709161703,0.709161703,3.836646812
Images (9109).jpg,train,0.706921452,0.706921452,3.827685808
Images (9110).jpg,train,0.766873675,0.766873675,4.0674947
Images (9111).jpg,train,0.772818122,0.772818122,4.091272488
Images (9112).jpg,train,0.616932231,0.616932231,3.467728924
Images (9113).jpg,train,0.733274472,0.733274472,3.933097888
Images (9114).jpg,train,0.739470923,0.739470923,3.957883692
Images (9115).jpg,val,0.656052887,0.656052887,3.624211548
Images (9116).jpg,train,0.659752261,0.659752261,3.639009044
Images (9117).jpg,train,0.663995935,0.663995935,3.65598374
Images (9118).jpg,val,0.655348217,0.655348217,3.621392868
Images (9119).jpg,train,0.600246727,0.600246727,3.400986908
Images (9120).jpg,test,0.700623448,0.700623448,3.802493792
Images (9121).jpg,test,0.703497632,0.703497632,3.813990528
Images (9122).jpg,val,0.687381451,0.687381451,3.749525804
Images (9123).jpg,train,0.635498936,0.635498936,3.541995744
Images (9124).jpg,train,0.635851338,0.635851338,3.543405352
Images (9125).jpg,train,0.699775193,0.699775193,3.799100772
Images (9126).jpg,train,0.792081368,0.792081368,4.168325471999999
Images (9127).jpg,train,0.590499558,0.590499558,3.361998232
Images (9128).jpg,val,0.640120442,0.640120442,3.560481768
Images (9129).jpg,train,0.524426617,0.524426617,3.097706468
Images (9130).jpg,train,0.650507882,0.650507882,3.602031528
Images (9131).jpg,train,0.710929577,0.710929577,3.843718308
Images (9132).jpg,train,0.608154701,0.608154701,3.432618804
Images (9133).jpg,train,0.44960006,0.44960006,2.7984002400000003
Images (9134).jpg,test,0.530865296,0.530865296,3.123461184
Images (9135).jpg,test,0.621695693,0.621695693,3.486782772
Images (9136).jpg,val,0.62949334,0.62949334,3.51797336
Images (9137).jpg,train,0.604277944,0.604277944,3.417111776
Images (9138).jpg,train,0.693180524,0.693180524,3.772722096
Images (9139).jpg,train,0.601951544,0.601951544,3.407806176
Images (9140).jpg,train,0.697189841,0.697189841,3.788759364
Images (9141).jpg,val,0.720756546,0.720756546,3.883026184
Images (9142).jpg,train,0.632925332,0.632925332,3.531701328
Images (9143).jpg,train,0.559220435,0.559220435,3.23688174
Images (9144).jpg,train,0.649954741,0.649954741,3.599818964
Images (9145).jpg,train,0.393518519,0.393518519,2.574074076
Images (9146).jpg,train,0.5117715,0.5117715,3.047086
Images (9147).jpg,train,0.58749891,0.58749891,3.34999564
Images (9148).jpg,train,0.776854795,0.776854795,4.10741918
Images (9149).jpg,train,0.464307483,0.464307483,2.857229932
Images (9150).jpg,train,0.623429323,0.623429323,3.493717292
Images (9151).jpg,train,0.607272517,0.607272517,3.429090068
Images (9152).jpg,train,0.662278756,0.662278756,3.649115024
Images (9153).jpg,train,0.603705722,0.603705722,3.414822888
Images (9154).jpg,val,0.565299685,0.565299685,3.26119874
Images (9155).jpg,train,0.658391332,0.658391332,3.633565328
Images (9156).jpg,train,0.722456162,0.722456162,3.889824648
Images (9157).jpg,train,0.730432274,0.730432274,3.921729096
Images (9158).jpg,val,0.668630803,0.668630803,3.674523212
Images (9159).jpg,train,0.445442955,0.445442955,2.78177182
Images (9160).jpg,train,0.540946591,0.540946591,3.163786364
Images (9161).jpg,train,0.636373023,0.636373023,3.545492092
Images (9162).jpg,test,0.36869289,0.36869289,2.47477156
Images (9163).jpg,train,0.414567101,0.414567101,2.658268404
Images (9164).jpg,train,0.632666504,0.632666504,3.530666016
Images (9165).jpg,val,0.608358338,0.608358338,3.433433352
Images (9166).jpg,train,0.576847641,0.576847641,3.307390564
Images (9167).jpg,train,0.621006157,0.621006157,3.484024628
Images (9168).jpg,train,0.453934667,0.453934667,2.815738668
Images (9169).jpg,train,0.717714237,0.717714237,3.870856948
Images (9170).jpg,train,0.695954727,0.695954727,3.783818908
Images (9171).jpg,train,0.67901076,0.67901076,3.71604304
Images (9172).jpg,train,0.861825181,0.861825181,4.447300724
Images (9173).jpg,train,0.745497119,0.745497119,3.981988476
Images (9174).jpg,train,0.592997125,0.592997125,3.3719885
Images (9175).jpg,train,0.639472649,0.639472649,3.557890596
Images (9176).jpg,test,0.51110635,0.51110635,3.0444254
Images (9177).jpg,train,0.626372941,0.626372941,3.505491764
Images (9178).jpg,train,0.452249405,0.452249405,2.80899762
Images (9179).jpg,train,0.472861416,0.472861416,2.891445664
Images (9180).jpg,train,0.595305211,0.595305211,3.381220844
Images (9181).jpg,train,0.423315329,0.423315329,2.693261316
Images (9182).jpg,train,0.347390579,0.347390579,2.389562316
Images (9183).jpg,train,0.501747889,0.501747889,3.006991556
Images (9184).jpg,train,0.611813861,0.611813861,3.447255444
Images (9185).jpg,train,0.38771592,0.38771592,2.55086368
Images (9186).jpg,train,0.701073086,0.701073086,3.804292344
Images (9187).jpg,train,0.514027913,0.514027913,3.056111652
Images (9188).jpg,test,0.723199913,0.723199913,3.892799652
Images (9189).jpg,train,0.579088085,0.579088085,3.31635234
Images (9190).jpg,train,0.570464538,0.570464538,3.281858152
Images (9191).jpg,train,0.787570934,0.787570934,4.150283736
Images (9192).jpg,train,0.567025341,0.567025341,3.268101364
Images (9193).jpg,train,0.515379921,0.515379921,3.061519684
Images (9194).jpg,train,0.616049429,0.616049429,3.464197716
Images (9195).jpg,train,0.586622519,0.586622519,3.346490076
Images (9196).jpg,test,0.553755193,0.553755193,3.215020772
Images (9197).jpg,train,0.542374838,0.542374838,3.169499352
Images (9198).jpg,train,0.623033574,0.623033574,3.492134296
Images (9199).jpg,train,0.550414472,0.550414472,3.201657888
Images (9200).jpg,train,0.378672333,0.378672333,2.514689332
Images (9201).jpg,train,0.624252194,0.624252194,3.497008776
Images (9202).jpg,val,0.750552458,0.750552458,4.002209832
Images (9203).jpg,train,0.546896367,0.546896367,3.187585468
Images (9204).jpg,train,0.617323732,0.617323732,3.469294928
Images (9205).jpg,train,0.486597465,0.486597465,2.94638986
Images (9206).jpg,train,0.683058445,0.683058445,3.73223378
Images (9207).jpg,train,0.467464726,0.467464726,2.869858904
Images (9208).jpg,train,0.484752211,0.484752211,2.939008844
Images (9209).jpg,train,0.535886038,0.535886038,3.143544152
Images (9210).jpg,train,0.591251883,0.591251883,3.365007532
Images (9211).jpg,val,0.649810453,0.649810453,3.599241812
Images (9212).jpg,train,0.476986802,0.476986802,2.907947208
Images (9213).jpg,test,0.591479714,0.591479714,3.365918856
Images (9214).jpg,test,0.428109997,0.428109997,2.712439988
Images (9215).jpg,train,0.482948001,0.482948001,2.931792004
Images (9216).jpg,train,0.753737614,0.753737614,4.014950455999999
Images (9217).jpg,train,0.692247424,0.692247424,3.768989696
Images (9218).jpg,val,0.527534165,0.527534165,3.11013666
Images (9219).jpg,train,0.615890766,0.615890766,3.463563064
Images (9220).jpg,train,0.672754681,0.672754681,3.691018724
Images (9221).jpg,train,0.736719182,0.736719182,3.946876728
Images (9222).jpg,train,0.664387925,0.664387925,3.6575517
Images (9223).jpg,train,0.630114606,0.630114606,3.520458424
Images (9224).jpg,val,0.597457306,0.597457306,3.389829224
Images (9225).jpg,train,0.657028382,0.657028382,3.628113528
Images (9226).jpg,train,0.582950034,0.582950034,3.331800136
Images (9227).jpg,train,0.53967813,0.53967813,3.15871252
Images (9228).jpg,train,0.67692027,0.67692027,3.70768108
Images (9229).jpg,train,0.517201845,0.517201845,3.06880738
Images (9230).jpg,test,0.545947468,0.545947468,3.183789872
Images (9231).jpg,test,0.596602897,0.596602897,3.386411588
Images (9232).jpg,train,0.443306267,0.443306267,2.773225068
Images (9233).jpg,test,0.632101004,0.632101004,3.528404016
Images (9234).jpg,test,0.629782074,0.629782074,3.519128296
Images (9235).jpg,train,0.579392678,0.579392678,3.317570712
Images (9236).jpg,test,0.531476619,0.531476619,3.125906476
Images (9237).jpg,test,0.585134652,0.585134652,3.340538608
Images (9238).jpg,train,0.740141842,0.740141842,3.960567368
Images (9239).jpg,train,0.775148072,0.775148072,4.100592288
Images (9240).jpg,train,0.307120551,0.307120551,2.228482204
Images (9241).jpg,test,0.433425825,0.433425825,2.7337033
Images (9242).jpg,test,0.707257283,0.707257283,3.829029132
Images (9243).jpg,train,0.545814594,0.545814594,3.183258376
Images (9244).jpg,train,0.563239052,0.563239052,3.252956208
Images (9245).jpg,train,0.314650195,0.314650195,2.25860078
Images (9246).jpg,val,0.697225329,0.697225329,3.788901316
Images (9247).jpg,train,0.685576937,0.685576937,3.742307748
Images (9248).jpg,train,0.778405159,0.778405159,4.113620636
Images (9249).jpg,train,0.534677263,0.534677263,3.138709052
Images (9250).jpg,val,0.669766114,0.669766114,3.679064456
Images (9251).jpg,train,0.596142738,0.596142738,3.384570952
Images (9252).jpg,test,0.589219086,0.589219086,3.356876344
Images (9253).jpg,test,0.674238141,0.674238141,3.696952564
Images (9254).jpg,test,0.642011197,0.642011197,3.568044788
Images (9255).jpg,train,0.585952771,0.585952771,3.343811084
Images (9256).jpg,train,0.462873375,0.462873375,2.8514935
Images (9257).jpg,train,0.492398903,0.492398903,2.969595612
Images (9258).jpg,train,0.661834443,0.661834443,3.647337772
Images (9259).jpg,train,0.485941231,0.485941231,2.943764924
Images (9260).jpg,train,0.64167973,0.64167973,3.56671892
Images (9261).jpg,train,0.717435753,0.717435753,3.869743012
Images (9262).jpg,val,0.677737782,0.677737782,3.710951128
Images (9263).jpg,train,0.663660281,0.663660281,3.654641124
Images (9264).jpg,val,0.595191499,0.595191499,3.380765996
Images (9265).jpg,val,0.666349271,0.666349271,3.665397084
Images (9266).jpg,test,0.731225243,0.731225243,3.924900972
Images (9267).jpg,train,0.70755277,0.70755277,3.83021108
Images (9268).jpg,val,0.689340609,0.689340609,3.757362436
Images (9269).jpg,train,0.737628949,0.737628949,3.950515796
Images (9270).jpg,train,0.721345819,0.721345819,3.885383276
Images (9271).jpg,train,0.635144734,0.635144734,3.540578936
Images (9272).jpg,train,0.467297814,0.467297814,2.869191256
Images (9273).jpg,train,0.549773018,0.549773018,3.199092072
Images (9274).jpg,train,0.437415764,0.437415764,2.749663056
Images (9275).jpg,train,0.532707772,0.532707772,3.130831088
Images (9276).jpg,train,0.551512746,0.551512746,3.206050984
Images (9277).jpg,train,0.569296864,0.569296864,3.277187456
Images (9278).jpg,test,0.593660805,0.593660805,3.37464322
Images (9279).jpg,train,0.698562066,0.698562066,3.794248264
Images (9280).jpg,train,0.639709498,0.639709498,3.558837992
Images (9281).jpg,val,0.687019265,0.687019265,3.74807706
Images (9282).jpg,train,0.621937244,0.621937244,3.487748976
Images (9283).jpg,train,0.671400464,0.671400464,3.685601856
Images (9284).jpg,train,0.652781563,0.652781563,3.611126252
Images (9285).jpg,train,0.497062562,0.497062562,2.988250248
Images (9286).jpg,train,0.694023447,0.694023447,3.776093788
Images (9287).jpg,train,0.557615567,0.557615567,3.230462268
Images (9288).jpg,train,0.747075263,0.747075263,3.988301052
Images (9289).jpg,train,0.631206428,0.631206428,3.524825712
Images (9290).jpg,train,0.50199887,0.50199887,3.00799548
Images (9291).jpg,test,0.518570078,0.518570078,3.074280312
Images (9292).jpg,test,0.493336437,0.493336437,2.973345748
Images (9293).jpg,val,0.563426255,0.563426255,3.25370502
Images (9294).jpg,train,0.72234935,0.72234935,3.8893974
Images (9295).jpg,train,0.462406713,0.462406713,2.849626852
Images (9296).jpg,train,0.585446488,0.585446488,3.341785952
Images (9297).jpg,test,0.720829511,0.720829511,3.883318044
Images (9298).jpg,train,0.61718906,0.61718906,3.46875624
Images (9299).jpg,train,0.586695959,0.586695959,3.346783836
Images (9300).jpg,val,0.542426822,0.542426822,3.169707288
Images (9301).jpg,train,0.507070408,0.507070408,3.028281632
Images (9302).jpg,test,0.49393932,0.49393932,2.97575728
Images (9303).jpg,train,0.630060431,0.630060431,3.520241724
Images (9304).jpg,train,0.54413533,0.54413533,3.17654132
Images (9305).jpg,test,0.574405958,0.574405958,3.297623832
Images (9306).jpg,train,0.684835138,0.684835138,3.739340552
Images (9307).jpg,train,0.610195236,0.610195236,3.440780944
Images (9308).jpg,train,0.44588028,0.44588028,2.78352112
Images (9309).jpg,train,0.643872445,0.643872445,3.57548978
Images (9310).jpg,train,0.44890083,0.44890083,2.79560332
Images (9311).jpg,train,0.576474564,0.576474564,3.305898256
Images (9312).jpg,val,0.646328595,0.646328595,3.58531438
Images (9313).jpg,train,0.67551684,0.67551684,3.70206736
Images (9314).jpg,train,0.546142919,0.546142919,3.184571676
Images (9315).jpg,test,0.581622996,0.581622996,3.326491984
Images (9316).jpg,train,0.360641982,0.360641982,2.442567928
Images (9317).jpg,train,0.541910164,0.541910164,3.167640656
Images (9318).jpg,train,0.315,0.315,2.26
Images (9319).jpg,val,0.552873604,0.552873604,3.211494416
Images (9320).jpg,train,0.468372929,0.468372929,2.873491716
Images (9321).jpg,train,0.551558583,0.551558583,3.206234332
Images (9322).jpg,train,0.667242043,0.667242043,3.668968172
Images (9323).jpg,train,0.4390676,0.4390676,2.7562704
Images (9324).jpg,test,0.472927201,0.472927201,2.8917088040000003
Images (9325).jpg,test,0.646675082,0.646675082,3.586700328
Images (9326).jpg,train,0.667863446,0.667863446,3.671453784
Images (9327).jpg,test,0.385251813,0.385251813,2.541007252
Images (9328).jpg,val,0.675412877,0.675412877,3.701651508
Images (9329).jpg,train,0.44010814,0.44010814,2.76043256
Images (9330).jpg,train,0.73725199,0.73725199,3.94900796
Images (9331).jpg,test,0.60993186,0.60993186,3.43972744
Images (9332).jpg,train,0.736445607,0.736445607,3.945782428
Images (9333).jpg,test,0.455600709,0.455600709,2.822402836
Images (9334).jpg,train,0.559606564,0.559606564,3.238426256
Images (9335).jpg,train,0.651462521,0.651462521,3.605850084
Images (9336).jpg,test,0.336361875,0.336361875,2.3454475
Images (9337).jpg,train,0.614707634,0.614707634,3.458830536
Images (9338).jpg,train,0.633826973,0.633826973,3.535307892
Images (9339).jpg,train,0.564731994,0.564731994,3.258927976
Images (9340).jpg,train,0.43542615,0.43542615,2.7417046000000003
Images (9341).jpg,test,0.636122911,0.636122911,3.544491644
Images (9342).jpg,train,0.679717722,0.679717722,3.718870888
Images (9343).jpg,train,0.477172292,0.477172292,2.908689168
Images (9344).jpg,test,0.601635055,0.601635055,3.40654022
Images (9345).jpg,val,0.648728306,0.648728306,3.594913224
Images (9346).jpg,train,0.600566357,0.600566357,3.402265428
Images (9347).jpg,train,0.576748024,0.576748024,3.306992096
Images (9348).jpg,train,0.366709837,0.366709837,2.466839348
Images (9349).jpg,train,0.382111571,0.382111571,2.528446284
Images (9350).jpg,train,0.555856039,0.555856039,3.223424156
Images (9351).jpg,train,0.668425248,0.668425248,3.673700992
Images (9352).jpg,train,0.520820533,0.520820533,3.083282132
Images (9353).jpg,train,0.578344758,0.578344758,3.313379032
Images (9354).jpg,train,0.608660191,0.608660191,3.434640764
Images (9355).jpg,train,0.732704553,0.732704553,3.930818212
Images (9356).jpg,test,0.451404758,0.451404758,2.805619032
Images (9357).jpg,train,0.562256944,0.562256944,3.249027776
Images (9358).jpg,train,0.577523472,0.577523472,3.310093888
Images (9359).jpg,train,0.468133585,0.468133585,2.87253434
Images (9360).jpg,train,0.524644768,0.524644768,3.098579072
Images (9361).jpg,train,0.657480795,0.657480795,3.62992318
Images (9362).jpg,train,0.548783487,0.548783487,3.195133948
Images (9363).jpg,train,0.580625984,0.580625984,3.322503936
Images (9364).jpg,train,0.676069707,0.676069707,3.704278828
Images (9365).jpg,train,0.586324132,0.586324132,3.345296528
Images (9366).jpg,train,0.534388992,0.534388992,3.137555968
Images (9367).jpg,train,0.557121041,0.557121041,3.228484164
Images (9368).jpg,train,0.666758026,0.666758026,3.667032104
Images (9369).jpg,train,0.526314309,0.526314309,3.105257236
Images (9370).jpg,train,0.409847519,0.409847519,2.639390076
Images (9371).jpg,train,0.680337765,0.680337765,3.72135106
Images (9372).jpg,train,0.515110461,0.515110461,3.060441844
Images (9373).jpg,train,0.58841964,0.58841964,3.35367856
Images (9374).jpg,train,0.674372534,0.674372534,3.697490136
Images (9375).jpg,test,0.636758771,0.636758771,3.547035084
Images (9376).jpg,train,0.725945332,0.725945332,3.903781328
Images (9377).jpg,train,0.481829216,0.481829216,2.927316864
Images (9378).jpg,val,0.590748544,0.590748544,3.362994176
Images (9379).jpg,train,0.645739579,0.645739579,3.582958316
Images (9380).jpg,val,0.659057057,0.659057057,3.636228228
Images (9381).jpg,train,0.391305048,0.391305048,2.565220192
Images (9382).jpg,train,0.654616909,0.654616909,3.618467636
Images (9383).jpg,train,0.700989957,0.700989957,3.803959828
Images (9384).jpg,test,0.651968553,0.651968553,3.607874212
Images (9385).jpg,train,0.628715222,0.628715222,3.514860888
Images (9386).jpg,train,0.373064797,0.373064797,2.492259188
Images (9387).jpg,train,0.567573205,0.567573205,3.27029282
Images (9388).jpg,train,0.493078206,0.493078206,2.9723128240000003
Images (9389).jpg,train,0.492459805,0.492459805,2.96983922
Images (9390).jpg,val,0.373310578,0.373310578,2.493242312
Images (9391).jpg,train,0.540350044,0.540350044,3.161400176
Images (9392).jpg,train,0.489004907,0.489004907,2.956019628
Images (9393).jpg,train,0.289891922,0.289891922,2.159567688
Images (9394).jpg,train,0.536488001,0.536488001,3.145952004
Images (9395).jpg,train,0.736813512,0.736813512,3.947254048
Images (9396).jpg,train,0.60213139,0.60213139,3.40852556
Images (9397).jpg,test,0.653368866,0.653368866,3.613475464
Images (9398).jpg,train,0.713043711,0.713043711,3.852174844
Images (9399).jpg,train,0.60097644,0.60097644,3.40390576
Images (9400).jpg,val,0.592017252,0.592017252,3.368069008
Images (9401).jpg,test,0.689085025,0.689085025,3.7563401
Images (9402).jpg,train,0.672535122,0.672535122,3.690140488
Images (9403).jpg,train,0.638469403,0.638469403,3.553877612
Images (9404).jpg,val,0.544125583,0.544125583,3.176502332
Images (9405).jpg,test,0.487034873,0.487034873,2.948139492
Images (9406).jpg,val,0.580598111,0.580598111,3.322392444
Images (9407).jpg,train,0.567778346,0.567778346,3.271113384
Images (9408).jpg,val,0.497451541,0.497451541,2.989806164
Images (9409).jpg,train,0.482994212,0.482994212,2.931976848
Images (9410).jpg,train,0.547683346,0.547683346,3.190733384
Images (9411).jpg,train,0.60901284,0.60901284,3.43605136
Images (9412).jpg,train,0.600476079,0.600476079,3.401904316
Images (9413).jpg,val,0.549572384,0.549572384,3.198289536
Images (9414).jpg,train,0.481157275,0.481157275,2.9246291
Images (9415).jpg,train,0.647909195,0.647909195,3.59163678
Images (9416).jpg,train,0.593167962,0.593167962,3.372671848
Images (9417).jpg,test,0.629176419,0.629176419,3.516705676
Images (9418).jpg,train,0.356571686,0.356571686,2.426286744
Images (9419).jpg,train,0.438885491,0.438885491,2.755541964
Images (9420).jpg,val,0.444009492,0.444009492,2.776037968
Images (9421).jpg,train,0.341644107,0.341644107,2.366576428
Images (9422).jpg,train,0.648714297,0.648714297,3.594857188
Images (9423).jpg,train,0.393782644,0.393782644,2.5751305760000003
Images (9424).jpg,val,0.366389092,0.366389092,2.465556368
Images (9425).jpg,train,0.378666169,0.378666169,2.514664676
Images (9426).jpg,train,0.634728186,0.634728186,3.538912744
Images (9427).jpg,train,0.603743732,0.603743732,3.414974928
Images (9428).jpg,train,0.677228101,0.677228101,3.708912404
Images (9429).jpg,train,0.55943666,0.55943666,3.23774664
Images (9430).jpg,train,0.464160187,0.464160187,2.856640748
Images (9431).jpg,val,0.490726178,0.490726178,2.9629047120000003
Images (9432).jpg,train,0.484349625,0.484349625,2.9373985
Images (9433).jpg,train,0.487749547,0.487749547,2.950998188
Images (9434).jpg,train,0.309061196,0.309061196,2.236244784
Images (9435).jpg,train,0.414926823,0.414926823,2.659707292
Images (9436).jpg,train,0.588837967,0.588837967,3.355351868
Images (9437).jpg,train,0.483970578,0.483970578,2.935882312
Images (9438).jpg,train,0.25657869,0.25657869,2.02631476
Images (9439).jpg,train,0.577070318,0.577070318,3.308281272
Images (9440).jpg,train,0.625774252,0.625774252,3.503097008
Images (9441).jpg,train,0.708107464,0.708107464,3.832429856
Images (9442).jpg,train,0.471885973,0.471885973,2.887543892
Images (9443).jpg,train,0.770310471,0.770310471,4.081241884000001
Images (9444).jpg,train,0.483744486,0.483744486,2.934977944
Images (9445).jpg,train,0.504263375,0.504263375,3.0170535
Images (9446).jpg,train,0.455045655,0.455045655,2.82018262
Images (9447).jpg,train,0.728781102,0.728781102,3.915124408
Images (9448).jpg,train,0.753396901,0.753396901,4.013587604
Images (9449).jpg,train,0.511946331,0.511946331,3.047785324
Images (9450).jpg,test,0.510087235,0.510087235,3.04034894
Images (9451).jpg,train,0.522597762,0.522597762,3.090391048
Images (9452).jpg,train,0.385659034,0.385659034,2.542636136
Images (9453).jpg,train,0.257195501,0.257195501,2.028782004
Images (9454).jpg,train,0.470101464,0.470101464,2.8804058560000003
Images (9455).jpg,train,0.47202369,0.47202369,2.88809476
Images (9456).jpg,train,0.438493111,0.438493111,2.753972444
Images (9457).jpg,train,0.51406585,0.51406585,3.0562634
Images (9458).jpg,val,0.392844212,0.392844212,2.571376848
Images (9459).jpg,val,0.570180605,0.570180605,3.28072242
Images (9460).jpg,train,0.5140121,0.5140121,3.0560484
Images (9461).jpg,test,0.306065218,0.306065218,2.2242608720000003
Images (9462).jpg,test,0.61565232,0.61565232,3.46260928
Images (9463).jpg,train,0.523486219,0.523486219,3.093944876
Images (9464).jpg,train,0.585932336,0.585932336,3.343729344
Images (9465).jpg,train,0.546058762,0.546058762,3.184235048
Images (9466).jpg,train,0.497494996,0.497494996,2.989979984
Images (9467).jpg,train,0.593906055,0.593906055,3.37562422
Images (9468).jpg,train,0.519033672,0.519033672,3.076134688
Images (9469).jpg,train,0.359567362,0.359567362,2.438269448
Images (9470).jpg,train,0.283369362,0.283369362,2.133477448
Images (9471).jpg,train,0.359034455,0.359034455,2.43613782
Images (9472).jpg,train,0.393765008,0.393765008,2.575060032
Images (9473).jpg,train,0.578036171,0.578036171,3.312144684
Images (9474).jpg,train,0.629878228,0.629878228,3.519512912
Images (9475).jpg,train,0.629437145,0.629437145,3.51774858
Images (9476).jpg,train,0.432213128,0.432213128,2.728852512
Images (9477).jpg,train,0.443379855,0.443379855,2.77351942
Images (9478).jpg,train,0.587353731,0.587353731,3.349414924
Images (9479).jpg,train,0.675435516,0.675435516,3.701742064
Images (9480).jpg,test,0.359846094,0.359846094,2.439384376
Images (9481).jpg,train,0.390230951,0.390230951,2.560923804
Images (9482).jpg,train,0.444865837,0.444865837,2.779463348
Images (9483).jpg,train,0.446713824,0.446713824,2.786855296
Images (9484).jpg,train,0.34250549,0.34250549,2.37002196
Images (9485).jpg,train,0.380135249,0.380135249,2.5205409960000003
Images (9486).jpg,train,0.392244528,0.392244528,2.568978112
Images (9487).jpg,train,0.007807052,0.007807052,1.031228208
Images (9488).jpg,train,0.42629699,0.42629699,2.70518796
Images (9489).jpg,val,0.567863175,0.567863175,3.2714527
Images (9490).jpg,val,0.360823926,0.360823926,2.443295704
Images (9491).jpg,train,0.634230244,0.634230244,3.536920976
Images (9492).jpg,train,0.281574919,0.281574919,2.126299676
Images (9493).jpg,train,0.275816847,0.275816847,2.103267388
Images (9494).jpg,test,0.38222274,0.38222274,2.52889096
Images (9495).jpg,train,0.419096701,0.419096701,2.676386804
Images (9496).jpg,train,0.418907783,0.418907783,2.675631132
Images (9497).jpg,train,0.438716252,0.438716252,2.754865008
Images (9498).jpg,train,0.429442971,0.429442971,2.717771884
Images (9499).jpg,train,0.456360639,0.456360639,2.825442556
Images (9500).jpg,train,0.385534775,0.385534775,2.5421391
Images (9501).jpg,val,0.576800168,0.576800168,3.307200672
Images (9502).jpg,test,0.573778288,0.573778288,3.295113152
Images (9503).jpg,train,0.502418811,0.502418811,3.009675244
Images (9504).jpg,train,0.15016999,0.15016999,1.60067996
Images (9505).jpg,val,0.302057407,0.302057407,2.208229628
Images (9506).jpg,train,0.200628903,0.200628903,1.802515612
Images (9507).jpg,val,0.541037571,0.541037571,3.164150284
Images (9508).jpg,train,0.367438402,0.367438402,2.469753608
Images (9509).jpg,train,0.354161664,0.354161664,2.416646656
Images (9510).jpg,train,0.506581656,0.506581656,3.026326624
Images (9511).jpg,train,0.488912878,0.488912878,2.955651512
Images (9512).jpg,train,0.454649163,0.454649163,2.818596652
Images (9513).jpg,train,0.121093842,0.121093842,1.484375368
Images (9514).jpg,test,0.502747513,0.502747513,3.010990052
Images (9515).jpg,train,0.509874146,0.509874146,3.039496584
Images (9516).jpg,train,0.27975322,0.27975322,2.11901288
Images (9517).jpg,train,0.357014143,0.357014143,2.428056572
Images (9518).jpg,test,0.334846002,0.334846002,2.339384008
Images (9519).jpg,test,0.15849308,0.15849308,1.63397232
Images (9520).jpg,test,0.506905949,0.506905949,3.027623796
Images (9521).jpg,train,0.398771531,0.398771531,2.595086124
Images (9522).jpg,train,0.246217977,0.246217977,1.984871908
Images (9523).jpg,train,0.158094498,0.158094498,1.632377992
Images (9524).jpg,train,0.473014284,0.473014284,2.892057136
Images (9525).jpg,train,0.316990731,0.316990731,2.267962924
Images (9526).jpg,train,0.258486474,0.258486474,2.033945896
Images (9527).jpg,train,0.247154534,0.247154534,1.988618136
Images (9528).jpg,val,0.442093138,0.442093138,2.768372552
Images (9529).jpg,train,0.445821689,0.445821689,2.783286756
Images (9530).jpg,train,0.499208326,0.499208326,2.996833304
Images (9531).jpg,test,0.297714608,0.297714608,2.190858432
Images (9532).jpg,train,0.484032204,0.484032204,2.936128816
Images (9533).jpg,test,0.308887875,0.308887875,2.2355515
Images (9534).jpg,train,0.247965043,0.247965043,1.991860172
Images (9535).jpg,train,0.5486959,0.5486959,3.1947836
Images (9536).jpg,train,0.457286978,0.457286978,2.829147912
Images (9537).jpg,train,0.326446886,0.326446886,2.305787544
Images (9538).jpg,train,0.418152948,0.418152948,2.672611792
Images (9539).jpg,train,0.350584224,0.350584224,2.402336896
Images (9540).jpg,train,0.558824831,0.558824831,3.235299324
Images (9541).jpg,val,0.640713031,0.640713031,3.562852124
Images (9542).jpg,train,0.395592507,0.395592507,2.582370028
Images (9543).jpg,train,0.561949759,0.561949759,3.247799036
Images (9544).jpg,train,0.424699922,0.424699922,2.6987996880000003
Images (9545).jpg,test,0.470973789,0.470973789,2.883895156
Images (9546).jpg,train,0.352104378,0.352104378,2.408417512
Images (9547).jpg,train,0.384351814,0.384351814,2.537407256
Images (9548).jpg,train,0.425042608,0.425042608,2.700170432
Images (9549).jpg,train,0.436233498,0.436233498,2.744933992
Images (9550).jpg,train,0.452550442,0.452550442,2.810201768
Images (9551).jpg,test,0.306373362,0.306373362,2.225493448
Images (9552).jpg,train,0.409429847,0.409429847,2.637719388
Images (9553).jpg,val,0.328962095,0.328962095,2.3158483800000003
Images (9554).jpg,val,0.38291095,0.38291095,2.5316438000000003
Images (9555).jpg,test,0.460066807,0.460066807,2.840267228
Images (9556).jpg,val,0.365195623,0.365195623,2.460782492
Images (9557).jpg,train,0.409839413,0.409839413,2.639357652
Images (9558).jpg,val,0.428643046,0.428643046,2.714572184
Images (9559).jpg,train,0.364445565,0.364445565,2.45778226
Images (9560).jpg,test,0.469830705,0.469830705,2.87932282
Images (9561).jpg,train,0.370232956,0.370232956,2.480931824
Images (9562).jpg,train,0.345225368,0.345225368,2.380901472
Images (9563).jpg,train,0.367010997,0.367010997,2.468043988
Images (9564).jpg,train,0.377299819,0.377299819,2.509199276
Images (9565).jpg,train,0.349264921,0.349264921,2.397059684
Images (9566).jpg,train,0.379741277,0.379741277,2.518965108
Images (9567).jpg,train,0.405537796,0.405537796,2.622151184
Images (9568).jpg,train,0.426319049,0.426319049,2.705276196
Images (9569).jpg,test,0.368881152,0.368881152,2.475524608
Images (9570).jpg,train,0.307449905,0.307449905,2.22979962
Images (9571).jpg,test,0.312236343,0.312236343,2.248945372
Images (9572).jpg,train,0.606826015,0.606826015,3.42730406
Images (9573).jpg,train,0.529492513,0.529492513,3.117970052
Images (9574).jpg,train,0.342862902,0.342862902,2.371451608
Images (9575).jpg,test,0.383831744,0.383831744,2.535326976
Images (9576).jpg,train,0.420493475,0.420493475,2.6819739
Images (9577).jpg,val,0.382883261,0.382883261,2.531533044
Images (9578).jpg,train,0.511755977,0.511755977,3.047023908
Images (9579).jpg,train,0.485214722,0.485214722,2.940858888
Images (9580).jpg,train,0.39222143,0.39222143,2.56888572
Images (9581).jpg,train,0.465972297,0.465972297,2.863889188
Images (9582).jpg,train,0.474683367,0.474683367,2.898733468
Images (9583).jpg,val,0.366429572,0.366429572,2.465718288
Images (9584).jpg,test,0.342217741,0.342217741,2.368870964
Images (9585).jpg,test,0.335215813,0.335215813,2.340863252
Images (9586).jpg,train,0.502490399,0.502490399,3.009961596
Images (9587).jpg,train,0.475631797,0.475631797,2.902527188
Images (9588).jpg,train,0.461018858,0.461018858,2.844075432
Images (9589).jpg,train,0.335355049,0.335355049,2.341420196
Images (9590).jpg,train,0.344563039,0.344563039,2.3782521560000003
Images (9591).jpg,train,0.579260552,0.579260552,3.317042208
Images (9592).jpg,train,0.511672629,0.511672629,3.046690516
Images (9593).jpg,train,0.445503,0.445503,2.782012
Images (9594).jpg,val,0.560469388,0.560469388,3.241877552
Images (9595).jpg,test,0.606316864,0.606316864,3.425267456
Images (9596).jpg,train,0.599345285,0.599345285,3.39738114
Images (9597).jpg,train,0.552647456,0.552647456,3.210589824
Images (9598).jpg,train,0.395346513,0.395346513,2.581386052
Images (9599).jpg,train,0.506761474,0.506761474,3.027045896
Images (9600).jpg,train,0.488417962,0.488417962,2.953671848
Images (9601).jpg,train,0.522348721,0.522348721,3.089394884
Images (9602).jpg,train,0.586969578,0.586969578,3.347878312
Images (9603).jpg,train,0.261106626,0.261106626,2.044426504
Images (9604).jpg,test,0.547346249,0.547346249,3.189384996
Images (9605).jpg,train,0.466263324,0.466263324,2.865053296
Images (9606).jpg,test,0.485418932,0.485418932,2.941675728
Images (9607).jpg,train,0.475567952,0.475567952,2.902271808
Images (9608).jpg,train,0.732409975,0.732409975,3.9296399
Images (9609).jpg,train,0.701282364,0.701282364,3.805129456
Images (9610).jpg,test,0.378746963,0.378746963,2.514987852
Images (9611).jpg,train,0.58125096,0.58125096,3.32500384
Images (9612).jpg,train,0.440705856,0.440705856,2.762823424
Images (9613).jpg,train,0.714098895,0.714098895,3.85639558
Images (9614).jpg,test,0.683041169,0.683041169,3.732164676
Images (9615).jpg,train,0.746783936,0.746783936,3.987135744
Images (9616).jpg,train,0.67586885,0.67586885,3.7034754
Images (9617).jpg,train,0.681795143,0.681795143,3.727180572
Images (9618).jpg,train,0.51806308,0.51806308,3.07225232
Images (9619).jpg,train,0.384743244,0.384743244,2.538972976
Images (9620).jpg,train,0.159112847,0.159112847,1.636451388
Images (9621).jpg,train,0.763657218,0.763657218,4.054628872
Images (9622).jpg,test,0.464034163,0.464034163,2.856136652
Images (9623).jpg,val,0.460733708,0.460733708,2.842934832
Images (9624).jpg,train,0.350654476,0.350654476,2.402617904
Images (9625).jpg,train,0.619996048,0.619996048,3.479984192
Images (9626).jpg,train,0.272895533,0.272895533,2.091582132
Images (9627).jpg,train,0.423954232,0.423954232,2.695816928
Images (9628).jpg,test,0.286676757,0.286676757,2.146707028
Images (9629).jpg,test,0.680804703,0.680804703,3.723218812
Images (9630).jpg,train,0.565425476,0.565425476,3.261701904
Images (9631).jpg,train,0.600269819,0.600269819,3.401079276
Images (9632).jpg,test,0.539057178,0.539057178,3.156228712
Images (9633).jpg,train,0.448787824,0.448787824,2.795151296
Images (9634).jpg,val,0.561498354,0.561498354,3.245993416
Images (9635).jpg,train,0.587348119,0.587348119,3.349392476
Images (9636).jpg,train,0.425528395,0.425528395,2.70211358
Images (9637).jpg,train,0.540305694,0.540305694,3.161222776
Images (9638).jpg,train,0.409561183,0.409561183,2.638244732
Images (9639).jpg,test,0.537430419,0.537430419,3.149721676
Images (9640).jpg,train,0.497497132,0.497497132,2.989988528
Images (9641).jpg,train,0.439161484,0.439161484,2.756645936
Images (9642).jpg,train,0.450062001,0.450062001,2.800248004
Images (9643).jpg,train,0.448062767,0.448062767,2.792251068
Images (9644).jpg,val,0.452898057,0.452898057,2.8115922280000003
Images (9645).jpg,train,0.496925277,0.496925277,2.987701108
Images (9646).jpg,train,0.595036317,0.595036317,3.380145268
Images (9647).jpg,train,0.539376235,0.539376235,3.15750494
Images (9648).jpg,train,0.365701867,0.365701867,2.4628074680000003
Images (9649).jpg,test,0.556545818,0.556545818,3.226183272
Images (9650).jpg,val,0.370354478,0.370354478,2.481417912
Images (9651).jpg,train,0.448111835,0.448111835,2.79244734
Images (9652).jpg,train,0.383708909,0.383708909,2.534835636
Images (9653).jpg,test,0.566699479,0.566699479,3.266797916
Images (9654).jpg,train,0.457546049,0.457546049,2.8301841960000003
Images (9655).jpg,train,0.59800895,0.59800895,3.3920358
Images (9656).jpg,train,0.610934812,0.610934812,3.443739248
Images (9657).jpg,val,0.423218702,0.423218702,2.692874808
Images (9658).jpg,train,0.630684197,0.630684197,3.522736788
Images (9659).jpg,train,0.660188859,0.660188859,3.640755436
Images (9660).jpg,test,0.597632854,0.597632854,3.390531416
Images (9661).jpg,train,0.614488359,0.614488359,3.457953436
Images (9662).jpg,train,0.56649585,0.56649585,3.2659834
Images (9663).jpg,train,0.594821743,0.594821743,3.379286972
Images (9664).jpg,train,0.606454398,0.606454398,3.425817592
Images (9665).jpg,train,0.30470751,0.30470751,2.2188300400000003
Images (9666).jpg,val,0.444829706,0.444829706,2.779318824
Images (9667).jpg,train,0.329414823,0.329414823,2.317659292
Images (9668).jpg,train,0.314694384,0.314694384,2.258777536
Images (9669).jpg,train,0.474817622,0.474817622,2.899270488
Images (9670).jpg,train,0.450903763,0.450903763,2.803615052
Images (9671).jpg,train,0.239487687,0.239487687,1.957950748
Images (9672).jpg,train,0.581388393,0.581388393,3.325553572
Images (9673).jpg,test,0.329606725,0.329606725,2.3184269
Images (9674).jpg,val,0.48554492,0.48554492,2.94217968
Images (9675).jpg,train,0.418269022,0.418269022,2.673076088
Images (9676).jpg,train,0.530560146,0.530560146,3.122240584
Images (9677).jpg,train,0.44531216,0.44531216,2.7812486400000003
Images (9678).jpg,test,0.640457125,0.640457125,3.5618285
Images (9679).jpg,val,0.383284676,0.383284676,2.533138704
Images (9680).jpg,train,0.59613617,0.59613617,3.38454468
Images (9681).jpg,test,0.425422261,0.425422261,2.701689044
Images (9682).jpg,train,0.622562961,0.622562961,3.490251844
Images (9683).jpg,val,0.630676869,0.630676869,3.522707476
Images (9684).jpg,test,0.679657905,0.679657905,3.71863162
Images (9685).jpg,train,0.590421698,0.590421698,3.361686792
Images (9686).jpg,train,0.476074193,0.476074193,2.904296772
Images (9687).jpg,train,0.481793164,0.481793164,2.927172656
Images (9688).jpg,train,0.362684648,0.362684648,2.450738592
Images (9689).jpg,train,0.273453057,0.273453057,2.093812228
Images (9690).jpg,test,0.57208324,0.57208324,3.28833296
Images (9691).jpg,test,0.515228092,0.515228092,3.060912368
Images (9692).jpg,train,0.35627845,0.35627845,2.4251138
Images (9693).jpg,train,0.375384495,0.375384495,2.50153798
Images (9694).jpg,train,0.430976047,0.430976047,2.723904188
Images (9695).jpg,train,0.473434533,0.473434533,2.893738132
Images (9696).jpg,train,0.271504929,0.271504929,2.086019716
Images (9697).jpg,train,0.490980118,0.490980118,2.963920472
Images (9698).jpg,train,0.68522897,0.68522897,3.74091588
Images (9699).jpg,train,0.485110314,0.485110314,2.940441256
Images (9700).jpg,test,0.400313675,0.400313675,2.6012547
Images (9701).jpg,train,0.283793587,0.283793587,2.135174348
Images (9702).jpg,val,0.433627055,0.433627055,2.73450822
Images (9703).jpg,test,0.466335309,0.466335309,2.865341236
Images (9704).jpg,train,0.507067287,0.507067287,3.028269148
Images (9705).jpg,test,0.468793949,0.468793949,2.875175796
Images (9706).jpg,train,0.558808461,0.558808461,3.235233844
Images (9707).jpg,train,0.379666913,0.379666913,2.518667652
Images (9708).jpg,train,0.506493496,0.506493496,3.025973984
Images (9709).jpg,train,0.473434851,0.473434851,2.893739404
Images (9710).jpg,train,0.568038303,0.568038303,3.272153212
Images (9711).jpg,test,0.721804853,0.721804853,3.887219412
Images (9712).jpg,test,0.571180259,0.571180259,3.284721036
Images (9713).jpg,train,0.582229425,0.582229425,3.3289177
Images (9714).jpg,train,0.627335312,0.627335312,3.509341248
Images (9715).jpg,train,0.671972458,0.671972458,3.687889832
Images (9716).jpg,test,0.615316469,0.615316469,3.461265876
Images (9717).jpg,train,0.45171325,0.45171325,2.8068530000000003
Images (9718).jpg,test,0.227256877,0.227256877,1.909027508
Images (9719).jpg,train,0.699101523,0.699101523,3.796406092
Images (9720).jpg,train,0.493139555,0.493139555,2.97255822
Images (9721).jpg,test,0.577983277,0.577983277,3.311933108
Images (9722).jpg,train,0.477517419,0.477517419,2.910069676
Images (9723).jpg,train,0.583101685,0.583101685,3.33240674
Images (9724).jpg,val,0.504436624,0.504436624,3.017746496
Images (9725).jpg,val,0.62945416,0.62945416,3.51781664
Images (9726).jpg,train,0.297705945,0.297705945,2.19082378
Images (9727).jpg,val,0.407296898,0.407296898,2.629187592
Images (9728).jpg,train,0.489106844,0.489106844,2.956427376
Images (9729).jpg,train,0.634996224,0.634996224,3.539984896
Images (9730).jpg,train,0.60163924,0.60163924,3.40655696
Images (9731).jpg,test,0.620276577,0.620276577,3.481106308
Images (9732).jpg,val,0.419133796,0.419133796,2.676535184
Images (9733).jpg,train,0.554616048,0.554616048,3.218464192
Images (9734).jpg,train,0.693489834,0.693489834,3.773959336
Images (9735).jpg,train,0.747507145,0.747507145,3.99002858
Images (9736).jpg,train,0.706676238,0.706676238,3.826704952
Images (9737).jpg,train,0.596808028,0.596808028,3.387232112
Images (9738).jpg,train,0.363773325,0.363773325,2.4550933
Images (9739).jpg,train,0.629911077,0.629911077,3.519644308
Images (9740).jpg,train,0.556093662,0.556093662,3.224374648
Images (9741).jpg,train,0.758458893,0.758458893,4.033835572
Images (9742).jpg,train,0.621577079,0.621577079,3.486308316
Images (9743).jpg,train,0.453702531,0.453702531,2.814810124
Images (9744).jpg,train,0.336251821,0.336251821,2.345007284
Images (9745).jpg,train,0.337306002,0.337306002,2.349224008
Images (9746).jpg,train,0.369109081,0.369109081,2.476436324
Images (9747).jpg,val,0.571303025,0.571303025,3.2852121
Images (9748).jpg,train,0.496001749,0.496001749,2.984006996
Images (9749).jpg,train,0.323120836,0.323120836,2.292483344
Images (9750).jpg,test,0.410428287,0.410428287,2.641713148
Images (9751).jpg,train,0.355105589,0.355105589,2.420422356
Images (9752).jpg,train,0.352704505,0.352704505,2.41081802
Images (9753).jpg,train,0.417830127,0.417830127,2.671320508
Images (9754).jpg,train,0.447818891,0.447818891,2.791275564
Images (9755).jpg,train,0.260969689,0.260969689,2.043878756
Images (9756).jpg,val,0.546537468,0.546537468,3.186149872
Images (9757).jpg,train,0.403631852,0.403631852,2.614527408
Images (9758).jpg,train,0.498002233,0.498002233,2.992008932
Images (9759).jpg,train,0.587796394,0.587796394,3.351185576
Images (9760).jpg,train,0.594035491,0.594035491,3.376141964
Images (9761).jpg,test,0.299558353,0.299558353,2.198233412
Images (9762).jpg,train,0.52949177,0.52949177,3.11796708
Images (9763).jpg,train,0.90317466,0.90317466,4.61269864
Images (9764).jpg,train,0.538847458,0.538847458,3.155389832
Images (9765).jpg,train,0.664797174,0.664797174,3.659188696
Images (9766).jpg,train,0.40796749,0.40796749,2.63186996
Images (9767).jpg,train,0.558078686,0.558078686,3.232314744
Images (9768).jpg,val,0.376700006,0.376700006,2.506800024
Images (9769).jpg,train,0.368464449,0.368464449,2.473857796
Images (9770).jpg,train,0.388189772,0.388189772,2.552759088
Images (9771).jpg,train,0.395410197,0.395410197,2.581640788
Images (9772).jpg,test,0.444177656,0.444177656,2.776710624
Images (9773).jpg,test,0.606327132,0.606327132,3.425308528
Images (9774).jpg,test,0.368688664,0.368688664,2.474754656
Images (9775).jpg,train,0.656767177,0.656767177,3.627068708
Images (9776).jpg,test,0.59106437,0.59106437,3.36425748
Images (9777).jpg,train,0.458191369,0.458191369,2.832765476
Images (9778).jpg,train,0.572571939,0.572571939,3.290287756
Images (9779).jpg,train,0.341522879,0.341522879,2.366091516
Images (9780).jpg,test,0.569540989,0.569540989,3.278163956
Images (9781).jpg,test,0.672718918,0.672718918,3.690875672
Images (9782).jpg,train,0.759079104,0.759079104,4.036316416
Images (9783).jpg,train,0.560227196,0.560227196,3.240908784
Images (9784).jpg,test,0.518696859,0.518696859,3.074787436
Images (9785).jpg,train,0.669258702,0.669258702,3.677034808
Images (9786).jpg,train,0.721244557,0.721244557,3.884978228
Images (9787).jpg,train,0.861073048,0.861073048,4.444292192
Images (9788).jpg,train,0.731960582,0.731960582,3.927842328
Images (9789).jpg,train,0.659607379,0.659607379,3.638429516
Images (9790).jpg,train,0.419438202,0.419438202,2.677752808
Images (9791).jpg,train,0.293711268,0.293711268,2.174845072
Images (9792).jpg,val,0.611425851,0.611425851,3.445703404
Images (9793).jpg,train,0.460059194,0.460059194,2.840236776
Images (9794).jpg,train,0.358589573,0.358589573,2.434358292
Images (9795).jpg,train,0.444975922,0.444975922,2.779903688
Images (9796).jpg,train,0.409432172,0.409432172,2.637728688
Images (9797).jpg,test,0.55433525,0.55433525,3.217341
Images (9798).jpg,train,0.519179165,0.519179165,3.07671666
Images (9799).jpg,val,0.457070515,0.457070515,2.8282820600000003
Images (9800).jpg,val,0.607485726,0.607485726,3.429942904
Images (9801).jpg,train,0.395695984,0.395695984,2.582783936
Images (9802).jpg,train,0.332248344,0.332248344,2.328993376
Images (9803).jpg,train,0.325209436,0.325209436,2.300837744
Images (9804).jpg,train,0.490251839,0.490251839,2.961007356
Images (9805).jpg,train,0.636831627,0.636831627,3.547326508
Images (9806).jpg,val,0.625485446,0.625485446,3.501941784
Images (9807).jpg,train,0.436931427,0.436931427,2.747725708
Images (9808).jpg,test,0.394188114,0.394188114,2.576752456
Images (9809).jpg,train,0.378323213,0.378323213,2.513292852
Images (9810).jpg,val,0.53353588,0.53353588,3.13414352
Images (9811).jpg,train,0.470415619,0.470415619,2.881662476
Images (9812).jpg,train,0.422699587,0.422699587,2.690798348
Images (9813).jpg,train,0.382465443,0.382465443,2.5298617720000003
Images (9814).jpg,train,0.270819809,0.270819809,2.083279236
Images (9815).jpg,test,0.543176517,0.543176517,3.172706068
Images (9816).jpg,train,0.269037861,0.269037861,2.076151444
Images (9817).jpg,train,0.528541012,0.528541012,3.114164048
Images (9818).jpg,test,0.50275477,0.50275477,3.01101908
Images (9819).jpg,train,0.528209821,0.528209821,3.112839284
Images (9820).jpg,train,0.489439347,0.489439347,2.957757388
Images (9821).jpg,test,0.83934953,0.83934953,4.35739812
Images (9822).jpg,test,0.579437546,0.579437546,3.317750184
Images (9823).jpg,train,0.462208664,0.462208664,2.848834656
Images (9824).jpg,val,0.631987386,0.631987386,3.527949544
Images (9825).jpg,train,0.500977333,0.500977333,3.003909332
Images (9826).jpg,train,0.338341019,0.338341019,2.353364076
Images (9827).jpg,train,0.710115921,0.710115921,3.840463684
Images (9828).jpg,train,0.047481596,0.047481596,1.189926384
Images (9829).jpg,train,0.426868528,0.426868528,2.707474112
Images (9830).jpg,train,0.383891989,0.383891989,2.535567956
Images (9831).jpg,train,0.433575827,0.433575827,2.7343033080000003
Images (9832).jpg,train,0.40885664,0.40885664,2.63542656
Images (9833).jpg,train,0.237764924,0.237764924,1.951059696
Images (9834).jpg,train,0.123520195,0.123520195,1.49408078
Images (9835).jpg,test,0.336876956,0.336876956,2.347507824
Images (9836).jpg,train,0.416522855,0.416522855,2.66609142
Images (9837).jpg,val,0.328524697,0.328524697,2.314098788
Images (9838).jpg,test,0.548817265,0.548817265,3.19526906
Images (9839).jpg,train,0.570099696,0.570099696,3.280398784
Images (9840).jpg,train,0.644107049,0.644107049,3.576428196
Images (9841).jpg,train,0.605607698,0.605607698,3.422430792
Images (9842).jpg,train,0.427608791,0.427608791,2.710435164
Images (9843).jpg,test,0.150908806,0.150908806,1.603635224
Images (9844).jpg,train,0.49606936,0.49606936,2.98427744
Images (9845).jpg,train,0.329720108,0.329720108,2.3188804320000003
Images (9846).jpg,train,0.58247839,0.58247839,3.32991356
Images (9847).jpg,train,0.402343039,0.402343039,2.609372156
Images (9848).jpg,train,0.344387467,0.344387467,2.377549868
Images (9849).jpg,train,0.147475441,0.147475441,1.589901764
Images (9850).jpg,train,0.577801621,0.577801621,3.311206484
Images (9851).jpg,train,0.379826475,0.379826475,2.5193059
Images (9852).jpg,train,0.623937363,0.623937363,3.495749452
Images (9853).jpg,train,0.525377195,0.525377195,3.10150878
Images (9854).jpg,train,0.307823748,0.307823748,2.231294992
Images (9855).jpg,train,0.575981432,0.575981432,3.303925728
Images (9856).jpg,train,0.440132436,0.440132436,2.7605297440000003
Images (9857).jpg,train,0.619045128,0.619045128,3.476180512
Images (9858).jpg,train,0.486483871,0.486483871,2.945935484
Images (9859).jpg,train,0.589576905,0.589576905,3.35830762
Images (9860).jpg,train,0.662952073,0.662952073,3.651808292
Images (9861).jpg,test,0.363526273,0.363526273,2.454105092
Images (9862).jpg,train,0.585359251,0.585359251,3.341437004
Images (9863).jpg,train,0.636942247,0.636942247,3.547768988
Images (9864).jpg,train,0.231694049,0.231694049,1.926776196
Images (9865).jpg,train,0.391001027,0.391001027,2.564004108
Images (9866).jpg,test,0.290071578,0.290071578,2.160286312
Images (9867).jpg,train,0.263573154,0.263573154,2.054292616
Images (9868).jpg,train,0.24867607,0.24867607,1.99470428
Images (9869).jpg,train,0.304930988,0.304930988,2.219723952
Images (9870).jpg,train,0.240244742,0.240244742,1.960978968
Images (9871).jpg,train,0.473440373,0.473440373,2.8937614920000003
Images (9872).jpg,train,0.330387363,0.330387363,2.321549452
Images (9873).jpg,train,0.223685303,0.223685303,1.894741212
Images (9874).jpg,train,0.074538908,0.074538908,1.298155632
Images (9875).jpg,train,0.734394413,0.734394413,3.937577652
Images (9876).jpg,train,0.590940762,0.590940762,3.363763048
Images (9877).jpg,train,0.47701807,0.47701807,2.90807228
Images (9878).jpg,train,0.22051553,0.22051553,1.88206212
Images (9879).jpg,train,0.290656602,0.290656602,2.162626408
Images (9880).jpg,train,0.132406699,0.132406699,1.529626796
Images (9881).jpg,train,0.672527845,0.672527845,3.69011138
Images (9882).jpg,train,0.440886845,0.440886845,2.7635473800000003
Images (9883).jpg,train,0.447626252,0.447626252,2.790505008
Images (9884).jpg,train,0.417002118,0.417002118,2.668008472
Images (9885).jpg,train,0.489244912,0.489244912,2.956979648
Images (9886).jpg,train,0.256229758,0.256229758,2.024919032
Images (9887).jpg,train,0.255332138,0.255332138,2.021328552
Images (9888).jpg,val,0.271284724,0.271284724,2.085138896
Images (9889).jpg,train,0.197385193,0.197385193,1.789540772
Images (9890).jpg,test,0.343882653,0.343882653,2.375530612
Images (9891).jpg,train,0.443621881,0.443621881,2.774487524
Images (9892).jpg,test,0.442428925,0.442428925,2.7697157
Images (9893).jpg,val,0.275240433,0.275240433,2.100961732
Images (9894).jpg,train,0.165504715,0.165504715,1.66201886
Images (9895).jpg,train,0.401287282,0.401287282,2.605149128
Images (9896).jpg,train,0.385760713,0.385760713,2.543042852
Images (9897).jpg,train,0.574710667,0.574710667,3.298842668
Images (9898).jpg,train,0.2821017,0.2821017,2.1284068
Images (9899).jpg,test,0.30684051,0.30684051,2.22736204
Images (9900).jpg,train,0.312192376,0.312192376,2.248769504
Images (9901).jpg,train,0.495413757,0.495413757,2.981655028
Images (9902).jpg,train,0.320133507,0.320133507,2.280534028
Images (9903).jpg,train,0.239338048,0.239338048,1.957352192
Images (9904).jpg,train,0.15427355,0.15427355,1.6170942
Images (9905).jpg,train,0.444651854,0.444651854,2.778607416
Images (9906).jpg,train,0.414784511,0.414784511,2.659138044
Images (9907).jpg,train,0.306901225,0.306901225,2.2276049
Images (9908).jpg,train,0.180049298,0.180049298,1.720197192
Images (9909).jpg,train,0.390186448,0.390186448,2.560745792
Images (9910).jpg,test,0.428598645,0.428598645,2.71439458
Images (9911).jpg,test,0.492944787,0.492944787,2.971779148
Images (9912).jpg,train,0.557110599,0.557110599,3.228442396
Images (9913).jpg,train,0.412027017,0.412027017,2.648108068
Images (9914).jpg,train,0.217435611,0.217435611,1.869742444
Images (9915).jpg,train,0.17538435,0.17538435,1.7015374
Images (9916).jpg,train,0.190663325,0.190663325,1.7626533
Images (9917).jpg,train,0.273146737,0.273146737,2.092586948
Images (9918).jpg,train,0.267572754,0.267572754,2.070291016
Images (9919).jpg,train,0.233797644,0.233797644,1.935190576
Images (9920).jpg,test,0.260871185,0.260871185,2.04348474
Images (9921).jpg,train,0.234701031,0.234701031,1.938804124
Images (9922).jpg,train,0.569050283,0.569050283,3.276201132
Images (9923).jpg,train,0.42007566,0.42007566,2.68030264
Images (9924).jpg,train,0.300177712,0.300177712,2.200710848
Images (9925).jpg,train,0.440311513,0.440311513,2.761246052
Images (9926).jpg,train,0.520231526,0.520231526,3.080926104
Images (9927).jpg,train,0.68961718,0.68961718,3.75846872
Images (9928).jpg,train,0.383870881,0.383870881,2.535483524
Images (9929).jpg,train,0.613175045,0.613175045,3.45270018
Images (9930).jpg,train,0.458049323,0.458049323,2.832197292
Images (9931).jpg,train,0.309278176,0.309278176,2.2371127040000003
Images (9932).jpg,train,0.61623565,0.61623565,3.4649426
Images (9933).jpg,train,0.339815488,0.339815488,2.359261952
Images (9934).jpg,train,0.39462877,0.39462877,2.57851508
Images (9935).jpg,train,0.328243924,0.328243924,2.312975696
Images (9936).jpg,train,0.59136393,0.59136393,3.36545572
Images (9937).jpg,train,0.613733735,0.613733735,3.45493494
Images (9938).jpg,train,0.551545647,0.551545647,3.206182588
Images (9939).jpg,train,0.236456324,0.236456324,1.945825296
Images (9940).jpg,test,0.288755452,0.288755452,2.155021808
Images (9941).jpg,train,0.284433189,0.284433189,2.137732756
Images (9942).jpg,train,0.233031096,0.233031096,1.932124384
Images (9943).jpg,train,0.457509243,0.457509243,2.8300369720000003
Images (9944).jpg,train,0.413093174,0.413093174,2.652372696
Images (9945).jpg,train,0.454666429,0.454666429,2.818665716
Images (9946).jpg,train,0.523288856,0.523288856,3.093155424
Images (9947).jpg,train,0.515824451,0.515824451,3.063297804
Images (9948).jpg,train,0.361752965,0.361752965,2.44701186
Images (9949).jpg,train,0.515587359,0.515587359,3.062349436
Images (9950).jpg,train,0.445305748,0.445305748,2.781222992
Images (9951).jpg,test,0.287759333,0.287759333,2.151037332
Images (9952).jpg,train,0.481748345,0.481748345,2.92699338
Images (9953).jpg,train,0.420843155,0.420843155,2.68337262
Images (9954).jpg,train,0.552745926,0.552745926,3.210983704
Images (9955).jpg,train,0.274480327,0.274480327,2.097921308
Images (9956).jpg,val,0.580616073,0.580616073,3.322464292
Images (9957).jpg,test,0.662598104,0.662598104,3.650392416
Images (9958).jpg,train,0.644285867,0.644285867,3.577143468
Images (9959).jpg,train,0.424221333,0.424221333,2.696885332
Images (9960).jpg,train,0.481155054,0.481155054,2.924620216
Images (9961).jpg,train,0.386303295,0.386303295,2.54521318
Images (9962).jpg,train,0.3850552,0.3850552,2.5402208
Images (9963).jpg,test,0.404253195,0.404253195,2.61701278
Images (9964).jpg,test,0.474486167,0.474486167,2.897944668
Images (9965).jpg,train,0.581812305,0.581812305,3.32724922
Images (9966).jpg,val,0.324365075,0.324365075,2.2974603
Images (9967).jpg,train,0.381404965,0.381404965,2.52561986
Images (9968).jpg,train,0.263802034,0.263802034,2.055208136
Images (9969).jpg,train,0.170990873,0.170990873,1.683963492
Images (9970).jpg,train,0.30927501,0.30927501,2.23710004
Images (9971).jpg,train,0.338109086,0.338109086,2.352436344
Images (9972).jpg,train,0.497357873,0.497357873,2.989431492
Images (9973).jpg,val,0.34408122,0.34408122,2.3763248800000003
Images (9974).jpg,test,0.343198801,0.343198801,2.372795204
Images (9975).jpg,train,0.580003285,0.580003285,3.32001314
Images (9976).jpg,train,0.523688184,0.523688184,3.094752736
Images (9977).jpg,train,0.690619276,0.690619276,3.762477104
Images (9978).jpg,train,0.638440734,0.638440734,3.553762936
Images (9979).jpg,train,0.402113573,0.402113573,2.608454292
Images (9980).jpg,train,0.480232267,0.480232267,2.920929068
Images (9981).jpg,train,0.649490112,0.649490112,3.597960448
Images (9982).jpg,train,0.527462723,0.527462723,3.109850892
Images (9983).jpg,train,0.310171688,0.310171688,2.240686752
Images (9984).jpg,train,0.611871269,0.611871269,3.447485076
Images (9985).jpg,train,0.33701428,0.33701428,2.34805712
Images (9986).jpg,test,0.488004871,0.488004871,2.952019484
Images (9987).jpg,train,0.651582215,0.651582215,3.60632886
Images (9988).jpg,train,0.62717165,0.62717165,3.5086866
Images (9989).jpg,test,0.598291423,0.598291423,3.393165692
Images (9990).jpg,train,0.42255489,0.42255489,2.69021956
Images (9991).jpg,val,0.581868304,0.581868304,3.327473216
Images (9992).jpg,train,0.571290238,0.571290238,3.285160952
Images (9993).jpg,test,0.67821945,0.67821945,3.7128778
Images (9994).jpg,train,0.480932898,0.480932898,2.923731592
Images (9995).jpg,train,0.471206269,0.471206269,2.8848250760000003
Images (9996).jpg,test,0.598728893,0.598728893,3.394915572
Images (9997).jpg,train,0.613004975,0.613004975,3.4520199
Images (9998).jpg,train,0.600980944,0.600980944,3.403923776
Images (9999).jpg,train,0.607559071,0.607559071,3.430236284
Images (10000).jpg,train,0.681037925,0.681037925,3.7241517
Images (10001).jpg,test,0.557454928,0.557454928,3.229819712
Images (10002).jpg,train,0.625491009,0.625491009,3.501964036
Images (10003).jpg,train,0.46452615,0.46452615,2.8581046
Images (10004).jpg,train,0.480590369,0.480590369,2.922361476
Images (10005).jpg,train,0.429066475,0.429066475,2.7162659
Images (10006).jpg,val,0.480386074,0.480386074,2.921544296
Images (10007).jpg,train,0.674649422,0.674649422,3.698597688
Images (10008).jpg,train,0.549108477,0.549108477,3.196433908
Images (10009).jpg,train,0.541500329,0.541500329,3.166001316
Images (10010).jpg,train,0.699365694,0.699365694,3.797462776
Images (10011).jpg,test,0.518775913,0.518775913,3.075103652
Images (10012).jpg,train,0.536991304,0.536991304,3.147965216
Images (10013).jpg,train,0.505386167,0.505386167,3.021544668
Images (10014).jpg,train,0.521356461,0.521356461,3.085425844
Images (10015).jpg,train,0.61928798,0.61928798,3.47715192
Images (10016).jpg,test,0.467435283,0.467435283,2.869741132
Images (10017).jpg,train,0.567097962,0.567097962,3.268391848
Images (10018).jpg,train,0.58889286,0.58889286,3.35557144
Images (10019).jpg,train,0.526858151,0.526858151,3.107432604
Images (10020).jpg,train,0.566370514,0.566370514,3.265482056
Images (10021).jpg,train,0.481246811,0.481246811,2.924987244
Images (10022).jpg,train,0.533869666,0.533869666,3.135478664
Images (10023).jpg,test,0.569936986,0.569936986,3.279747944
Images (10024).jpg,train,0.302967734,0.302967734,2.211870936
Images (10025).jpg,train,0.80165706,0.80165706,4.206628240000001
Images (10026).jpg,test,0.637206944,0.637206944,3.548827776
Images (10027).jpg,train,0.679884981,0.679884981,3.719539924
Images (10028).jpg,train,0.619102444,0.619102444,3.476409776
Images (10029).jpg,train,0.596841247,0.596841247,3.387364988
Images (10030).jpg,train,0.796969616,0.796969616,4.187878464000001
Images (10031).jpg,train,0.770230524,0.770230524,4.080922096
Images (10032).jpg,train,0.57645519,0.57645519,3.30582076
Images (10033).jpg,train,0.516877941,0.516877941,3.067511764
Images (10034).jpg,train,0.566018289,0.566018289,3.264073156
Images (10035).jpg,test,0.55270203,0.55270203,3.21080812
Images (10036).jpg,val,0.3034394,0.3034394,2.2137576
Images (10037).jpg,train,0.525023965,0.525023965,3.10009586
Images (10038).jpg,train,0.691630864,0.691630864,3.766523456
Images (10039).jpg,train,0.648496808,0.648496808,3.593987232
Images (10040).jpg,train,0.687474008,0.687474008,3.749896032
Images (10041).jpg,train,0.699529617,0.699529617,3.798118468
Images (10042).jpg,val,0.670406679,0.670406679,3.681626716
Images (10043).jpg,train,0.694370492,0.694370492,3.777481968
Images (10044).jpg,train,0.647147152,0.647147152,3.588588608
Images (10045).jpg,train,0.482957184,0.482957184,2.931828736
Images (10046).jpg,train,0.64266475,0.64266475,3.570659
Images (10047).jpg,train,0.588259928,0.588259928,3.353039712
Images (10048).jpg,train,0.49731882,0.49731882,2.98927528
Images (10049).jpg,test,0.774876563,0.774876563,4.099506251999999
Images (10050).jpg,train,0.52087553,0.52087553,3.08350212
Images (10051).jpg,train,0.53389997,0.53389997,3.13559988
Images (10052).jpg,test,0.319041596,0.319041596,2.276166384
Images (10053).jpg,train,0.283622356,0.283622356,2.134489424
Images (10054).jpg,train,0.302298462,0.302298462,2.209193848
Images (10055).jpg,train,0.20303878,0.20303878,1.81215512
Images (10056).jpg,train,0.494175838,0.494175838,2.976703352
Images (10057).jpg,train,0.462061131,0.462061131,2.848244524
Images (10058).jpg,val,0.310567199,0.310567199,2.2422687960000003
Images (10059).jpg,test,0.457673529,0.457673529,2.830694116
Images (10060).jpg,train,0.566774343,0.566774343,3.267097372
Images (10061).jpg,val,0.348791098,0.348791098,2.395164392
Images (10062).jpg,val,0.475715932,0.475715932,2.902863728
Images (10063).jpg,test,0.530850386,0.530850386,3.123401544
Images (10064).jpg,train,0.426108282,0.426108282,2.704433128
Images (10065).jpg,train,0.562458436,0.562458436,3.249833744
Images (10066).jpg,test,0.63494791,0.63494791,3.53979164
Images (10067).jpg,train,0.452721306,0.452721306,2.810885224
Images (10068).jpg,train,0.414602043,0.414602043,2.658408172
Images (10069).jpg,train,0.730369436,0.730369436,3.921477744
Images (10070).jpg,train,0.641121993,0.641121993,3.564487972
Images (10071).jpg,train,0.600537217,0.600537217,3.402148868
Images (10072).jpg,val,0.49062551,0.49062551,2.96250204
Images (10073).jpg,test,0.692163754,0.692163754,3.768655016
Images (10074).jpg,train,0.776132076,0.776132076,4.1045283040000005
Images (10075).jpg,train,0.320969559,0.320969559,2.283878236
Images (10076).jpg,train,0.726245426,0.726245426,3.904981704
Images (10077).jpg,train,0.434006614,0.434006614,2.7360264560000003
Images (10078).jpg,train,0.49963281,0.49963281,2.99853124
Images (10079).jpg,train,0.379990713,0.379990713,2.519962852
Images (10080).jpg,train,0.48584946,0.48584946,2.9433978400000003
Images (10081).jpg,test,0.633776585,0.633776585,3.53510634
Images (10082).jpg,val,0.58704755,0.58704755,3.3481902
Images (10083).jpg,train,0.41636761,0.41636761,2.66547044
Images (10084).jpg,test,0.333055031,0.333055031,2.332220124
Images (10085).jpg,val,0.452872041,0.452872041,2.811488164
Images (10086).jpg,train,0.557984459,0.557984459,3.231937836
Images (10087).jpg,train,0.672524216,0.672524216,3.690096864
Images (10088).jpg,train,0.603500702,0.603500702,3.414002808
Images (10089).jpg,test,0.480348771,0.480348771,2.9213950840000003
Images (10090).jpg,train,0.664724362,0.664724362,3.658897448
Images (10091).jpg,train,0.451055761,0.451055761,2.804223044
Images (10092).jpg,train,0.639921693,0.639921693,3.559686772
Images (10093).jpg,train,0.551374161,0.551374161,3.205496644
Images (10094).jpg,train,0.512924173,0.512924173,3.051696692
Images (10095).jpg,train,0.344804299,0.344804299,2.379217196
Images (10096).jpg,train,0.469705983,0.469705983,2.878823932
Images (10097).jpg,train,0.499000099,0.499000099,2.996000396
Images (10098).jpg,train,0.584977814,0.584977814,3.339911256
Images (10099).jpg,train,0.647801895,0.647801895,3.59120758
Images (10100).jpg,train,0.508418584,0.508418584,3.033674336
Images (10101).jpg,train,0.647870989,0.647870989,3.591483956
Images (10102).jpg,val,0.446079119,0.446079119,2.784316476
Images (10103).jpg,train,0.586860415,0.586860415,3.34744166
Images (10104).jpg,train,0.683924401,0.683924401,3.735697604
Images (10105).jpg,test,0.654119093,0.654119093,3.616476372
Images (10106).jpg,train,0.350782267,0.350782267,2.403129068
Images (10107).jpg,train,0.401794674,0.401794674,2.607178696
Images (10108).jpg,train,0.51859265,0.51859265,3.0743706
Images (10109).jpg,train,0.471773227,0.471773227,2.887092908
Images (10110).jpg,train,0.406361878,0.406361878,2.625447512
Images (10111).jpg,train,0.536313225,0.536313225,3.1452529
Images (10112).jpg,test,0.451483171,0.451483171,2.805932684
Images (10113).jpg,train,0.334798472,0.334798472,2.339193888
Images (10114).jpg,train,0.256522529,0.256522529,2.026090116
Images (10115).jpg,val,0.231586967,0.231586967,1.926347868
Images (10116).jpg,train,0.495325964,0.495325964,2.9813038560000003
Images (10117).jpg,train,0.43214483,0.43214483,2.72857932
Images (10118).jpg,train,0.266931422,0.266931422,2.067725688
Images (10119).jpg,test,0.39331075,0.39331075,2.573243
Images (10120).jpg,train,0.331805851,0.331805851,2.327223404
Images (10121).jpg,train,0.392238877,0.392238877,2.568955508
Images (10122).jpg,test,0.406838451,0.406838451,2.627353804
Images (10123).jpg,train,0.381521524,0.381521524,2.526086096
Images (10124).jpg,train,0.414688832,0.414688832,2.658755328
Images (10125).jpg,train,0.294518348,0.294518348,2.178073392
Images (10126).jpg,val,0.518585179,0.518585179,3.074340716
Images (10127).jpg,train,0.511922331,0.511922331,3.047689324
Images (10128).jpg,train,0.375047028,0.375047028,2.500188112
Images (10129).jpg,train,0.038800704,0.038800704,1.155202816
Images (10130).jpg,train,0.244661954,0.244661954,1.978647816
Images (10131).jpg,train,0.530415705,0.530415705,3.12166282
Images (10132).jpg,train,0.421193116,0.421193116,2.684772464
Images (10133).jpg,train,0.327538899,0.327538899,2.310155596
Images (10134).jpg,train,0.352241181,0.352241181,2.408964724
Images (10135).jpg,train,0.447722045,0.447722045,2.79088818
Images (10136).jpg,train,0.409837792,0.409837792,2.639351168
Images (10137).jpg,train,0.415377223,0.415377223,2.661508892
Images (10138).jpg,train,0.482495258,0.482495258,2.929981032
Images (10139).jpg,train,0.459791268,0.459791268,2.839165072
Images (10140).jpg,test,0.501725018,0.501725018,3.006900072
Images (10141).jpg,train,0.433821071,0.433821071,2.735284284
Images (10142).jpg,test,0.418798266,0.418798266,2.675193064
Images (10143).jpg,test,0.193865074,0.193865074,1.775460296
Images (10144).jpg,train,0.134305835,0.134305835,1.5372233400000002
Images (10145).jpg,train,0.100992772,0.100992772,1.403971088
Images (10146).jpg,test,0.455200759,0.455200759,2.820803036
Images (10147).jpg,train,0.091235732,0.091235732,1.364942928
Images (10148).jpg,test,0.479299843,0.479299843,2.917199372
Images (10149).jpg,test,0.471139037,0.471139037,2.884556148
Images (10150).jpg,test,0.570530336,0.570530336,3.282121344
Images (10151).jpg,train,0.353831324,0.353831324,2.415325296
Images (10152).jpg,train,0.29704924,0.29704924,2.18819696
Images (10153).jpg,train,0.126327184,0.126327184,1.505308736
Images (10154).jpg,train,0.465586586,0.465586586,2.862346344
Images (10155).jpg,test,0.508161305,0.508161305,3.03264522
Images (10156).jpg,train,0.612005526,0.612005526,3.448022104
Images (10157).jpg,train,0.475731118,0.475731118,2.902924472
Images (10158).jpg,val,0.374545818,0.374545818,2.498183272
Images (10159).jpg,train,0.520591867,0.520591867,3.082367468
Images (10160).jpg,train,0.656216327,0.656216327,3.624865308
Images (10161).jpg,train,0.576228589,0.576228589,3.304914356
Images (10162).jpg,train,0.595155159,0.595155159,3.380620636
Images (10163).jpg,train,0.650930779,0.650930779,3.603723116
Images (10164).jpg,train,0.320389626,0.320389626,2.281558504
Images (10165).jpg,test,0.516226373,0.516226373,3.064905492
Images (10166).jpg,train,0.602455475,0.602455475,3.4098219
Images (10167).jpg,train,0.462429841,0.462429841,2.8497193640000003
Images (10168).jpg,train,0.293535454,0.293535454,2.174141816
Images (10169).jpg,test,0.390892802,0.390892802,2.563571208
Images (10170).jpg,train,0.437222667,0.437222667,2.748890668
Images (10171).jpg,val,0.489933519,0.489933519,2.959734076
Images (10172).jpg,train,0.65334174,0.65334174,3.61336696
Images (10173).jpg,train,0.321594727,0.321594727,2.286378908
Images (10174).jpg,test,0.332751731,0.332751731,2.331006924
Images (10175).jpg,test,0.462007821,0.462007821,2.848031284
Images (10176).jpg,train,0.458493794,0.458493794,2.833975176
Images (10177).jpg,train,0.338422329,0.338422329,2.353689316
Images (10178).jpg,train,0.473522958,0.473522958,2.894091832
Images (10179).jpg,train,0.207023501,0.207023501,1.828094004
Images (10180).jpg,train,0.242651019,0.242651019,1.970604076
Images (10181).jpg,train,0.434153512,0.434153512,2.736614048
Images (10182).jpg,train,0.232432816,0.232432816,1.929731264
Images (10183).jpg,train,0.324096078,0.324096078,2.296384312
Images (10184).jpg,train,0.390381315,0.390381315,2.56152526
Images (10185).jpg,train,0.451855001,0.451855001,2.807420004
Images (10186).jpg,train,0.392117533,0.392117533,2.568470132
Images (10187).jpg,val,0.421442646,0.421442646,2.685770584
Images (10188).jpg,val,0.063741989,0.063741989,1.254967956
Images (10189).jpg,test,0.122021025,0.122021025,1.4880841
Images (10190).jpg,train,0.121478914,0.121478914,1.485915656
Images (10191).jpg,train,0.246823298,0.246823298,1.987293192
Images (10192).jpg,train,0.344750179,0.344750179,2.379000716
Images (10193).jpg,test,0.043164453,0.043164453,1.172657812
Images (10194).jpg,train,0.266746506,0.266746506,2.066986024
Images (10195).jpg,train,0.119365799,0.119365799,1.477463196
Images (10196).jpg,train,0.115254707,0.115254707,1.461018828
Images (10197).jpg,test,0.301438439,0.301438439,2.205753756
Images (10198).jpg,val,0.088925615,0.088925615,1.35570246
Images (10199).jpg,train,0.31955776,0.31955776,2.27823104
Images (10200).jpg,train,0.102294273,0.102294273,1.409177092
Images (10201).jpg,train,0.201451447,0.201451447,1.805805788
Images (10202).jpg,train,0.301614006,0.301614006,2.206456024
Images (10203).jpg,train,0.156019197,0.156019197,1.624076788
Images (10204).jpg,train,0.380103466,0.380103466,2.520413864
Images (10205).jpg,train,0.206833983,0.206833983,1.827335932
Images (10206).jpg,train,0.276179509,0.276179509,2.104718036
Images (10207).jpg,train,0.195765586,0.195765586,1.783062344
Images (10208).jpg,val,0.250065735,0.250065735,2.00026294
Images (10209).jpg,train,0.62989608,0.62989608,3.51958432
Images (10210).jpg,train,0.410702473,0.410702473,2.642809892
Images (10211).jpg,train,0.540307866,0.540307866,3.161231464
Images (10212).jpg,train,0.357169189,0.357169189,2.428676756
Images (10213).jpg,train,0.594767228,0.594767228,3.379068912
Images (10214).jpg,val,0.541941143,0.541941143,3.167764572
Images (10215).jpg,test,0.614922603,0.614922603,3.459690412
Images (10216).jpg,train,0.637086044,0.637086044,3.548344176
Images (10217).jpg,test,0.538457062,0.538457062,3.153828248
Images (10218).jpg,train,0.704085877,0.704085877,3.816343508
Images (10219).jpg,train,0.501702278,0.501702278,3.006809112
Images (10220).jpg,train,0.359022171,0.359022171,2.436088684
Images (10221).jpg,test,0.602860844,0.602860844,3.411443376
Images (10222).jpg,val,0.534401734,0.534401734,3.137606936
Images (10223).jpg,val,0.830434235,0.830434235,4.32173694
Images (10224).jpg,train,0.452400023,0.452400023,2.809600092
Images (10225).jpg,train,0.320032532,0.320032532,2.280130128
Images (10226).jpg,train,0.042464774,0.042464774,1.169859096
Images (10227).jpg,test,0.503583977,0.503583977,3.014335908
Images (10228).jpg,train,0.463048382,0.463048382,2.852193528
Images (10229).jpg,val,0.372603886,0.372603886,2.490415544
Images (10230).jpg,val,0.205126164,0.205126164,1.820504656
Images (10231).jpg,train,0.366873038,0.366873038,2.467492152
Images (10232).jpg,test,0.565026238,0.565026238,3.260104952
Images (10233).jpg,train,0.403133156,0.403133156,2.612532624
Images (10234).jpg,train,0.544070536,0.544070536,3.176282144
Images (10235).jpg,train,0.34184099,0.34184099,2.36736396
Images (10236).jpg,train,0.250314856,0.250314856,2.001259424
Images (10237).jpg,train,0.552611379,0.552611379,3.210445516
Images (10238).jpg,train,0.279252032,0.279252032,2.117008128
Images (10239).jpg,train,0.316986966,0.316986966,2.267947864
Images (10240).jpg,train,0.361046212,0.361046212,2.444184848
Images (10241).jpg,train,0.726446338,0.726446338,3.905785352
Images (10242).jpg,train,0.718705729,0.718705729,3.874822916
Images (10243).jpg,train,0.53815892,0.53815892,3.15263568
Images (10244).jpg,train,0.473308645,0.473308645,2.89323458
Images (10245).jpg,train,0.572298819,0.572298819,3.289195276
Images (10246).jpg,train,0.378378262,0.378378262,2.513513048
Images (10247).jpg,train,0.406030632,0.406030632,2.624122528
Images (10248).jpg,train,0.451345261,0.451345261,2.805381044
Images (10249).jpg,train,0.507508735,0.507508735,3.03003494
Images (10250).jpg,train,0.208161099,0.208161099,1.832644396
Images (10251).jpg,train,0.500825384,0.500825384,3.003301536
Images (10252).jpg,train,0.450353974,0.450353974,2.801415896
Images (10253).jpg,train,0.372712379,0.372712379,2.490849516
Images (10254).jpg,val,0.354549134,0.354549134,2.418196536
Images (10255).jpg,train,0.293271311,0.293271311,2.173085244
Images (10256).jpg,train,0.271406156,0.271406156,2.0856246240000003
Images (10257).jpg,val,0.344058866,0.344058866,2.376235464
Images (10258).jpg,test,0.405899187,0.405899187,2.623596748
Images (10259).jpg,train,0.391007206,0.391007206,2.564028824
Images (10260).jpg,train,0.342096092,0.342096092,2.368384368
Images (10261).jpg,train,0.261610329,0.261610329,2.046441316
Images (10262).jpg,val,0.208743203,0.208743203,1.834972812
Images (10263).jpg,train,0.215451958,0.215451958,1.861807832
Images (10264).jpg,train,0.353704913,0.353704913,2.4148196520000003
Images (10265).jpg,train,0.505120722,0.505120722,3.020482888
Images (10266).jpg,train,0.619256467,0.619256467,3.477025868
Images (10267).jpg,train,0.476870982,0.476870982,2.907483928
Images (10268).jpg,train,0.497997524,0.497997524,2.9919900960000003
Images (10269).jpg,train,0.476040555,0.476040555,2.90416222
Images (10270).jpg,train,0.525662393,0.525662393,3.102649572
Images (10271).jpg,train,0.532898724,0.532898724,3.131594896
Images (10272).jpg,train,0.593412267,0.593412267,3.373649068
Images (10273).jpg,train,0.520742128,0.520742128,3.082968512
Images (10274).jpg,train,0.366405625,0.366405625,2.4656225000000003
Images (10275).jpg,test,0.363068211,0.363068211,2.452272844
Images (10276).jpg,train,0.396141344,0.396141344,2.584565376
Images (10277).jpg,val,0.46453954,0.46453954,2.85815816
Images (10278).jpg,train,0.343672835,0.343672835,2.37469134
Images (10279).jpg,val,0.564793031,0.564793031,3.259172124
Images (10280).jpg,train,0.400950302,0.400950302,2.603801208
Images (10281).jpg,train,0.427816524,0.427816524,2.711266096
Images (10282).jpg,train,0.381836124,0.381836124,2.527344496
Images (10283).jpg,train,0.424393417,0.424393417,2.697573668
Images (10284).jpg,train,0.520704086,0.520704086,3.082816344
Images (10285).jpg,train,0.331764886,0.331764886,2.327059544
Images (10286).jpg,val,0.369474497,0.369474497,2.477897988
Images (10287).jpg,train,0.415055519,0.415055519,2.660222076
Images (10288).jpg,train,0.234590256,0.234590256,1.938361024
Images (10289).jpg,train,0.572598114,0.572598114,3.290392456
Images (10290).jpg,train,0.236436663,0.236436663,1.945746652
Images (10291).jpg,train,0.562080251,0.562080251,3.248321004
Images (10292).jpg,train,0.384286912,0.384286912,2.537147648
Images (10293).jpg,train,0.487878582,0.487878582,2.951514328
Images (10294).jpg,train,0.403826268,0.403826268,2.615305072
Images (10295).jpg,train,0.254558761,0.254558761,2.018235044
Images (10296).jpg,train,0.157607328,0.157607328,1.630429312
Images (10297).jpg,train,0.355786507,0.355786507,2.423146028
Images (10298).jpg,val,0.308285168,0.308285168,2.233140672
Images (10299).jpg,train,0.228656418,0.228656418,1.914625672
Images (10300).jpg,test,0.294216825,0.294216825,2.1768673
Images (10301).jpg,test,0.340070336,0.340070336,2.360281344
Images (10302).jpg,train,0.319460309,0.319460309,2.277841236
Images (10303).jpg,train,0.432597882,0.432597882,2.730391528
Images (10304).jpg,test,0.437007725,0.437007725,2.7480309
Images (10305).jpg,train,0.317208272,0.317208272,2.268833088
Images (10306).jpg,train,0.40942206,0.40942206,2.63768824
Images (10307).jpg,train,0.395842375,0.395842375,2.5833695
Images (10308).jpg,val,0.530923982,0.530923982,3.123695928
Images (10309).jpg,train,0.447649219,0.447649219,2.790596876
Images (10310).jpg,test,0.434015622,0.434015622,2.736062488
Images (10311).jpg,train,0.44351722,0.44351722,2.77406888
Images (10312).jpg,train,0.335583136,0.335583136,2.342332544
Images (10313).jpg,train,0.342204551,0.342204551,2.368818204
Images (10314).jpg,train,0.470029335,0.470029335,2.88011734
Images (10315).jpg,train,0.483639118,0.483639118,2.934556472
Images (10316).jpg,train,0.367784589,0.367784589,2.471138356
Images (10317).jpg,val,0.308376081,0.308376081,2.233504324
Images (10318).jpg,train,0.261670304,0.261670304,2.046681216
Images (10319).jpg,test,0.738382599,0.738382599,3.953530396
Images (10320).jpg,test,0.727434122,0.727434122,3.909736488
Images (10321).jpg,train,0.699783553,0.699783553,3.799134212
Images (10322).jpg,train,0.706786358,0.706786358,3.827145432
Images (10323).jpg,test,0.64845829,0.64845829,3.59383316
Images (10324).jpg,train,0.494346379,0.494346379,2.977385516
Images (10325).jpg,train,0.53916065,0.53916065,3.1566426
Images (10326).jpg,train,0.469465176,0.469465176,2.877860704
Images (10327).jpg,test,0.501846553,0.501846553,3.007386212
Images (10328).jpg,train,0.367312567,0.367312567,2.469250268
Images (10329).jpg,train,0.667204882,0.667204882,3.668819528
Images (10330).jpg,train,0.46305235,0.46305235,2.8522094
Images (10331).jpg,train,0.416533873,0.416533873,2.666135492
Images (10332).jpg,test,0.415307944,0.415307944,2.661231776
Images (10333).jpg,train,0.603224726,0.603224726,3.412898904
Images (10334).jpg,train,0.611610174,0.611610174,3.446440696
Images (10335).jpg,train,0.523370717,0.523370717,3.093482868
Images (10336).jpg,train,0.620057715,0.620057715,3.48023086
Images (10337).jpg,train,0.600728113,0.600728113,3.402912452
Images (10338).jpg,train,0.566450781,0.566450781,3.265803124
Images (10339).jpg,train,0.535615099,0.535615099,3.142460396
Images (10340).jpg,train,0.566822556,0.566822556,3.267290224
Images (10341).jpg,test,0.725376682,0.725376682,3.901506728
Images (10342).jpg,train,0.744790576,0.744790576,3.979162304
Images (10343).jpg,train,0.375691073,0.375691073,2.502764292
Images (10344).jpg,train,0.474438802,0.474438802,2.897755208
Images (10345).jpg,train,0.642187412,0.642187412,3.568749648
Images (10346).jpg,train,0.565628875,0.565628875,3.2625155
Images (10347).jpg,train,0.383136782,0.383136782,2.532547128
Images (10348).jpg,test,0.51442529,0.51442529,3.05770116
Images (10349).jpg,train,0.292612269,0.292612269,2.170449076
Images (10350).jpg,train,0.4454159,0.4454159,2.7816636
Images (10351).jpg,test,0.568291371,0.568291371,3.273165484
Images (10352).jpg,train,0.390518715,0.390518715,2.56207486
Images (10353).jpg,val,0.262110693,0.262110693,2.048442772
Images (10354).jpg,train,0.255245087,0.255245087,2.020980348
Images (10355).jpg,train,0.360602772,0.360602772,2.442411088
Images (10356).jpg,train,0.353778398,0.353778398,2.415113592
Images (10357).jpg,train,0.19009981,0.19009981,1.76039924
Images (10358).jpg,train,0.113912093,0.113912093,1.455648372
Images (10359).jpg,val,0.502993349,0.502993349,3.011973396
Images (10360).jpg,test,0.530594723,0.530594723,3.122378892
Images (10361).jpg,train,0.541996834,0.541996834,3.167987336
Images (10362).jpg,train,0.381101258,0.381101258,2.524405032
Images (10363).jpg,train,0.498246489,0.498246489,2.992985956
Images (10364).jpg,train,0.494569863,0.494569863,2.978279452
Images (10365).jpg,train,0.391694291,0.391694291,2.5667771640000003
Images (10366).jpg,train,0.416057827,0.416057827,2.664231308
Images (10367).jpg,train,0.305949433,0.305949433,2.223797732
Images (10368).jpg,test,0.422780983,0.422780983,2.691123932
Images (10369).jpg,test,0.290534424,0.290534424,2.1621376960000003
Images (10370).jpg,train,0.491380936,0.491380936,2.965523744
Images (10371).jpg,test,0.520617357,0.520617357,3.082469428
Images (10372).jpg,train,0.418936071,0.418936071,2.6757442840000003
Images (10373).jpg,test,0.44049743,0.44049743,2.76198972
Images (10374).jpg,train,0.532203388,0.532203388,3.128813552
Images (10375).jpg,train,0.299678782,0.299678782,2.198715128
Images (10376).jpg,val,0.336113697,0.336113697,2.344454788
Images (10377).jpg,train,0.218863367,0.218863367,1.875453468
Images (10378).jpg,train,0.305380965,0.305380965,2.22152386
Images (10379).jpg,test,0.27554113,0.27554113,2.10216452
Images (10380).jpg,train,0.337830897,0.337830897,2.351323588
Images (10381).jpg,test,0.372722343,0.372722343,2.490889372
Images (10382).jpg,test,0.427531754,0.427531754,2.710127016
Images (10383).jpg,train,0.203152056,0.203152056,1.812608224
Images (10384).jpg,train,0.424359404,0.424359404,2.697437616
Images (10385).jpg,val,0.32038613,0.32038613,2.28154452
Images (10386).jpg,test,0.324191346,0.324191346,2.296765384
Images (10387).jpg,train,0.447941976,0.447941976,2.7917679040000003
Images (10388).jpg,train,0.326450074,0.326450074,2.305800296
Images (10389).jpg,train,0.41135489,0.41135489,2.64541956
Images (10390).jpg,val,0.191963393,0.191963393,1.767853572
Images (10391).jpg,train,0.490637124,0.490637124,2.962548496
Images (10392).jpg,train,0.282560132,0.282560132,2.130240528
Images (10393).jpg,train,0.344945944,0.344945944,2.379783776
Images (10394).jpg,train,0.256311875,0.256311875,2.0252475
Images (10395).jpg,test,0.324783375,0.324783375,2.2991335
Images (10396).jpg,train,0.349914982,0.349914982,2.399659928
Images (10397).jpg,train,0.332709649,0.332709649,2.330838596
Images (10398).jpg,train,0.529395453,0.529395453,3.117581812
Images (10399).jpg,train,0.227552483,0.227552483,1.910209932
Images (10400).jpg,train,0.300691113,0.300691113,2.2027644520000003
Images (10401).jpg,train,0.430217679,0.430217679,2.7208707160000003
Images (10402).jpg,test,0.532923195,0.532923195,3.13169278
Images (10403).jpg,train,0.255899804,0.255899804,2.023599216
Images (10404).jpg,train,0.27240852,0.27240852,2.08963408
Images (10405).jpg,train,0.382927504,0.382927504,2.531710016
Images (10406).jpg,val,0.185682649,0.185682649,1.742730596
Images (10407).jpg,train,0.277368462,0.277368462,2.109473848
Images (10408).jpg,val,0.422918302,0.422918302,2.691673208
Images (10409).jpg,train,0.239748566,0.239748566,1.958994264
Images (10410).jpg,train,0.567023994,0.567023994,3.268095976
Images (10411).jpg,train,0.466537083,0.466537083,2.866148332
Images (10412).jpg,test,0.634196408,0.634196408,3.536785632
Images (10413).jpg,train,0.540698617,0.540698617,3.162794468
Images (10414).jpg,train,0.424180749,0.424180749,2.696722996
Images (10415).jpg,train,0.49871866,0.49871866,2.99487464
Images (10416).jpg,val,0.603864532,0.603864532,3.415458128
Images (10417).jpg,train,0.511645078,0.511645078,3.046580312
Images (10418).jpg,train,0.529108498,0.529108498,3.116433992
Images (10419).jpg,train,0.425430634,0.425430634,2.701722536
Images (10420).jpg,train,0.586988582,0.586988582,3.347954328
Images (10421).jpg,train,0.622853411,0.622853411,3.491413644
Images (10422).jpg,train,0.420986468,0.420986468,2.683945872
Images (10423).jpg,train,0.463883582,0.463883582,2.855534328
Images (10424).jpg,train,0.718907006,0.718907006,3.875628024
Images (10425).jpg,test,0.502072411,0.502072411,3.008289644
Images (10426).jpg,train,0.553689769,0.553689769,3.214759076
Images (10427).jpg,val,0.508022127,0.508022127,3.032088508
Images (10428).jpg,train,0.569191008,0.569191008,3.276764032
Images (10429).jpg,train,0.485872452,0.485872452,2.943489808
Images (10430).jpg,train,0.750270075,0.750270075,4.0010803
Images (10431).jpg,train,0.672933551,0.672933551,3.691734204
Images (10432).jpg,train,0.276850058,0.276850058,2.107400232
Images (10433).jpg,train,0.531845594,0.531845594,3.127382376
Images (10434).jpg,train,0.539332839,0.539332839,3.157331356
Images (10435).jpg,test,0.592303383,0.592303383,3.369213532
Images (10436).jpg,val,0.617740499,0.617740499,3.470961996
Images (10437).jpg,test,0.552156635,0.552156635,3.20862654
Images (10438).jpg,train,0.191697209,0.191697209,1.766788836
Images (10439).jpg,test,0.601897317,0.601897317,3.407589268
Images (10440).jpg,val,0.240579178,0.240579178,1.962316712
Images (10441).jpg,test,0.30371818,0.30371818,2.21487272
Images (10442).jpg,val,0.308163997,0.308163997,2.2326559880000003
Images (10443).jpg,train,0.503027785,0.503027785,3.01211114
Images (10444).jpg,train,0.426825077,0.426825077,2.707300308
Images (10445).jpg,train,0.547244256,0.547244256,3.188977024
Images (10446).jpg,test,0.359371817,0.359371817,2.437487268
Images (10447).jpg,train,0.282190199,0.282190199,2.128760796
Images (10448).jpg,train,0.273590548,0.273590548,2.094362192
Images (10449).jpg,train,0.230959295,0.230959295,1.92383718
Images (10450).jpg,train,0.457709504,0.457709504,2.830838016
Images (10451).jpg,train,0.324190514,0.324190514,2.296762056
Images (10452).jpg,train,0.421005585,0.421005585,2.6840223400000003
Images (10453).jpg,train,0.412592804,0.412592804,2.650371216
Images (10454).jpg,test,0.424221528,0.424221528,2.696886112
Images (10455).jpg,test,0.477229416,0.477229416,2.908917664
Images (10456).jpg,val,0.589091433,0.589091433,3.356365732
Images (10457).jpg,test,0.220330273,0.220330273,1.881321092
Images (10458).jpg,train,0.551079621,0.551079621,3.204318484
Images (10459).jpg,train,0.225338852,0.225338852,1.901355408
Images (10460).jpg,train,0.176423867,0.176423867,1.705695468
Images (10461).jpg,test,0.106765358,0.106765358,1.427061432
Images (10462).jpg,train,0.338663616,0.338663616,2.354654464
Images (10463).jpg,train,0.255868332,0.255868332,2.023473328
Images (10464).jpg,train,0.23578685,0.23578685,1.9431474
Images (10465).jpg,train,0.369794613,0.369794613,2.479178452
Images (10466).jpg,train,0.234989893,0.234989893,1.939959572
Images (10467).jpg,train,0.212206402,0.212206402,1.848825608
Images (10468).jpg,test,0.459381295,0.459381295,2.83752518
Images (10469).jpg,train,0.342671769,0.342671769,2.3706870760000003
Images (10470).jpg,train,0.358773108,0.358773108,2.4350924320000003
Images (10471).jpg,train,0.092042431,0.092042431,1.368169724
Images (10472).jpg,train,0.336848031,0.336848031,2.347392124
Images (10473).jpg,train,0.48927437,0.48927437,2.95709748
Images (10474).jpg,train,0.437405139,0.437405139,2.749620556
Images (10475).jpg,train,0.425570573,0.425570573,2.702282292
Images (10476).jpg,train,0.40319255,0.40319255,2.6127702
Images (10477).jpg,val,0.314990552,0.314990552,2.259962208
Images (10478).jpg,val,0.609591401,0.609591401,3.438365604
Images (10479).jpg,train,0.403928788,0.403928788,2.615715152
Images (10480).jpg,train,0.578137425,0.578137425,3.3125497
Images (10481).jpg,train,0.606901181,0.606901181,3.427604724
Images (10482).jpg,train,0.325627674,0.325627674,2.302510696
Images (10483).jpg,train,0.52376838,0.52376838,3.09507352
Images (10484).jpg,train,0.32555329,0.32555329,2.30221316
Images (10485).jpg,train,0.197689465,0.197689465,1.79075786
Images (10486).jpg,train,0.346502553,0.346502553,2.386010212
Images (10487).jpg,train,0.409592981,0.409592981,2.6383719240000003
Images (10488).jpg,train,0.5321654,0.5321654,3.1286616
Images (10489).jpg,train,0.239410806,0.239410806,1.957643224
Images (10490).jpg,train,0.281088459,0.281088459,2.124353836
Images (10491).jpg,train,0.08,0.08,1.32
Images (10492).jpg,train,0.383420711,0.383420711,2.5336828440000003
Images (10493).jpg,test,0.598038628,0.598038628,3.392154512
Images (10494).jpg,train,0.643960603,0.643960603,3.575842412
Images (10495).jpg,train,0.336843043,0.336843043,2.347372172
Images (10496).jpg,train,0.342166886,0.342166886,2.368667544
Images (10497).jpg,train,0.393225123,0.393225123,2.572900492
Images (10498).jpg,train,0.318822892,0.318822892,2.275291568
Images (10499).jpg,train,0.499048689,0.499048689,2.996194756
Images (10500).jpg,train,0.335244527,0.335244527,2.340978108
Images (10501).jpg,test,0.432548026,0.432548026,2.730192104
Images (10502).jpg,train,0.551152943,0.551152943,3.204611772
Images (10503).jpg,train,0.614893883,0.614893883,3.459575532
Images (10504).jpg,train,0.154559862,0.154559862,1.618239448
Images (10505).jpg,val,0.372982514,0.372982514,2.491930056
Images (10506).jpg,train,0.362444536,0.362444536,2.449778144
Images (10507).jpg,train,0.325976778,0.325976778,2.303907112
Images (10508).jpg,train,0.496247059,0.496247059,2.984988236
Images (10509).jpg,train,0.315672753,0.315672753,2.262691012
Images (10510).jpg,train,0.183920476,0.183920476,1.735681904
Images (10511).jpg,train,0.153880106,0.153880106,1.615520424
Images (10512).jpg,train,0.336367584,0.336367584,2.345470336
Images (10513).jpg,train,0.366023171,0.366023171,2.464092684
Images (10514).jpg,test,0.237388909,0.237388909,1.949555636
Images (10515).jpg,test,0.464916945,0.464916945,2.85966778
Images (10516).jpg,test,0.373173905,0.373173905,2.49269562
Images (10517).jpg,train,0.193968865,0.193968865,1.77587546
Images (10518).jpg,test,0.230872242,0.230872242,1.923488968
Images (10519).jpg,train,0.523635361,0.523635361,3.094541444
Images (10520).jpg,val,0.467828462,0.467828462,2.871313848
Images (10521).jpg,train,0.31969635,0.31969635,2.2787854000000003
Images (10522).jpg,train,0.450893967,0.450893967,2.803575868
Images (10523).jpg,train,0.629601031,0.629601031,3.518404124
Images (10524).jpg,train,0.320980905,0.320980905,2.28392362
Images (10525).jpg,val,0.240491801,0.240491801,1.961967204
Images (10526).jpg,val,0.463518341,0.463518341,2.854073364
Images (10527).jpg,train,0.470292648,0.470292648,2.881170592
Images (10528).jpg,train,0.680268257,0.680268257,3.721073028
Images (10529).jpg,train,0.484210519,0.484210519,2.936842076
Images (10530).jpg,train,0.592069352,0.592069352,3.368277408
Images (10531).jpg,val,0.484573576,0.484573576,2.938294304
Images (10532).jpg,test,0.372743142,0.372743142,2.490972568
Images (10533).jpg,val,0.516963244,0.516963244,3.067852976
Images (10534).jpg,train,0.089749059,0.089749059,1.358996236
Images (10535).jpg,train,0.582437915,0.582437915,3.32975166
Images (10536).jpg,train,0.407786765,0.407786765,2.63114706
Images (10537).jpg,train,0.525840046,0.525840046,3.103360184
Images (10538).jpg,train,0.693184121,0.693184121,3.772736484
Images (10539).jpg,train,0.332598404,0.332598404,2.3303936160000003
Images (10540).jpg,train,0.206610787,0.206610787,1.826443148
Images (10541).jpg,train,0.32771683,0.32771683,2.31086732
Images (10542).jpg,train,0.360055428,0.360055428,2.440221712
Images (10543).jpg,train,0.420242071,0.420242071,2.680968284
Images (10544).jpg,train,0.266608376,0.266608376,2.066433504
Images (10545).jpg,train,0.606208875,0.606208875,3.4248355
Images (10546).jpg,train,0.46504871,0.46504871,2.86019484
Images (10547).jpg,test,0.41352069,0.41352069,2.65408276
Images (10548).jpg,train,0.627120507,0.627120507,3.508482028
Images (10549).jpg,train,0.483300767,0.483300767,2.933203068
Images (10550).jpg,train,0.499001003,0.499001003,2.996004012
Images (10551).jpg,train,0.219229259,0.219229259,1.876917036
Images (10552).jpg,train,0.12882613,0.12882613,1.51530452
Images (10553).jpg,train,0.186756737,0.186756737,1.747026948
Images (10554).jpg,train,0.37589241,0.37589241,2.5035696400000003
Images (10555).jpg,train,0.393196633,0.393196633,2.5727865320000003
Images (10556).jpg,train,0.403581703,0.403581703,2.614326812
Images (10557).jpg,val,0.252906251,0.252906251,2.011625004
Images (10558).jpg,train,0.251791674,0.251791674,2.007166696
Images (10559).jpg,train,0.286984017,0.286984017,2.147936068
Images (10560).jpg,train,0.273658135,0.273658135,2.09463254
Images (10561).jpg,test,0.594998429,0.594998429,3.379993716
Images (10562).jpg,train,0.623109732,0.623109732,3.492438928
Images (10563).jpg,train,0.640848398,0.640848398,3.563393592
Images (10564).jpg,train,0.620745289,0.620745289,3.482981156
Images (10565).jpg,train,0.491332927,0.491332927,2.965331708
Images (10566).jpg,train,0.652661698,0.652661698,3.610646792
Images (10567).jpg,val,0.675795153,0.675795153,3.703180612
Images (10568).jpg,train,0.636013741,0.636013741,3.544054964
Images (10569).jpg,train,0.614984478,0.614984478,3.459937912
Images (10570).jpg,train,0.675697717,0.675697717,3.702790868
Images (10571).jpg,train,0.780926564,0.780926564,4.123706256
Images (10572).jpg,test,0.417632763,0.417632763,2.6705310520000003
Images (10573).jpg,train,0.545998649,0.545998649,3.183994596
Images (10574).jpg,val,0.652996361,0.652996361,3.611985444
Images (10575).jpg,val,0.778897488,0.778897488,4.1155899520000006
Images (10576).jpg,train,0.455132616,0.455132616,2.820530464
Images (10577).jpg,train,0.52812987,0.52812987,3.11251948
Images (10578).jpg,test,0.647679207,0.647679207,3.590716828
Images (10579).jpg,val,0.595244153,0.595244153,3.380976612
Images (10580).jpg,train,0.457009461,0.457009461,2.828037844
Images (10581).jpg,test,0.600720055,0.600720055,3.40288022
Images (10582).jpg,train,0.598683009,0.598683009,3.394732036
Images (10583).jpg,train,0.616428663,0.616428663,3.465714652
Images (10584).jpg,train,0.608931727,0.608931727,3.435726908
Images (10585).jpg,train,0.478828354,0.478828354,2.915313416
Images (10586).jpg,train,0.438059993,0.438059993,2.752239972
Images (10587).jpg,train,0.484446156,0.484446156,2.937784624
Images (10588).jpg,train,0.474974288,0.474974288,2.8998971520000003
Images (10589).jpg,test,0.25021373,0.25021373,2.00085492
Images (10590).jpg,test,0.35617347,0.35617347,2.42469388
Images (10591).jpg,train,0.59359574,0.59359574,3.37438296
Images (10592).jpg,train,0.447640284,0.447640284,2.790561136
Images (10593).jpg,test,0.641898998,0.641898998,3.567595992
Images (10594).jpg,train,0.747210343,0.747210343,3.988841372
Images (10595).jpg,train,0.568773377,0.568773377,3.275093508
Images (10596).jpg,train,0.657814844,0.657814844,3.631259376
Images (10597).jpg,train,0.568042197,0.568042197,3.272168788
Images (10598).jpg,train,0.757170823,0.757170823,4.028683292
Images (10599).jpg,train,0.626292107,0.626292107,3.505168428
Images (10600).jpg,train,0.636475537,0.636475537,3.545902148
Images (10601).jpg,train,0.616023036,0.616023036,3.464092144
Images (10602).jpg,train,0.49105753,0.49105753,2.96423012
Images (10603).jpg,train,0.379637215,0.379637215,2.51854886
Images (10604).jpg,train,0.631532319,0.631532319,3.526129276
Images (10605).jpg,train,0.669825422,0.669825422,3.679301688
Images (10606).jpg,test,0.51997092,0.51997092,3.07988368
Images (10607).jpg,val,0.612250721,0.612250721,3.449002884
Images (10608).jpg,test,0.639800335,0.639800335,3.55920134
Images (10609).jpg,train,0.531115927,0.531115927,3.124463708
Images (10610).jpg,train,0.403587143,0.403587143,2.614348572
Images (10611).jpg,train,0.596777306,0.596777306,3.387109224
Images (10612).jpg,train,0.636614719,0.636614719,3.546458876
Images (10613).jpg,train,0.442615856,0.442615856,2.770463424
Images (10614).jpg,train,0.359960694,0.359960694,2.439842776
Images (10615).jpg,val,0.22195348,0.22195348,1.88781392
Images (10616).jpg,train,0.550857651,0.550857651,3.203430604
Images (10617).jpg,train,0.330360329,0.330360329,2.321441316
Images (10618).jpg,train,0.399441537,0.399441537,2.597766148
Images (10619).jpg,train,0.650277588,0.650277588,3.601110352
Images (10620).jpg,train,0.437701255,0.437701255,2.75080502
Images (10621).jpg,train,0.630239568,0.630239568,3.520958272
Images (10622).jpg,train,0.66232795,0.66232795,3.6493118
Images (10623).jpg,train,0.543955221,0.543955221,3.175820884
Images (10624).jpg,train,0.605417334,0.605417334,3.421669336
Images (10625).jpg,train,0.58394546,0.58394546,3.33578184
Images (10626).jpg,val,0.63601197,0.63601197,3.54404788
Images (10627).jpg,train,0.449278977,0.449278977,2.7971159080000003
Images (10628).jpg,test,0.487386525,0.487386525,2.9495461
Images (10629).jpg,train,0.330633843,0.330633843,2.322535372
Images (10630).jpg,train,0.536942437,0.536942437,3.147769748
Images (10631).jpg,train,0.558491528,0.558491528,3.233966112
Images (10632).jpg,test,0.54900058,0.54900058,3.19600232
Images (10633).jpg,train,0.394112389,0.394112389,2.576449556
Images (10634).jpg,train,0.625754905,0.625754905,3.50301962
Images (10635).jpg,train,0.107408458,0.107408458,1.429633832
Images (10636).jpg,train,0.562916459,0.562916459,3.251665836
Images (10637).jpg,val,0.649447356,0.649447356,3.597789424
Images (10638).jpg,train,0.360951823,0.360951823,2.443807292
Images (10639).jpg,train,0.178903526,0.178903526,1.715614104
Images (10640).jpg,train,0.413501465,0.413501465,2.65400586
Images (10641).jpg,test,0.45480228,0.45480228,2.81920912
Images (10642).jpg,train,0.795541304,0.795541304,4.182165216
Images (10643).jpg,train,0.546904063,0.546904063,3.187616252
Images (10644).jpg,test,0.403720937,0.403720937,2.614883748
Images (10645).jpg,train,0.52886054,0.52886054,3.11544216
Images (10646).jpg,train,0.534952129,0.534952129,3.139808516
Images (10647).jpg,train,0.57064366,0.57064366,3.28257464
Images (10648).jpg,train,0.612888888,0.612888888,3.451555552
Images (10649).jpg,test,0.679476971,0.679476971,3.717907884
Images (10650).jpg,val,0.162833588,0.162833588,1.651334352
Images (10651).jpg,train,0.344809784,0.344809784,2.379239136
Images (10652).jpg,train,0.212086871,0.212086871,1.848347484
Images (10653).jpg,test,0.75793035,0.75793035,4.0317214
Images (10654).jpg,train,0.589107691,0.589107691,3.356430764
Images (10655).jpg,train,0.748904194,0.748904194,3.995616776
Images (10656).jpg,train,0.763381551,0.763381551,4.053526204000001
Images (10657).jpg,train,0.52134845,0.52134845,3.0853938
Images (10658).jpg,train,0.519790184,0.519790184,3.079160736
Images (10659).jpg,test,0.660608323,0.660608323,3.642433292
Images (10660).jpg,train,0.53223724,0.53223724,3.12894896
Images (10661).jpg,train,0.424110974,0.424110974,2.696443896
Images (10662).jpg,train,0.340704576,0.340704576,2.362818304
Images (10663).jpg,train,0.508023872,0.508023872,3.032095488
Images (10664).jpg,val,0.281321442,0.281321442,2.125285768
Images (10665).jpg,train,0.367307122,0.367307122,2.469228488
Images (10666).jpg,test,0.450060227,0.450060227,2.800240908
Images (10667).jpg,test,0.306261132,0.306261132,2.225044528
Images (10668).jpg,train,0.444703664,0.444703664,2.778814656
Images (10669).jpg,train,0.391430412,0.391430412,2.565721648
Images (10670).jpg,train,0.245731444,0.245731444,1.982925776
Images (10671).jpg,train,0.254986057,0.254986057,2.019944228
Images (10672).jpg,train,0.285070965,0.285070965,2.1402838600000003
Images (10673).jpg,train,0.433432503,0.433432503,2.733730012
Images (10674).jpg,train,0.517312873,0.517312873,3.069251492
Images (10675).jpg,test,0.636198812,0.636198812,3.544795248
Images (10676).jpg,train,0.538845199,0.538845199,3.155380796
Images (10677).jpg,train,0.406897194,0.406897194,2.627588776
Images (10678).jpg,test,0.524132915,0.524132915,3.09653166
Images (10679).jpg,train,0.481303615,0.481303615,2.9252144600000003
Images (10680).jpg,test,0.361655744,0.361655744,2.446622976
Images (10681).jpg,train,0.512454805,0.512454805,3.04981922
Images (10682).jpg,train,0.449119284,0.449119284,2.796477136
Images (10683).jpg,train,0.536052949,0.536052949,3.144211796
Images (10684).jpg,train,0.218917352,0.218917352,1.875669408
Images (10685).jpg,val,0.523609829,0.523609829,3.094439316
Images (10686).jpg,train,0.316145616,0.316145616,2.264582464
Images (10687).jpg,train,0.238818842,0.238818842,1.955275368
Images (10688).jpg,test,0.446120789,0.446120789,2.7844831560000003
Images (10689).jpg,train,0.323278677,0.323278677,2.293114708
Images (10690).jpg,train,0.405447466,0.405447466,2.621789864
Images (10691).jpg,train,0.488183266,0.488183266,2.952733064
Images (10692).jpg,train,0.372009734,0.372009734,2.488038936
Images (10693).jpg,train,0.596608918,0.596608918,3.386435672
Images (10694).jpg,train,0.490344077,0.490344077,2.961376308
Images (10695).jpg,val,0.510537392,0.510537392,3.042149568
Images (10696).jpg,train,0.391147486,0.391147486,2.564589944
Images (10697).jpg,val,0.488202231,0.488202231,2.952808924
Images (10698).jpg,train,0.486203015,0.486203015,2.9448120600000003
Images (10699).jpg,test,0.433202509,0.433202509,2.732810036
Images (10700).jpg,train,0.429407895,0.429407895,2.71763158
Images (10701).jpg,val,0.343417094,0.343417094,2.373668376
Images (10702).jpg,train,0.530598538,0.530598538,3.122394152
Images (10703).jpg,train,0.730424639,0.730424639,3.921698556
Images (10704).jpg,train,0.482511924,0.482511924,2.930047696
Images (10705).jpg,train,0.498819277,0.498819277,2.995277108
Images (10706).jpg,train,0.425301964,0.425301964,2.701207856
Images (10707).jpg,train,0.417059891,0.417059891,2.6682395640000003
Images (10708).jpg,test,0.513879858,0.513879858,3.055519432
Images (10709).jpg,train,0.413567683,0.413567683,2.654270732
Images (10710).jpg,train,0.456872125,0.456872125,2.8274885000000003
Images (10711).jpg,val,0.342987816,0.342987816,2.371951264
Images (10712).jpg,train,0.473255134,0.473255134,2.893020536
Images (10713).jpg,train,0.50864383,0.50864383,3.03457532
Images (10714).jpg,test,0.396064789,0.396064789,2.584259156
Images (10715).jpg,train,0.535147069,0.535147069,3.140588276
Images (10716).jpg,val,0.359779656,0.359779656,2.439118624
Images (10717).jpg,test,0.460597355,0.460597355,2.84238942
Images (10718).jpg,train,0.469407854,0.469407854,2.877631416
Images (10719).jpg,train,0.44478112,0.44478112,2.77912448
Images (10720).jpg,test,0.532304049,0.532304049,3.129216196
Images (10721).jpg,train,0.572179611,0.572179611,3.288718444
Images (10722).jpg,train,0.639045613,0.639045613,3.556182452
Images (10723).jpg,train,0.793896956,0.793896956,4.175587824
Images (10724).jpg,train,0.667932054,0.667932054,3.671728216
Images (10725).jpg,train,0.580693641,0.580693641,3.322774564
Images (10726).jpg,train,0.543755236,0.543755236,3.175020944
Images (10727).jpg,train,0.628146566,0.628146566,3.512586264
Images (10728).jpg,train,0.484472568,0.484472568,2.937890272
Images (10729).jpg,test,0.426077287,0.426077287,2.704309148
Images (10730).jpg,train,0.685961905,0.685961905,3.74384762
Images (10731).jpg,val,0.621484621,0.621484621,3.485938484
Images (10732).jpg,val,0.774938763,0.774938763,4.099755052
Images (10733).jpg,train,0.605144737,0.605144737,3.420578948
Images (10734).jpg,train,0.237069619,0.237069619,1.948278476
Images (10735).jpg,val,0.597545441,0.597545441,3.390181764
Images (10736).jpg,train,0.614960539,0.614960539,3.459842156
Images (10737).jpg,test,0.54658776,0.54658776,3.18635104
Images (10738).jpg,train,0.344868958,0.344868958,2.379475832
Images (10739).jpg,train,0.62861732,0.62861732,3.51446928
Images (10740).jpg,train,0.604941392,0.604941392,3.419765568
Images (10741).jpg,train,0.34846828,0.34846828,2.3938731200000003
Images (10742).jpg,train,0.676270616,0.676270616,3.705082464
Images (10743).jpg,train,0.536508584,0.536508584,3.146034336
Images (10744).jpg,train,0.653901513,0.653901513,3.615606052
Images (10745).jpg,train,0.617598344,0.617598344,3.470393376
Images (10746).jpg,train,0.587250256,0.587250256,3.349001024
Images (10747).jpg,train,0.437166353,0.437166353,2.7486654120000003
Images (10748).jpg,train,0.492354425,0.492354425,2.9694177
Images (10749).jpg,train,0.611603869,0.611603869,3.446415476
Images (10750).jpg,test,0.246268723,0.246268723,1.985074892
Images (10751).jpg,train,0.353005971,0.353005971,2.412023884
Images (10752).jpg,test,0.447487061,0.447487061,2.789948244
Images (10753).jpg,train,0.398996968,0.398996968,2.5959878720000003
Images (10754).jpg,val,0.662864354,0.662864354,3.651457416
Images (10755).jpg,train,0.288669731,0.288669731,2.154678924
Images (10756).jpg,train,0.031172936,0.031172936,1.124691744
Images (10757).jpg,train,0.128955034,0.128955034,1.515820136
Images (10758).jpg,train,0.332591839,0.332591839,2.330367356
Images (10759).jpg,test,0.272742629,0.272742629,2.090970516
Images (10760).jpg,train,0.157245743,0.157245743,1.628982972
Images (10761).jpg,train,0.357493489,0.357493489,2.429973956
Images (10762).jpg,train,0.382374963,0.382374963,2.529499852
Images (10763).jpg,train,0.210765221,0.210765221,1.843060884
Images (10764).jpg,train,0.641601966,0.641601966,3.566407864
Images (10765).jpg,train,0.420594213,0.420594213,2.682376852
Images (10766).jpg,train,0.510523255,0.510523255,3.04209302
Images (10767).jpg,val,0.271769433,0.271769433,2.087077732
Images (10768).jpg,train,0.818077271,0.818077271,4.272309084
Images (10769).jpg,test,0.589284206,0.589284206,3.357136824
Images (10770).jpg,val,0.576271055,0.576271055,3.30508422
Images (10771).jpg,train,0.636665254,0.636665254,3.546661016
Images (10772).jpg,train,0.489390971,0.489390971,2.957563884
Images (10773).jpg,train,0.406661632,0.406661632,2.626646528
Images (10774).jpg,val,0.340347076,0.340347076,2.361388304
Images (10775).jpg,train,0.485607516,0.485607516,2.942430064
Images (10776).jpg,train,0.40208154,0.40208154,2.60832616
Images (10777).jpg,train,0.44835124,0.44835124,2.79340496
Images (10778).jpg,train,0.649391932,0.649391932,3.597567728
Images (10779).jpg,train,0.659965354,0.659965354,3.639861416
Images (10780).jpg,train,0.634183475,0.634183475,3.5367339
Images (10781).jpg,train,0.369394791,0.369394791,2.477579164
Images (10782).jpg,train,0.607313454,0.607313454,3.429253816
Images (10783).jpg,train,0.645864823,0.645864823,3.583459292
Images (10784).jpg,train,0.615727398,0.615727398,3.462909592
Images (10785).jpg,val,0.738532059,0.738532059,3.954128236
Images (10786).jpg,train,0.908506672,0.908506672,4.6340266880000005
Images (10787).jpg,train,0.450216503,0.450216503,2.800866012
Images (10788).jpg,test,0.222622498,0.222622498,1.890489992
Images (10789).jpg,test,0.74435941,0.74435941,3.97743764
Images (10790).jpg,val,0.530655523,0.530655523,3.122622092
Images (10791).jpg,train,0.638434532,0.638434532,3.553738128
Images (10792).jpg,train,0.583283016,0.583283016,3.333132064
Images (10793).jpg,train,0.832447808,0.832447808,4.329791232
Images (10794).jpg,val,0.730338395,0.730338395,3.92135358
Images (10795).jpg,train,0.486596882,0.486596882,2.946387528
Images (10796).jpg,train,0.661899582,0.661899582,3.647598328
Images (10797).jpg,train,0.504254833,0.504254833,3.017019332
Images (10798).jpg,test,0.534806585,0.534806585,3.13922634
Images (10799).jpg,train,0.538339083,0.538339083,3.153356332
Images (10800).jpg,train,0.499841441,0.499841441,2.999365764
Images (10801).jpg,train,0.779566295,0.779566295,4.11826518
Images (10802).jpg,train,0.666931168,0.666931168,3.667724672
Images (10803).jpg,train,0.593780692,0.593780692,3.375122768
Images (10804).jpg,train,0.502799226,0.502799226,3.011196904
Images (10805).jpg,test,0.612066185,0.612066185,3.44826474
Images (10806).jpg,train,0.480295762,0.480295762,2.921183048
Images (10807).jpg,train,0.264026834,0.264026834,2.056107336
Images (10808).jpg,train,0.22796592,0.22796592,1.91186368
Images (10809).jpg,test,0.191629555,0.191629555,1.76651822
Images (10810).jpg,train,0.347513426,0.347513426,2.390053704
Images (10811).jpg,val,0.271167276,0.271167276,2.084669104
Images (10812).jpg,test,0.130612424,0.130612424,1.522449696
Images (10813).jpg,train,0.674998264,0.674998264,3.699993056
Images (10814).jpg,train,0.560679045,0.560679045,3.24271618
Images (10815).jpg,train,0.509569996,0.509569996,3.038279984
Images (10816).jpg,train,0.716240068,0.716240068,3.864960272
Images (10817).jpg,test,0.82926342,0.82926342,4.31705368
Images (10818).jpg,val,0.665740611,0.665740611,3.662962444
Images (10819).jpg,train,0.711220651,0.711220651,3.844882604
Images (10820).jpg,val,0.463565771,0.463565771,2.8542630840000003
Images (10821).jpg,train,0.595699502,0.595699502,3.382798008
Images (10822).jpg,test,0.594200079,0.594200079,3.376800316
Images (10823).jpg,test,0.421420537,0.421420537,2.685682148
Images (10824).jpg,train,0.669926782,0.669926782,3.679707128
Images (10825).jpg,test,0.358652236,0.358652236,2.434608944
Images (10826).jpg,val,0.59359545,0.59359545,3.3743818
Images (10827).jpg,train,0.582033014,0.582033014,3.328132056
Images (10828).jpg,train,0.472433424,0.472433424,2.889733696
Images (10829).jpg,val,0.649747345,0.649747345,3.59898938
Images (10830).jpg,test,0.533381112,0.533381112,3.133524448
Images (10831).jpg,train,0.782566545,0.782566545,4.13026618
Images (10832).jpg,train,0.671119105,0.671119105,3.68447642
Images (10833).jpg,train,0.645579407,0.645579407,3.582317628
Images (10834).jpg,train,0.687093344,0.687093344,3.748373376
Images (10835).jpg,train,0.345446779,0.345446779,2.381787116
Images (10836).jpg,val,0.427294782,0.427294782,2.709179128
Images (10837).jpg,train,0.445293389,0.445293389,2.781173556
Images (10838).jpg,val,0.59116086,0.59116086,3.36464344
Images (10839).jpg,train,0.640669626,0.640669626,3.562678504
Images (10840).jpg,test,0.522293484,0.522293484,3.089173936
Images (10841).jpg,train,0.448799555,0.448799555,2.79519822
Images (10842).jpg,train,0.490718363,0.490718363,2.962873452
Images (10843).jpg,train,0.678012545,0.678012545,3.71205018
Images (10844).jpg,train,0.701741269,0.701741269,3.806965076
Images (10845).jpg,train,0.521802123,0.521802123,3.087208492
Images (10846).jpg,train,0.676404085,0.676404085,3.70561634
Images (10847).jpg,train,0.487375204,0.487375204,2.949500816
Images (10848).jpg,train,0.265366181,0.265366181,2.061464724
Images (10849).jpg,test,0.412139961,0.412139961,2.648559844
Images (10850).jpg,train,0.262885922,0.262885922,2.051543688
Images (10851).jpg,train,0.616499351,0.616499351,3.465997404
Images (10852).jpg,train,0.577099816,0.577099816,3.308399264
Images (10853).jpg,val,0.087665538,0.087665538,1.350662152
Images (10854).jpg,test,0.36842376,0.36842376,2.47369504
Images (10855).jpg,train,0.40306794,0.40306794,2.61227176
Images (10856).jpg,train,0.2823125,0.2823125,2.12925
Images (10857).jpg,train,0.349052918,0.349052918,2.396211672
Images (10858).jpg,train,0.363653552,0.363653552,2.454614208
Images (10859).jpg,train,0.385846913,0.385846913,2.543387652
Images (10860).jpg,train,0.341798974,0.341798974,2.367195896
Images (10861).jpg,train,0.343471719,0.343471719,2.3738868760000003
Images (10862).jpg,train,0.466246102,0.466246102,2.864984408
Images (10863).jpg,train,0.663304733,0.663304733,3.653218932
Images (10864).jpg,train,0.293452808,0.293452808,2.1738112320000003
Images (10865).jpg,train,0.426264513,0.426264513,2.705058052
Images (10866).jpg,train,0.351094844,0.351094844,2.404379376
Images (10867).jpg,test,0.38238498,0.38238498,2.52953992
Images (10868).jpg,val,0.447856141,0.447856141,2.791424564
Images (10869).jpg,train,0.636966374,0.636966374,3.547865496
Images (10870).jpg,train,0.48862918,0.48862918,2.95451672
Images (10871).jpg,train,0.699155571,0.699155571,3.796622284
Images (10872).jpg,train,0.488370774,0.488370774,2.9534830960000003
Images (10873).jpg,test,0.859284611,0.859284611,4.437138444
Images (10874).jpg,train,0.423367145,0.423367145,2.69346858
Images (10875).jpg,train,0.423330322,0.423330322,2.693321288
Images (10876).jpg,train,0.64218179,0.64218179,3.56872716
Images (10877).jpg,train,0.501556408,0.501556408,3.006225632
Images (10878).jpg,train,0.236354554,0.236354554,1.945418216
Images (10879).jpg,train,0.263004354,0.263004354,2.052017416
Images (10880).jpg,train,0.516498281,0.516498281,3.065993124
Images (10881).jpg,test,0.53290155,0.53290155,3.1316062
Images (10882).jpg,train,0.547119085,0.547119085,3.18847634
Images (10883).jpg,train,0.702734062,0.702734062,3.810936248
Images (10884).jpg,train,0.738296012,0.738296012,3.953184048
Images (10885).jpg,train,0.718154163,0.718154163,3.872616652
Images (10886).jpg,train,0.580748088,0.580748088,3.322992352
Images (10887).jpg,train,0.355519522,0.355519522,2.422078088
Images (10888).jpg,train,0.59338693,0.59338693,3.37354772
Images (10889).jpg,train,0.415470103,0.415470103,2.661880412
Images (10890).jpg,train,0.522535022,0.522535022,3.090140088
Images (10891).jpg,train,0.628319932,0.628319932,3.513279728
Images (10892).jpg,train,0.411741961,0.411741961,2.646967844
Images (10893).jpg,train,0.450723487,0.450723487,2.802893948
Images (10894).jpg,train,0.512290013,0.512290013,3.049160052
Images (10895).jpg,train,0.353363088,0.353363088,2.413452352
Images (10896).jpg,train,0.288469047,0.288469047,2.153876188
Images (10897).jpg,train,0.6587171,0.6587171,3.6348684
Images (10898).jpg,train,0.546337602,0.546337602,3.185350408
Images (10899).jpg,train,0.731774822,0.731774822,3.927099288
Images (10900).jpg,test,0.558425707,0.558425707,3.233702828
Images (10901).jpg,train,0.732218413,0.732218413,3.928873652
Images (10902).jpg,train,0.480047789,0.480047789,2.920191156
Images (10903).jpg,train,0.538399288,0.538399288,3.153597152
Images (10904).jpg,train,0.476006615,0.476006615,2.90402646
Images (10905).jpg,train,0.677897045,0.677897045,3.71158818
Images (10906).jpg,test,0.289141635,0.289141635,2.15656654
Images (10907).jpg,train,0.600983741,0.600983741,3.403934964
Images (10908).jpg,train,0.588758087,0.588758087,3.355032348
Images (10909).jpg,train,0.65273177,0.65273177,3.61092708
Images (10910).jpg,train,0.027777778,0.027777778,1.111111112
Images (10911).jpg,train,0.295085824,0.295085824,2.180343296
Images (10912).jpg,train,0.515481884,0.515481884,3.061927536
Images (10913).jpg,train,0.548429215,0.548429215,3.19371686
Images (10914).jpg,test,0.721600513,0.721600513,3.886402052
Images (10915).jpg,val,0.416227233,0.416227233,2.664908932
Images (10916).jpg,train,0.338245672,0.338245672,2.352982688
Images (10917).jpg,test,0.290972798,0.290972798,2.163891192
Images (10918).jpg,train,0.636221535,0.636221535,3.54488614
Images (10919).jpg,train,0.424779148,0.424779148,2.699116592
Images (10920).jpg,train,0.496408284,0.496408284,2.985633136
Images (10921).jpg,train,0.430565249,0.430565249,2.722260996
Images (10922).jpg,val,0.47653289,0.47653289,2.90613156
Images (10923).jpg,val,0.407499802,0.407499802,2.629999208
Images (10924).jpg,train,0.600016662,0.600016662,3.400066648
Images (10925).jpg,train,0.304601243,0.304601243,2.218404972
Images (10926).jpg,val,0.668432133,0.668432133,3.673728532
Images (10927).jpg,train,0.493857682,0.493857682,2.975430728
Images (10928).jpg,train,0.720020211,0.720020211,3.880080844
Images (10929).jpg,train,0.487721882,0.487721882,2.950887528
Images (10930).jpg,val,0.261596519,0.261596519,2.046386076
Images (10931).jpg,train,0.540839635,0.540839635,3.16335854
Images (10932).jpg,train,0.252677332,0.252677332,2.010709328
Images (10933).jpg,val,0.552199326,0.552199326,3.208797304
Images (10934).jpg,val,0.566584532,0.566584532,3.266338128
Images (10935).jpg,val,0.212633736,0.212633736,1.850534944
Images (10936).jpg,train,0.573037903,0.573037903,3.292151612
Images (10937).jpg,train,0.498309292,0.498309292,2.9932371680000003
Images (10938).jpg,train,0.475187104,0.475187104,2.900748416
Images (10939).jpg,train,0.68234607,0.68234607,3.72938428
Images (10940).jpg,train,0.797005157,0.797005157,4.188020628
Images (10941).jpg,val,0.597622799,0.597622799,3.390491196
Images (10942).jpg,train,0.279418608,0.279418608,2.1176744320000003
Images (10943).jpg,train,0.594067554,0.594067554,3.376270216
Images (10944).jpg,train,0.555919592,0.555919592,3.223678368
Images (10945).jpg,train,0.027777778,0.027777778,1.111111112
Images (10946).jpg,train,0.496406924,0.496406924,2.985627696
Images (10947).jpg,train,0.331038967,0.331038967,2.324155868
Images (10948).jpg,test,0.24985043,0.24985043,1.99940172
Images (10949).jpg,train,0.388045097,0.388045097,2.552180388
Images (10950).jpg,train,0.547035692,0.547035692,3.188142768
Images (10951).jpg,train,0.284142296,0.284142296,2.136569184
Images (10952).jpg,train,0.314177493,0.314177493,2.256709972
Images (10953).jpg,train,0.469781467,0.469781467,2.879125868
Images (10954).jpg,train,0.586558907,0.586558907,3.346235628
Images (10955).jpg,train,0.752735648,0.752735648,4.010942592
Images (10956).jpg,test,0.12207969,0.12207969,1.48831876
Images (10957).jpg,train,0.445622601,0.445622601,2.782490404
Images (10958).jpg,train,0.717299865,0.717299865,3.86919946
Images (10959).jpg,train,0.438422669,0.438422669,2.753690676
Images (10960).jpg,train,0.372347052,0.372347052,2.4893882080000003
Images (10961).jpg,train,0.456429744,0.456429744,2.825718976
Images (10962).jpg,train,0.466024411,0.466024411,2.864097644
Images (10963).jpg,test,0.532545299,0.532545299,3.130181196
Images (10964).jpg,train,0.369891924,0.369891924,2.479567696
Images (10965).jpg,val,0.492958685,0.492958685,2.9718347400000003
Images (10966).jpg,train,0.605826217,0.605826217,3.423304868
Images (10967).jpg,test,0.590525907,0.590525907,3.362103628
Images (10968).jpg,train,0.39652395,0.39652395,2.5860958
Images (10969).jpg,train,0.485473224,0.485473224,2.941892896
Images (10970).jpg,test,0.478830969,0.478830969,2.915323876
Images (10971).jpg,train,0.241341006,0.241341006,1.965364024
Images (10972).jpg,train,0.597963207,0.597963207,3.391852828
Images (10973).jpg,test,0.615397345,0.615397345,3.46158938
Images (10974).jpg,train,0.501312554,0.501312554,3.005250216
Images (10975).jpg,test,0.621021073,0.621021073,3.484084292
Images (10976).jpg,train,0.409477214,0.409477214,2.637908856
Images (10977).jpg,train,0.565109869,0.565109869,3.260439476
Images (10978).jpg,train,0.512633092,0.512633092,3.050532368
Images (10979).jpg,val,0.603239887,0.603239887,3.412959548
Images (10980).jpg,train,0.582748234,0.582748234,3.330992936
Images (10981).jpg,train,0.501512472,0.501512472,3.006049888
Images (10982).jpg,val,0.8237056,0.8237056,4.2948224
Images (10983).jpg,test,0.707078183,0.707078183,3.828312732
Images (10984).jpg,train,0.675298,0.675298,3.701192
Images (10985).jpg,train,0.654680939,0.654680939,3.618723756
Images (10986).jpg,train,0.461539249,0.461539249,2.846156996
Images (10987).jpg,train,0.463276207,0.463276207,2.853104828
Images (10988).jpg,train,0.507624377,0.507624377,3.030497508
Images (10989).jpg,train,0.715834209,0.715834209,3.863336836
Images (10990).jpg,train,0.55640752,0.55640752,3.22563008
Images (10991).jpg,train,0.270366318,0.270366318,2.081465272
Images (10992).jpg,train,0.217631905,0.217631905,1.87052762
Images (10993).jpg,train,0.631860925,0.631860925,3.5274437
Images (10994).jpg,train,0.669179757,0.669179757,3.676719028
Images (10995).jpg,test,0.728507057,0.728507057,3.914028228
Images (10996).jpg,train,0.57775204,0.57775204,3.31100816
Images (10997).jpg,train,0.661757538,0.661757538,3.647030152
Images (10998).jpg,train,0.62565963,0.62565963,3.50263852
Images (10999).jpg,val,0.570888855,0.570888855,3.28355542
Images (11000).jpg,train,0.571007355,0.571007355,3.28402942
Images (11001).jpg,test,0.641869313,0.641869313,3.567477252
Images (11002).jpg,train,0.535746802,0.535746802,3.142987208
Images (11003).jpg,train,0.499445701,0.499445701,2.997782804
Images (11004).jpg,train,0.51930793,0.51930793,3.07723172
Images (11005).jpg,train,0.735388672,0.735388672,3.941554688
Images (11006).jpg,train,0.724961426,0.724961426,3.899845704
Images (11007).jpg,test,0.598401491,0.598401491,3.393605964
Images (11008).jpg,train,0.612376688,0.612376688,3.449506752
Images (11009).jpg,train,0.40535395,0.40535395,2.6214158000000003
Images (11010).jpg,train,0.670059573,0.670059573,3.680238292
Images (11011).jpg,train,0.844282837,0.844282837,4.377131348
Images (11012).jpg,train,0.806224379,0.806224379,4.224897516
Images (11013).jpg,train,0.711864452,0.711864452,3.847457808
Images (11014).jpg,train,0.778547532,0.778547532,4.114190128000001
Images (11015).jpg,train,0.738660157,0.738660157,3.954640628
Images (11016).jpg,test,0.629766197,0.629766197,3.519064788
Images (11017).jpg,train,0.630048308,0.630048308,3.520193232
Images (11018).jpg,train,0.769926563,0.769926563,4.079706251999999
Images (11019).jpg,train,0.708556261,0.708556261,3.834225044
Images (11020).jpg,train,0.613729846,0.613729846,3.454919384
Images (11021).jpg,val,0.104999487,0.104999487,1.419997948
Images (11022).jpg,val,0.699617045,0.699617045,3.79846818
Images (11023).jpg,train,0.523298208,0.523298208,3.093192832
Images (11024).jpg,train,0.607629156,0.607629156,3.430516624
Images (11025).jpg,train,0.564634162,0.564634162,3.258536648
Images (11026).jpg,train,0.772073744,0.772073744,4.088294976
Images (11027).jpg,test,0.61173573,0.61173573,3.44694292
Images (11028).jpg,test,0.416981571,0.416981571,2.667926284
Images (11029).jpg,train,0.567308724,0.567308724,3.269234896
Images (11030).jpg,train,0.243530854,0.243530854,1.974123416
Images (11031).jpg,test,0.234210436,0.234210436,1.936841744
Images (11032).jpg,test,0.418084866,0.418084866,2.672339464
Images (11033).jpg,train,0.304401095,0.304401095,2.21760438
Images (11034).jpg,train,0.528200077,0.528200077,3.112800308
Images (11035).jpg,train,0.400839803,0.400839803,2.603359212
Images (11036).jpg,train,0.439359696,0.439359696,2.757438784
Images (11037).jpg,test,0.532887795,0.532887795,3.13155118
Images (11038).jpg,train,0.696706611,0.696706611,3.786826444
Images (11039).jpg,train,0.597205778,0.597205778,3.388823112
Images (11040).jpg,train,0.542759893,0.542759893,3.171039572
Images (11041).jpg,train,0.482991729,0.482991729,2.931966916
Images (11042).jpg,train,0.47169719,0.47169719,2.88678876
Images (11043).jpg,train,0.602734511,0.602734511,3.410938044
Images (11044).jpg,train,0.689912732,0.689912732,3.759650928
Images (11045).jpg,train,0.600683978,0.600683978,3.402735912
Images (11046).jpg,train,0.573531696,0.573531696,3.294126784
Images (11047).jpg,train,0.391563078,0.391563078,2.566252312
Images (11048).jpg,train,0.337740137,0.337740137,2.350960548
Images (11049).jpg,train,0.310631891,0.310631891,2.242527564
Images (11050).jpg,val,0.31224655,0.31224655,2.2489862
Images (11051).jpg,train,0.394590641,0.394590641,2.578362564
Images (11052).jpg,val,0.203639788,0.203639788,1.814559152
Images (11053).jpg,train,0.518445454,0.518445454,3.073781816
Images (11054).jpg,train,0.445671256,0.445671256,2.782685024
Images (11055).jpg,train,0.516538353,0.516538353,3.066153412
Images (11056).jpg,train,0.545651257,0.545651257,3.182605028
Images (11057).jpg,val,0.599277371,0.599277371,3.397109484
Images (11058).jpg,train,0.288324654,0.288324654,2.153298616
Images (11059).jpg,train,0.088841878,0.088841878,1.355367512
Images (11060).jpg,train,0.33542701,0.33542701,2.3417080400000003
Images (11061).jpg,train,0.612173732,0.612173732,3.448694928
Images (11062).jpg,train,0.651302653,0.651302653,3.605210612
Images (11063).jpg,train,0.556610264,0.556610264,3.226441056
Images (11064).jpg,train,0.709911072,0.709911072,3.839644288
Images (11065).jpg,train,0.602287667,0.602287667,3.409150668
Images (11066).jpg,val,0.351214669,0.351214669,2.404858676
Images (11067).jpg,val,0.549741318,0.549741318,3.198965272
Images (11068).jpg,train,0.24654958,0.24654958,1.98619832
Images (11069).jpg,train,0.389437916,0.389437916,2.557751664
Images (11070).jpg,val,0.536341755,0.536341755,3.14536702
Images (11071).jpg,train,0.38840503,0.38840503,2.55362012
Images (11072).jpg,train,0.562154644,0.562154644,3.248618576
Images (11073).jpg,train,0.507400601,0.507400601,3.029602404
Images (11074).jpg,train,0.532552044,0.532552044,3.130208176
Images (11075).jpg,train,0.456873353,0.456873353,2.827493412
Images (11076).jpg,test,0.430528409,0.430528409,2.722113636
Images (11077).jpg,train,0.556421189,0.556421189,3.225684756
Images (11078).jpg,train,0.280672982,0.280672982,2.122691928
Images (11079).jpg,val,0.505145524,0.505145524,3.020582096
Images (11080).jpg,train,0.50810508,0.50810508,3.03242032
Images (11081).jpg,train,0.454045382,0.454045382,2.816181528
Images (11082).jpg,train,0.569562562,0.569562562,3.278250248
Images (11083).jpg,train,0.805754426,0.805754426,4.223017704
Images (11084).jpg,train,0.560655433,0.560655433,3.242621732
Images (11085).jpg,train,0.582003803,0.582003803,3.328015212
Images (11086).jpg,val,0.697982945,0.697982945,3.79193178
Images (11087).jpg,train,0.722622657,0.722622657,3.890490628
Images (11088).jpg,train,0.613756266,0.613756266,3.455025064
Images (11089).jpg,train,0.480725269,0.480725269,2.922901076
Images (11090).jpg,val,0.429643071,0.429643071,2.718572284
Images (11091).jpg,test,0.514120082,0.514120082,3.056480328
Images (11092).jpg,test,0.506611751,0.506611751,3.026447004
Images (11093).jpg,train,0.358246218,0.358246218,2.432984872
Images (11094).jpg,train,0.264448292,0.264448292,2.057793168
Images (11095).jpg,train,0.394446099,0.394446099,2.577784396
Images (11096).jpg,test,0.552026265,0.552026265,3.20810506
Images (11097).jpg,val,0.610839207,0.610839207,3.443356828
Images (11098).jpg,test,0.483729355,0.483729355,2.93491742
Images (11099).jpg,test,0.298067486,0.298067486,2.192269944
Images (11100).jpg,train,0.479553025,0.479553025,2.9182121
Images (11101).jpg,val,0.554454589,0.554454589,3.217818356
Images (11102).jpg,test,0.705269082,0.705269082,3.821076328
Images (11103).jpg,train,0.740241444,0.740241444,3.960965776
Images (11104).jpg,train,0.550607731,0.550607731,3.202430924
Images (11105).jpg,train,0.289052155,0.289052155,2.15620862
Images (11106).jpg,train,0.142611611,0.142611611,1.570446444
Images (11107).jpg,train,0.459690286,0.459690286,2.838761144
Images (11108).jpg,train,0.411872667,0.411872667,2.647490668
Images (11109).jpg,train,0.399406872,0.399406872,2.597627488
Images (11110).jpg,train,0.369255258,0.369255258,2.477021032
Images (11111).jpg,train,0.638494737,0.638494737,3.553978948
Images (11112).jpg,test,0.462979968,0.462979968,2.851919872
Images (11113).jpg,train,0.369829158,0.369829158,2.479316632
Images (11114).jpg,train,0.591492598,0.591492598,3.365970392
Images (11115).jpg,test,0.55062451,0.55062451,3.20249804
Images (11116).jpg,val,0.554963869,0.554963869,3.219855476
Images (11117).jpg,train,0.573850735,0.573850735,3.29540294
Images (11118).jpg,train,0.679876837,0.679876837,3.719507348
Images (11119).jpg,train,0.445698683,0.445698683,2.782794732
Images (11120).jpg,test,0.759868125,0.759868125,4.0394725000000005
Images (11121).jpg,test,0.678576691,0.678576691,3.714306764
Images (11122).jpg,val,0.551574433,0.551574433,3.206297732
Images (11123).jpg,train,0.561590475,0.561590475,3.2463619
Images (11124).jpg,train,0.625148082,0.625148082,3.500592328
Images (11125).jpg,train,0.682135527,0.682135527,3.728542108
Images (11126).jpg,train,0.582706608,0.582706608,3.330826432
Images (11127).jpg,train,0.545510572,0.545510572,3.182042288
Images (11128).jpg,train,0.710259506,0.710259506,3.841038024
Images (11129).jpg,train,0.46430501,0.46430501,2.85722004
Images (11130).jpg,train,0.553106677,0.553106677,3.212426708
Images (11131).jpg,train,0.576149426,0.576149426,3.304597704
Images (11132).jpg,train,0.679579651,0.679579651,3.718318604
Images (11133).jpg,train,0.286529698,0.286529698,2.146118792
Images (11134).jpg,train,0.197704666,0.197704666,1.790818664
Images (11135).jpg,train,0.606695054,0.606695054,3.426780216
Images (11136).jpg,train,0.332046171,0.332046171,2.328184684
Images (11137).jpg,train,0.35065717,0.35065717,2.4026286800000003
Images (11138).jpg,test,0.348616021,0.348616021,2.394464084
Images (11139).jpg,val,0.351650956,0.351650956,2.4066038240000003
Images (11140).jpg,train,0.290219852,0.290219852,2.160879408
Images (11141).jpg,test,0.689515977,0.689515977,3.758063908
Images (11142).jpg,train,0.685834649,0.685834649,3.743338596
Images (11143).jpg,test,0.532658455,0.532658455,3.13063382
Images (11144).jpg,train,0.566129048,0.566129048,3.264516192
Images (11145).jpg,train,0.51552563,0.51552563,3.06210252
Images (11146).jpg,train,0.381495279,0.381495279,2.525981116
Images (11147).jpg,train,0.581203582,0.581203582,3.324814328
Images (11148).jpg,train,0.313652813,0.313652813,2.254611252
Images (11149).jpg,train,0.0977007,0.0977007,1.3908028
Images (11150).jpg,train,0.262218201,0.262218201,2.048872804
Images (11151).jpg,train,0.567604554,0.567604554,3.270418216
Images (11152).jpg,test,0.572931283,0.572931283,3.291725132
Images (11153).jpg,train,0.616176178,0.616176178,3.464704712
Images (11154).jpg,train,0.453672707,0.453672707,2.814690828
Images (11155).jpg,train,0.599752953,0.599752953,3.399011812
Images (11156).jpg,train,0.524919985,0.524919985,3.09967994
Images (11157).jpg,train,0.41712653,0.41712653,2.66850612
Images (11158).jpg,train,0.697853934,0.697853934,3.791415736
Images (11159).jpg,train,0.566779382,0.566779382,3.267117528
Images (11160).jpg,train,0.430895167,0.430895167,2.7235806680000003
Images (11161).jpg,train,0.42147532,0.42147532,2.68590128
Images (11162).jpg,test,0.612208205,0.612208205,3.44883282
Images (11163).jpg,train,0.59578807,0.59578807,3.38315228
Images (11164).jpg,train,0.614291012,0.614291012,3.457164048
Images (11165).jpg,train,0.594553578,0.594553578,3.378214312
Images (11166).jpg,train,0.54456594,0.54456594,3.17826376
Images (11167).jpg,train,0.642282113,0.642282113,3.569128452
Images (11168).jpg,val,0.602602321,0.602602321,3.410409284
Images (11169).jpg,train,0.469425994,0.469425994,2.8777039760000003
Images (11170).jpg,train,0.50110128,0.50110128,3.00440512
Images (11171).jpg,train,0.723378762,0.723378762,3.893515048
Images (11172).jpg,train,0.607480453,0.607480453,3.429921812
Images (11173).jpg,train,0.31863532,0.31863532,2.27454128
Images (11174).jpg,test,0.400638066,0.400638066,2.602552264
Images (11175).jpg,val,0.542232184,0.542232184,3.168928736
Images (11176).jpg,train,0.425275977,0.425275977,2.7011039080000003
Images (11177).jpg,test,0.505887997,0.505887997,3.023551988
Images (11178).jpg,train,0.388392358,0.388392358,2.553569432
Images (11179).jpg,train,0.364104993,0.364104993,2.456419972
Images (11180).jpg,test,0.371807778,0.371807778,2.487231112
Images (11181).jpg,train,0.357093289,0.357093289,2.428373156
Images (11182).jpg,train,0.364444077,0.364444077,2.457776308
Images (11183).jpg,val,0.281121705,0.281121705,2.12448682
Images (11184).jpg,train,0.365019543,0.365019543,2.460078172
Images (11185).jpg,train,0.350303624,0.350303624,2.401214496
Images (11186).jpg,test,0.315996315,0.315996315,2.26398526
Images (11187).jpg,train,0.327215687,0.327215687,2.308862748
Images (11188).jpg,test,0.4643223,0.4643223,2.8572892000000003
Images (11189).jpg,train,0.278756864,0.278756864,2.115027456
Images (11190).jpg,test,0.416611435,0.416611435,2.66644574
Images (11191).jpg,train,0.415096563,0.415096563,2.660386252
Images (11192).jpg,train,0.354671433,0.354671433,2.418685732
Images (11193).jpg,train,0.473155491,0.473155491,2.892621964
Images (11194).jpg,val,0.313336327,0.313336327,2.253345308
Images (11195).jpg,val,0.343971703,0.343971703,2.375886812
Images (11196).jpg,train,0.357090199,0.357090199,2.428360796
Images (11197).jpg,train,0.359908555,0.359908555,2.4396342200000003
Images (11198).jpg,train,0.383517034,0.383517034,2.534068136
Images (11199).jpg,train,0.372648938,0.372648938,2.490595752
Images (11200).jpg,test,0.445664876,0.445664876,2.782659504
Images (11201).jpg,train,0.391873581,0.391873581,2.567494324
Images (11202).jpg,train,0.361057751,0.361057751,2.444231004
Images (11203).jpg,test,0.352772481,0.352772481,2.411089924
Images (11204).jpg,train,0.348821126,0.348821126,2.395284504
Images (11205).jpg,train,0.648252538,0.648252538,3.593010152
Images (11206).jpg,train,0.543574614,0.543574614,3.174298456
Images (11207).jpg,train,0.358221652,0.358221652,2.432886608
Images (11208).jpg,train,0.427632753,0.427632753,2.710531012
Images (11209).jpg,train,0.403112921,0.403112921,2.612451684
Images (11210).jpg,train,0.359356415,0.359356415,2.43742566
Images (11211).jpg,val,0.492415345,0.492415345,2.96966138
Images (11212).jpg,train,0.516898911,0.516898911,3.067595644
Images (11213).jpg,test,0.411210588,0.411210588,2.644842352
Images (11214).jpg,train,0.445746167,0.445746167,2.782984668
Images (11215).jpg,train,0.417340271,0.417340271,2.669361084
Images (11216).jpg,train,0.379885209,0.379885209,2.519540836
Images (11217).jpg,val,0.349995396,0.349995396,2.399981584
Images (11218).jpg,train,0.425614302,0.425614302,2.702457208
Images (11219).jpg,train,0.761471057,0.761471057,4.045884228
Images (11220).jpg,train,0.67489615,0.67489615,3.6995846
Images (11221).jpg,val,0.364770901,0.364770901,2.459083604
Images (11222).jpg,train,0.667728531,0.667728531,3.670914124
Images (11223).jpg,train,0.495417504,0.495417504,2.981670016
Images (11224).jpg,test,0.353655522,0.353655522,2.414622088
Images (11225).jpg,val,0.55910331,0.55910331,3.23641324
Images (11226).jpg,train,0.523227532,0.523227532,3.092910128
Images (11227).jpg,train,0.465342858,0.465342858,2.8613714320000003
Images (11228).jpg,train,0.542499154,0.542499154,3.169996616
Images (11229).jpg,train,0.571660149,0.571660149,3.286640596
Images (11230).jpg,train,0.598665574,0.598665574,3.394662296
Images (11231).jpg,train,0.139894748,0.139894748,1.559578992
Images (11232).jpg,train,0.406330778,0.406330778,2.625323112
Images (11233).jpg,train,0.461138953,0.461138953,2.8445558120000003
Images (11234).jpg,test,0.504578853,0.504578853,3.018315412
Images (11235).jpg,val,0.473663437,0.473663437,2.894653748
Images (11236).jpg,test,0.715274614,0.715274614,3.861098456
Images (11237).jpg,test,0.681002871,0.681002871,3.724011484
Images (11238).jpg,train,0.515660937,0.515660937,3.062643748
Images (11239).jpg,train,0.40279669,0.40279669,2.61118676
Images (11240).jpg,train,0.415390313,0.415390313,2.6615612520000003
Images (11241).jpg,test,0.49005125,0.49005125,2.960205
Images (11242).jpg,train,0.302314844,0.302314844,2.2092593760000003
Images (11243).jpg,train,0.313688161,0.313688161,2.254752644
Images (11244).jpg,val,0.53057054,0.53057054,3.12228216
Images (11245).jpg,train,0.450344765,0.450344765,2.80137906
Images (11246).jpg,train,0.2710143,0.2710143,2.0840572
Images (11247).jpg,test,0.377416079,0.377416079,2.5096643160000003
Images (11248).jpg,train,0.394953708,0.394953708,2.5798148320000003
Images (11249).jpg,train,0.456934856,0.456934856,2.827739424
Images (11250).jpg,train,0.452132753,0.452132753,2.808531012
Images (11251).jpg,train,0.361179438,0.361179438,2.444717752
Images (11252).jpg,test,0.427824548,0.427824548,2.711298192
Images (11253).jpg,train,0.425081971,0.425081971,2.700327884
Images (11254).jpg,test,0.558599911,0.558599911,3.234399644
Images (11255).jpg,val,0.490069299,0.490069299,2.960277196
Images (11256).jpg,train,0.567673239,0.567673239,3.270692956
Images (11257).jpg,train,0.537769033,0.537769033,3.151076132
Images (11258).jpg,test,0.687374819,0.687374819,3.749499276
Images (11259).jpg,train,0.583172195,0.583172195,3.33268878
Images (11260).jpg,train,0.415161412,0.415161412,2.660645648
Images (11261).jpg,train,0.462872909,0.462872909,2.851491636
Images (11262).jpg,train,0.35290168,0.35290168,2.41160672
Images (11263).jpg,val,0.551515559,0.551515559,3.206062236
Images (11264).jpg,train,0.445379591,0.445379591,2.781518364
Images (11265).jpg,val,0.309965149,0.309965149,2.239860596
Images (11266).jpg,train,0.40911978,0.40911978,2.63647912
Images (11267).jpg,train,0.404774868,0.404774868,2.6190994720000003
Images (11268).jpg,train,0.542022261,0.542022261,3.168089044
Images (11269).jpg,test,0.563106411,0.563106411,3.252425644
Images (11270).jpg,train,0.454659901,0.454659901,2.818639604
Images (11271).jpg,train,0.509953779,0.509953779,3.039815116
Images (11272).jpg,train,0.700965798,0.700965798,3.803863192
Images (11273).jpg,train,0.556769775,0.556769775,3.2270791
Images (11274).jpg,train,0.438381405,0.438381405,2.75352562
Images (11275).jpg,train,0.488658709,0.488658709,2.9546348360000003
Images (11276).jpg,train,0.464564304,0.464564304,2.858257216
Images (11277).jpg,test,0.523657479,0.523657479,3.094629916
Images (11278).jpg,train,0.647294501,0.647294501,3.589178004
Images (11279).jpg,val,0.614323684,0.614323684,3.457294736
Images (11280).jpg,train,0.755761826,0.755761826,4.023047304
Images (11281).jpg,val,0.578509699,0.578509699,3.314038796
Images (11282).jpg,train,0.348029187,0.348029187,2.3921167480000003
Images (11283).jpg,train,0.428866861,0.428866861,2.715467444
Images (11284).jpg,train,0.391605181,0.391605181,2.5664207240000003
Images (11285).jpg,test,0.477055088,0.477055088,2.908220352
Images (11286).jpg,train,0.625263321,0.625263321,3.501053284
Images (11287).jpg,train,0.592680417,0.592680417,3.370721668
Images (11288).jpg,train,0.54653827,0.54653827,3.18615308
Images (11289).jpg,train,0.538852495,0.538852495,3.15540998
Images (11290).jpg,test,0.669157256,0.669157256,3.676629024
Images (11291).jpg,train,0.671543667,0.671543667,3.686174668
Images (11292).jpg,train,0.566451971,0.566451971,3.265807884
Images (11293).jpg,train,0.493616649,0.493616649,2.974466596
Images (11294).jpg,train,0.52199503,0.52199503,3.08798012
Images (11295).jpg,val,0.593242237,0.593242237,3.372968948
Images (11296).jpg,train,0.617356439,0.617356439,3.469425756
Images (11297).jpg,train,0.552247557,0.552247557,3.208990228
Images (11298).jpg,train,0.399734972,0.399734972,2.5989398880000003
Images (11299).jpg,train,0.52329118,0.52329118,3.09316472
Images (11300).jpg,train,0.467040996,0.467040996,2.868163984
Images (11301).jpg,val,0.508814041,0.508814041,3.035256164
Images (11302).jpg,val,0.668994442,0.668994442,3.675977768
Images (11303).jpg,train,0.691629725,0.691629725,3.7665189
Images (11304).jpg,train,0.581788432,0.581788432,3.327153728
Images (11305).jpg,train,0.604740573,0.604740573,3.418962292
Images (11306).jpg,train,0.481351815,0.481351815,2.92540726
Images (11307).jpg,test,0.449855078,0.449855078,2.799420312
Images (11308).jpg,train,0.602455808,0.602455808,3.409823232
Images (11309).jpg,train,0.742317215,0.742317215,3.96926886
Images (11310).jpg,train,0.676386336,0.676386336,3.705545344
Images (11311).jpg,test,0.659055195,0.659055195,3.63622078
Images (11312).jpg,train,0.676801662,0.676801662,3.707206648
Images (11313).jpg,train,0.66620053,0.66620053,3.66480212
Images (11314).jpg,val,0.70023404,0.70023404,3.80093616
Images (11315).jpg,train,0.62404069,0.62404069,3.49616276
Images (11316).jpg,test,0.535603203,0.535603203,3.142412812
Images (11317).jpg,train,0.654921061,0.654921061,3.619684244
Images (11318).jpg,train,0.628419026,0.628419026,3.513676104
Images (11319).jpg,train,0.686858511,0.686858511,3.747434044
Images (11320).jpg,val,0.667467512,0.667467512,3.669870048
Images (11321).jpg,train,0.732960063,0.732960063,3.931840252
Images (11322).jpg,train,0.668457471,0.668457471,3.673829884
Images (11323).jpg,train,0.692412727,0.692412727,3.769650908
Images (11324).jpg,train,0.733390541,0.733390541,3.933562164
Images (11325).jpg,train,0.628479938,0.628479938,3.513919752
Images (11326).jpg,train,0.682314111,0.682314111,3.729256444
Images (11327).jpg,train,0.576657212,0.576657212,3.306628848
Images (11328).jpg,train,0.627783402,0.627783402,3.511133608
Images (11329).jpg,train,0.581170839,0.581170839,3.324683356
Images (11330).jpg,train,0.520253568,0.520253568,3.081014272
Images (11331).jpg,train,0.554535115,0.554535115,3.21814046
Images (11332).jpg,train,0.620775291,0.620775291,3.483101164
Images (11333).jpg,val,0.625873705,0.625873705,3.50349482
Images (11334).jpg,train,0.285480585,0.285480585,2.14192234
Images (11335).jpg,train,0.531200124,0.531200124,3.124800496
Images (11336).jpg,train,0.591990451,0.591990451,3.367961804
Images (11337).jpg,train,0.468343768,0.468343768,2.873375072
Images (11338).jpg,train,0.65062007,0.65062007,3.60248028
Images (11339).jpg,train,0.411735744,0.411735744,2.646942976
Images (11340).jpg,train,0.407612816,0.407612816,2.630451264
Images (11341).jpg,train,0.768115059,0.768115059,4.072460236
Images (11342).jpg,train,0.394890907,0.394890907,2.579563628
Images (11343).jpg,train,0.689641488,0.689641488,3.758565952
Images (11344).jpg,train,0.537679758,0.537679758,3.150719032
Images (11345).jpg,train,0.757200168,0.757200168,4.028800672
Images (11346).jpg,train,0.731867576,0.731867576,3.927470304
Images (11347).jpg,train,0.438686545,0.438686545,2.75474618
Images (11348).jpg,train,0.543379305,0.543379305,3.17351722
Images (11349).jpg,test,0.692804175,0.692804175,3.7712167
Images (11350).jpg,train,0.485695007,0.485695007,2.942780028
Images (11351).jpg,train,0.34010562,0.34010562,2.36042248
Images (11352).jpg,train,0.330374415,0.330374415,2.32149766
Images (11353).jpg,train,0.50543052,0.50543052,3.02172208
Images (11354).jpg,train,0.533044389,0.533044389,3.132177556
Images (11355).jpg,train,0.529756826,0.529756826,3.119027304
Images (11356).jpg,train,0.315345532,0.315345532,2.261382128
Images (11357).jpg,train,0.705670584,0.705670584,3.822682336
Images (11358).jpg,train,0.65310727,0.65310727,3.61242908
Images (11359).jpg,train,0.436704757,0.436704757,2.746819028
Images (11360).jpg,train,0.37883753,0.37883753,2.51535012
Images (11361).jpg,train,0.558704021,0.558704021,3.234816084
Images (11362).jpg,train,0.568597173,0.568597173,3.274388692
Images (11363).jpg,train,0.424130632,0.424130632,2.696522528
Images (11364).jpg,test,0.555152679,0.555152679,3.220610716
Images (11365).jpg,train,0.576560142,0.576560142,3.306240568
Images (11366).jpg,train,0.65950865,0.65950865,3.6380346
Images (11367).jpg,train,0.564057684,0.564057684,3.256230736
Images (11368).jpg,train,0.518062007,0.518062007,3.072248028
Images (11369).jpg,train,0.779759896,0.779759896,4.119039583999999
Images (11370).jpg,test,0.574986332,0.574986332,3.299945328
Images (11371).jpg,train,0.527755929,0.527755929,3.111023716
Images (11372).jpg,train,0.481503573,0.481503573,2.926014292
Images (11373).jpg,train,0.690481634,0.690481634,3.761926536
Images (11374).jpg,val,0.75911889,0.75911889,4.03647556
Images (11375).jpg,test,0.559487712,0.559487712,3.237950848
Images (11376).jpg,val,0.386549594,0.386549594,2.546198376
Images (11377).jpg,train,0.448268906,0.448268906,2.793075624
Images (11378).jpg,train,0.657294925,0.657294925,3.6291797
Images (11379).jpg,train,0.291521752,0.291521752,2.166087008
Images (11380).jpg,train,0.726207749,0.726207749,3.904830996
Images (11381).jpg,train,0.573715775,0.573715775,3.2948631
Images (11382).jpg,val,0.521469132,0.521469132,3.085876528
Images (11383).jpg,test,0.345490259,0.345490259,2.381961036
Images (11384).jpg,train,0.419326317,0.419326317,2.677305268
Images (11385).jpg,train,0.324674834,0.324674834,2.2986993360000003
Images (11386).jpg,train,0.289309876,0.289309876,2.157239504
Images (11387).jpg,train,0.177627791,0.177627791,1.710511164
Images (11388).jpg,train,0.367716434,0.367716434,2.470865736
Images (11389).jpg,train,0.258121294,0.258121294,2.032485176
Images (11390).jpg,train,0.565550484,0.565550484,3.262201936
Images (11391).jpg,test,0.338856423,0.338856423,2.355425692
Images (11392).jpg,test,0.389849846,0.389849846,2.559399384
Images (11393).jpg,train,0.381728488,0.381728488,2.526913952
Images (11394).jpg,train,0.404598746,0.404598746,2.618394984
Images (11395).jpg,train,0.498195381,0.498195381,2.992781524
Images (11396).jpg,val,0.662870776,0.662870776,3.651483104
Images (11397).jpg,train,0.651541902,0.651541902,3.606167608
Images (11398).jpg,train,0.412338402,0.412338402,2.649353608
Images (11399).jpg,train,0.366329358,0.366329358,2.465317432
Images (11400).jpg,train,0.34447751,0.34447751,2.37791004
Images (11401).jpg,train,0.393902829,0.393902829,2.575611316
Images (11402).jpg,val,0.254633866,0.254633866,2.018535464
Images (11403).jpg,train,0.135197779,0.135197779,1.5407911159999998
Images (11404).jpg,test,0.204610275,0.204610275,1.8184411
Images (11405).jpg,train,0.525289268,0.525289268,3.101157072
Images (11406).jpg,test,0.490247954,0.490247954,2.960991816
Images (11407).jpg,train,0.381728824,0.381728824,2.5269152960000003
Images (11408).jpg,train,0.659557976,0.659557976,3.638231904
Images (11409).jpg,train,0.319235535,0.319235535,2.27694214
Images (11410).jpg,train,0.667579854,0.667579854,3.670319416
Images (11411).jpg,train,0.506266998,0.506266998,3.025067992
Images (11412).jpg,train,0.743063015,0.743063015,3.97225206
Images (11413).jpg,train,0.694296817,0.694296817,3.777187268
Images (11414).jpg,train,0.782174332,0.782174332,4.128697328
Images (11415).jpg,train,0.691066228,0.691066228,3.764264912
Images (11416).jpg,train,0.08762672,0.08762672,1.35050688
Images (11417).jpg,train,0.579438719,0.579438719,3.317754876
Images (11418).jpg,train,0.693715605,0.693715605,3.77486242
Images (11419).jpg,train,0.720688023,0.720688023,3.882752092
Images (11420).jpg,train,0.790714968,0.790714968,4.162859872
Images (11421).jpg,val,0.80299575,0.80299575,4.211983
Images (11422).jpg,train,0.780822187,0.780822187,4.123288748
Images (11423).jpg,train,0.6693292,0.6693292,3.6773168
Images (11424).jpg,train,0.545681051,0.545681051,3.182724204
Images (11425).jpg,train,0.652000761,0.652000761,3.608003044
Images (11426).jpg,train,0.589583836,0.589583836,3.358335344
Images (11427).jpg,val,0.564094294,0.564094294,3.256377176
Images (11428).jpg,train,0.76273563,0.76273563,4.05094252
Images (11429).jpg,train,0.590064735,0.590064735,3.36025894
Images (11430).jpg,test,0.750382404,0.750382404,4.001529616
Images (11431).jpg,test,0.608025277,0.608025277,3.432101108
Images (11432).jpg,val,0.592701256,0.592701256,3.370805024
Images (11433).jpg,train,0.679283016,0.679283016,3.717132064
Images (11434).jpg,train,0.530771821,0.530771821,3.123087284
Images (11435).jpg,train,0.539879708,0.539879708,3.159518832
Images (11436).jpg,train,0.417747372,0.417747372,2.670989488
Images (11437).jpg,train,0.373680095,0.373680095,2.49472038
Images (11438).jpg,test,0.426989663,0.426989663,2.7079586520000003
Images (11439).jpg,train,0.705792478,0.705792478,3.823169912
Images (11440).jpg,test,0.536414021,0.536414021,3.145656084
Images (11441).jpg,train,0.436427856,0.436427856,2.745711424
Images (11442).jpg,train,0.560040171,0.560040171,3.240160684
Images (11443).jpg,test,0.449618726,0.449618726,2.798474904
Images (11444).jpg,train,0.429364114,0.429364114,2.717456456
Images (11445).jpg,train,0.636034151,0.636034151,3.544136604
Images (11446).jpg,val,0.695804117,0.695804117,3.783216468
Images (11447).jpg,train,0.613820056,0.613820056,3.455280224
Images (11448).jpg,val,0.650541003,0.650541003,3.602164012
Images (11449).jpg,test,0.71750547,0.71750547,3.87002188
Images (11450).jpg,val,0.209224822,0.209224822,1.836899288
Images (11451).jpg,train,0.568725531,0.568725531,3.274902124
Images (11452).jpg,val,0.448074353,0.448074353,2.792297412
Images (11453).jpg,train,0.269686644,0.269686644,2.078746576
Images (11454).jpg,test,0.417215741,0.417215741,2.668862964
Images (11455).jpg,test,0.402512601,0.402512601,2.610050404
Images (11456).jpg,train,0.430681103,0.430681103,2.722724412
Images (11457).jpg,train,0.245133769,0.245133769,1.980535076
Images (11458).jpg,train,0.552783275,0.552783275,3.2111331
Images (11459).jpg,train,0.67385532,0.67385532,3.69542128
Images (11460).jpg,test,0.614260972,0.614260972,3.457043888
Images (11461).jpg,val,0.469222261,0.469222261,2.876889044
Images (11462).jpg,val,0.213298601,0.213298601,1.853194404
Images (11463).jpg,train,0.329079785,0.329079785,2.31631914
Images (11464).jpg,val,0.48025629,0.48025629,2.92102516
Images (11465).jpg,train,0.600611861,0.600611861,3.402447444
Images (11466).jpg,val,0.491226618,0.491226618,2.964906472
Images (11467).jpg,train,0.418648735,0.418648735,2.67459494
Images (11468).jpg,test,0.519858093,0.519858093,3.079432372
Images (11469).jpg,train,0.566301644,0.566301644,3.265206576
Images (11470).jpg,train,0.625263989,0.625263989,3.501055956
Images (11471).jpg,test,0.654175961,0.654175961,3.616703844
Images (11472).jpg,train,0.719828999,0.719828999,3.879315996
Images (11473).jpg,train,0.387233449,0.387233449,2.548933796
Images (11474).jpg,train,0.491861641,0.491861641,2.9674465640000003
Images (11475).jpg,test,0.209192336,0.209192336,1.836769344
Images (11476).jpg,train,0.504741108,0.504741108,3.018964432
Images (11477).jpg,train,0.49781921,0.49781921,2.9912768400000003
Images (11478).jpg,train,0.362118825,0.362118825,2.4484753
Images (11479).jpg,train,0.454705395,0.454705395,2.81882158
Images (11480).jpg,train,0.558109639,0.558109639,3.232438556
Images (11481).jpg,train,0.249864276,0.249864276,1.999457104
Images (11482).jpg,train,0.28656403,0.28656403,2.1462561200000003
Images (11483).jpg,test,0.636885146,0.636885146,3.547540584
Images (11484).jpg,train,0.721395225,0.721395225,3.8855809
Images (11485).jpg,test,0.716839523,0.716839523,3.867358092
Images (11486).jpg,train,0.598845856,0.598845856,3.395383424
Images (11487).jpg,train,0.358548195,0.358548195,2.43419278
Images (11488).jpg,train,0.537005742,0.537005742,3.148022968
Images (11489).jpg,train,0.352389492,0.352389492,2.409557968
Images (11490).jpg,train,0.58242289,0.58242289,3.32969156
Images (11491).jpg,train,0.455347324,0.455347324,2.821389296
Images (11492).jpg,train,0.390368583,0.390368583,2.561474332
Images (11493).jpg,val,0.514775221,0.514775221,3.059100884
Images (11494).jpg,train,0.504109681,0.504109681,3.016438724
Images (11495).jpg,train,0.486152452,0.486152452,2.944609808
Images (11496).jpg,train,0.450934178,0.450934178,2.803736712
Images (11497).jpg,train,0.085030501,0.085030501,1.340122004
Images (11498).jpg,train,0.403567188,0.403567188,2.614268752
Images (11499).jpg,train,0.579298494,0.579298494,3.317193976
Images (11500).jpg,train,0.535348307,0.535348307,3.141393228
Images (11501).jpg,train,0.335061442,0.335061442,2.340245768
Images (11502).jpg,train,0.41012502,0.41012502,2.64050008
Images (11503).jpg,test,0.467517884,0.467517884,2.870071536
Images (11504).jpg,train,0.382858937,0.382858937,2.531435748
Images (11505).jpg,train,0.428702919,0.428702919,2.714811676
Images (11506).jpg,train,0.338833895,0.338833895,2.35533558
Images (11507).jpg,test,0.180650868,0.180650868,1.722603472
Images (11508).jpg,train,0.765966925,0.765966925,4.063867699999999
Images (11509).jpg,test,0.464187284,0.464187284,2.856749136
Images (11510).jpg,test,0.509459741,0.509459741,3.037838964
Images (11511).jpg,train,0.337019035,0.337019035,2.34807614
Images (11512).jpg,test,0.500675358,0.500675358,3.002701432
Images (11513).jpg,train,0.58689368,0.58689368,3.34757472
Images (11514).jpg,train,0.522664192,0.522664192,3.090656768
Images (11515).jpg,train,0.501265188,0.501265188,3.005060752
Images (11516).jpg,train,0.752583007,0.752583007,4.0103320280000005
Images (11517).jpg,train,0.50847207,0.50847207,3.03388828
Images (11518).jpg,train,0.524427323,0.524427323,3.097709292
Images (11519).jpg,train,0.620611224,0.620611224,3.482444896
Images (11520).jpg,train,0.506735552,0.506735552,3.026942208
Images (11521).jpg,train,0.564693749,0.564693749,3.258774996
Images (11522).jpg,train,0.49058423,0.49058423,2.9623369200000003
Images (11523).jpg,train,0.479249228,0.479249228,2.916996912
Images (11524).jpg,train,0.253680492,0.253680492,2.014721968
Images (11525).jpg,test,0.391782982,0.391782982,2.567131928
Images (11526).jpg,train,0.361936028,0.361936028,2.447744112
Images (11527).jpg,train,0.408976535,0.408976535,2.63590614
Images (11528).jpg,train,0.352178528,0.352178528,2.408714112
Images (11529).jpg,test,0.60396302,0.60396302,3.41585208
Images (11530).jpg,train,0.341511777,0.341511777,2.366047108
Images (11531).jpg,train,0.517929481,0.517929481,3.071717924
Images (11532).jpg,train,0.472780716,0.472780716,2.891122864
Images (11533).jpg,test,0.607037736,0.607037736,3.428150944
Images (11534).jpg,train,0.236970055,0.236970055,1.94788022
Images (11535).jpg,train,0.250714494,0.250714494,2.002857976
Images (11536).jpg,val,0.572531089,0.572531089,3.290124356
Images (11537).jpg,test,0.387609513,0.387609513,2.550438052
Images (11538).jpg,val,0.514387676,0.514387676,3.057550704
Images (11539).jpg,train,0.5879533,0.5879533,3.3518132
Images (11540).jpg,train,0.530054956,0.530054956,3.120219824
Images (11541).jpg,train,0.419498848,0.419498848,2.677995392
Images (11542).jpg,train,0.41778619,0.41778619,2.67114476
Images (11543).jpg,train,0.669089949,0.669089949,3.676359796
Images (11544).jpg,train,0.581194796,0.581194796,3.324779184
Images (11545).jpg,train,0.603323298,0.603323298,3.413293192
Images (11546).jpg,train,0.569973166,0.569973166,3.279892664
Images (11547).jpg,train,0.707203386,0.707203386,3.828813544
Images (11548).jpg,train,0.39578397,0.39578397,2.58313588
Images (11549).jpg,train,0.351541817,0.351541817,2.406167268
Images (11550).jpg,test,0.440405508,0.440405508,2.761622032
Images (11551).jpg,train,0.505632133,0.505632133,3.022528532
Images (11552).jpg,train,0.54065833,0.54065833,3.16263332
Images (11553).jpg,train,0.429049437,0.429049437,2.716197748
Images (11554).jpg,train,0.378990376,0.378990376,2.515961504
Images (11555).jpg,train,0.459248805,0.459248805,2.83699522
Images (11556).jpg,train,0.54844713,0.54844713,3.19378852
Images (11557).jpg,train,0.246710157,0.246710157,1.986840628
Images (11558).jpg,train,0.445673358,0.445673358,2.7826934320000003
Images (11559).jpg,train,0.450044171,0.450044171,2.800176684
Images (11560).jpg,train,0.526180489,0.526180489,3.104721956
Images (11561).jpg,test,0.545100899,0.545100899,3.180403596
Images (11562).jpg,train,0.546628862,0.546628862,3.186515448
Images (11563).jpg,train,0.597548783,0.597548783,3.390195132
Images (11564).jpg,train,0.668287911,0.668287911,3.673151644
Images (11565).jpg,train,0.601048962,0.601048962,3.404195848
Images (11566).jpg,val,0.442964216,0.442964216,2.771856864
Images (11567).jpg,train,0.679222122,0.679222122,3.716888488
Images (11568).jpg,train,0.443522999,0.443522999,2.774091996
Images (11569).jpg,train,0.212549437,0.212549437,1.850197748
Images (11570).jpg,val,0.62023145,0.62023145,3.4809258
Images (11571).jpg,train,0.587360698,0.587360698,3.349442792
Images (11572).jpg,train,0.558983077,0.558983077,3.235932308
Images (11573).jpg,train,0.647959751,0.647959751,3.591839004
Images (11574).jpg,train,0.522586079,0.522586079,3.090344316
Images (11575).jpg,train,0.581466955,0.581466955,3.32586782
Images (11576).jpg,train,0.550364669,0.550364669,3.201458676
Images (11577).jpg,train,0.647965676,0.647965676,3.591862704
Images (11578).jpg,train,0.489361298,0.489361298,2.957445192
Images (11579).jpg,train,0.593392635,0.593392635,3.37357054
Images (11580).jpg,train,0.53100282,0.53100282,3.12401128
Images (11581).jpg,train,0.462259979,0.462259979,2.849039916
Images (11582).jpg,train,0.539489744,0.539489744,3.157958976
Images (11583).jpg,train,0.610891449,0.610891449,3.443565796
Images (11584).jpg,train,0.401888722,0.401888722,2.607554888
Images (11585).jpg,train,0.448754591,0.448754591,2.795018364
Images (11586).jpg,train,0.558230239,0.558230239,3.232920956
Images (11587).jpg,train,0.522452299,0.522452299,3.089809196
Images (11588).jpg,val,0.637338495,0.637338495,3.54935398
Images (11589).jpg,test,0.450387013,0.450387013,2.801548052
Images (11590).jpg,test,0.29952185,0.29952185,2.1980874
Images (11591).jpg,train,0.43036307,0.43036307,2.7214522800000003
Images (11592).jpg,train,0.569594469,0.569594469,3.278377876
Images (11593).jpg,train,0.561610329,0.561610329,3.246441316
Images (11594).jpg,train,0.647350874,0.647350874,3.589403496
Images (11595).jpg,test,0.538143085,0.538143085,3.15257234
Images (11596).jpg,test,0.674580024,0.674580024,3.698320096
Images (11597).jpg,train,0.745008025,0.745008025,3.9800321
Images (11598).jpg,train,0.345665594,0.345665594,2.382662376
Images (11599).jpg,train,0.578257682,0.578257682,3.313030728
Images (11600).jpg,test,0.572711995,0.572711995,3.29084798
Images (11601).jpg,test,0.476719783,0.476719783,2.9068791320000003
Images (11602).jpg,train,0.604545128,0.604545128,3.418180512
Images (11603).jpg,train,0.706259213,0.706259213,3.825036852
Images (11604).jpg,val,0.598269478,0.598269478,3.393077912
Images (11605).jpg,train,0.596967942,0.596967942,3.387871768
Images (11606).jpg,train,0.627337372,0.627337372,3.509349488
Images (11607).jpg,train,0.327348282,0.327348282,2.309393128
Images (11608).jpg,train,0.714447726,0.714447726,3.857790904
Images (11609).jpg,val,0.527735337,0.527735337,3.110941348
Images (11610).jpg,train,0.389925019,0.389925019,2.559700076
Images (11611).jpg,test,0.749385319,0.749385319,3.997541276
Images (11612).jpg,train,0.743102743,0.743102743,3.972410972
Images (11613).jpg,train,0.796395723,0.796395723,4.185582892
Images (11614).jpg,test,0.699089807,0.699089807,3.796359228
Images (11615).jpg,train,0.742205346,0.742205346,3.968821384
Images (11616).jpg,train,0.707278645,0.707278645,3.82911458
Images (11617).jpg,train,0.722920292,0.722920292,3.891681168
Images (11618).jpg,train,0.52844201,0.52844201,3.11376804
Images (11619).jpg,train,0.549792906,0.549792906,3.199171624
Images (11620).jpg,train,0.469663247,0.469663247,2.878652988
Images (11621).jpg,train,0.514710583,0.514710583,3.058842332
Images (11622).jpg,train,0.734732237,0.734732237,3.938928948
Images (11623).jpg,test,0.684812279,0.684812279,3.739249116
Images (11624).jpg,train,0.54487571,0.54487571,3.17950284
Images (11625).jpg,train,0.730048548,0.730048548,3.920194192
Images (11626).jpg,train,0.534315674,0.534315674,3.137262696
Images (11627).jpg,test,0.595121311,0.595121311,3.380485244
Images (11628).jpg,train,0.516779844,0.516779844,3.067119376
Images (11629).jpg,test,0.557077565,0.557077565,3.22831026
Images (11630).jpg,train,0.506682305,0.506682305,3.02672922
Images (11631).jpg,train,0.51772921,0.51772921,3.07091684
Images (11632).jpg,train,0.58580416,0.58580416,3.34321664
Images (11633).jpg,train,0.460076913,0.460076913,2.840307652
Images (11634).jpg,train,0.607316916,0.607316916,3.429267664
Images (11635).jpg,train,0.576317437,0.576317437,3.305269748
Images (11636).jpg,train,0.580084816,0.580084816,3.320339264
Images (11637).jpg,train,0.492892616,0.492892616,2.971570464
Images (11638).jpg,train,0.467600909,0.467600909,2.870403636
Images (11639).jpg,train,0.558347099,0.558347099,3.233388396
Images (11640).jpg,train,0.636206218,0.636206218,3.544824872
Images (11641).jpg,train,0.60968367,0.60968367,3.43873468
Images (11642).jpg,train,0.749717629,0.749717629,3.998870516
Images (11643).jpg,train,0.638896286,0.638896286,3.555585144
Images (11644).jpg,train,0.261251712,0.261251712,2.045006848
Images (11645).jpg,train,0.432812547,0.432812547,2.731250188
Images (11646).jpg,train,0.477743941,0.477743941,2.910975764
Images (11647).jpg,train,0.596480279,0.596480279,3.385921116
Images (11648).jpg,test,0.678810877,0.678810877,3.715243508
Images (11649).jpg,train,0.711942589,0.711942589,3.847770356
Images (11650).jpg,train,0.562514412,0.562514412,3.250057648
Images (11651).jpg,train,0.508059976,0.508059976,3.032239904
Images (11652).jpg,train,0.142293313,0.142293313,1.569173252
Images (11653).jpg,train,0.166349956,0.166349956,1.665399824
Images (11654).jpg,test,0.25490535,0.25490535,2.0196214
Images (11655).jpg,val,0.613518377,0.613518377,3.454073508
Images (11656).jpg,test,0.482135718,0.482135718,2.928542872
Images (11657).jpg,train,0.465899253,0.465899253,2.863597012
Images (11658).jpg,train,0.439832879,0.439832879,2.759331516
Images (11659).jpg,train,0.493246758,0.493246758,2.972987032
Images (11660).jpg,train,0.426788081,0.426788081,2.707152324
Images (11661).jpg,train,0.511146561,0.511146561,3.044586244
Images (11662).jpg,val,0.48542268,0.48542268,2.94169072
Images (11663).jpg,train,0.511303688,0.511303688,3.045214752
Images (11664).jpg,train,0.458689264,0.458689264,2.834757056
Images (11665).jpg,test,0.401312596,0.401312596,2.605250384
Images (11666).jpg,test,0.208132689,0.208132689,1.832530756
Images (11667).jpg,val,0.353151513,0.353151513,2.412606052
Images (11668).jpg,train,0.672865159,0.672865159,3.691460636
Images (11669).jpg,train,0.696463424,0.696463424,3.785853696
Images (11670).jpg,train,0.586292388,0.586292388,3.345169552
Images (11671).jpg,train,0.601828979,0.601828979,3.407315916
Images (11672).jpg,train,0.41340229,0.41340229,2.65360916
Images (11673).jpg,train,0.500642312,0.500642312,3.002569248
Images (11674).jpg,train,0.419723226,0.419723226,2.678892904
Images (11675).jpg,test,0.120525729,0.120525729,1.482102916
Images (11676).jpg,train,0.344367325,0.344367325,2.3774693
Images (11677).jpg,train,0.466030172,0.466030172,2.864120688
Images (11678).jpg,train,0.344643967,0.344643967,2.378575868
Images (11679).jpg,test,0.328624337,0.328624337,2.314497348
Images (11680).jpg,test,0.504719414,0.504719414,3.018877656
Images (11681).jpg,train,0.38073415,0.38073415,2.5229366
Images (11682).jpg,train,0.331897221,0.331897221,2.327588884
Images (11683).jpg,train,0.383312771,0.383312771,2.533251084
Images (11684).jpg,train,0.422408808,0.422408808,2.689635232
Images (11685).jpg,train,0.565956979,0.565956979,3.263827916
Images (11686).jpg,test,0.564878304,0.564878304,3.259513216
Images (11687).jpg,train,0.593872159,0.593872159,3.375488636
Images (11688).jpg,train,0.287845986,0.287845986,2.151383944
Images (11689).jpg,train,0.267929728,0.267929728,2.071718912
Images (11690).jpg,test,0.57753621,0.57753621,3.31014484
Images (11691).jpg,train,0.553874123,0.553874123,3.215496492
Images (11692).jpg,train,0.476827372,0.476827372,2.907309488
Images (11693).jpg,train,0.544245223,0.544245223,3.176980892
Images (11694).jpg,train,0.543576256,0.543576256,3.174305024
Images (11695).jpg,train,0.581033916,0.581033916,3.324135664
Images (11696).jpg,train,0.590803444,0.590803444,3.363213776
Images (11697).jpg,train,0.273704617,0.273704617,2.094818468
Images (11698).jpg,train,0.393169454,0.393169454,2.572677816
Images (11699).jpg,train,0.476248209,0.476248209,2.904992836
Images (11700).jpg,train,0.340728139,0.340728139,2.362912556
Images (11701).jpg,test,0.624050191,0.624050191,3.496200764
Images (11702).jpg,test,0.566879924,0.566879924,3.267519696
Images (11703).jpg,train,0.426316171,0.426316171,2.7052646840000003
Images (11704).jpg,test,0.302433465,0.302433465,2.20973386
Images (11705).jpg,train,0.453233664,0.453233664,2.812934656
Images (11706).jpg,test,0.342052475,0.342052475,2.3682099
Images (11707).jpg,train,0.474623148,0.474623148,2.898492592
Images (11708).jpg,test,0.60625892,0.60625892,3.42503568
Images (11709).jpg,val,0.625712675,0.625712675,3.5028507
Images (11710).jpg,val,0.467593209,0.467593209,2.870372836
Images (11711).jpg,train,0.727693779,0.727693779,3.910775116
Images (11712).jpg,test,0.625013049,0.625013049,3.500052196
Images (11713).jpg,train,0.520969512,0.520969512,3.083878048
Images (11714).jpg,train,0.529996887,0.529996887,3.119987548
Images (11715).jpg,val,0.575385498,0.575385498,3.301541992
Images (11716).jpg,train,0.741544792,0.741544792,3.966179168
Images (11717).jpg,val,0.399183925,0.399183925,2.5967357
Images (11718).jpg,train,0.670106674,0.670106674,3.680426696
Images (11719).jpg,train,0.680630858,0.680630858,3.722523432
Images (11720).jpg,train,0.620931313,0.620931313,3.483725252
Images (11721).jpg,train,0.593665497,0.593665497,3.374661988
Images (11722).jpg,test,0.617249329,0.617249329,3.468997316
Images (11723).jpg,val,0.602071424,0.602071424,3.408285696
Images (11724).jpg,train,0.444917641,0.444917641,2.779670564
Images (11725).jpg,train,0.658280251,0.658280251,3.633121004
Images (11726).jpg,train,0.544286002,0.544286002,3.177144008
Images (11727).jpg,train,0.636200744,0.636200744,3.544802976
Images (11728).jpg,train,0.642346327,0.642346327,3.569385308
Images (11729).jpg,test,0.558660646,0.558660646,3.234642584
Images (11730).jpg,test,0.613021495,0.613021495,3.45208598
Images (11731).jpg,train,0.576346784,0.576346784,3.305387136
Images (11732).jpg,train,0.578050205,0.578050205,3.31220082
Images (11733).jpg,test,0.557251204,0.557251204,3.229004816
Images (11734).jpg,train,0.650972947,0.650972947,3.603891788
Images (11735).jpg,val,0.460159776,0.460159776,2.840639104
Images (11736).jpg,val,0.753403273,0.753403273,4.013613092
Images (11737).jpg,train,0.714005751,0.714005751,3.856023004
Images (11738).jpg,val,0.623694435,0.623694435,3.49477774
Images (11739).jpg,train,0.482912362,0.482912362,2.931649448
Images (11740).jpg,train,0.788722725,0.788722725,4.1548909
Images (11741).jpg,train,0.702852273,0.702852273,3.811409092
Images (11742).jpg,train,0.67148639,0.67148639,3.68594556
Images (11743).jpg,train,0.690463046,0.690463046,3.761852184
Images (11744).jpg,train,0.69210651,0.69210651,3.76842604
Images (11745).jpg,train,0.497636245,0.497636245,2.99054498
Images (11746).jpg,val,0.704527581,0.704527581,3.818110324
Images (11747).jpg,train,0.670416176,0.670416176,3.681664704
Images (11748).jpg,train,0.770785506,0.770785506,4.083142024
Images (11749).jpg,val,0.603395672,0.603395672,3.413582688
Images (11750).jpg,train,0.626911461,0.626911461,3.507645844
Images (11751).jpg,test,0.401150101,0.401150101,2.604600404
Images (11752).jpg,test,0.764296371,0.764296371,4.057185484
Images (11753).jpg,train,0.722089041,0.722089041,3.888356164
Images (11754).jpg,train,0.688722697,0.688722697,3.754890788
Images (11755).jpg,val,0.656199895,0.656199895,3.62479958
Images (11756).jpg,val,0.359959662,0.359959662,2.4398386480000003
Images (11757).jpg,val,0.546782456,0.546782456,3.187129824
Images (11758).jpg,test,0.531359865,0.531359865,3.12543946
Images (11759).jpg,train,0.516790723,0.516790723,3.067162892
Images (11760).jpg,train,0.518395722,0.518395722,3.073582888
Images (11761).jpg,test,0.492123054,0.492123054,2.968492216
Images (11762).jpg,train,0.675986041,0.675986041,3.703944164
Images (11763).jpg,train,0.756073755,0.756073755,4.02429502
Images (11764).jpg,train,0.625797835,0.625797835,3.50319134
Images (11765).jpg,train,0.482119028,0.482119028,2.928476112
Images (11766).jpg,train,0.535478802,0.535478802,3.141915208
Images (11767).jpg,val,0.743474746,0.743474746,3.973898984
Images (11768).jpg,train,0.437966698,0.437966698,2.751866792
Images (11769).jpg,train,0.441229783,0.441229783,2.764919132
Images (11770).jpg,train,0.446366131,0.446366131,2.785464524
Images (11771).jpg,train,0.444405091,0.444405091,2.777620364
Images (11772).jpg,train,0.559839759,0.559839759,3.239359036
Images (11773).jpg,test,0.469212724,0.469212724,2.876850896
Images (11774).jpg,train,0.293691262,0.293691262,2.1747650480000003
Images (11775).jpg,train,0.707695712,0.707695712,3.830782848
Images (11776).jpg,train,0.547335976,0.547335976,3.189343904
Images (11777).jpg,train,0.505613378,0.505613378,3.022453512
Images (11778).jpg,train,0.611380946,0.611380946,3.445523784
Images (11779).jpg,train,0.592927701,0.592927701,3.371710804
Images (11780).jpg,train,0.404349696,0.404349696,2.617398784
Images (11781).jpg,test,0.371456826,0.371456826,2.485827304
Images (11782).jpg,train,0.592434899,0.592434899,3.369739596
Images (11783).jpg,val,0.600200545,0.600200545,3.40080218
Images (11784).jpg,val,0.561194527,0.561194527,3.244778108
Images (11785).jpg,test,0.653079225,0.653079225,3.6123169
Images (11786).jpg,train,0.548013967,0.548013967,3.192055868
Images (11787).jpg,train,0.449409783,0.449409783,2.797639132
Images (11788).jpg,train,0.436066431,0.436066431,2.744265724
Images (11789).jpg,train,0.46735947,0.46735947,2.86943788
Images (11790).jpg,train,0.586078179,0.586078179,3.344312716
Images (11791).jpg,test,0.503139355,0.503139355,3.01255742
Images (11792).jpg,test,0.531095414,0.531095414,3.124381656
Images (11793).jpg,train,0.442062638,0.442062638,2.768250552
Images (11794).jpg,train,0.666954921,0.666954921,3.667819684
Images (11795).jpg,train,0.410193017,0.410193017,2.640772068
Images (11796).jpg,train,0.532695945,0.532695945,3.13078378
Images (11797).jpg,train,0.391932397,0.391932397,2.567729588
Images (11798).jpg,train,0.404958211,0.404958211,2.6198328440000003
Images (11799).jpg,test,0.451829537,0.451829537,2.807318148
Images (11800).jpg,train,0.509643853,0.509643853,3.038575412
Images (11801).jpg,train,0.461776007,0.461776007,2.847104028
Images (11802).jpg,train,0.725097884,0.725097884,3.900391536
Images (11803).jpg,train,0.57573592,0.57573592,3.30294368
Images (11804).jpg,train,0.409368884,0.409368884,2.637475536
Images (11805).jpg,train,0.571438381,0.571438381,3.285753524
Images (11806).jpg,train,0.547404057,0.547404057,3.189616228
Images (11807).jpg,train,0.461309749,0.461309749,2.845238996
Images (11808).jpg,train,0.658294834,0.658294834,3.633179336
Images (11809).jpg,train,0.614924005,0.614924005,3.45969602
Images (11810).jpg,train,0.621635523,0.621635523,3.486542092
Images (11811).jpg,test,0.721911958,0.721911958,3.887647832
Images (11812).jpg,train,0.758082264,0.758082264,4.032329056
Images (11813).jpg,train,0.63477813,0.63477813,3.53911252
Images (11814).jpg,val,0.453371063,0.453371063,2.8134842520000003
Images (11815).jpg,train,0.533917534,0.533917534,3.135670136
Images (11816).jpg,train,0.600669947,0.600669947,3.402679788
Images (11817).jpg,train,0.237093129,0.237093129,1.948372516
Images (11818).jpg,test,0.113618495,0.113618495,1.45447398
Images (11819).jpg,test,0.501874707,0.501874707,3.007498828
Images (11820).jpg,train,0.570601302,0.570601302,3.282405208
Images (11821).jpg,val,0.514568274,0.514568274,3.058273096
Images (11822).jpg,val,0.601848023,0.601848023,3.407392092
Images (11823).jpg,train,0.550741055,0.550741055,3.20296422
Images (11824).jpg,test,0.407023975,0.407023975,2.6280959
Images (11825).jpg,train,0.44029467,0.44029467,2.76117868
Images (11826).jpg,test,0.483705748,0.483705748,2.934822992
Images (11827).jpg,train,0.576738973,0.576738973,3.306955892
Images (11828).jpg,train,0.451242003,0.451242003,2.804968012
Images (11829).jpg,train,0.545160556,0.545160556,3.180642224
Images (11830).jpg,train,0.495844468,0.495844468,2.983377872
Images (11831).jpg,val,0.569192107,0.569192107,3.276768428
Images (11832).jpg,train,0.61590092,0.61590092,3.46360368
Images (11833).jpg,train,0.506067309,0.506067309,3.024269236
Images (11834).jpg,train,0.539180065,0.539180065,3.15672026
Images (11835).jpg,test,0.538301307,0.538301307,3.153205228
Images (11836).jpg,train,0.67090142,0.67090142,3.68360568
Images (11837).jpg,train,0.283985162,0.283985162,2.135940648
Images (11838).jpg,train,0.380731951,0.380731951,2.522927804
Images (11839).jpg,train,0.398746329,0.398746329,2.594985316
Images (11840).jpg,train,0.396445926,0.396445926,2.585783704
Images (11841).jpg,train,0.424589074,0.424589074,2.698356296
Images (11842).jpg,train,0.481131905,0.481131905,2.92452762
Images (11843).jpg,test,0.331117504,0.331117504,2.324470016
Images (11844).jpg,train,0.624421329,0.624421329,3.497685316
Images (11845).jpg,train,0.207397091,0.207397091,1.829588364
Images (11846).jpg,test,0.525666553,0.525666553,3.102666212
Images (11847).jpg,train,0.21232549,0.21232549,1.84930196
Images (11848).jpg,train,0.251650013,0.251650013,2.006600052
Images (11849).jpg,train,0.354055314,0.354055314,2.416221256
Images (11850).jpg,train,0.369906423,0.369906423,2.479625692
Images (11851).jpg,train,0.423182415,0.423182415,2.69272966
Images (11852).jpg,test,0.351388858,0.351388858,2.405555432
Images (11853).jpg,train,0.286127353,0.286127353,2.144509412
Images (11854).jpg,train,0.565332997,0.565332997,3.261331988
Images (11855).jpg,train,0.618636924,0.618636924,3.474547696
Images (11856).jpg,train,0.52782696,0.52782696,3.11130784
Images (11857).jpg,train,0.587032651,0.587032651,3.348130604
Images (11858).jpg,val,0.66495685,0.66495685,3.6598274
Images (11859).jpg,train,0.619556584,0.619556584,3.478226336
Images (11860).jpg,train,0.652649683,0.652649683,3.610598732
Images (11861).jpg,train,0.465166796,0.465166796,2.860667184
Images (11862).jpg,test,0.46915828,0.46915828,2.87663312
Images (11863).jpg,train,0.613555994,0.613555994,3.454223976
Images (11864).jpg,val,0.48178496,0.48178496,2.92713984
Images (11865).jpg,train,0.503913118,0.503913118,3.015652472
Images (11866).jpg,train,0.496449345,0.496449345,2.98579738
Images (11867).jpg,val,0.482411294,0.482411294,2.929645176
Images (11868).jpg,train,0.580299976,0.580299976,3.321199904
Images (11869).jpg,test,0.433193929,0.433193929,2.732775716
Images (11870).jpg,train,0.384664516,0.384664516,2.538658064
Images (11871).jpg,train,0.51216943,0.51216943,3.04867772
Images (11872).jpg,train,0.552035824,0.552035824,3.208143296
Images (11873).jpg,train,0.446562111,0.446562111,2.786248444
Images (11874).jpg,val,0.484855032,0.484855032,2.939420128
Images (11875).jpg,train,0.505265746,0.505265746,3.021062984
Images (11876).jpg,train,0.507426895,0.507426895,3.02970758
Images (11877).jpg,train,0.480959537,0.480959537,2.923838148
Images (11878).jpg,train,0.494347394,0.494347394,2.977389576
Images (11879).jpg,train,0.530331592,0.530331592,3.121326368
Images (11880).jpg,test,0.502130806,0.502130806,3.008523224
Images (11881).jpg,test,0.604909382,0.604909382,3.419637528
Images (11882).jpg,train,0.378493678,0.378493678,2.513974712
Images (11883).jpg,train,0.474090607,0.474090607,2.896362428
Images (11884).jpg,val,0.20512593,0.20512593,1.82050372
Images (11885).jpg,train,0.49471432,0.49471432,2.97885728
Images (11886).jpg,train,0.371903947,0.371903947,2.4876157880000003
Images (11887).jpg,train,0.53917228,0.53917228,3.15668912
Images (11888).jpg,val,0.57626641,0.57626641,3.30506564
Images (11889).jpg,train,0.481274302,0.481274302,2.925097208
Images (11890).jpg,train,0.173580291,0.173580291,1.694321164
Images (11891).jpg,train,0.684720719,0.684720719,3.738882876
Images (11892).jpg,val,0.659285031,0.659285031,3.637140124
Images (11893).jpg,train,0.555475392,0.555475392,3.221901568
Images (11894).jpg,train,0.500678219,0.500678219,3.002712876
Images (11895).jpg,train,0.584146833,0.584146833,3.336587332
Images (11896).jpg,test,0.37384939,0.37384939,2.49539756
Images (11897).jpg,val,0.478940838,0.478940838,2.915763352
Images (11898).jpg,train,0.640710422,0.640710422,3.562841688
Images (11899).jpg,train,0.521184336,0.521184336,3.084737344
Images (11900).jpg,test,0.616869518,0.616869518,3.467478072
Images (11901).jpg,test,0.660994987,0.660994987,3.643979948
Images (11902).jpg,train,0.677486541,0.677486541,3.709946164
Images (11903).jpg,train,0.373259652,0.373259652,2.493038608
Images (11904).jpg,train,0.556482189,0.556482189,3.225928756
Images (11905).jpg,train,0.495317192,0.495317192,2.981268768
Images (11906).jpg,train,0.616587796,0.616587796,3.466351184
Images (11907).jpg,train,0.470067181,0.470067181,2.880268724
Images (11908).jpg,val,0.511860287,0.511860287,3.047441148
Images (11909).jpg,train,0.562262642,0.562262642,3.249050568
Images (11910).jpg,train,0.599701014,0.599701014,3.398804056
Images (11911).jpg,train,0.238079899,0.238079899,1.952319596
Images (11912).jpg,train,0.753485254,0.753485254,4.013941016
Images (11913).jpg,test,0.366303565,0.366303565,2.46521426
Images (11914).jpg,train,0.651459709,0.651459709,3.605838836
Images (11915).jpg,test,0.437630068,0.437630068,2.750520272
Images (11916).jpg,train,0.692506064,0.692506064,3.770024256
Images (11917).jpg,train,0.551509484,0.551509484,3.206037936
Images (11918).jpg,test,0.611435941,0.611435941,3.445743764
Images (11919).jpg,train,0.326509125,0.326509125,2.3060365000000003
Images (11920).jpg,train,0.434201825,0.434201825,2.7368073
Images (11921).jpg,test,0.451967961,0.451967961,2.807871844
Images (11922).jpg,train,0.261242211,0.261242211,2.044968844
Images (11923).jpg,test,0.471687597,0.471687597,2.8867503880000003
Images (11924).jpg,train,0.638497593,0.638497593,3.553990372
Images (11925).jpg,test,0.667415687,0.667415687,3.669662748
Images (11926).jpg,val,0.43187173,0.43187173,2.72748692
Images (11927).jpg,train,0.636527483,0.636527483,3.546109932
Images (11928).jpg,test,0.6171745,0.6171745,3.468698
Images (11929).jpg,train,0.534417768,0.534417768,3.137671072
Images (11930).jpg,train,0.603731842,0.603731842,3.414927368
Images (11931).jpg,train,0.536785636,0.536785636,3.147142544
Images (11932).jpg,val,0.429287149,0.429287149,2.717148596
Images (11933).jpg,train,0.374429471,0.374429471,2.497717884
Images (11934).jpg,train,0.391041736,0.391041736,2.564166944
Images (11935).jpg,train,0.41426201,0.41426201,2.6570480400000003
Images (11936).jpg,train,0.453444426,0.453444426,2.813777704
Images (11937).jpg,train,0.617025285,0.617025285,3.46810114
Images (11938).jpg,train,0.57487228,0.57487228,3.29948912
Images (11939).jpg,train,0.44940897,0.44940897,2.79763588
Images (11940).jpg,train,0.273491416,0.273491416,2.093965664
Images (11941).jpg,val,0.554591336,0.554591336,3.218365344
Images (11942).jpg,test,0.398131439,0.398131439,2.592525756
Images (11943).jpg,train,0.603741997,0.603741997,3.414967988
Images (11944).jpg,test,0.385389167,0.385389167,2.541556668
Images (11945).jpg,train,0.200698268,0.200698268,1.802793072
Images (11946).jpg,test,0.41136646,0.41136646,2.64546584
Images (11947).jpg,train,0.406085217,0.406085217,2.624340868
Images (11948).jpg,train,0.517784417,0.517784417,3.071137668
Images (11949).jpg,test,0.364647121,0.364647121,2.458588484
Images (11950).jpg,test,0.152427636,0.152427636,1.609710544
Images (11951).jpg,train,0.295221839,0.295221839,2.180887356
Images (11952).jpg,train,0.344536938,0.344536938,2.3781477520000003
Images (11953).jpg,train,0.364649859,0.364649859,2.458599436
Images (11954).jpg,test,0.400050638,0.400050638,2.600202552
Images (11955).jpg,val,0.367751949,0.367751949,2.4710077960000003
Images (11956).jpg,test,0.379944596,0.379944596,2.5197783840000003
Images (11957).jpg,train,0.267586282,0.267586282,2.070345128
Images (11958).jpg,train,0.337709839,0.337709839,2.350839356
Images (11959).jpg,train,0.409558594,0.409558594,2.638234376
Images (11960).jpg,val,0.523450514,0.523450514,3.093802056
Images (11961).jpg,train,0.246412752,0.246412752,1.985651008
Images (11962).jpg,train,0.267768451,0.267768451,2.071073804
Images (11963).jpg,train,0.353057135,0.353057135,2.41222854
Images (11964).jpg,train,0.433818974,0.433818974,2.735275896
Images (11965).jpg,train,0.519959712,0.519959712,3.079838848
Images (11966).jpg,test,0.747274964,0.747274964,3.989099856
Images (11967).jpg,test,0.6225919,0.6225919,3.4903676
Images (11968).jpg,test,0.42054374,0.42054374,2.68217496
Images (11969).jpg,train,0.700374054,0.700374054,3.801496216
Images (11970).jpg,train,0.139638817,0.139638817,1.558555268
Images (11971).jpg,train,0.273859287,0.273859287,2.095437148
Images (11972).jpg,train,0.393233979,0.393233979,2.572935916
Images (11973).jpg,val,0.273481067,0.273481067,2.0939242680000003
Images (11974).jpg,train,0.32243875,0.32243875,2.289755
Images (11975).jpg,train,0.593829072,0.593829072,3.375316288
Images (11976).jpg,train,0.610686565,0.610686565,3.44274626
Images (11977).jpg,train,0.623027393,0.623027393,3.492109572
Images (11978).jpg,train,0.670260392,0.670260392,3.681041568
Images (11979).jpg,train,0.528238082,0.528238082,3.112952328
Images (11980).jpg,train,0.601303187,0.601303187,3.405212748
Images (11981).jpg,test,0.375680268,0.375680268,2.502721072
Images (11982).jpg,test,0.547764953,0.547764953,3.191059812
Images (11983).jpg,train,0.66180463,0.66180463,3.64721852
Images (11984).jpg,train,0.750282013,0.750282013,4.001128052
Images (11985).jpg,train,0.403563162,0.403563162,2.614252648
Images (11986).jpg,train,0.715558244,0.715558244,3.862232976
Images (11987).jpg,train,0.610627508,0.610627508,3.442510032
Images (11988).jpg,train,0.497072906,0.497072906,2.988291624
Images (11989).jpg,train,0.686821741,0.686821741,3.747286964
Images (11990).jpg,train,0.69267361,0.69267361,3.77069444
Images (11991).jpg,train,0.695222905,0.695222905,3.78089162
Images (11992).jpg,train,0.507586654,0.507586654,3.030346616
Images (11993).jpg,train,0.553926466,0.553926466,3.215705864
Images (11994).jpg,train,0.45618993,0.45618993,2.8247597200000003
Images (11995).jpg,val,0.41595125,0.41595125,2.663805
Images (11996).jpg,train,0.586558022,0.586558022,3.346232088
Images (11997).jpg,train,0.5914799,0.5914799,3.3659196
Images (11998).jpg,train,0.488329638,0.488329638,2.953318552
Images (11999).jpg,test,0.567890342,0.567890342,3.271561368
Images (12000).jpg,train,0.472289277,0.472289277,2.889157108
