image_id,split,native_score,quality_score,mos
0000001.jpg,test,1.2222222222222223,0.0555555555555555,1.2222222222222223
0000003.jpg,train,2.2777777777777777,0.3194444444444444,2.2777777777777777
0000005.jpg,val,3.2777777777777777,0.5694444444444444,3.2777777777777777
0000006.jpg,test,1.1111111111111112,0.0277777777777777,1.1111111111111112
0000007.jpg,train,1.3333333333333333,0.0833333333333333,1.3333333333333333
0000009.jpg,train,1.5555555555555556,0.1388888888888889,1.5555555555555556
0000012.jpg,train,1.3888888888888888,0.0972222222222222,1.3888888888888888
0000015.jpg,train,2.055555555555556,0.2638888888888889,2.055555555555556
0000017.jpg,val,1.8333333333333333,0.2083333333333333,1.8333333333333333
0000018.jpg,val,1.6111111111111112,0.1527777777777778,1.6111111111111112
0000022.jpg,train,2.2222222222222223,0.3055555555555556,2.2222222222222223
0000023.jpg,train,1.2222222222222223,0.0555555555555555,1.2222222222222223
0000024.jpg,train,1.6666666666666667,0.1666666666666666,1.6666666666666667
0000028.jpg,val,1.5,0.125,1.5
0000029.jpg,train,1.4444444444444444,0.1111111111111111,1.4444444444444444
0000030.jpg,train,2.111111111111111,0.2777777777777778,2.111111111111111
0000031.jpg,train,1.6111111111111112,0.1527777777777778,1.6111111111111112
0000032.jpg,train,1.5,0.125,1.5
0000033.jpg,val,1.5555555555555556,0.1388888888888889,1.5555555555555556
0000037.jpg,train,1.5555555555555556,0.1388888888888889,1.5555555555555556
0000043.jpg,train,2.0,0.25,2.0
0000044.jpg,train,2.555555555555556,0.3888888888888889,2.555555555555556
0000046.jpg,train,1.3333333333333333,0.0833333333333333,1.3333333333333333
0000047.jpg,train,1.4444444444444444,0.1111111111111111,1.4444444444444444
0000048.jpg,val,2.7777777777777777,0.4444444444444444,2.7777777777777777
0000049.jpg,train,3.2222222222222223,0.5555555555555556,3.2222222222222223
0000050.jpg,train,2.555555555555556,0.3888888888888889,2.555555555555556
0000051.jpg,test,1.8333333333333333,0.2083333333333333,1.8333333333333333
0000052.jpg,train,3.9444444444444446,0.7361111111111112,3.9444444444444446
0000053.jpg,train,3.5,0.625,3.5
0000054.jpg,test,1.4444444444444444,0.1111111111111111,1.4444444444444444
0000055.jpg,val,2.333333333333333,0.3333333333333332,2.333333333333333
0000056.jpg,train,3.2777777777777777,0.5694444444444444,3.2777777777777777
0000058.jpg,train,3.7777777777777777,0.6944444444444444,3.7777777777777777
0000060.jpg,test,1.6666666666666667,0.1666666666666666,1.6666666666666667
0000064.jpg,train,1.6666666666666667,0.1666666666666666,1.6666666666666667
0000069.jpg,val,2.7222222222222223,0.4305555555555556,2.7222222222222223
0000071.jpg,train,1.7222222222222223,0.1805555555555555,1.7222222222222223
0000072.jpg,test,1.8333333333333333,0.2083333333333333,1.8333333333333333
0000074.jpg,train,2.1666666666666665,0.2916666666666666,2.1666666666666665
0000077.jpg,train,1.2777777777777777,0.0694444444444444,1.2777777777777777
0000078.jpg,val,3.888888888888889,0.7222222222222222,3.888888888888889
0000080.jpg,train,2.888888888888889,0.4722222222222222,2.888888888888889
0000082.jpg,test,2.7777777777777777,0.4444444444444444,2.7777777777777777
0000087.jpg,train,2.055555555555556,0.2638888888888889,2.055555555555556
0000088.jpg,train,2.388888888888889,0.3472222222222222,2.388888888888889
0000090.jpg,train,2.055555555555556,0.2638888888888889,2.055555555555556
0000091.jpg,train,3.2777777777777777,0.5694444444444444,3.2777777777777777
0000092.jpg,val,3.2777777777777777,0.5694444444444444,3.2777777777777777
0000094.jpg,val,2.9444444444444446,0.4861111111111111,2.9444444444444446
0000095.jpg,train,2.4444444444444446,0.3611111111111111,2.4444444444444446
0000096.jpg,val,2.4444444444444446,0.3611111111111111,2.4444444444444446
0000098.jpg,train,2.111111111111111,0.2777777777777778,2.111111111111111
0000099.jpg,test,1.5555555555555556,0.1388888888888889,1.5555555555555556
0000101.jpg,val,2.2222222222222223,0.3055555555555556,2.2222222222222223
0000102.jpg,val,2.611111111111111,0.4027777777777778,2.611111111111111
0000103.jpg,val,3.333333333333333,0.5833333333333333,3.333333333333333
0000105.jpg,test,2.388888888888889,0.3472222222222222,2.388888888888889
0000107.jpg,train,1.9444444444444444,0.2361111111111111,1.9444444444444444
0000108.jpg,val,3.055555555555556,0.513888888888889,3.055555555555556
0000109.jpg,train,3.055555555555556,0.513888888888889,3.055555555555556
0000111.jpg,test,2.7777777777777777,0.4444444444444444,2.7777777777777777
0000112.jpg,train,2.055555555555556,0.2638888888888889,2.055555555555556
0000113.jpg,train,2.388888888888889,0.3472222222222222,2.388888888888889
0000114.jpg,test,2.833333333333333,0.4583333333333332,2.833333333333333
0000115.jpg,train,2.0,0.25,2.0
0000118.jpg,val,2.888888888888889,0.4722222222222222,2.888888888888889
0000120.jpg,train,1.9444444444444444,0.2361111111111111,1.9444444444444444
0000121.jpg,train,2.2777777777777777,0.3194444444444444,2.2777777777777777
0000123.jpg,train,2.888888888888889,0.4722222222222222,2.888888888888889
0000125.jpg,train,2.9444444444444446,0.4861111111111111,2.9444444444444446
0000126.jpg,train,2.611111111111111,0.4027777777777778,2.611111111111111
0000127.jpg,train,3.2222222222222223,0.5555555555555556,3.2222222222222223
0000128.jpg,val,2.611111111111111,0.4027777777777778,2.611111111111111
0000129.jpg,test,3.6666666666666665,0.6666666666666666,3.6666666666666665
0000130.jpg,train,1.2777777777777777,0.0694444444444444,1.2777777777777777
0000137.jpg,test,3.333333333333333,0.5833333333333333,3.333333333333333
0000138.jpg,train,2.888888888888889,0.4722222222222222,2.888888888888889
0000140.jpg,train,2.555555555555556,0.3888888888888889,2.555555555555556
0000141.jpg,test,3.555555555555556,0.638888888888889,3.555555555555556
0000142.jpg,train,3.7777777777777777,0.6944444444444444,3.7777777777777777
0000143.jpg,train,1.3333333333333333,0.0833333333333333,1.3333333333333333
0000146.jpg,train,2.0,0.25,2.0
0000147.jpg,train,1.5,0.125,1.5
0000150.jpg,train,2.111111111111111,0.2777777777777778,2.111111111111111
0000152.jpg,train,4.055555555555555,0.7638888888888888,4.055555555555555
0000153.jpg,train,2.9444444444444446,0.4861111111111111,2.9444444444444446
0000156.jpg,train,3.4444444444444446,0.6111111111111112,3.4444444444444446
0000157.jpg,train,2.2222222222222223,0.3055555555555556,2.2222222222222223
0000160.jpg,train,1.8888888888888888,0.2222222222222222,1.8888888888888888
0000161.jpg,train,1.7777777777777777,0.1944444444444444,1.7777777777777777
0000162.jpg,train,2.0,0.25,2.0
0000164.jpg,test,3.0,0.5,3.0
0000167.jpg,train,4.166666666666667,0.7916666666666667,4.166666666666667
0000168.jpg,train,4.277777777777778,0.8194444444444444,4.277777777777778
0000171.jpg,train,3.6666666666666665,0.6666666666666666,3.6666666666666665
0000172.jpg,test,2.7777777777777777,0.4444444444444444,2.7777777777777777
0000174.jpg,train,3.2222222222222223,0.5555555555555556,3.2222222222222223
0000176.jpg,train,2.111111111111111,0.2777777777777778,2.111111111111111
0000178.jpg,test,3.4444444444444446,0.6111111111111112,3.4444444444444446
0000179.jpg,test,3.388888888888889,0.5972222222222222,3.388888888888889
0000180.jpg,train,4.611111111111111,0.9027777777777776,4.611111111111111
0000182.jpg,train,3.5,0.625,3.5
0000183.jpg,train,2.7222222222222223,0.4305555555555556,2.7222222222222223
0000190.jpg,train,3.111111111111111,0.5277777777777778,3.111111111111111
0000193.jpg,test,3.388888888888889,0.5972222222222222,3.388888888888889
0000194.jpg,test,4.055555555555555,0.7638888888888888,4.055555555555555
0000196.jpg,val,3.388888888888889,0.5972222222222222,3.388888888888889
0000199.jpg,test,3.055555555555556,0.513888888888889,3.055555555555556
0000200.jpg,train,4.166666666666667,0.7916666666666667,4.166666666666667
0000201.jpg,test,4.111111111111111,0.7777777777777777,4.111111111111111
0000202.jpg,val,3.2777777777777777,0.5694444444444444,3.2777777777777777
0000203.jpg,train,1.3888888888888888,0.0972222222222222,1.3888888888888888
0000204.jpg,train,4.166666666666667,0.7916666666666667,4.166666666666667
0000206.jpg,test,2.111111111111111,0.2777777777777778,2.111111111111111
0000207.jpg,val,3.2222222222222223,0.5555555555555556,3.2222222222222223
0000208.jpg,train,4.611111111111111,0.9027777777777776,4.611111111111111
0000210.jpg,train,3.5,0.625,3.5
0000211.jpg,train,4.111111111111111,0.7777777777777777,4.111111111111111
0000212.jpg,test,3.555555555555556,0.638888888888889,3.555555555555556
0000215.jpg,train,2.9444444444444446,0.4861111111111111,2.9444444444444446
0000216.jpg,test,3.388888888888889,0.5972222222222222,3.388888888888889
0000221.jpg,test,4.222222222222222,0.8055555555555556,4.222222222222222
0000226.jpg,train,3.2222222222222223,0.5555555555555556,3.2222222222222223
0000228.jpg,train,3.4444444444444446,0.6111111111111112,3.4444444444444446
0000229.jpg,train,2.7222222222222223,0.4305555555555556,2.7222222222222223
0000231.jpg,test,3.0,0.5,3.0
0000232.jpg,train,2.5,0.375,2.5
0000233.jpg,train,3.0,0.5,3.0
0000234.jpg,test,2.555555555555556,0.3888888888888889,2.555555555555556
0000235.jpg,train,3.0,0.5,3.0
0000236.jpg,train,3.1666666666666665,0.5416666666666666,3.1666666666666665
0000237.jpg,test,2.7777777777777777,0.4444444444444444,2.7777777777777777
0000239.jpg,train,3.2222222222222223,0.5555555555555556,3.2222222222222223
0000241.jpg,train,3.2222222222222223,0.5555555555555556,3.2222222222222223
0000242.jpg,test,3.4444444444444446,0.6111111111111112,3.4444444444444446
0000244.jpg,val,3.7777777777777777,0.6944444444444444,3.7777777777777777
0000245.jpg,train,4.166666666666667,0.7916666666666667,4.166666666666667
0000246.jpg,train,3.555555555555556,0.638888888888889,3.555555555555556
0000249.jpg,test,3.388888888888889,0.5972222222222222,3.388888888888889
0000250.jpg,val,1.1666666666666667,0.0416666666666666,1.1666666666666667
0000253.jpg,train,1.4444444444444444,0.1111111111111111,1.4444444444444444
0000256.jpg,train,2.9444444444444446,0.4861111111111111,2.9444444444444446
0000257.jpg,val,4.111111111111111,0.7777777777777777,4.111111111111111
0000258.jpg,train,3.555555555555556,0.638888888888889,3.555555555555556
0000260.jpg,train,2.833333333333333,0.4583333333333332,2.833333333333333
0000261.jpg,train,3.0,0.5,3.0
0000265.jpg,train,3.111111111111111,0.5277777777777778,3.111111111111111
0000266.jpg,train,3.7777777777777777,0.6944444444444444,3.7777777777777777
0000267.jpg,val,3.2777777777777777,0.5694444444444444,3.2777777777777777
0000268.jpg,val,3.388888888888889,0.5972222222222222,3.388888888888889
0000270.jpg,train,2.9444444444444446,0.4861111111111111,2.9444444444444446
0000272.jpg,train,3.0,0.5,3.0
0000277.jpg,train,3.0,0.5,3.0
0000278.jpg,train,4.333333333333333,0.8333333333333333,4.333333333333333
0000280.jpg,train,3.055555555555556,0.513888888888889,3.055555555555556
0000282.jpg,train,3.5,0.625,3.5
0000283.jpg,val,2.111111111111111,0.2777777777777778,2.111111111111111
0000284.jpg,val,3.0,0.5,3.0
0000287.jpg,train,3.7777777777777777,0.6944444444444444,3.7777777777777777
0000292.jpg,test,4.0,0.75,4.0
0000293.jpg,train,2.7222222222222223,0.4305555555555556,2.7222222222222223
0000295.jpg,train,4.388888888888889,0.8472222222222223,4.388888888888889
0000297.jpg,val,3.7222222222222223,0.6805555555555556,3.7222222222222223
0000299.jpg,train,4.166666666666667,0.7916666666666667,4.166666666666667
0000300.jpg,train,4.222222222222222,0.8055555555555556,4.222222222222222
0000302.jpg,train,4.388888888888889,0.8472222222222223,4.388888888888889
0000303.jpg,train,2.9444444444444446,0.4861111111111111,2.9444444444444446
0000304.jpg,train,2.6666666666666665,0.4166666666666666,2.6666666666666665
0000305.jpg,train,3.9444444444444446,0.7361111111111112,3.9444444444444446
0000306.jpg,test,3.055555555555556,0.513888888888889,3.055555555555556
0000307.jpg,train,3.055555555555556,0.513888888888889,3.055555555555556
0000308.jpg,train,4.222222222222222,0.8055555555555556,4.222222222222222
0000310.jpg,train,4.222222222222222,0.8055555555555556,4.222222222222222
0000312.jpg,train,3.388888888888889,0.5972222222222222,3.388888888888889
0000313.jpg,train,3.555555555555556,0.638888888888889,3.555555555555556
0000314.jpg,train,4.277777777777778,0.8194444444444444,4.277777777777778
0000315.jpg,train,3.9444444444444446,0.7361111111111112,3.9444444444444446
0000316.jpg,train,4.388888888888889,0.8472222222222223,4.388888888888889
0000318.jpg,train,3.333333333333333,0.5833333333333333,3.333333333333333
0000319.jpg,train,1.6111111111111112,0.1527777777777778,1.6111111111111112
0000320.jpg,train,4.166666666666667,0.7916666666666667,4.166666666666667
0000323.jpg,test,3.7777777777777777,0.6944444444444444,3.7777777777777777
0000324.jpg,train,4.055555555555555,0.7638888888888888,4.055555555555555
0000327.jpg,val,3.9444444444444446,0.7361111111111112,3.9444444444444446
0000328.jpg,train,3.7777777777777777,0.6944444444444444,3.7777777777777777
0000329.jpg,test,3.111111111111111,0.5277777777777778,3.111111111111111
0000330.jpg,train,3.7222222222222223,0.6805555555555556,3.7222222222222223
0000331.jpg,train,3.333333333333333,0.5833333333333333,3.333333333333333
0000332.jpg,train,3.7777777777777777,0.6944444444444444,3.7777777777777777
0000333.jpg,train,4.222222222222222,0.8055555555555556,4.222222222222222
0000336.jpg,test,3.333333333333333,0.5833333333333333,3.333333333333333
0000337.jpg,train,3.2777777777777777,0.5694444444444444,3.2777777777777777
0000338.jpg,test,4.111111111111111,0.7777777777777777,4.111111111111111
0000340.jpg,train,2.7777777777777777,0.4444444444444444,2.7777777777777777
0000341.jpg,train,4.0,0.75,4.0
0000342.jpg,train,1.9444444444444444,0.2361111111111111,1.9444444444444444
0000345.jpg,train,3.8333333333333335,0.7083333333333334,3.8333333333333335
0000346.jpg,train,4.5,0.875,4.5
0000347.jpg,train,4.277777777777778,0.8194444444444444,4.277777777777778
0000349.jpg,train,4.055555555555555,0.7638888888888888,4.055555555555555
0000352.jpg,train,4.0,0.75,4.0
0000354.jpg,val,4.222222222222222,0.8055555555555556,4.222222222222222
0000356.jpg,val,4.277777777777778,0.8194444444444444,4.277777777777778
0000358.jpg,train,4.333333333333333,0.8333333333333333,4.333333333333333
0000361.jpg,train,4.222222222222222,0.8055555555555556,4.222222222222222
0000362.jpg,train,4.333333333333333,0.8333333333333333,4.333333333333333
0000363.jpg,val,4.333333333333333,0.8333333333333333,4.333333333333333
0000364.jpg,train,2.9444444444444446,0.4861111111111111,2.9444444444444446
0000365.jpg,train,3.9444444444444446,0.7361111111111112,3.9444444444444446
0000367.jpg,val,3.8333333333333335,0.7083333333333334,3.8333333333333335
0000369.jpg,train,3.555555555555556,0.638888888888889,3.555555555555556
0000372.jpg,val,4.055555555555555,0.7638888888888888,4.055555555555555
0000374.jpg,train,2.888888888888889,0.4722222222222222,2.888888888888889
0000376.jpg,train,4.222222222222222,0.8055555555555556,4.222222222222222
0000377.jpg,train,2.833333333333333,0.4583333333333332,2.833333333333333
0000379.jpg,train,4.277777777777778,0.8194444444444444,4.277777777777778
0000380.jpg,val,4.111111111111111,0.7777777777777777,4.111111111111111
0000382.jpg,train,4.055555555555555,0.7638888888888888,4.055555555555555
0000385.jpg,train,3.6666666666666665,0.6666666666666666,3.6666666666666665
0000386.jpg,train,3.611111111111111,0.6527777777777778,3.611111111111111
0000388.jpg,train,3.4444444444444446,0.6111111111111112,3.4444444444444446
0000390.jpg,train,4.222222222222222,0.8055555555555556,4.222222222222222
0000392.jpg,train,2.9444444444444446,0.4861111111111111,2.9444444444444446
0000394.jpg,val,3.7222222222222223,0.6805555555555556,3.7222222222222223
0000395.jpg,test,4.111111111111111,0.7777777777777777,4.111111111111111
0000396.jpg,train,3.9444444444444446,0.7361111111111112,3.9444444444444446
0000397.jpg,train,4.111111111111111,0.7777777777777777,4.111111111111111
0000399.jpg,train,4.055555555555555,0.7638888888888888,4.055555555555555
0000402.jpg,train,4.166666666666667,0.7916666666666667,4.166666666666667
0000403.jpg,test,3.9444444444444446,0.7361111111111112,3.9444444444444446
0000404.jpg,train,4.111111111111111,0.7777777777777777,4.111111111111111
0000407.jpg,train,3.888888888888889,0.7222222222222222,3.888888888888889
0000409.jpg,train,3.9444444444444446,0.7361111111111112,3.9444444444444446
0000411.jpg,val,4.055555555555555,0.7638888888888888,4.055555555555555
0000413.jpg,train,3.388888888888889,0.5972222222222222,3.388888888888889
0000414.jpg,val,4.166666666666667,0.7916666666666667,4.166666666666667
0000415.jpg,train,4.055555555555555,0.7638888888888888,4.055555555555555
0000417.jpg,train,3.7777777777777777,0.6944444444444444,3.7777777777777777
0000418.jpg,test,4.277777777777778,0.8194444444444444,4.277777777777778
0000419.jpg,train,4.0,0.75,4.0
0000420.jpg,test,3.888888888888889,0.7222222222222222,3.888888888888889
0000421.jpg,val,4.055555555555555,0.7638888888888888,4.055555555555555
0000422.jpg,test,3.7222222222222223,0.6805555555555556,3.7222222222222223
0000424.jpg,train,3.7777777777777777,0.6944444444444444,3.7777777777777777
0000426.jpg,train,3.7777777777777777,0.6944444444444444,3.7777777777777777
0000428.jpg,test,3.9444444444444446,0.7361111111111112,3.9444444444444446
0000429.jpg,train,3.888888888888889,0.7222222222222222,3.888888888888889
0000430.jpg,train,3.9444444444444446,0.7361111111111112,3.9444444444444446
0000431.jpg,train,3.8333333333333335,0.7083333333333334,3.8333333333333335
0000432.jpg,train,3.2777777777777777,0.5694444444444444,3.2777777777777777
0000433.jpg,val,3.6666666666666665,0.6666666666666666,3.6666666666666665
0000435.jpg,val,3.5,0.625,3.5
0000436.jpg,train,3.6666666666666665,0.6666666666666666,3.6666666666666665
0000437.jpg,train,3.7222222222222223,0.6805555555555556,3.7222222222222223
0000440.jpg,train,2.888888888888889,0.4722222222222222,2.888888888888889
0000444.jpg,train,4.0,0.75,4.0
0000446.jpg,test,4.222222222222222,0.8055555555555556,4.222222222222222
0000451.jpg,train,4.166666666666667,0.7916666666666667,4.166666666666667
0000452.jpg,val,3.8333333333333335,0.7083333333333334,3.8333333333333335
0000456.jpg,train,3.055555555555556,0.513888888888889,3.055555555555556
0000458.jpg,test,4.333333333333333,0.8333333333333333,4.333333333333333
0000460.jpg,train,3.111111111111111,0.5277777777777778,3.111111111111111
0000464.jpg,train,4.222222222222222,0.8055555555555556,4.222222222222222
0000465.jpg,val,3.9444444444444446,0.7361111111111112,3.9444444444444446
0000466.jpg,train,4.166666666666667,0.7916666666666667,4.166666666666667
0000467.jpg,train,4.166666666666667,0.7916666666666667,4.166666666666667
0000468.jpg,train,4.0,0.75,4.0
0000469.jpg,test,3.8333333333333335,0.7083333333333334,3.8333333333333335
0000470.jpg,train,3.2777777777777777,0.5694444444444444,3.2777777777777777
0000471.jpg,train,3.6666666666666665,0.6666666666666666,3.6666666666666665
0000472.jpg,val,3.6666666666666665,0.6666666666666666,3.6666666666666665
0000473.jpg,val,3.7777777777777777,0.6944444444444444,3.7777777777777777
0000474.jpg,train,3.888888888888889,0.7222222222222222,3.888888888888889
0000476.jpg,train,3.388888888888889,0.5972222222222222,3.388888888888889
0000477.jpg,test,4.055555555555555,0.7638888888888888,4.055555555555555
0000479.jpg,train,3.5,0.625,3.5
0000480.jpg,train,3.888888888888889,0.7222222222222222,3.888888888888889
0000482.jpg,train,3.611111111111111,0.6527777777777778,3.611111111111111
0000483.jpg,test,3.8333333333333335,0.7083333333333334,3.8333333333333335
0000484.jpg,test,1.9444444444444444,0.2361111111111111,1.9444444444444444
0000485.jpg,test,3.7777777777777777,0.6944444444444444,3.7777777777777777
0000487.jpg,train,3.5,0.625,3.5
0000488.jpg,train,3.6666666666666665,0.6666666666666666,3.6666666666666665
0000489.jpg,train,3.6666666666666665,0.6666666666666666,3.6666666666666665
0000490.jpg,train,3.6666666666666665,0.6666666666666666,3.6666666666666665
0000491.jpg,val,3.611111111111111,0.6527777777777778,3.611111111111111
0000492.jpg,train,4.166666666666667,0.7916666666666667,4.166666666666667
0000493.jpg,val,3.888888888888889,0.7222222222222222,3.888888888888889
0000494.jpg,train,3.555555555555556,0.638888888888889,3.555555555555556
0000497.jpg,train,4.166666666666667,0.7916666666666667,4.166666666666667
0000498.jpg,train,3.7777777777777777,0.6944444444444444,3.7777777777777777
0000500.jpg,val,2.9444444444444446,0.4861111111111111,2.9444444444444446
0000504.jpg,train,3.055555555555556,0.513888888888889,3.055555555555556
0000505.jpg,train,3.555555555555556,0.638888888888889,3.555555555555556
0000506.jpg,val,3.5,0.625,3.5
0000507.jpg,train,3.7777777777777777,0.6944444444444444,3.7777777777777777
0000508.jpg,train,3.4444444444444446,0.6111111111111112,3.4444444444444446
0000510.jpg,train,3.9444444444444446,0.7361111111111112,3.9444444444444446
0000511.jpg,train,3.5,0.625,3.5
0000512.jpg,train,3.388888888888889,0.5972222222222222,3.388888888888889
0000513.jpg,train,3.7777777777777777,0.6944444444444444,3.7777777777777777
0000514.jpg,train,3.7777777777777777,0.6944444444444444,3.7777777777777777
0000515.jpg,test,3.2777777777777777,0.5694444444444444,3.2777777777777777
0000517.jpg,val,3.888888888888889,0.7222222222222222,3.888888888888889
0000520.jpg,test,3.888888888888889,0.7222222222222222,3.888888888888889
0000521.jpg,val,3.388888888888889,0.5972222222222222,3.388888888888889
0000522.jpg,train,4.111111111111111,0.7777777777777777,4.111111111111111
0000523.jpg,train,3.6666666666666665,0.6666666666666666,3.6666666666666665
0000524.jpg,train,3.888888888888889,0.7222222222222222,3.888888888888889
0000525.jpg,val,3.7222222222222223,0.6805555555555556,3.7222222222222223
0000526.jpg,test,3.4444444444444446,0.6111111111111112,3.4444444444444446
0000527.jpg,train,3.8333333333333335,0.7083333333333334,3.8333333333333335
0000529.jpg,train,3.4444444444444446,0.6111111111111112,3.4444444444444446
0000530.jpg,train,3.4444444444444446,0.6111111111111112,3.4444444444444446
0000533.jpg,test,3.555555555555556,0.638888888888889,3.555555555555556
0000534.jpg,train,3.5,0.625,3.5
0000536.jpg,train,3.7777777777777777,0.6944444444444444,3.7777777777777777
0000537.jpg,train,3.333333333333333,0.5833333333333333,3.333333333333333
0000538.jpg,val,3.5,0.625,3.5
0000540.jpg,val,3.9444444444444446,0.7361111111111112,3.9444444444444446
0000543.jpg,test,3.6666666666666665,0.6666666666666666,3.6666666666666665
0000546.jpg,train,3.611111111111111,0.6527777777777778,3.611111111111111
0000547.jpg,train,3.7222222222222223,0.6805555555555556,3.7222222222222223
0000548.jpg,train,3.888888888888889,0.7222222222222222,3.888888888888889
0000550.jpg,train,3.8333333333333335,0.7083333333333334,3.8333333333333335
0000551.jpg,train,3.611111111111111,0.6527777777777778,3.611111111111111
0000552.jpg,test,3.5,0.625,3.5
0000553.jpg,train,3.5,0.625,3.5
0000554.jpg,train,3.7222222222222223,0.6805555555555556,3.7222222222222223
0000555.jpg,train,3.6666666666666665,0.6666666666666666,3.6666666666666665
0000557.jpg,train,3.7222222222222223,0.6805555555555556,3.7222222222222223
0000560.jpg,train,2.111111111111111,0.2777777777777778,2.111111111111111
0000563.jpg,train,1.5,0.125,1.5
0000564.jpg,train,1.4444444444444444,0.1111111111111111,1.4444444444444444
0000565.jpg,train,2.4444444444444446,0.3611111111111111,2.4444444444444446
0000566.jpg,train,1.5,0.125,1.5
0000567.jpg,train,1.6111111111111112,0.1527777777777778,1.6111111111111112
0000568.jpg,train,1.6111111111111112,0.1527777777777778,1.6111111111111112
0000569.jpg,train,1.4444444444444444,0.1111111111111111,1.4444444444444444
0000571.jpg,train,2.555555555555556,0.3888888888888889,2.555555555555556
0000572.jpg,train,1.5,0.125,1.5
0000575.jpg,test,2.0,0.25,2.0
0000577.jpg,val,2.2777777777777777,0.3194444444444444,2.2777777777777777
0000578.jpg,train,1.8333333333333333,0.2083333333333333,1.8333333333333333
0000580.jpg,train,1.9444444444444444,0.2361111111111111,1.9444444444444444
0000581.jpg,train,2.333333333333333,0.3333333333333332,2.333333333333333
0000582.jpg,test,1.4444444444444444,0.1111111111111111,1.4444444444444444
0000583.jpg,train,2.5,0.375,2.5
0000585.jpg,val,1.6111111111111112,0.1527777777777778,1.6111111111111112
0000588.jpg,train,3.5,0.625,3.5
0000589.jpg,train,2.555555555555556,0.3888888888888889,2.555555555555556
0000592.jpg,train,2.333333333333333,0.3333333333333332,2.333333333333333
0000594.jpg,val,2.4444444444444446,0.3611111111111111,2.4444444444444446
0000595.jpg,train,3.5,0.625,3.5
0000596.jpg,val,1.8333333333333333,0.2083333333333333,1.8333333333333333
0000597.jpg,test,2.1666666666666665,0.2916666666666666,2.1666666666666665
0000598.jpg,train,2.055555555555556,0.2638888888888889,2.055555555555556
0000599.jpg,test,2.2777777777777777,0.3194444444444444,2.2777777777777777
0000600.jpg,train,2.9444444444444446,0.4861111111111111,2.9444444444444446
0000601.jpg,train,2.6666666666666665,0.4166666666666666,2.6666666666666665
0000602.jpg,val,1.8888888888888888,0.2222222222222222,1.8888888888888888
0000603.jpg,val,1.8333333333333333,0.2083333333333333,1.8333333333333333
0000604.jpg,test,2.0,0.25,2.0
0000606.jpg,train,1.9444444444444444,0.2361111111111111,1.9444444444444444
0000608.jpg,val,2.6666666666666665,0.4166666666666666,2.6666666666666665
0000609.jpg,test,1.9444444444444444,0.2361111111111111,1.9444444444444444
0000610.jpg,train,2.333333333333333,0.3333333333333332,2.333333333333333
0000613.jpg,train,2.111111111111111,0.2777777777777778,2.111111111111111
0000615.jpg,test,1.7777777777777777,0.1944444444444444,1.7777777777777777
0000616.jpg,train,1.8333333333333333,0.2083333333333333,1.8333333333333333
0000617.jpg,val,1.6111111111111112,0.1527777777777778,1.6111111111111112
0000622.jpg,train,2.388888888888889,0.3472222222222222,2.388888888888889
0000623.jpg,train,1.9444444444444444,0.2361111111111111,1.9444444444444444
0000624.jpg,test,1.7777777777777777,0.1944444444444444,1.7777777777777777
0000628.jpg,train,1.7777777777777777,0.1944444444444444,1.7777777777777777
0000629.jpg,train,2.4444444444444446,0.3611111111111111,2.4444444444444446
0000630.jpg,train,3.0,0.5,3.0
0000631.jpg,train,2.555555555555556,0.3888888888888889,2.555555555555556
0000633.jpg,train,2.2777777777777777,0.3194444444444444,2.2777777777777777
0000635.jpg,train,2.2777777777777777,0.3194444444444444,2.2777777777777777
0000636.jpg,train,1.6666666666666667,0.1666666666666666,1.6666666666666667
0000637.jpg,train,2.7777777777777777,0.4444444444444444,2.7777777777777777
0000638.jpg,train,2.833333333333333,0.4583333333333332,2.833333333333333
0000639.jpg,train,2.6666666666666665,0.4166666666666666,2.6666666666666665
0000640.jpg,train,3.055555555555556,0.513888888888889,3.055555555555556
0000641.jpg,test,2.5,0.375,2.5
0000643.jpg,train,1.8333333333333333,0.2083333333333333,1.8333333333333333
0000646.jpg,val,3.2222222222222223,0.5555555555555556,3.2222222222222223
0000647.jpg,test,1.4444444444444444,0.1111111111111111,1.4444444444444444
0000648.jpg,train,2.7222222222222223,0.4305555555555556,2.7222222222222223
0000649.jpg,train,2.6666666666666665,0.4166666666666666,2.6666666666666665
0000651.jpg,train,2.555555555555556,0.3888888888888889,2.555555555555556
0000652.jpg,train,2.5,0.375,2.5
0000653.jpg,train,2.0,0.25,2.0
0000654.jpg,test,2.5,0.375,2.5
0000655.jpg,train,1.7777777777777777,0.1944444444444444,1.7777777777777777
0000656.jpg,val,2.333333333333333,0.3333333333333332,2.333333333333333
0000658.jpg,train,2.888888888888889,0.4722222222222222,2.888888888888889
0000659.jpg,val,1.9444444444444444,0.2361111111111111,1.9444444444444444
0000664.jpg,train,2.4444444444444446,0.3611111111111111,2.4444444444444446
0000665.jpg,train,2.6666666666666665,0.4166666666666666,2.6666666666666665
0000666.jpg,train,2.4444444444444446,0.3611111111111111,2.4444444444444446
0000668.jpg,val,2.4444444444444446,0.3611111111111111,2.4444444444444446
0000670.jpg,train,2.1666666666666665,0.2916666666666666,2.1666666666666665
0000671.jpg,train,2.833333333333333,0.4583333333333332,2.833333333333333
0000672.jpg,train,2.4444444444444446,0.3611111111111111,2.4444444444444446
0000674.jpg,train,2.0,0.25,2.0
0000678.jpg,val,2.5,0.375,2.5
0000680.jpg,train,1.4444444444444444,0.1111111111111111,1.4444444444444444
0000682.jpg,train,1.8333333333333333,0.2083333333333333,1.8333333333333333
0000683.jpg,train,2.6666666666666665,0.4166666666666666,2.6666666666666665
0000685.jpg,train,2.7222222222222223,0.4305555555555556,2.7222222222222223
0000687.jpg,train,2.2222222222222223,0.3055555555555556,2.2222222222222223
0000688.jpg,train,2.2777777777777777,0.3194444444444444,2.2777777777777777
0000691.jpg,train,2.5,0.375,2.5
0000692.jpg,train,2.7222222222222223,0.4305555555555556,2.7222222222222223
0000693.jpg,train,2.6666666666666665,0.4166666666666666,2.6666666666666665
0000695.jpg,train,2.333333333333333,0.3333333333333332,2.333333333333333
0000696.jpg,train,3.055555555555556,0.513888888888889,3.055555555555556
0000697.jpg,val,2.2777777777777777,0.3194444444444444,2.2777777777777777
0000700.jpg,test,2.0,0.25,2.0
0000701.jpg,train,1.4444444444444444,0.1111111111111111,1.4444444444444444
0000702.jpg,val,2.0,0.25,2.0
0000703.jpg,train,1.5,0.125,1.5
0000704.jpg,train,2.5,0.375,2.5
0000705.jpg,train,2.7222222222222223,0.4305555555555556,2.7222222222222223
0000707.jpg,train,3.2222222222222223,0.5555555555555556,3.2222222222222223
0000708.jpg,train,2.9444444444444446,0.4861111111111111,2.9444444444444446
0000709.jpg,test,2.9444444444444446,0.4861111111111111,2.9444444444444446
0000710.jpg,train,2.611111111111111,0.4027777777777778,2.611111111111111
0000711.jpg,train,2.2777777777777777,0.3194444444444444,2.2777777777777777
0000712.jpg,train,2.0,0.25,2.0
0000713.jpg,val,1.5555555555555556,0.1388888888888889,1.5555555555555556
0000714.jpg,train,2.055555555555556,0.2638888888888889,2.055555555555556
0000717.jpg,test,2.611111111111111,0.4027777777777778,2.611111111111111
0000719.jpg,train,2.833333333333333,0.4583333333333332,2.833333333333333
0000720.jpg,val,3.0,0.5,3.0
0000722.jpg,train,2.833333333333333,0.4583333333333332,2.833333333333333
0000723.jpg,train,1.9444444444444444,0.2361111111111111,1.9444444444444444
0000725.jpg,val,2.9444444444444446,0.4861111111111111,2.9444444444444446
0000727.jpg,train,1.6666666666666667,0.1666666666666666,1.6666666666666667
0000728.jpg,test,2.1666666666666665,0.2916666666666666,2.1666666666666665
0000729.jpg,test,2.7222222222222223,0.4305555555555556,2.7222222222222223
0000730.jpg,train,2.888888888888889,0.4722222222222222,2.888888888888889
0000732.jpg,train,2.7777777777777777,0.4444444444444444,2.7777777777777777
0000734.jpg,train,3.2222222222222223,0.5555555555555556,3.2222222222222223
0000736.jpg,test,2.5,0.375,2.5
0000738.jpg,train,2.833333333333333,0.4583333333333332,2.833333333333333
0000739.jpg,train,4.111111111111111,0.7777777777777777,4.111111111111111
0000742.jpg,train,2.4444444444444446,0.3611111111111111,2.4444444444444446
0000743.jpg,train,3.7222222222222223,0.6805555555555556,3.7222222222222223
0000744.jpg,train,3.888888888888889,0.7222222222222222,3.888888888888889
0000745.jpg,train,3.7222222222222223,0.6805555555555556,3.7222222222222223
0000746.jpg,val,3.7222222222222223,0.6805555555555556,3.7222222222222223
0000748.jpg,train,3.555555555555556,0.638888888888889,3.555555555555556
0000749.jpg,train,3.6666666666666665,0.6666666666666666,3.6666666666666665
0000750.jpg,train,3.6666666666666665,0.6666666666666666,3.6666666666666665
0000753.jpg,test,3.8333333333333335,0.7083333333333334,3.8333333333333335
0000755.jpg,train,3.5,0.625,3.5
0000757.jpg,train,4.333333333333333,0.8333333333333333,4.333333333333333
0000758.jpg,train,4.0,0.75,4.0
0000759.jpg,train,1.3888888888888888,0.0972222222222222,1.3888888888888888
0000761.jpg,train,4.222222222222222,0.8055555555555556,4.222222222222222
0000762.jpg,val,1.9444444444444444,0.2361111111111111,1.9444444444444444
0000767.jpg,test,2.055555555555556,0.2638888888888889,2.055555555555556
0000768.jpg,train,2.888888888888889,0.4722222222222222,2.888888888888889
0000769.jpg,val,3.7222222222222223,0.6805555555555556,3.7222222222222223
0000770.jpg,train,2.9444444444444446,0.4861111111111111,2.9444444444444446
0000773.jpg,test,3.8333333333333335,0.7083333333333334,3.8333333333333335
0000777.jpg,train,3.1666666666666665,0.5416666666666666,3.1666666666666665
0000778.jpg,test,3.2777777777777777,0.5694444444444444,3.2777777777777777
0000779.jpg,train,3.6666666666666665,0.6666666666666666,3.6666666666666665
0000782.jpg,test,2.833333333333333,0.4583333333333332,2.833333333333333
0000783.jpg,train,3.388888888888889,0.5972222222222222,3.388888888888889
0000784.jpg,train,3.1666666666666665,0.5416666666666666,3.1666666666666665
0000785.jpg,train,3.8333333333333335,0.7083333333333334,3.8333333333333335
0000786.jpg,test,4.555555555555555,0.8888888888888888,4.555555555555555
0000787.jpg,train,3.0,0.5,3.0
0000788.jpg,train,3.5,0.625,3.5
0000789.jpg,test,3.888888888888889,0.7222222222222222,3.888888888888889
0000790.jpg,train,3.2777777777777777,0.5694444444444444,3.2777777777777777
0000791.jpg,train,3.8333333333333335,0.7083333333333334,3.8333333333333335
0000792.jpg,train,4.166666666666667,0.7916666666666667,4.166666666666667
0000793.jpg,train,2.055555555555556,0.2638888888888889,2.055555555555556
0000794.jpg,train,2.611111111111111,0.4027777777777778,2.611111111111111
0000795.jpg,val,2.888888888888889,0.4722222222222222,2.888888888888889
0000796.jpg,train,2.5,0.375,2.5
0000797.jpg,val,3.0,0.5,3.0
0000798.jpg,train,3.8333333333333335,0.7083333333333334,3.8333333333333335
0000799.jpg,train,3.5,0.625,3.5
0000802.jpg,val,3.8333333333333335,0.7083333333333334,3.8333333333333335
0000804.jpg,train,3.6666666666666665,0.6666666666666666,3.6666666666666665
0000806.jpg,val,3.5,0.625,3.5
0000808.jpg,train,1.8888888888888888,0.2222222222222222,1.8888888888888888
0000811.jpg,train,3.6666666666666665,0.6666666666666666,3.6666666666666665
0000813.jpg,train,3.5,0.625,3.5
0000815.jpg,test,2.555555555555556,0.3888888888888889,2.555555555555556
0000816.jpg,train,4.388888888888889,0.8472222222222223,4.388888888888889
0000818.jpg,val,3.4444444444444446,0.6111111111111112,3.4444444444444446
0000819.jpg,train,2.9444444444444446,0.4861111111111111,2.9444444444444446
0000820.jpg,train,3.888888888888889,0.7222222222222222,3.888888888888889
0000822.jpg,train,3.6666666666666665,0.6666666666666666,3.6666666666666665
0000823.jpg,train,3.2777777777777777,0.5694444444444444,3.2777777777777777
0000824.jpg,train,2.7222222222222223,0.4305555555555556,2.7222222222222223
0000826.jpg,train,2.888888888888889,0.4722222222222222,2.888888888888889
0000827.jpg,train,3.1666666666666665,0.5416666666666666,3.1666666666666665
0000828.jpg,test,4.222222222222222,0.8055555555555556,4.222222222222222
0000829.jpg,train,3.2222222222222223,0.5555555555555556,3.2222222222222223
0000830.jpg,train,2.6666666666666665,0.4166666666666666,2.6666666666666665
0000832.jpg,val,3.388888888888889,0.5972222222222222,3.388888888888889
0000833.jpg,val,3.1666666666666665,0.5416666666666666,3.1666666666666665
0000834.jpg,train,4.333333333333333,0.8333333333333333,4.333333333333333
0000835.jpg,train,3.388888888888889,0.5972222222222222,3.388888888888889
0000836.jpg,train,3.0,0.5,3.0
0000838.jpg,train,3.4444444444444446,0.6111111111111112,3.4444444444444446
0000841.jpg,train,2.333333333333333,0.3333333333333332,2.333333333333333
0000842.jpg,train,1.7777777777777777,0.1944444444444444,1.7777777777777777
0000843.jpg,train,4.055555555555555,0.7638888888888888,4.055555555555555
0000845.jpg,val,2.7222222222222223,0.4305555555555556,2.7222222222222223
0000846.jpg,train,3.055555555555556,0.513888888888889,3.055555555555556
0000848.jpg,val,3.7777777777777777,0.6944444444444444,3.7777777777777777
0000849.jpg,train,4.055555555555555,0.7638888888888888,4.055555555555555
0000850.jpg,train,3.111111111111111,0.5277777777777778,3.111111111111111
0000851.jpg,val,3.333333333333333,0.5833333333333333,3.333333333333333
0000852.jpg,train,3.2222222222222223,0.5555555555555556,3.2222222222222223
0000853.jpg,train,3.555555555555556,0.638888888888889,3.555555555555556
0000854.jpg,train,2.833333333333333,0.4583333333333332,2.833333333333333
0000857.jpg,test,3.2777777777777777,0.5694444444444444,3.2777777777777777
0000858.jpg,train,3.333333333333333,0.5833333333333333,3.333333333333333
0000859.jpg,test,3.4444444444444446,0.6111111111111112,3.4444444444444446
0000860.jpg,test,2.0,0.25,2.0
0000861.jpg,train,3.2777777777777777,0.5694444444444444,3.2777777777777777
0000863.jpg,train,3.9444444444444446,0.7361111111111112,3.9444444444444446
0000864.jpg,train,3.0,0.5,3.0
0000865.jpg,val,3.555555555555556,0.638888888888889,3.555555555555556
0000866.jpg,train,3.333333333333333,0.5833333333333333,3.333333333333333
0000867.jpg,train,3.555555555555556,0.638888888888889,3.555555555555556
0000869.jpg,train,3.2222222222222223,0.5555555555555556,3.2222222222222223
0000871.jpg,train,3.7222222222222223,0.6805555555555556,3.7222222222222223
0000873.jpg,train,3.611111111111111,0.6527777777777778,3.611111111111111
0000875.jpg,train,3.611111111111111,0.6527777777777778,3.611111111111111
0000876.jpg,train,4.277777777777778,0.8194444444444444,4.277777777777778
0000877.jpg,train,3.9444444444444446,0.7361111111111112,3.9444444444444446
0000882.jpg,train,3.888888888888889,0.7222222222222222,3.888888888888889
0000883.jpg,train,3.6666666666666665,0.6666666666666666,3.6666666666666665
0000884.jpg,train,3.555555555555556,0.638888888888889,3.555555555555556
0000886.jpg,test,3.2777777777777777,0.5694444444444444,3.2777777777777777
0000887.jpg,val,3.8333333333333335,0.7083333333333334,3.8333333333333335
0000888.jpg,train,3.7222222222222223,0.6805555555555556,3.7222222222222223
0000889.jpg,val,4.333333333333333,0.8333333333333333,4.333333333333333
0000890.jpg,train,3.7222222222222223,0.6805555555555556,3.7222222222222223
0000895.jpg,train,3.7222222222222223,0.6805555555555556,3.7222222222222223
0000896.jpg,train,3.7222222222222223,0.6805555555555556,3.7222222222222223
0000897.jpg,train,3.2777777777777777,0.5694444444444444,3.2777777777777777
0000899.jpg,train,3.4444444444444446,0.6111111111111112,3.4444444444444446
0000900.jpg,val,3.8333333333333335,0.7083333333333334,3.8333333333333335
0000901.jpg,train,2.888888888888889,0.4722222222222222,2.888888888888889
0000905.jpg,val,2.111111111111111,0.2777777777777778,2.111111111111111
0000907.jpg,train,3.9444444444444446,0.7361111111111112,3.9444444444444446
0000910.jpg,test,3.333333333333333,0.5833333333333333,3.333333333333333
0000913.jpg,train,3.388888888888889,0.5972222222222222,3.388888888888889
0000914.jpg,train,3.5,0.625,3.5
0000915.jpg,test,3.4444444444444446,0.6111111111111112,3.4444444444444446
0000916.jpg,train,3.8333333333333335,0.7083333333333334,3.8333333333333335
0000918.jpg,train,2.888888888888889,0.4722222222222222,2.888888888888889
0000920.jpg,train,3.4444444444444446,0.6111111111111112,3.4444444444444446
0000921.jpg,train,4.444444444444445,0.8611111111111112,4.444444444444445
0000922.jpg,val,4.222222222222222,0.8055555555555556,4.222222222222222
0000923.jpg,train,3.5,0.625,3.5
0000924.jpg,train,4.222222222222222,0.8055555555555556,4.222222222222222
0000925.jpg,test,3.888888888888889,0.7222222222222222,3.888888888888889
0000926.jpg,test,4.166666666666667,0.7916666666666667,4.166666666666667
0000927.jpg,train,4.277777777777778,0.8194444444444444,4.277777777777778
0000929.jpg,train,4.222222222222222,0.8055555555555556,4.222222222222222
0000931.jpg,train,3.111111111111111,0.5277777777777778,3.111111111111111
0000933.jpg,train,3.888888888888889,0.7222222222222222,3.888888888888889
0000935.jpg,train,4.055555555555555,0.7638888888888888,4.055555555555555
0000936.jpg,train,3.611111111111111,0.6527777777777778,3.611111111111111
0000937.jpg,val,3.7777777777777777,0.6944444444444444,3.7777777777777777
0000939.jpg,train,4.166666666666667,0.7916666666666667,4.166666666666667
0000941.jpg,train,3.6666666666666665,0.6666666666666666,3.6666666666666665
0000942.jpg,train,3.9444444444444446,0.7361111111111112,3.9444444444444446
0000943.jpg,train,3.111111111111111,0.5277777777777778,3.111111111111111
0000944.jpg,val,4.055555555555555,0.7638888888888888,4.055555555555555
0000945.jpg,test,3.4444444444444446,0.6111111111111112,3.4444444444444446
0000946.jpg,train,3.111111111111111,0.5277777777777778,3.111111111111111
0000949.jpg,train,4.055555555555555,0.7638888888888888,4.055555555555555
0000950.jpg,train,4.0,0.75,4.0
0000951.jpg,test,3.5,0.625,3.5
0000952.jpg,train,3.388888888888889,0.5972222222222222,3.388888888888889
0000955.jpg,train,4.055555555555555,0.7638888888888888,4.055555555555555
0000956.jpg,val,3.388888888888889,0.5972222222222222,3.388888888888889
0000958.jpg,train,4.111111111111111,0.7777777777777777,4.111111111111111
0000959.jpg,train,3.7222222222222223,0.6805555555555556,3.7222222222222223
0000960.jpg,train,3.8333333333333335,0.7083333333333334,3.8333333333333335
0000961.jpg,train,2.7222222222222223,0.4305555555555556,2.7222222222222223
0000962.jpg,train,3.888888888888889,0.7222222222222222,3.888888888888889
0000963.jpg,train,3.7222222222222223,0.6805555555555556,3.7222222222222223
0000965.jpg,test,2.9444444444444446,0.4861111111111111,2.9444444444444446
0000968.jpg,test,3.6666666666666665,0.6666666666666666,3.6666666666666665
0000970.jpg,val,3.111111111111111,0.5277777777777778,3.111111111111111
0000977.jpg,train,3.8333333333333335,0.7083333333333334,3.8333333333333335
0000978.jpg,train,3.7777777777777777,0.6944444444444444,3.7777777777777777
0000981.jpg,train,4.166666666666667,0.7916666666666667,4.166666666666667
0000982.jpg,train,4.055555555555555,0.7638888888888888,4.055555555555555
0000984.jpg,val,4.111111111111111,0.7777777777777777,4.111111111111111
0000987.jpg,train,3.7777777777777777,0.6944444444444444,3.7777777777777777
0000989.jpg,train,3.888888888888889,0.7222222222222222,3.888888888888889
0000990.jpg,test,3.611111111111111,0.6527777777777778,3.611111111111111
0000991.jpg,train,3.333333333333333,0.5833333333333333,3.333333333333333
0000992.jpg,train,3.6666666666666665,0.6666666666666666,3.6666666666666665
0000995.jpg,val,3.555555555555556,0.638888888888889,3.555555555555556
0000996.jpg,train,3.9444444444444446,0.7361111111111112,3.9444444444444446
0000997.jpg,train,3.7222222222222223,0.6805555555555556,3.7222222222222223
0000998.jpg,train,3.388888888888889,0.5972222222222222,3.388888888888889
0000999.jpg,test,4.0,0.75,4.0
0001000.jpg,train,3.1666666666666665,0.5416666666666666,3.1666666666666665
0001003.jpg,val,3.7222222222222223,0.6805555555555556,3.7222222222222223
0001004.jpg,train,3.8333333333333335,0.7083333333333334,3.8333333333333335
0001006.jpg,train,2.7777777777777777,0.4444444444444444,2.7777777777777777
0001007.jpg,train,3.8333333333333335,0.7083333333333334,3.8333333333333335
0001008.jpg,train,3.5,0.625,3.5
0001009.jpg,train,3.055555555555556,0.513888888888889,3.055555555555556
0001013.jpg,val,4.222222222222222,0.8055555555555556,4.222222222222222
0001016.jpg,train,4.111111111111111,0.7777777777777777,4.111111111111111
0001018.jpg,train,3.888888888888889,0.7222222222222222,3.888888888888889
0001020.jpg,train,3.055555555555556,0.513888888888889,3.055555555555556
0001021.jpg,train,3.7222222222222223,0.6805555555555556,3.7222222222222223
0001022.jpg,train,3.6666666666666665,0.6666666666666666,3.6666666666666665
0001023.jpg,train,4.111111111111111,0.7777777777777777,4.111111111111111
0001024.jpg,train,3.888888888888889,0.7222222222222222,3.888888888888889
0001025.jpg,train,3.888888888888889,0.7222222222222222,3.888888888888889
0001026.jpg,train,3.2222222222222223,0.5555555555555556,3.2222222222222223
0001029.jpg,test,4.333333333333333,0.8333333333333333,4.333333333333333
0001031.jpg,train,4.333333333333333,0.8333333333333333,4.333333333333333
0001032.jpg,val,3.055555555555556,0.513888888888889,3.055555555555556
0001033.jpg,train,3.8333333333333335,0.7083333333333334,3.8333333333333335
0001034.jpg,train,3.888888888888889,0.7222222222222222,3.888888888888889
0001036.jpg,val,4.111111111111111,0.7777777777777777,4.111111111111111
0001039.jpg,test,3.888888888888889,0.7222222222222222,3.888888888888889
0001043.jpg,train,4.5,0.875,4.5
0001046.jpg,val,3.7777777777777777,0.6944444444444444,3.7777777777777777
0001047.jpg,train,4.277777777777778,0.8194444444444444,4.277777777777778
0001049.jpg,test,3.7777777777777777,0.6944444444444444,3.7777777777777777
0001051.jpg,val,3.5,0.625,3.5
0001052.jpg,test,3.8333333333333335,0.7083333333333334,3.8333333333333335
0001053.jpg,train,3.8333333333333335,0.7083333333333334,3.8333333333333335
0001054.jpg,train,4.166666666666667,0.7916666666666667,4.166666666666667
0001056.jpg,train,3.8333333333333335,0.7083333333333334,3.8333333333333335
0001057.jpg,train,3.4444444444444446,0.6111111111111112,3.4444444444444446
0001059.jpg,train,3.4444444444444446,0.6111111111111112,3.4444444444444446
0001063.jpg,val,3.8333333333333335,0.7083333333333334,3.8333333333333335
0001066.jpg,train,3.7222222222222223,0.6805555555555556,3.7222222222222223
0001067.jpg,test,3.0,0.5,3.0
0001069.jpg,train,3.7222222222222223,0.6805555555555556,3.7222222222222223
0001070.jpg,test,3.8333333333333335,0.7083333333333334,3.8333333333333335
0001073.jpg,val,3.6666666666666665,0.6666666666666666,3.6666666666666665
0001075.jpg,train,3.7222222222222223,0.6805555555555556,3.7222222222222223
0001077.jpg,train,3.7777777777777777,0.6944444444444444,3.7777777777777777
0001078.jpg,train,3.7222222222222223,0.6805555555555556,3.7222222222222223
0001079.jpg,val,3.7222222222222223,0.6805555555555556,3.7222222222222223
0001082.jpg,train,4.111111111111111,0.7777777777777777,4.111111111111111
0001083.jpg,train,3.7777777777777777,0.6944444444444444,3.7777777777777777
0001084.jpg,test,4.111111111111111,0.7777777777777777,4.111111111111111
0001086.jpg,test,4.055555555555555,0.7638888888888888,4.055555555555555
0001088.jpg,train,3.8333333333333335,0.7083333333333334,3.8333333333333335
0001096.jpg,train,3.5,0.625,3.5
0001097.jpg,train,3.888888888888889,0.7222222222222222,3.888888888888889
0001101.jpg,train,3.7777777777777777,0.6944444444444444,3.7777777777777777
0001103.jpg,train,3.555555555555556,0.638888888888889,3.555555555555556
0001104.jpg,train,4.222222222222222,0.8055555555555556,4.222222222222222
0001106.jpg,train,3.9444444444444446,0.7361111111111112,3.9444444444444446
0001107.jpg,train,3.8333333333333335,0.7083333333333334,3.8333333333333335
0001108.jpg,train,3.9444444444444446,0.7361111111111112,3.9444444444444446
0001109.jpg,val,4.0,0.75,4.0
0001110.jpg,val,3.888888888888889,0.7222222222222222,3.888888888888889
0001113.jpg,train,4.111111111111111,0.7777777777777777,4.111111111111111
0001114.jpg,val,4.166666666666667,0.7916666666666667,4.166666666666667
0001115.jpg,train,4.0,0.75,4.0
0001116.jpg,val,3.7222222222222223,0.6805555555555556,3.7222222222222223
0001117.jpg,train,3.611111111111111,0.6527777777777778,3.611111111111111
0001119.jpg,train,3.7222222222222223,0.6805555555555556,3.7222222222222223
0001120.jpg,train,4.055555555555555,0.7638888888888888,4.055555555555555
0001121.jpg,train,3.611111111111111,0.6527777777777778,3.611111111111111
0001122.jpg,train,3.888888888888889,0.7222222222222222,3.888888888888889
0001125.jpg,train,4.055555555555555,0.7638888888888888,4.055555555555555
0001126.jpg,train,4.166666666666667,0.7916666666666667,4.166666666666667
0001127.jpg,val,3.888888888888889,0.7222222222222222,3.888888888888889
0001128.jpg,train,3.9444444444444446,0.7361111111111112,3.9444444444444446
0001130.jpg,train,3.888888888888889,0.7222222222222222,3.888888888888889
0001132.jpg,train,3.4444444444444446,0.6111111111111112,3.4444444444444446
0001133.jpg,train,3.5,0.625,3.5
0001135.jpg,val,3.8333333333333335,0.7083333333333334,3.8333333333333335
0001136.jpg,train,3.388888888888889,0.5972222222222222,3.388888888888889
0001137.jpg,train,3.555555555555556,0.638888888888889,3.555555555555556
0001138.jpg,train,1.7222222222222223,0.1805555555555555,1.7222222222222223
0001139.jpg,val,1.3888888888888888,0.0972222222222222,1.3888888888888888
0001140.jpg,train,1.5,0.125,1.5
0001141.jpg,train,1.5,0.125,1.5
0001142.jpg,train,2.7777777777777777,0.4444444444444444,2.7777777777777777
0001143.jpg,val,2.833333333333333,0.4583333333333332,2.833333333333333
0001144.jpg,train,2.555555555555556,0.3888888888888889,2.555555555555556
0001145.jpg,train,2.555555555555556,0.3888888888888889,2.555555555555556
0001146.jpg,train,1.7222222222222223,0.1805555555555555,1.7222222222222223
0001147.jpg,val,2.4444444444444446,0.3611111111111111,2.4444444444444446
0001151.jpg,test,2.2777777777777777,0.3194444444444444,2.2777777777777777
0001152.jpg,val,1.2222222222222223,0.0555555555555555,1.2222222222222223
0001153.jpg,train,2.0,0.25,2.0
0001155.jpg,train,2.055555555555556,0.2638888888888889,2.055555555555556
0001156.jpg,train,1.7777777777777777,0.1944444444444444,1.7777777777777777
0001157.jpg,val,2.4444444444444446,0.3611111111111111,2.4444444444444446
0001159.jpg,train,2.2777777777777777,0.3194444444444444,2.2777777777777777
0001160.jpg,train,2.333333333333333,0.3333333333333332,2.333333333333333
0001161.jpg,train,1.8888888888888888,0.2222222222222222,1.8888888888888888
0001164.jpg,train,1.7222222222222223,0.1805555555555555,1.7222222222222223
0001166.jpg,test,1.8333333333333333,0.2083333333333333,1.8333333333333333
0001167.jpg,val,2.388888888888889,0.3472222222222222,2.388888888888889
0001170.jpg,train,1.6666666666666667,0.1666666666666666,1.6666666666666667
0001171.jpg,train,1.7222222222222223,0.1805555555555555,1.7222222222222223
0001172.jpg,test,1.8888888888888888,0.2222222222222222,1.8888888888888888
0001173.jpg,train,1.8888888888888888,0.2222222222222222,1.8888888888888888
0001174.jpg,val,2.388888888888889,0.3472222222222222,2.388888888888889
0001175.jpg,train,2.0,0.25,2.0
0001176.jpg,train,1.7777777777777777,0.1944444444444444,1.7777777777777777
0001179.jpg,train,2.2222222222222223,0.3055555555555556,2.2222222222222223
0001180.jpg,val,2.6666666666666665,0.4166666666666666,2.6666666666666665
0001181.jpg,train,2.111111111111111,0.2777777777777778,2.111111111111111
0001182.jpg,train,2.055555555555556,0.2638888888888889,2.055555555555556
0001183.jpg,train,2.611111111111111,0.4027777777777778,2.611111111111111
0001184.jpg,test,2.2777777777777777,0.3194444444444444,2.2777777777777777
0001186.jpg,train,2.2222222222222223,0.3055555555555556,2.2222222222222223
0001187.jpg,train,1.8888888888888888,0.2222222222222222,1.8888888888888888
0001189.jpg,val,2.0,0.25,2.0
0001190.jpg,train,2.2222222222222223,0.3055555555555556,2.2222222222222223
0001194.jpg,val,2.6666666666666665,0.4166666666666666,2.6666666666666665
0001195.jpg,train,2.5,0.375,2.5
0001196.jpg,train,2.6666666666666665,0.4166666666666666,2.6666666666666665
0001199.jpg,train,2.611111111111111,0.4027777777777778,2.611111111111111
0001200.jpg,train,2.611111111111111,0.4027777777777778,2.611111111111111
0001202.jpg,train,3.0,0.5,3.0
0001204.jpg,train,3.111111111111111,0.5277777777777778,3.111111111111111
0001206.jpg,train,2.9444444444444446,0.4861111111111111,2.9444444444444446
0001208.jpg,test,2.2777777777777777,0.3194444444444444,2.2777777777777777
0001210.jpg,train,2.6666666666666665,0.4166666666666666,2.6666666666666665
0001211.jpg,train,2.4444444444444446,0.3611111111111111,2.4444444444444446
0001214.jpg,test,2.7222222222222223,0.4305555555555556,2.7222222222222223
0001215.jpg,test,2.6666666666666665,0.4166666666666666,2.6666666666666665
0001220.jpg,test,1.7777777777777777,0.1944444444444444,1.7777777777777777
0001221.jpg,train,2.333333333333333,0.3333333333333332,2.333333333333333
0001222.jpg,train,2.2777777777777777,0.3194444444444444,2.2777777777777777
0001224.jpg,test,2.0,0.25,2.0
0001225.jpg,train,1.6666666666666667,0.1666666666666666,1.6666666666666667
0001231.jpg,test,1.9444444444444444,0.2361111111111111,1.9444444444444444
0001238.jpg,test,2.1666666666666665,0.2916666666666666,2.1666666666666665
0001239.jpg,train,1.6111111111111112,0.1527777777777778,1.6111111111111112
0001241.jpg,train,2.833333333333333,0.4583333333333332,2.833333333333333
0001243.jpg,test,1.6666666666666667,0.1666666666666666,1.6666666666666667
0001246.jpg,train,2.7777777777777777,0.4444444444444444,2.7777777777777777
0001249.jpg,test,1.9444444444444444,0.2361111111111111,1.9444444444444444
0001250.jpg,train,2.888888888888889,0.4722222222222222,2.888888888888889
0001251.jpg,train,2.833333333333333,0.4583333333333332,2.833333333333333
0001252.jpg,train,3.1666666666666665,0.5416666666666666,3.1666666666666665
0001253.jpg,train,2.388888888888889,0.3472222222222222,2.388888888888889
0001256.jpg,train,2.1666666666666665,0.2916666666666666,2.1666666666666665
0001258.jpg,train,2.2777777777777777,0.3194444444444444,2.2777777777777777
0001259.jpg,train,2.833333333333333,0.4583333333333332,2.833333333333333
0001260.jpg,train,3.388888888888889,0.5972222222222222,3.388888888888889
0001262.jpg,train,2.7222222222222223,0.4305555555555556,2.7222222222222223
0001263.jpg,train,1.8888888888888888,0.2222222222222222,1.8888888888888888
0001264.jpg,train,2.388888888888889,0.3472222222222222,2.388888888888889
0001266.jpg,train,3.4444444444444446,0.6111111111111112,3.4444444444444446
0001267.jpg,val,3.0,0.5,3.0
0001270.jpg,train,2.555555555555556,0.3888888888888889,2.555555555555556
0001272.jpg,train,2.1666666666666665,0.2916666666666666,2.1666666666666665
0001273.jpg,train,2.7222222222222223,0.4305555555555556,2.7222222222222223
0001275.jpg,train,3.2777777777777777,0.5694444444444444,3.2777777777777777
0001277.jpg,val,3.1666666666666665,0.5416666666666666,3.1666666666666665
0001279.jpg,train,3.0,0.5,3.0
0001280.jpg,train,2.2777777777777777,0.3194444444444444,2.2777777777777777
0001282.jpg,train,2.7777777777777777,0.4444444444444444,2.7777777777777777
0001286.jpg,train,2.833333333333333,0.4583333333333332,2.833333333333333
0001288.jpg,val,1.7777777777777777,0.1944444444444444,1.7777777777777777
0001289.jpg,train,2.2777777777777777,0.3194444444444444,2.2777777777777777
0001292.jpg,train,3.055555555555556,0.513888888888889,3.055555555555556
0001294.jpg,test,2.2222222222222223,0.3055555555555556,2.2222222222222223
0001295.jpg,train,3.0,0.5,3.0
0001296.jpg,train,2.7222222222222223,0.4305555555555556,2.7222222222222223
0001297.jpg,val,3.1666666666666665,0.5416666666666666,3.1666666666666665
0001298.jpg,test,2.111111111111111,0.2777777777777778,2.111111111111111
0001299.jpg,train,2.055555555555556,0.2638888888888889,2.055555555555556
0001301.jpg,train,3.0,0.5,3.0
0001302.jpg,test,3.111111111111111,0.5277777777777778,3.111111111111111
0001303.jpg,val,3.4444444444444446,0.6111111111111112,3.4444444444444446
0001306.jpg,train,2.833333333333333,0.4583333333333332,2.833333333333333
0001308.jpg,train,3.333333333333333,0.5833333333333333,3.333333333333333
0001309.jpg,val,2.388888888888889,0.3472222222222222,2.388888888888889
0001310.jpg,val,2.7222222222222223,0.4305555555555556,2.7222222222222223
0001311.jpg,train,2.888888888888889,0.4722222222222222,2.888888888888889
0001314.jpg,train,3.2222222222222223,0.5555555555555556,3.2222222222222223
0001315.jpg,train,1.9444444444444444,0.2361111111111111,1.9444444444444444
0001316.jpg,train,2.611111111111111,0.4027777777777778,2.611111111111111
0001319.jpg,train,3.2222222222222223,0.5555555555555556,3.2222222222222223
0001323.jpg,test,2.111111111111111,0.2777777777777778,2.111111111111111
0001324.jpg,test,1.8333333333333333,0.2083333333333333,1.8333333333333333
0001325.jpg,val,2.833333333333333,0.4583333333333332,2.833333333333333
0001326.jpg,train,3.7222222222222223,0.6805555555555556,3.7222222222222223
0001327.jpg,train,3.555555555555556,0.638888888888889,3.555555555555556
0001328.jpg,test,3.055555555555556,0.513888888888889,3.055555555555556
0001329.jpg,test,2.9444444444444446,0.4861111111111111,2.9444444444444446
0001330.jpg,train,2.7222222222222223,0.4305555555555556,2.7222222222222223
0001331.jpg,train,3.111111111111111,0.5277777777777778,3.111111111111111
0001332.jpg,train,2.9444444444444446,0.4861111111111111,2.9444444444444446
0001334.jpg,train,2.388888888888889,0.3472222222222222,2.388888888888889
0001335.jpg,train,2.1666666666666665,0.2916666666666666,2.1666666666666665
0001336.jpg,train,2.888888888888889,0.4722222222222222,2.888888888888889
0001337.jpg,train,3.611111111111111,0.6527777777777778,3.611111111111111
0001341.jpg,train,2.888888888888889,0.4722222222222222,2.888888888888889
0001344.jpg,test,2.5,0.375,2.5
0001346.jpg,train,2.7777777777777777,0.4444444444444444,2.7777777777777777
0001349.jpg,train,3.2777777777777777,0.5694444444444444,3.2777777777777777
0001350.jpg,train,4.0,0.75,4.0
0001354.jpg,val,3.055555555555556,0.513888888888889,3.055555555555556
0001357.jpg,train,2.888888888888889,0.4722222222222222,2.888888888888889
0001359.jpg,train,2.611111111111111,0.4027777777777778,2.611111111111111
0001361.jpg,train,3.2777777777777777,0.5694444444444444,3.2777777777777777
0001362.jpg,train,1.9444444444444444,0.2361111111111111,1.9444444444444444
0001364.jpg,train,2.6666666666666665,0.4166666666666666,2.6666666666666665
0001365.jpg,train,4.333333333333333,0.8333333333333333,4.333333333333333
0001369.jpg,test,2.7777777777777777,0.4444444444444444,2.7777777777777777
0001370.jpg,val,2.9444444444444446,0.4861111111111111,2.9444444444444446
0001371.jpg,test,2.555555555555556,0.3888888888888889,2.555555555555556
0001374.jpg,train,2.9444444444444446,0.4861111111111111,2.9444444444444446
0001375.jpg,test,2.1666666666666665,0.2916666666666666,2.1666666666666665
0001378.jpg,val,3.1666666666666665,0.5416666666666666,3.1666666666666665
0001379.jpg,val,2.9444444444444446,0.4861111111111111,2.9444444444444446
0001380.jpg,train,2.4444444444444446,0.3611111111111111,2.4444444444444446
0001381.jpg,test,2.9444444444444446,0.4861111111111111,2.9444444444444446
0001382.jpg,train,4.0,0.75,4.0
0001383.jpg,train,3.1666666666666665,0.5416666666666666,3.1666666666666665
0001384.jpg,val,3.888888888888889,0.7222222222222222,3.888888888888889
0001385.jpg,val,3.2777777777777777,0.5694444444444444,3.2777777777777777
0001386.jpg,train,3.333333333333333,0.5833333333333333,3.333333333333333
0001387.jpg,test,2.9444444444444446,0.4861111111111111,2.9444444444444446
0001389.jpg,test,2.2222222222222223,0.3055555555555556,2.2222222222222223
0001390.jpg,train,2.888888888888889,0.4722222222222222,2.888888888888889
0001391.jpg,train,3.4444444444444446,0.6111111111111112,3.4444444444444446
0001392.jpg,train,3.888888888888889,0.7222222222222222,3.888888888888889
0001393.jpg,train,2.611111111111111,0.4027777777777778,2.611111111111111
0001394.jpg,train,3.055555555555556,0.513888888888889,3.055555555555556
0001395.jpg,test,1.7222222222222223,0.1805555555555555,1.7222222222222223
0001396.jpg,train,3.055555555555556,0.513888888888889,3.055555555555556
0001397.jpg,val,3.2222222222222223,0.5555555555555556,3.2222222222222223
0001398.jpg,train,2.7222222222222223,0.4305555555555556,2.7222222222222223
0001399.jpg,train,2.833333333333333,0.4583333333333332,2.833333333333333
0001401.jpg,train,3.2777777777777777,0.5694444444444444,3.2777777777777777
0001404.jpg,train,2.9444444444444446,0.4861111111111111,2.9444444444444446
0001405.jpg,train,3.0,0.5,3.0
0001407.jpg,val,3.2222222222222223,0.5555555555555556,3.2222222222222223
0001409.jpg,train,2.1666666666666665,0.2916666666666666,2.1666666666666665
0001410.jpg,test,2.611111111111111,0.4027777777777778,2.611111111111111
0001412.jpg,test,2.9444444444444446,0.4861111111111111,2.9444444444444446
0001415.jpg,train,2.555555555555556,0.3888888888888889,2.555555555555556
0001416.jpg,train,2.6666666666666665,0.4166666666666666,2.6666666666666665
0001418.jpg,train,3.7777777777777777,0.6944444444444444,3.7777777777777777
0001420.jpg,train,3.111111111111111,0.5277777777777778,3.111111111111111
0001422.jpg,train,3.055555555555556,0.513888888888889,3.055555555555556
0001423.jpg,train,2.9444444444444446,0.4861111111111111,2.9444444444444446
0001426.jpg,train,2.7222222222222223,0.4305555555555556,2.7222222222222223
0001427.jpg,train,1.6111111111111112,0.1527777777777778,1.6111111111111112
0001428.jpg,train,2.7777777777777777,0.4444444444444444,2.7777777777777777
0001429.jpg,train,3.5,0.625,3.5
0001430.jpg,train,2.9444444444444446,0.4861111111111111,2.9444444444444446
0001431.jpg,train,2.555555555555556,0.3888888888888889,2.555555555555556
0001433.jpg,train,3.7222222222222223,0.6805555555555556,3.7222222222222223
0001435.jpg,train,2.888888888888889,0.4722222222222222,2.888888888888889
0001437.jpg,train,3.555555555555556,0.638888888888889,3.555555555555556
0001438.jpg,test,4.166666666666667,0.7916666666666667,4.166666666666667
0001439.jpg,train,3.388888888888889,0.5972222222222222,3.388888888888889
0001441.jpg,val,3.2222222222222223,0.5555555555555556,3.2222222222222223
0001442.jpg,train,2.333333333333333,0.3333333333333332,2.333333333333333
0001443.jpg,train,3.6666666666666665,0.6666666666666666,3.6666666666666665
0001447.jpg,train,3.2777777777777777,0.5694444444444444,3.2777777777777777
0001448.jpg,train,3.8333333333333335,0.7083333333333334,3.8333333333333335
0001450.jpg,train,3.7777777777777777,0.6944444444444444,3.7777777777777777
0001451.jpg,train,2.833333333333333,0.4583333333333332,2.833333333333333
0001453.jpg,test,3.1666666666666665,0.5416666666666666,3.1666666666666665
0001456.jpg,train,3.111111111111111,0.5277777777777778,3.111111111111111
0001457.jpg,test,3.7222222222222223,0.6805555555555556,3.7222222222222223
0001459.jpg,train,3.888888888888889,0.7222222222222222,3.888888888888889
0001461.jpg,val,2.888888888888889,0.4722222222222222,2.888888888888889
0001462.jpg,train,3.333333333333333,0.5833333333333333,3.333333333333333
0001463.jpg,test,3.5,0.625,3.5
0001464.jpg,train,3.611111111111111,0.6527777777777778,3.611111111111111
0001465.jpg,train,3.1666666666666665,0.5416666666666666,3.1666666666666665
0001467.jpg,train,3.111111111111111,0.5277777777777778,3.111111111111111
0001468.jpg,train,2.9444444444444446,0.4861111111111111,2.9444444444444446
0001472.jpg,train,3.7777777777777777,0.6944444444444444,3.7777777777777777
0001473.jpg,train,3.7222222222222223,0.6805555555555556,3.7222222222222223
0001474.jpg,train,3.7222222222222223,0.6805555555555556,3.7222222222222223
0001475.jpg,val,3.555555555555556,0.638888888888889,3.555555555555556
0001476.jpg,train,2.7222222222222223,0.4305555555555556,2.7222222222222223
0001477.jpg,test,3.111111111111111,0.5277777777777778,3.111111111111111
0001478.jpg,test,3.7222222222222223,0.6805555555555556,3.7222222222222223
0001479.jpg,train,3.555555555555556,0.638888888888889,3.555555555555556
0001480.jpg,val,3.555555555555556,0.638888888888889,3.555555555555556
0001481.jpg,train,3.611111111111111,0.6527777777777778,3.611111111111111
0001482.jpg,train,3.6666666666666665,0.6666666666666666,3.6666666666666665
0001485.jpg,train,2.1666666666666665,0.2916666666666666,2.1666666666666665
0001486.jpg,train,3.4444444444444446,0.6111111111111112,3.4444444444444446
0001489.jpg,train,3.388888888888889,0.5972222222222222,3.388888888888889
0001491.jpg,train,2.888888888888889,0.4722222222222222,2.888888888888889
0001492.jpg,train,3.7777777777777777,0.6944444444444444,3.7777777777777777
0001493.jpg,train,3.8333333333333335,0.7083333333333334,3.8333333333333335
0001494.jpg,train,3.4444444444444446,0.6111111111111112,3.4444444444444446
0001495.jpg,train,3.111111111111111,0.5277777777777778,3.111111111111111
0001496.jpg,train,3.555555555555556,0.638888888888889,3.555555555555556
0001497.jpg,train,3.888888888888889,0.7222222222222222,3.888888888888889
0001500.jpg,val,2.7222222222222223,0.4305555555555556,2.7222222222222223
0001501.jpg,train,3.2222222222222223,0.5555555555555556,3.2222222222222223
0001502.jpg,train,2.888888888888889,0.4722222222222222,2.888888888888889
0001503.jpg,train,3.2222222222222223,0.5555555555555556,3.2222222222222223
0001504.jpg,train,3.888888888888889,0.7222222222222222,3.888888888888889
0001508.jpg,train,3.888888888888889,0.7222222222222222,3.888888888888889
0001509.jpg,val,3.9444444444444446,0.7361111111111112,3.9444444444444446
0001511.jpg,train,4.0,0.75,4.0
0001512.jpg,train,3.5,0.625,3.5
0001513.jpg,train,3.7222222222222223,0.6805555555555556,3.7222222222222223
0001514.jpg,val,3.7222222222222223,0.6805555555555556,3.7222222222222223
0001516.jpg,train,4.0,0.75,4.0
0001517.jpg,val,3.888888888888889,0.7222222222222222,3.888888888888889
0001518.jpg,train,3.888888888888889,0.7222222222222222,3.888888888888889
0001519.jpg,train,3.4444444444444446,0.6111111111111112,3.4444444444444446
0001521.jpg,test,3.6666666666666665,0.6666666666666666,3.6666666666666665
0001522.jpg,train,3.888888888888889,0.7222222222222222,3.888888888888889
0001523.jpg,train,3.888888888888889,0.7222222222222222,3.888888888888889
0001524.jpg,train,4.055555555555555,0.7638888888888888,4.055555555555555
0001528.jpg,train,4.0,0.75,4.0
0001529.jpg,train,3.9444444444444446,0.7361111111111112,3.9444444444444446
0001530.jpg,train,3.9444444444444446,0.7361111111111112,3.9444444444444446
0001532.jpg,train,3.5,0.625,3.5
0001533.jpg,train,3.7222222222222223,0.6805555555555556,3.7222222222222223
0001534.jpg,train,4.111111111111111,0.7777777777777777,4.111111111111111
0001536.jpg,train,2.9444444444444446,0.4861111111111111,2.9444444444444446
0001538.jpg,train,3.555555555555556,0.638888888888889,3.555555555555556
0001541.jpg,train,3.7777777777777777,0.6944444444444444,3.7777777777777777
0001542.jpg,train,3.8333333333333335,0.7083333333333334,3.8333333333333335
0001543.jpg,train,3.7777777777777777,0.6944444444444444,3.7777777777777777
0001544.jpg,test,4.0,0.75,4.0
0001546.jpg,train,3.5,0.625,3.5
0001549.jpg,train,3.8333333333333335,0.7083333333333334,3.8333333333333335
0001551.jpg,train,3.7222222222222223,0.6805555555555556,3.7222222222222223
0001552.jpg,train,3.555555555555556,0.638888888888889,3.555555555555556
0001557.jpg,val,3.2777777777777777,0.5694444444444444,3.2777777777777777
0001559.jpg,train,3.888888888888889,0.7222222222222222,3.888888888888889
0001560.jpg,train,3.7222222222222223,0.6805555555555556,3.7222222222222223
0001561.jpg,train,3.4444444444444446,0.6111111111111112,3.4444444444444446
0001563.jpg,test,3.611111111111111,0.6527777777777778,3.611111111111111
0001564.jpg,train,3.388888888888889,0.5972222222222222,3.388888888888889
0001565.jpg,train,3.7777777777777777,0.6944444444444444,3.7777777777777777
0001566.jpg,train,3.5,0.625,3.5
0001568.jpg,train,2.888888888888889,0.4722222222222222,2.888888888888889
0001570.jpg,train,3.388888888888889,0.5972222222222222,3.388888888888889
0001571.jpg,train,3.8333333333333335,0.7083333333333334,3.8333333333333335
0001572.jpg,train,4.0,0.75,4.0
0001574.jpg,train,3.0,0.5,3.0
0001575.jpg,test,4.166666666666667,0.7916666666666667,4.166666666666667
0001576.jpg,val,4.0,0.75,4.0
0001580.jpg,train,3.7222222222222223,0.6805555555555556,3.7222222222222223
0001583.jpg,train,4.055555555555555,0.7638888888888888,4.055555555555555
0001586.jpg,train,4.111111111111111,0.7777777777777777,4.111111111111111
0001587.jpg,train,3.7777777777777777,0.6944444444444444,3.7777777777777777
0001588.jpg,train,3.7777777777777777,0.6944444444444444,3.7777777777777777
0001589.jpg,train,4.0,0.75,4.0
0001590.jpg,train,3.333333333333333,0.5833333333333333,3.333333333333333
0001592.jpg,test,3.8333333333333335,0.7083333333333334,3.8333333333333335
0001593.jpg,val,3.7777777777777777,0.6944444444444444,3.7777777777777777
0001594.jpg,train,3.611111111111111,0.6527777777777778,3.611111111111111
0001595.jpg,train,3.888888888888889,0.7222222222222222,3.888888888888889
0001596.jpg,train,3.7777777777777777,0.6944444444444444,3.7777777777777777
0001598.jpg,val,3.055555555555556,0.513888888888889,3.055555555555556
0001599.jpg,train,3.6666666666666665,0.6666666666666666,3.6666666666666665
0001600.jpg,train,3.4444444444444446,0.6111111111111112,3.4444444444444446
0001602.jpg,test,3.8333333333333335,0.7083333333333334,3.8333333333333335
0001603.jpg,train,4.055555555555555,0.7638888888888888,4.055555555555555
0001605.jpg,train,1.7777777777777777,0.1944444444444444,1.7777777777777777
0001606.jpg,train,4.055555555555555,0.7638888888888888,4.055555555555555
0001607.jpg,train,3.555555555555556,0.638888888888889,3.555555555555556
0001608.jpg,val,3.6666666666666665,0.6666666666666666,3.6666666666666665
0001610.jpg,train,3.888888888888889,0.7222222222222222,3.888888888888889
0001614.jpg,train,3.7222222222222223,0.6805555555555556,3.7222222222222223
0001615.jpg,train,2.9444444444444446,0.4861111111111111,2.9444444444444446
0001616.jpg,train,3.4444444444444446,0.6111111111111112,3.4444444444444446
0001617.jpg,train,3.6666666666666665,0.6666666666666666,3.6666666666666665
0001618.jpg,train,3.7777777777777777,0.6944444444444444,3.7777777777777777
0001619.jpg,train,3.111111111111111,0.5277777777777778,3.111111111111111
0001620.jpg,test,3.555555555555556,0.638888888888889,3.555555555555556
0001621.jpg,train,3.6666666666666665,0.6666666666666666,3.6666666666666665
0001627.jpg,train,4.166666666666667,0.7916666666666667,4.166666666666667
0001629.jpg,val,3.7777777777777777,0.6944444444444444,3.7777777777777777
0001630.jpg,train,3.555555555555556,0.638888888888889,3.555555555555556
0001631.jpg,train,3.7777777777777777,0.6944444444444444,3.7777777777777777
0001633.jpg,train,3.611111111111111,0.6527777777777778,3.611111111111111
0001634.jpg,train,3.4444444444444446,0.6111111111111112,3.4444444444444446
0001636.jpg,train,3.611111111111111,0.6527777777777778,3.611111111111111
0001638.jpg,test,4.333333333333333,0.8333333333333333,4.333333333333333
0001639.jpg,train,3.9444444444444446,0.7361111111111112,3.9444444444444446
0001640.jpg,train,3.4444444444444446,0.6111111111111112,3.4444444444444446
0001642.jpg,train,3.6666666666666665,0.6666666666666666,3.6666666666666665
0001643.jpg,train,4.055555555555555,0.7638888888888888,4.055555555555555
0001644.jpg,train,3.7222222222222223,0.6805555555555556,3.7222222222222223
0001646.jpg,train,3.888888888888889,0.7222222222222222,3.888888888888889
0001647.jpg,train,3.2222222222222223,0.5555555555555556,3.2222222222222223
0001649.jpg,val,3.555555555555556,0.638888888888889,3.555555555555556
0001650.jpg,val,3.7222222222222223,0.6805555555555556,3.7222222222222223
0001651.jpg,val,3.611111111111111,0.6527777777777778,3.611111111111111
0001652.jpg,train,3.5,0.625,3.5
0001654.jpg,test,3.333333333333333,0.5833333333333333,3.333333333333333
0001656.jpg,train,3.5,0.625,3.5
0001657.jpg,train,3.6666666666666665,0.6666666666666666,3.6666666666666665
0001658.jpg,train,4.111111111111111,0.7777777777777777,4.111111111111111
0001659.jpg,train,3.333333333333333,0.5833333333333333,3.333333333333333
0001660.jpg,val,3.7222222222222223,0.6805555555555556,3.7222222222222223
0001661.jpg,val,3.8333333333333335,0.7083333333333334,3.8333333333333335
0001662.jpg,train,3.388888888888889,0.5972222222222222,3.388888888888889
0001663.jpg,train,3.388888888888889,0.5972222222222222,3.388888888888889
0001665.jpg,val,3.611111111111111,0.6527777777777778,3.611111111111111
0001668.jpg,train,2.9444444444444446,0.4861111111111111,2.9444444444444446
0001670.jpg,val,3.1666666666666665,0.5416666666666666,3.1666666666666665
0001671.jpg,train,3.0,0.5,3.0
0001673.jpg,train,4.0,0.75,4.0
0001675.jpg,train,3.5,0.625,3.5
0001677.jpg,test,3.388888888888889,0.5972222222222222,3.388888888888889
0001679.jpg,train,3.388888888888889,0.5972222222222222,3.388888888888889
0001681.jpg,train,3.1666666666666665,0.5416666666666666,3.1666666666666665
0001682.jpg,test,3.7222222222222223,0.6805555555555556,3.7222222222222223
0001683.jpg,train,3.555555555555556,0.638888888888889,3.555555555555556
0001684.jpg,test,3.4444444444444446,0.6111111111111112,3.4444444444444446
0001685.jpg,train,3.111111111111111,0.5277777777777778,3.111111111111111
0001686.jpg,train,3.5,0.625,3.5
0001687.jpg,train,3.555555555555556,0.638888888888889,3.555555555555556
0001689.jpg,train,3.6666666666666665,0.6666666666666666,3.6666666666666665
0001690.jpg,test,3.333333333333333,0.5833333333333333,3.333333333333333
0001691.jpg,train,3.4444444444444446,0.6111111111111112,3.4444444444444446
0001692.jpg,test,3.1666666666666665,0.5416666666666666,3.1666666666666665
0001693.jpg,test,3.611111111111111,0.6527777777777778,3.611111111111111
0001694.jpg,train,3.611111111111111,0.6527777777777778,3.611111111111111
0001697.jpg,train,3.888888888888889,0.7222222222222222,3.888888888888889
0001698.jpg,train,3.7222222222222223,0.6805555555555556,3.7222222222222223
0001700.jpg,test,3.555555555555556,0.638888888888889,3.555555555555556
0001701.jpg,val,3.5,0.625,3.5
0001704.jpg,test,3.611111111111111,0.6527777777777778,3.611111111111111
0001705.jpg,train,3.388888888888889,0.5972222222222222,3.388888888888889
0001708.jpg,train,3.055555555555556,0.513888888888889,3.055555555555556
0001709.jpg,val,2.388888888888889,0.3472222222222222,2.388888888888889
0001710.jpg,val,2.388888888888889,0.3472222222222222,2.388888888888889
0001711.jpg,train,2.055555555555556,0.2638888888888889,2.055555555555556
0001714.jpg,train,1.6666666666666667,0.1666666666666666,1.6666666666666667
0001716.jpg,train,2.555555555555556,0.3888888888888889,2.555555555555556
0001717.jpg,train,1.5555555555555556,0.1388888888888889,1.5555555555555556
0001720.jpg,train,2.833333333333333,0.4583333333333332,2.833333333333333
0001721.jpg,train,2.555555555555556,0.3888888888888889,2.555555555555556
0001723.jpg,val,1.6666666666666667,0.1666666666666666,1.6666666666666667
0001724.jpg,test,2.611111111111111,0.4027777777777778,2.611111111111111
0001725.jpg,val,2.0,0.25,2.0
0001728.jpg,test,2.2777777777777777,0.3194444444444444,2.2777777777777777
0001729.jpg,train,2.1666666666666665,0.2916666666666666,2.1666666666666665
0001732.jpg,train,2.5,0.375,2.5
0001733.jpg,train,2.4444444444444446,0.3611111111111111,2.4444444444444446
0001734.jpg,val,2.1666666666666665,0.2916666666666666,2.1666666666666665
0001736.jpg,test,2.555555555555556,0.3888888888888889,2.555555555555556
0001737.jpg,test,1.8888888888888888,0.2222222222222222,1.8888888888888888
0001738.jpg,train,1.6666666666666667,0.1666666666666666,1.6666666666666667
0001739.jpg,train,2.388888888888889,0.3472222222222222,2.388888888888889
0001742.jpg,train,2.2222222222222223,0.3055555555555556,2.2222222222222223
0001743.jpg,test,2.2222222222222223,0.3055555555555556,2.2222222222222223
0001744.jpg,train,2.2222222222222223,0.3055555555555556,2.2222222222222223
0001745.jpg,train,2.4444444444444446,0.3611111111111111,2.4444444444444446
0001746.jpg,train,2.388888888888889,0.3472222222222222,2.388888888888889
0001747.jpg,val,1.8888888888888888,0.2222222222222222,1.8888888888888888
0001748.jpg,train,1.8333333333333333,0.2083333333333333,1.8333333333333333
0001749.jpg,test,1.8333333333333333,0.2083333333333333,1.8333333333333333
0001750.jpg,test,2.0,0.25,2.0
0001756.jpg,val,2.7777777777777777,0.4444444444444444,2.7777777777777777
0001757.jpg,val,2.6666666666666665,0.4166666666666666,2.6666666666666665
0001758.jpg,val,2.111111111111111,0.2777777777777778,2.111111111111111
0001761.jpg,train,1.9444444444444444,0.2361111111111111,1.9444444444444444
0001762.jpg,val,2.2777777777777777,0.3194444444444444,2.2777777777777777
0001763.jpg,test,2.2222222222222223,0.3055555555555556,2.2222222222222223
0001764.jpg,val,2.611111111111111,0.4027777777777778,2.611111111111111
0001766.jpg,test,3.2777777777777777,0.5694444444444444,3.2777777777777777
0001767.jpg,val,2.055555555555556,0.2638888888888889,2.055555555555556
0001769.jpg,val,2.0,0.25,2.0
0001773.jpg,test,1.8888888888888888,0.2222222222222222,1.8888888888888888
0001774.jpg,val,1.8333333333333333,0.2083333333333333,1.8333333333333333
0001775.jpg,val,2.2777777777777777,0.3194444444444444,2.2777777777777777
0001779.jpg,val,1.5,0.125,1.5
0001780.jpg,train,2.111111111111111,0.2777777777777778,2.111111111111111
0001782.jpg,train,2.5,0.375,2.5
0001783.jpg,train,2.7222222222222223,0.4305555555555556,2.7222222222222223
0001784.jpg,train,2.6666666666666665,0.4166666666666666,2.6666666666666665
0001786.jpg,val,2.6666666666666665,0.4166666666666666,2.6666666666666665
0001788.jpg,train,2.388888888888889,0.3472222222222222,2.388888888888889
0001789.jpg,train,2.2777777777777777,0.3194444444444444,2.2777777777777777
0001792.jpg,test,2.7222222222222223,0.4305555555555556,2.7222222222222223
0001793.jpg,train,2.611111111111111,0.4027777777777778,2.611111111111111
0001794.jpg,train,2.7222222222222223,0.4305555555555556,2.7222222222222223
0001795.jpg,val,1.7222222222222223,0.1805555555555555,1.7222222222222223
0001799.jpg,train,1.9444444444444444,0.2361111111111111,1.9444444444444444
0001800.jpg,train,2.7777777777777777,0.4444444444444444,2.7777777777777777
0001801.jpg,train,2.388888888888889,0.3472222222222222,2.388888888888889
0001802.jpg,train,1.6666666666666667,0.1666666666666666,1.6666666666666667
0001803.jpg,train,2.5,0.375,2.5
0001807.jpg,val,2.0,0.25,2.0
0001808.jpg,train,2.4444444444444446,0.3611111111111111,2.4444444444444446
0001809.jpg,val,1.7777777777777777,0.1944444444444444,1.7777777777777777
0001812.jpg,train,2.111111111111111,0.2777777777777778,2.111111111111111
0001814.jpg,train,3.055555555555556,0.513888888888889,3.055555555555556
0001815.jpg,train,2.111111111111111,0.2777777777777778,2.111111111111111
0001816.jpg,train,3.055555555555556,0.513888888888889,3.055555555555556
0001817.jpg,train,2.5,0.375,2.5
0001820.jpg,train,2.4444444444444446,0.3611111111111111,2.4444444444444446
0001822.jpg,train,2.7777777777777777,0.4444444444444444,2.7777777777777777
0001824.jpg,val,1.4444444444444444,0.1111111111111111,1.4444444444444444
0001825.jpg,test,2.1666666666666665,0.2916666666666666,2.1666666666666665
0001829.jpg,val,2.611111111111111,0.4027777777777778,2.611111111111111
0001830.jpg,val,2.9444444444444446,0.4861111111111111,2.9444444444444446
0001834.jpg,test,1.6666666666666667,0.1666666666666666,1.6666666666666667
0001836.jpg,train,2.111111111111111,0.2777777777777778,2.111111111111111
0001837.jpg,val,3.1666666666666665,0.5416666666666666,3.1666666666666665
0001838.jpg,train,3.111111111111111,0.5277777777777778,3.111111111111111
0001842.jpg,test,3.0,0.5,3.0
0001845.jpg,train,2.888888888888889,0.4722222222222222,2.888888888888889
0001848.jpg,train,3.1666666666666665,0.5416666666666666,3.1666666666666665
0001849.jpg,val,2.2222222222222223,0.3055555555555556,2.2222222222222223
0001850.jpg,train,1.8333333333333333,0.2083333333333333,1.8333333333333333
0001851.jpg,val,2.055555555555556,0.2638888888888889,2.055555555555556
0001852.jpg,train,1.8888888888888888,0.2222222222222222,1.8888888888888888
0001854.jpg,val,4.444444444444445,0.8611111111111112,4.444444444444445
0001856.jpg,train,3.1666666666666665,0.5416666666666666,3.1666666666666665
0001857.jpg,train,2.833333333333333,0.4583333333333332,2.833333333333333
0001860.jpg,train,2.2222222222222223,0.3055555555555556,2.2222222222222223
0001861.jpg,train,2.5,0.375,2.5
0001862.jpg,train,3.4444444444444446,0.6111111111111112,3.4444444444444446
0001864.jpg,test,2.833333333333333,0.4583333333333332,2.833333333333333
0001865.jpg,val,3.2777777777777777,0.5694444444444444,3.2777777777777777
0001866.jpg,train,1.7777777777777777,0.1944444444444444,1.7777777777777777
0001868.jpg,test,3.111111111111111,0.5277777777777778,3.111111111111111
0001869.jpg,test,2.2777777777777777,0.3194444444444444,2.2777777777777777
0001870.jpg,val,2.888888888888889,0.4722222222222222,2.888888888888889
0001871.jpg,train,2.833333333333333,0.4583333333333332,2.833333333333333
0001872.jpg,test,2.0,0.25,2.0
0001875.jpg,train,2.611111111111111,0.4027777777777778,2.611111111111111
0001877.jpg,val,3.055555555555556,0.513888888888889,3.055555555555556
0001878.jpg,train,2.388888888888889,0.3472222222222222,2.388888888888889
0001880.jpg,train,2.0,0.25,2.0
0001881.jpg,val,2.2777777777777777,0.3194444444444444,2.2777777777777777
0001884.jpg,train,2.833333333333333,0.4583333333333332,2.833333333333333
0001886.jpg,train,2.7222222222222223,0.4305555555555556,2.7222222222222223
0001889.jpg,val,2.833333333333333,0.4583333333333332,2.833333333333333
0001890.jpg,train,2.333333333333333,0.3333333333333332,2.333333333333333
0001891.jpg,train,4.333333333333333,0.8333333333333333,4.333333333333333
0001892.jpg,train,3.388888888888889,0.5972222222222222,3.388888888888889
0001893.jpg,train,2.9444444444444446,0.4861111111111111,2.9444444444444446
0001894.jpg,train,3.9444444444444446,0.7361111111111112,3.9444444444444446
0001895.jpg,train,4.0,0.75,4.0
0001897.jpg,train,2.555555555555556,0.3888888888888889,2.555555555555556
0001898.jpg,test,3.0,0.5,3.0
0001899.jpg,train,2.1666666666666665,0.2916666666666666,2.1666666666666665
0001900.jpg,test,3.1666666666666665,0.5416666666666666,3.1666666666666665
0001902.jpg,train,3.1666666666666665,0.5416666666666666,3.1666666666666665
0001904.jpg,train,2.611111111111111,0.4027777777777778,2.611111111111111
0001905.jpg,train,2.7222222222222223,0.4305555555555556,2.7222222222222223
0001906.jpg,test,2.7777777777777777,0.4444444444444444,2.7777777777777777
0001908.jpg,test,2.833333333333333,0.4583333333333332,2.833333333333333
0001909.jpg,train,2.7222222222222223,0.4305555555555556,2.7222222222222223
0001911.jpg,train,3.4444444444444446,0.6111111111111112,3.4444444444444446
0001913.jpg,train,2.5,0.375,2.5
0001914.jpg,train,2.7222222222222223,0.4305555555555556,2.7222222222222223
0001915.jpg,val,2.833333333333333,0.4583333333333332,2.833333333333333
0001916.jpg,train,2.388888888888889,0.3472222222222222,2.388888888888889
0001917.jpg,test,2.333333333333333,0.3333333333333332,2.333333333333333
0001921.jpg,train,3.111111111111111,0.5277777777777778,3.111111111111111
0001922.jpg,train,3.2777777777777777,0.5694444444444444,3.2777777777777777
0001923.jpg,train,2.5,0.375,2.5
0001924.jpg,train,2.4444444444444446,0.3611111111111111,2.4444444444444446
0001925.jpg,train,3.388888888888889,0.5972222222222222,3.388888888888889
0001928.jpg,train,2.555555555555556,0.3888888888888889,2.555555555555556
0001932.jpg,train,3.1666666666666665,0.5416666666666666,3.1666666666666665
0001933.jpg,test,4.555555555555555,0.8888888888888888,4.555555555555555
0001934.jpg,train,3.1666666666666665,0.5416666666666666,3.1666666666666665
0001935.jpg,train,3.055555555555556,0.513888888888889,3.055555555555556
0001937.jpg,val,2.888888888888889,0.4722222222222222,2.888888888888889
0001938.jpg,train,3.333333333333333,0.5833333333333333,3.333333333333333
0001943.jpg,train,3.1666666666666665,0.5416666666666666,3.1666666666666665
0001944.jpg,val,3.8333333333333335,0.7083333333333334,3.8333333333333335
0001948.jpg,train,4.333333333333333,0.8333333333333333,4.333333333333333
0001949.jpg,train,2.388888888888889,0.3472222222222222,2.388888888888889
0001951.jpg,train,3.0,0.5,3.0
0001952.jpg,train,2.555555555555556,0.3888888888888889,2.555555555555556
0001954.jpg,test,2.7222222222222223,0.4305555555555556,2.7222222222222223
0001957.jpg,train,2.333333333333333,0.3333333333333332,2.333333333333333
0001959.jpg,train,3.6666666666666665,0.6666666666666666,3.6666666666666665
0001961.jpg,train,3.2777777777777777,0.5694444444444444,3.2777777777777777
0001962.jpg,train,2.611111111111111,0.4027777777777778,2.611111111111111
0001963.jpg,train,2.611111111111111,0.4027777777777778,2.611111111111111
0001965.jpg,val,3.111111111111111,0.5277777777777778,3.111111111111111
0001966.jpg,test,2.833333333333333,0.4583333333333332,2.833333333333333
0001969.jpg,val,3.611111111111111,0.6527777777777778,3.611111111111111
0001970.jpg,train,2.9444444444444446,0.4861111111111111,2.9444444444444446
0001971.jpg,train,2.7777777777777777,0.4444444444444444,2.7777777777777777
0001972.jpg,train,3.2777777777777777,0.5694444444444444,3.2777777777777777
0001977.jpg,train,3.388888888888889,0.5972222222222222,3.388888888888889
0001978.jpg,train,2.055555555555556,0.2638888888888889,2.055555555555556
0001980.jpg,train,2.611111111111111,0.4027777777777778,2.611111111111111
0001981.jpg,train,3.111111111111111,0.5277777777777778,3.111111111111111
0001984.jpg,train,3.9444444444444446,0.7361111111111112,3.9444444444444446
0001988.jpg,val,3.055555555555556,0.513888888888889,3.055555555555556
0001989.jpg,val,3.555555555555556,0.638888888888889,3.555555555555556
0001990.jpg,train,3.2777777777777777,0.5694444444444444,3.2777777777777777
0001991.jpg,train,3.611111111111111,0.6527777777777778,3.611111111111111
0001992.jpg,train,2.888888888888889,0.4722222222222222,2.888888888888889
0001994.jpg,train,3.6666666666666665,0.6666666666666666,3.6666666666666665
0001995.jpg,train,3.1666666666666665,0.5416666666666666,3.1666666666666665
0001997.jpg,val,3.7777777777777777,0.6944444444444444,3.7777777777777777
0001999.jpg,val,3.055555555555556,0.513888888888889,3.055555555555556
0002000.jpg,train,2.6666666666666665,0.4166666666666666,2.6666666666666665
0002002.jpg,train,2.555555555555556,0.3888888888888889,2.555555555555556
0002004.jpg,val,3.611111111111111,0.6527777777777778,3.611111111111111
0002005.jpg,train,3.8333333333333335,0.7083333333333334,3.8333333333333335
0002008.jpg,train,3.111111111111111,0.5277777777777778,3.111111111111111
0002010.jpg,train,3.111111111111111,0.5277777777777778,3.111111111111111
0002011.jpg,test,2.611111111111111,0.4027777777777778,2.611111111111111
0002014.jpg,val,3.555555555555556,0.638888888888889,3.555555555555556
0002019.jpg,train,3.0,0.5,3.0
0002020.jpg,train,2.888888888888889,0.4722222222222222,2.888888888888889
0002021.jpg,val,3.4444444444444446,0.6111111111111112,3.4444444444444446
0002022.jpg,train,3.5,0.625,3.5
0002023.jpg,train,4.111111111111111,0.7777777777777777,4.111111111111111
0002024.jpg,test,3.2222222222222223,0.5555555555555556,3.2222222222222223
0002026.jpg,test,3.4444444444444446,0.6111111111111112,3.4444444444444446
0002028.jpg,train,2.7777777777777777,0.4444444444444444,2.7777777777777777
0002031.jpg,train,3.555555555555556,0.638888888888889,3.555555555555556
0002032.jpg,train,3.5,0.625,3.5
0002033.jpg,train,3.888888888888889,0.7222222222222222,3.888888888888889
0002036.jpg,train,3.8333333333333335,0.7083333333333334,3.8333333333333335
0002037.jpg,test,3.0,0.5,3.0
0002039.jpg,train,3.5,0.625,3.5
0002041.jpg,test,2.7777777777777777,0.4444444444444444,2.7777777777777777
0002042.jpg,train,4.055555555555555,0.7638888888888888,4.055555555555555
0002043.jpg,test,3.7222222222222223,0.6805555555555556,3.7222222222222223
0002046.jpg,train,3.1666666666666665,0.5416666666666666,3.1666666666666665
0002048.jpg,train,3.055555555555556,0.513888888888889,3.055555555555556
0002050.jpg,train,3.333333333333333,0.5833333333333333,3.333333333333333
0002053.jpg,train,3.2222222222222223,0.5555555555555556,3.2222222222222223
0002054.jpg,train,3.6666666666666665,0.6666666666666666,3.6666666666666665
0002055.jpg,test,3.6666666666666665,0.6666666666666666,3.6666666666666665
0002056.jpg,train,3.111111111111111,0.5277777777777778,3.111111111111111
0002057.jpg,train,3.5,0.625,3.5
0002058.jpg,train,3.555555555555556,0.638888888888889,3.555555555555556
0002060.jpg,val,3.8333333333333335,0.7083333333333334,3.8333333333333335
0002061.jpg,train,3.0,0.5,3.0
0002063.jpg,train,3.611111111111111,0.6527777777777778,3.611111111111111
0002067.jpg,val,3.6666666666666665,0.6666666666666666,3.6666666666666665
0002071.jpg,train,3.9444444444444446,0.7361111111111112,3.9444444444444446
0002073.jpg,test,3.7777777777777777,0.6944444444444444,3.7777777777777777
0002074.jpg,train,3.2222222222222223,0.5555555555555556,3.2222222222222223
0002079.jpg,test,3.6666666666666665,0.6666666666666666,3.6666666666666665
0002081.jpg,train,4.111111111111111,0.7777777777777777,4.111111111111111
0002083.jpg,val,3.555555555555556,0.638888888888889,3.555555555555556
0002086.jpg,train,3.7777777777777777,0.6944444444444444,3.7777777777777777
0002087.jpg,train,3.611111111111111,0.6527777777777778,3.611111111111111
0002088.jpg,val,4.0,0.75,4.0
0002090.jpg,train,3.611111111111111,0.6527777777777778,3.611111111111111
0002097.jpg,train,3.611111111111111,0.6527777777777778,3.611111111111111
0002102.jpg,test,4.0,0.75,4.0
0002104.jpg,train,3.9444444444444446,0.7361111111111112,3.9444444444444446
0002105.jpg,train,3.8333333333333335,0.7083333333333334,3.8333333333333335
0002107.jpg,train,4.055555555555555,0.7638888888888888,4.055555555555555
0002109.jpg,train,4.0,0.75,4.0
0002111.jpg,test,3.7222222222222223,0.6805555555555556,3.7222222222222223
0002113.jpg,train,3.5,0.625,3.5
0002114.jpg,test,4.055555555555555,0.7638888888888888,4.055555555555555
0002115.jpg,train,3.611111111111111,0.6527777777777778,3.611111111111111
0002118.jpg,train,4.166666666666667,0.7916666666666667,4.166666666666667
0002119.jpg,train,3.611111111111111,0.6527777777777778,3.611111111111111
0002120.jpg,train,3.1666666666666665,0.5416666666666666,3.1666666666666665
0002121.jpg,train,2.9444444444444446,0.4861111111111111,2.9444444444444446
0002122.jpg,val,3.9444444444444446,0.7361111111111112,3.9444444444444446
0002123.jpg,train,3.8333333333333335,0.7083333333333334,3.8333333333333335
0002124.jpg,train,3.6666666666666665,0.6666666666666666,3.6666666666666665
0002125.jpg,train,3.888888888888889,0.7222222222222222,3.888888888888889
0002126.jpg,train,4.166666666666667,0.7916666666666667,4.166666666666667
0002127.jpg,train,4.166666666666667,0.7916666666666667,4.166666666666667
0002129.jpg,val,3.7222222222222223,0.6805555555555556,3.7222222222222223
0002130.jpg,test,3.6666666666666665,0.6666666666666666,3.6666666666666665
0002131.jpg,train,3.8333333333333335,0.7083333333333334,3.8333333333333335
0002132.jpg,train,3.8333333333333335,0.7083333333333334,3.8333333333333335
0002133.jpg,train,3.6666666666666665,0.6666666666666666,3.6666666666666665
0002134.jpg,train,4.111111111111111,0.7777777777777777,4.111111111111111
0002135.jpg,train,3.555555555555556,0.638888888888889,3.555555555555556
0002140.jpg,test,3.5,0.625,3.5
0002141.jpg,train,3.888888888888889,0.7222222222222222,3.888888888888889
0002143.jpg,train,3.333333333333333,0.5833333333333333,3.333333333333333
0002144.jpg,test,3.611111111111111,0.6527777777777778,3.611111111111111
0002147.jpg,val,3.8333333333333335,0.7083333333333334,3.8333333333333335
0002148.jpg,train,3.7777777777777777,0.6944444444444444,3.7777777777777777
0002151.jpg,train,4.111111111111111,0.7777777777777777,4.111111111111111
0002154.jpg,train,3.7777777777777777,0.6944444444444444,3.7777777777777777
0002155.jpg,train,3.9444444444444446,0.7361111111111112,3.9444444444444446
0002157.jpg,test,3.7777777777777777,0.6944444444444444,3.7777777777777777
0002158.jpg,train,3.888888888888889,0.7222222222222222,3.888888888888889
0002159.jpg,train,3.9444444444444446,0.7361111111111112,3.9444444444444446
0002160.jpg,train,3.2777777777777777,0.5694444444444444,3.2777777777777777
0002162.jpg,train,3.6666666666666665,0.6666666666666666,3.6666666666666665
0002163.jpg,train,3.6666666666666665,0.6666666666666666,3.6666666666666665
0002165.jpg,train,4.111111111111111,0.7777777777777777,4.111111111111111
0002168.jpg,val,3.7222222222222223,0.6805555555555556,3.7222222222222223
0002169.jpg,train,4.277777777777778,0.8194444444444444,4.277777777777778
0002171.jpg,train,3.555555555555556,0.638888888888889,3.555555555555556
0002172.jpg,train,3.6666666666666665,0.6666666666666666,3.6666666666666665
0002173.jpg,train,4.0,0.75,4.0
0002176.jpg,train,3.555555555555556,0.638888888888889,3.555555555555556
0002177.jpg,train,3.611111111111111,0.6527777777777778,3.611111111111111
0002179.jpg,test,3.7222222222222223,0.6805555555555556,3.7222222222222223
0002182.jpg,train,3.8333333333333335,0.7083333333333334,3.8333333333333335
0002183.jpg,train,4.111111111111111,0.7777777777777777,4.111111111111111
0002184.jpg,test,3.8333333333333335,0.7083333333333334,3.8333333333333335
0002186.jpg,train,3.7222222222222223,0.6805555555555556,3.7222222222222223
0002187.jpg,train,3.7222222222222223,0.6805555555555556,3.7222222222222223
0002188.jpg,train,3.1666666666666665,0.5416666666666666,3.1666666666666665
0002190.jpg,test,3.611111111111111,0.6527777777777778,3.611111111111111
0002192.jpg,train,3.7222222222222223,0.6805555555555556,3.7222222222222223
0002194.jpg,train,3.7777777777777777,0.6944444444444444,3.7777777777777777
0002195.jpg,train,3.7222222222222223,0.6805555555555556,3.7222222222222223
0002196.jpg,test,3.9444444444444446,0.7361111111111112,3.9444444444444446
0002198.jpg,train,4.0,0.75,4.0
0002199.jpg,test,3.7777777777777777,0.6944444444444444,3.7777777777777777
0002200.jpg,train,3.1666666666666665,0.5416666666666666,3.1666666666666665
0002202.jpg,train,3.7777777777777777,0.6944444444444444,3.7777777777777777
0002203.jpg,val,4.0,0.75,4.0
0002205.jpg,train,4.0,0.75,4.0
0002207.jpg,train,3.333333333333333,0.5833333333333333,3.333333333333333
0002208.jpg,val,3.1666666666666665,0.5416666666666666,3.1666666666666665
0002209.jpg,train,3.333333333333333,0.5833333333333333,3.333333333333333
0002210.jpg,train,3.5,0.625,3.5
0002213.jpg,train,3.1666666666666665,0.5416666666666666,3.1666666666666665
0002214.jpg,train,3.333333333333333,0.5833333333333333,3.333333333333333
0002221.jpg,train,3.2222222222222223,0.5555555555555556,3.2222222222222223
0002222.jpg,train,3.388888888888889,0.5972222222222222,3.388888888888889
0002223.jpg,val,3.2777777777777777,0.5694444444444444,3.2777777777777777
0002224.jpg,train,3.2222222222222223,0.5555555555555556,3.2222222222222223
0002226.jpg,train,3.2777777777777777,0.5694444444444444,3.2777777777777777
0002227.jpg,val,3.2222222222222223,0.5555555555555556,3.2222222222222223
0002229.jpg,train,4.166666666666667,0.7916666666666667,4.166666666666667
0002232.jpg,train,3.555555555555556,0.638888888888889,3.555555555555556
0002234.jpg,train,3.611111111111111,0.6527777777777778,3.611111111111111
0002236.jpg,train,3.388888888888889,0.5972222222222222,3.388888888888889
0002237.jpg,val,2.7222222222222223,0.4305555555555556,2.7222222222222223
0002239.jpg,train,3.388888888888889,0.5972222222222222,3.388888888888889
0002243.jpg,train,3.9444444444444446,0.7361111111111112,3.9444444444444446
0002244.jpg,train,3.5,0.625,3.5
0002245.jpg,train,3.555555555555556,0.638888888888889,3.555555555555556
0002246.jpg,train,3.2222222222222223,0.5555555555555556,3.2222222222222223
0002248.jpg,train,3.5,0.625,3.5
0002249.jpg,train,3.7777777777777777,0.6944444444444444,3.7777777777777777
0002250.jpg,train,3.611111111111111,0.6527777777777778,3.611111111111111
0002251.jpg,test,3.9444444444444446,0.7361111111111112,3.9444444444444446
0002252.jpg,train,3.611111111111111,0.6527777777777778,3.611111111111111
0002256.jpg,train,2.7777777777777777,0.4444444444444444,2.7777777777777777
0002257.jpg,train,3.5,0.625,3.5
0002259.jpg,train,3.5,0.625,3.5
0002261.jpg,train,3.388888888888889,0.5972222222222222,3.388888888888889
0002262.jpg,train,3.7222222222222223,0.6805555555555556,3.7222222222222223
0002264.jpg,train,3.555555555555556,0.638888888888889,3.555555555555556
0002265.jpg,test,3.388888888888889,0.5972222222222222,3.388888888888889
0002266.jpg,test,3.555555555555556,0.638888888888889,3.555555555555556
0002267.jpg,train,3.555555555555556,0.638888888888889,3.555555555555556
0002269.jpg,train,3.4444444444444446,0.6111111111111112,3.4444444444444446
0002271.jpg,test,2.9444444444444446,0.4861111111111111,2.9444444444444446
0002273.jpg,val,3.8333333333333335,0.7083333333333334,3.8333333333333335
0002274.jpg,train,3.7777777777777777,0.6944444444444444,3.7777777777777777
0002275.jpg,train,3.7222222222222223,0.6805555555555556,3.7222222222222223
0002276.jpg,test,3.7222222222222223,0.6805555555555556,3.7222222222222223
0002279.jpg,test,3.0,0.5,3.0
0002280.jpg,train,2.888888888888889,0.4722222222222222,2.888888888888889
0002281.jpg,train,2.611111111111111,0.4027777777777778,2.611111111111111
0002282.jpg,val,2.5,0.375,2.5
0002283.jpg,train,2.4444444444444446,0.3611111111111111,2.4444444444444446
0002285.jpg,test,1.7777777777777777,0.1944444444444444,1.7777777777777777
0002288.jpg,train,2.055555555555556,0.2638888888888889,2.055555555555556
0002289.jpg,train,2.611111111111111,0.4027777777777778,2.611111111111111
0002290.jpg,train,2.0,0.25,2.0
0002292.jpg,val,2.333333333333333,0.3333333333333332,2.333333333333333
0002293.jpg,train,2.111111111111111,0.2777777777777778,2.111111111111111
0002294.jpg,val,2.611111111111111,0.4027777777777778,2.611111111111111
0002295.jpg,val,2.611111111111111,0.4027777777777778,2.611111111111111
0002297.jpg,train,2.2222222222222223,0.3055555555555556,2.2222222222222223
0002298.jpg,train,2.5,0.375,2.5
0002299.jpg,val,2.333333333333333,0.3333333333333332,2.333333333333333
0002300.jpg,train,2.2777777777777777,0.3194444444444444,2.2777777777777777
0002301.jpg,train,2.2777777777777777,0.3194444444444444,2.2777777777777777
0002302.jpg,val,2.0,0.25,2.0
0002304.jpg,train,2.111111111111111,0.2777777777777778,2.111111111111111
0002305.jpg,train,2.2222222222222223,0.3055555555555556,2.2222222222222223
0002306.jpg,test,2.333333333333333,0.3333333333333332,2.333333333333333
0002307.jpg,val,2.333333333333333,0.3333333333333332,2.333333333333333
0002308.jpg,train,1.6111111111111112,0.1527777777777778,1.6111111111111112
0002309.jpg,test,1.8888888888888888,0.2222222222222222,1.8888888888888888
0002310.jpg,train,2.055555555555556,0.2638888888888889,2.055555555555556
0002311.jpg,train,2.333333333333333,0.3333333333333332,2.333333333333333
0002312.jpg,test,2.0,0.25,2.0
0002316.jpg,train,2.333333333333333,0.3333333333333332,2.333333333333333
0002318.jpg,train,1.7222222222222223,0.1805555555555555,1.7222222222222223
0002322.jpg,val,2.1666666666666665,0.2916666666666666,2.1666666666666665
0002323.jpg,train,2.2777777777777777,0.3194444444444444,2.2777777777777777
0002324.jpg,train,2.2777777777777777,0.3194444444444444,2.2777777777777777
0002327.jpg,train,2.555555555555556,0.3888888888888889,2.555555555555556
0002328.jpg,test,2.555555555555556,0.3888888888888889,2.555555555555556
0002329.jpg,train,2.1666666666666665,0.2916666666666666,2.1666666666666665
0002330.jpg,train,2.611111111111111,0.4027777777777778,2.611111111111111
0002332.jpg,train,1.8888888888888888,0.2222222222222222,1.8888888888888888
0002333.jpg,train,2.1666666666666665,0.2916666666666666,2.1666666666666665
0002334.jpg,train,2.6666666666666665,0.4166666666666666,2.6666666666666665
0002336.jpg,train,2.5,0.375,2.5
0002337.jpg,train,1.7222222222222223,0.1805555555555555,1.7222222222222223
0002338.jpg,train,1.8888888888888888,0.2222222222222222,1.8888888888888888
0002342.jpg,train,2.611111111111111,0.4027777777777778,2.611111111111111
0002343.jpg,train,2.2777777777777777,0.3194444444444444,2.2777777777777777
0002347.jpg,train,2.6666666666666665,0.4166666666666666,2.6666666666666665
0002349.jpg,train,2.7222222222222223,0.4305555555555556,2.7222222222222223
0002350.jpg,train,1.8888888888888888,0.2222222222222222,1.8888888888888888
0002352.jpg,train,2.555555555555556,0.3888888888888889,2.555555555555556
0002354.jpg,train,2.388888888888889,0.3472222222222222,2.388888888888889
0002355.jpg,train,2.333333333333333,0.3333333333333332,2.333333333333333
0002356.jpg,train,2.888888888888889,0.4722222222222222,2.888888888888889
0002358.jpg,train,2.2222222222222223,0.3055555555555556,2.2222222222222223
0002359.jpg,val,2.2777777777777777,0.3194444444444444,2.2777777777777777
0002360.jpg,train,2.055555555555556,0.2638888888888889,2.055555555555556
0002361.jpg,val,2.888888888888889,0.4722222222222222,2.888888888888889
0002362.jpg,train,2.6666666666666665,0.4166666666666666,2.6666666666666665
0002363.jpg,val,2.5,0.375,2.5
0002364.jpg,test,2.6666666666666665,0.4166666666666666,2.6666666666666665
0002365.jpg,train,3.055555555555556,0.513888888888889,3.055555555555556
0002367.jpg,train,2.611111111111111,0.4027777777777778,2.611111111111111
0002370.jpg,train,2.611111111111111,0.4027777777777778,2.611111111111111
0002371.jpg,val,2.055555555555556,0.2638888888888889,2.055555555555556
0002373.jpg,test,2.611111111111111,0.4027777777777778,2.611111111111111
0002375.jpg,test,2.055555555555556,0.2638888888888889,2.055555555555556
0002378.jpg,train,2.555555555555556,0.3888888888888889,2.555555555555556
0002379.jpg,train,2.5,0.375,2.5
0002381.jpg,test,2.4444444444444446,0.3611111111111111,2.4444444444444446
0002382.jpg,train,2.0,0.25,2.0
0002383.jpg,val,1.8333333333333333,0.2083333333333333,1.8333333333333333
0002384.jpg,train,2.388888888888889,0.3472222222222222,2.388888888888889
0002385.jpg,train,2.0,0.25,2.0
0002386.jpg,train,2.2777777777777777,0.3194444444444444,2.2777777777777777
0002389.jpg,train,2.2777777777777777,0.3194444444444444,2.2777777777777777
0002390.jpg,val,2.4444444444444446,0.3611111111111111,2.4444444444444446
0002392.jpg,train,2.055555555555556,0.2638888888888889,2.055555555555556
0002395.jpg,val,2.7777777777777777,0.4444444444444444,2.7777777777777777
0002396.jpg,test,3.0,0.5,3.0
0002398.jpg,val,2.5,0.375,2.5
0002399.jpg,test,1.8333333333333333,0.2083333333333333,1.8333333333333333
0002400.jpg,train,3.1666666666666665,0.5416666666666666,3.1666666666666665
0002403.jpg,train,2.1666666666666665,0.2916666666666666,2.1666666666666665
0002404.jpg,train,2.0,0.25,2.0
0002405.jpg,train,1.8888888888888888,0.2222222222222222,1.8888888888888888
0002406.jpg,val,2.388888888888889,0.3472222222222222,2.388888888888889
0002407.jpg,test,1.8888888888888888,0.2222222222222222,1.8888888888888888
0002408.jpg,train,2.611111111111111,0.4027777777777778,2.611111111111111
0002412.jpg,train,1.8888888888888888,0.2222222222222222,1.8888888888888888
0002414.jpg,train,3.2222222222222223,0.5555555555555556,3.2222222222222223
0002417.jpg,train,3.6666666666666665,0.6666666666666666,3.6666666666666665
0002419.jpg,test,1.9444444444444444,0.2361111111111111,1.9444444444444444
0002427.jpg,train,3.0,0.5,3.0
0002428.jpg,train,4.277777777777778,0.8194444444444444,4.277777777777778
0002429.jpg,test,1.9444444444444444,0.2361111111111111,1.9444444444444444
0002431.jpg,train,2.055555555555556,0.2638888888888889,2.055555555555556
0002432.jpg,train,3.0,0.5,3.0
0002433.jpg,train,2.4444444444444446,0.3611111111111111,2.4444444444444446
0002434.jpg,train,3.111111111111111,0.5277777777777778,3.111111111111111
0002436.jpg,val,2.555555555555556,0.3888888888888889,2.555555555555556
0002437.jpg,train,2.7222222222222223,0.4305555555555556,2.7222222222222223
0002438.jpg,train,1.9444444444444444,0.2361111111111111,1.9444444444444444
0002439.jpg,train,1.9444444444444444,0.2361111111111111,1.9444444444444444
0002440.jpg,train,3.6666666666666665,0.6666666666666666,3.6666666666666665
0002442.jpg,train,3.055555555555556,0.513888888888889,3.055555555555556
0002443.jpg,train,2.388888888888889,0.3472222222222222,2.388888888888889
0002444.jpg,val,1.8888888888888888,0.2222222222222222,1.8888888888888888
0002447.jpg,train,2.1666666666666665,0.2916666666666666,2.1666666666666665
0002448.jpg,train,2.7777777777777777,0.4444444444444444,2.7777777777777777
0002449.jpg,train,3.4444444444444446,0.6111111111111112,3.4444444444444446
0002450.jpg,train,3.1666666666666665,0.5416666666666666,3.1666666666666665
0002451.jpg,train,3.388888888888889,0.5972222222222222,3.388888888888889
0002452.jpg,train,2.2777777777777777,0.3194444444444444,2.2777777777777777
0002453.jpg,train,2.7777777777777777,0.4444444444444444,2.7777777777777777
0002454.jpg,train,3.0,0.5,3.0
0002455.jpg,test,2.833333333333333,0.4583333333333332,2.833333333333333
0002456.jpg,train,4.222222222222222,0.8055555555555556,4.222222222222222
0002457.jpg,val,3.333333333333333,0.5833333333333333,3.333333333333333
0002458.jpg,val,2.888888888888889,0.4722222222222222,2.888888888888889
0002462.jpg,train,3.111111111111111,0.5277777777777778,3.111111111111111
0002463.jpg,train,2.2222222222222223,0.3055555555555556,2.2222222222222223
0002464.jpg,train,2.2777777777777777,0.3194444444444444,2.2777777777777777
0002465.jpg,test,2.055555555555556,0.2638888888888889,2.055555555555556
0002467.jpg,train,3.7222222222222223,0.6805555555555556,3.7222222222222223
0002468.jpg,train,3.2222222222222223,0.5555555555555556,3.2222222222222223
0002469.jpg,test,3.388888888888889,0.5972222222222222,3.388888888888889
0002473.jpg,train,3.111111111111111,0.5277777777777778,3.111111111111111
0002474.jpg,train,3.111111111111111,0.5277777777777778,3.111111111111111
0002477.jpg,val,3.333333333333333,0.5833333333333333,3.333333333333333
0002478.jpg,train,2.611111111111111,0.4027777777777778,2.611111111111111
0002479.jpg,val,3.555555555555556,0.638888888888889,3.555555555555556
0002480.jpg,test,3.388888888888889,0.5972222222222222,3.388888888888889
0002481.jpg,train,2.9444444444444446,0.4861111111111111,2.9444444444444446
0002482.jpg,train,1.7222222222222223,0.1805555555555555,1.7222222222222223
0002484.jpg,train,3.8333333333333335,0.7083333333333334,3.8333333333333335
0002485.jpg,train,2.9444444444444446,0.4861111111111111,2.9444444444444446
0002486.jpg,val,2.611111111111111,0.4027777777777778,2.611111111111111
0002487.jpg,val,3.111111111111111,0.5277777777777778,3.111111111111111
0002488.jpg,train,3.5,0.625,3.5
0002490.jpg,test,2.0,0.25,2.0
0002492.jpg,val,3.333333333333333,0.5833333333333333,3.333333333333333
0002493.jpg,train,2.888888888888889,0.4722222222222222,2.888888888888889
0002494.jpg,test,3.055555555555556,0.513888888888889,3.055555555555556
0002495.jpg,train,3.5,0.625,3.5
0002497.jpg,train,1.7222222222222223,0.1805555555555555,1.7222222222222223
0002498.jpg,val,2.4444444444444446,0.3611111111111111,2.4444444444444446
0002499.jpg,val,2.055555555555556,0.2638888888888889,2.055555555555556
0002500.jpg,train,2.5,0.375,2.5
0002503.jpg,train,2.333333333333333,0.3333333333333332,2.333333333333333
0002504.jpg,train,3.111111111111111,0.5277777777777778,3.111111111111111
0002507.jpg,test,3.0,0.5,3.0
0002510.jpg,val,3.055555555555556,0.513888888888889,3.055555555555556
0002511.jpg,val,3.0,0.5,3.0
0002512.jpg,train,2.833333333333333,0.4583333333333332,2.833333333333333
0002513.jpg,val,2.888888888888889,0.4722222222222222,2.888888888888889
0002515.jpg,train,3.2222222222222223,0.5555555555555556,3.2222222222222223
0002516.jpg,train,3.0,0.5,3.0
0002518.jpg,test,3.111111111111111,0.5277777777777778,3.111111111111111
0002520.jpg,test,4.0,0.75,4.0
0002521.jpg,val,1.7777777777777777,0.1944444444444444,1.7777777777777777
0002523.jpg,train,2.6666666666666665,0.4166666666666666,2.6666666666666665
0002524.jpg,train,3.1666666666666665,0.5416666666666666,3.1666666666666665
0002525.jpg,train,2.888888888888889,0.4722222222222222,2.888888888888889
0002527.jpg,train,2.7222222222222223,0.4305555555555556,2.7222222222222223
0002530.jpg,train,3.6666666666666665,0.6666666666666666,3.6666666666666665
0002531.jpg,val,3.055555555555556,0.513888888888889,3.055555555555556
0002533.jpg,train,2.9444444444444446,0.4861111111111111,2.9444444444444446
0002534.jpg,train,3.5,0.625,3.5
0002535.jpg,train,3.4444444444444446,0.6111111111111112,3.4444444444444446
0002536.jpg,train,3.2777777777777777,0.5694444444444444,3.2777777777777777
0002537.jpg,train,3.055555555555556,0.513888888888889,3.055555555555556
0002538.jpg,train,2.888888888888889,0.4722222222222222,2.888888888888889
0002540.jpg,train,3.6666666666666665,0.6666666666666666,3.6666666666666665
0002541.jpg,train,3.2222222222222223,0.5555555555555556,3.2222222222222223
0002544.jpg,train,3.7777777777777777,0.6944444444444444,3.7777777777777777
0002545.jpg,train,3.111111111111111,0.5277777777777778,3.111111111111111
0002546.jpg,train,3.2777777777777777,0.5694444444444444,3.2777777777777777
0002547.jpg,train,3.0,0.5,3.0
0002548.jpg,train,3.555555555555556,0.638888888888889,3.555555555555556
0002550.jpg,train,2.6666666666666665,0.4166666666666666,2.6666666666666665
0002551.jpg,train,2.7777777777777777,0.4444444444444444,2.7777777777777777
0002555.jpg,train,3.5,0.625,3.5
0002556.jpg,train,3.111111111111111,0.5277777777777778,3.111111111111111
0002560.jpg,train,3.8333333333333335,0.7083333333333334,3.8333333333333335
0002561.jpg,val,3.7222222222222223,0.6805555555555556,3.7222222222222223
0002563.jpg,train,3.2777777777777777,0.5694444444444444,3.2777777777777777
0002564.jpg,train,2.7777777777777777,0.4444444444444444,2.7777777777777777
0002566.jpg,test,2.888888888888889,0.4722222222222222,2.888888888888889
0002569.jpg,val,3.111111111111111,0.5277777777777778,3.111111111111111
0002570.jpg,train,3.6666666666666665,0.6666666666666666,3.6666666666666665
0002573.jpg,test,2.7222222222222223,0.4305555555555556,2.7222222222222223
0002574.jpg,train,3.5,0.625,3.5
0002577.jpg,val,3.8333333333333335,0.7083333333333334,3.8333333333333335
0002578.jpg,train,3.333333333333333,0.5833333333333333,3.333333333333333
0002579.jpg,train,2.5,0.375,2.5
0002581.jpg,test,4.055555555555555,0.7638888888888888,4.055555555555555
0002583.jpg,train,3.611111111111111,0.6527777777777778,3.611111111111111
0002584.jpg,train,3.6666666666666665,0.6666666666666666,3.6666666666666665
0002585.jpg,train,2.7222222222222223,0.4305555555555556,2.7222222222222223
0002587.jpg,train,3.888888888888889,0.7222222222222222,3.888888888888889
0002588.jpg,test,3.7222222222222223,0.6805555555555556,3.7222222222222223
0002590.jpg,train,3.555555555555556,0.638888888888889,3.555555555555556
0002592.jpg,train,3.555555555555556,0.638888888888889,3.555555555555556
0002593.jpg,train,3.111111111111111,0.5277777777777778,3.111111111111111
0002595.jpg,test,3.7777777777777777,0.6944444444444444,3.7777777777777777
0002600.jpg,test,1.9444444444444444,0.2361111111111111,1.9444444444444444
0002602.jpg,val,2.0,0.25,2.0
0002605.jpg,train,3.4444444444444446,0.6111111111111112,3.4444444444444446
0002608.jpg,train,3.6666666666666665,0.6666666666666666,3.6666666666666665
0002609.jpg,val,3.8333333333333335,0.7083333333333334,3.8333333333333335
0002612.jpg,val,2.111111111111111,0.2777777777777778,2.111111111111111
0002613.jpg,val,3.888888888888889,0.7222222222222222,3.888888888888889
0002615.jpg,test,3.9444444444444446,0.7361111111111112,3.9444444444444446
0002616.jpg,train,3.2222222222222223,0.5555555555555556,3.2222222222222223
0002617.jpg,train,2.9444444444444446,0.4861111111111111,2.9444444444444446
0002618.jpg,train,3.1666666666666665,0.5416666666666666,3.1666666666666665
0002619.jpg,train,3.7222222222222223,0.6805555555555556,3.7222222222222223
0002620.jpg,train,4.055555555555555,0.7638888888888888,4.055555555555555
0002621.jpg,val,3.8333333333333335,0.7083333333333334,3.8333333333333335
0002623.jpg,train,3.055555555555556,0.513888888888889,3.055555555555556
0002624.jpg,train,3.7777777777777777,0.6944444444444444,3.7777777777777777
0002625.jpg,train,2.833333333333333,0.4583333333333332,2.833333333333333
0002626.jpg,test,3.1666666666666665,0.5416666666666666,3.1666666666666665
0002628.jpg,train,3.5,0.625,3.5
0002629.jpg,train,3.7777777777777777,0.6944444444444444,3.7777777777777777
0002631.jpg,test,3.8333333333333335,0.7083333333333334,3.8333333333333335
0002632.jpg,test,3.9444444444444446,0.7361111111111112,3.9444444444444446
0002633.jpg,train,2.7222222222222223,0.4305555555555556,2.7222222222222223
0002635.jpg,train,3.111111111111111,0.5277777777777778,3.111111111111111
0002639.jpg,test,3.611111111111111,0.6527777777777778,3.611111111111111
0002640.jpg,train,3.8333333333333335,0.7083333333333334,3.8333333333333335
0002643.jpg,val,2.9444444444444446,0.4861111111111111,2.9444444444444446
0002644.jpg,train,2.6666666666666665,0.4166666666666666,2.6666666666666665
0002646.jpg,train,3.888888888888889,0.7222222222222222,3.888888888888889
0002647.jpg,val,3.333333333333333,0.5833333333333333,3.333333333333333
0002648.jpg,train,3.7777777777777777,0.6944444444444444,3.7777777777777777
0002649.jpg,val,4.0,0.75,4.0
0002653.jpg,val,4.0,0.75,4.0
0002654.jpg,test,3.388888888888889,0.5972222222222222,3.388888888888889
0002657.jpg,val,3.555555555555556,0.638888888888889,3.555555555555556
0002658.jpg,train,3.7222222222222223,0.6805555555555556,3.7222222222222223
0002663.jpg,test,4.0,0.75,4.0
0002664.jpg,val,3.1666666666666665,0.5416666666666666,3.1666666666666665
0002667.jpg,train,3.7777777777777777,0.6944444444444444,3.7777777777777777
0002668.jpg,train,4.055555555555555,0.7638888888888888,4.055555555555555
0002671.jpg,train,3.055555555555556,0.513888888888889,3.055555555555556
0002675.jpg,test,3.611111111111111,0.6527777777777778,3.611111111111111
0002680.jpg,val,3.111111111111111,0.5277777777777778,3.111111111111111
0002683.jpg,val,3.8333333333333335,0.7083333333333334,3.8333333333333335
0002684.jpg,train,3.7222222222222223,0.6805555555555556,3.7222222222222223
0002685.jpg,train,3.611111111111111,0.6527777777777778,3.611111111111111
0002688.jpg,val,3.611111111111111,0.6527777777777778,3.611111111111111
0002690.jpg,train,3.555555555555556,0.638888888888889,3.555555555555556
0002694.jpg,train,4.055555555555555,0.7638888888888888,4.055555555555555
0002695.jpg,train,3.8333333333333335,0.7083333333333334,3.8333333333333335
0002700.jpg,train,3.888888888888889,0.7222222222222222,3.888888888888889
0002701.jpg,train,4.055555555555555,0.7638888888888888,4.055555555555555
0002703.jpg,train,3.8333333333333335,0.7083333333333334,3.8333333333333335
0002704.jpg,train,4.0,0.75,4.0
0002710.jpg,train,3.611111111111111,0.6527777777777778,3.611111111111111
0002711.jpg,test,3.7222222222222223,0.6805555555555556,3.7222222222222223
0002713.jpg,train,3.7222222222222223,0.6805555555555556,3.7222222222222223
0002715.jpg,train,3.5,0.625,3.5
0002716.jpg,train,3.0,0.5,3.0
0002718.jpg,val,3.611111111111111,0.6527777777777778,3.611111111111111
0002720.jpg,test,3.4444444444444446,0.6111111111111112,3.4444444444444446
0002722.jpg,train,3.111111111111111,0.5277777777777778,3.111111111111111
0002724.jpg,test,3.611111111111111,0.6527777777777778,3.611111111111111
0002725.jpg,train,3.7777777777777777,0.6944444444444444,3.7777777777777777
0002728.jpg,train,3.555555555555556,0.638888888888889,3.555555555555556
0002729.jpg,test,3.7777777777777777,0.6944444444444444,3.7777777777777777
0002730.jpg,val,3.7222222222222223,0.6805555555555556,3.7222222222222223
0002731.jpg,train,3.7777777777777777,0.6944444444444444,3.7777777777777777
0002732.jpg,test,3.7777777777777777,0.6944444444444444,3.7777777777777777
0002734.jpg,val,3.7222222222222223,0.6805555555555556,3.7222222222222223
0002740.jpg,train,3.7777777777777777,0.6944444444444444,3.7777777777777777
0002742.jpg,train,3.7222222222222223,0.6805555555555556,3.7222222222222223
0002744.jpg,train,4.111111111111111,0.7777777777777777,4.111111111111111
0002745.jpg,val,3.7777777777777777,0.6944444444444444,3.7777777777777777
0002746.jpg,train,3.9444444444444446,0.7361111111111112,3.9444444444444446
0002747.jpg,train,4.111111111111111,0.7777777777777777,4.111111111111111
0002748.jpg,train,3.611111111111111,0.6527777777777778,3.611111111111111
0002749.jpg,train,3.8333333333333335,0.7083333333333334,3.8333333333333335
0002750.jpg,train,3.4444444444444446,0.6111111111111112,3.4444444444444446
0002751.jpg,train,3.611111111111111,0.6527777777777778,3.611111111111111
0002753.jpg,train,3.555555555555556,0.638888888888889,3.555555555555556
0002754.jpg,train,3.2222222222222223,0.5555555555555556,3.2222222222222223
0002756.jpg,train,3.8333333333333335,0.7083333333333334,3.8333333333333335
0002758.jpg,test,3.7777777777777777,0.6944444444444444,3.7777777777777777
0002762.jpg,val,3.7222222222222223,0.6805555555555556,3.7222222222222223
0002763.jpg,train,3.388888888888889,0.5972222222222222,3.388888888888889
0002764.jpg,val,4.166666666666667,0.7916666666666667,4.166666666666667
0002765.jpg,train,3.611111111111111,0.6527777777777778,3.611111111111111
0002769.jpg,test,3.5,0.625,3.5
0002770.jpg,val,3.388888888888889,0.5972222222222222,3.388888888888889
0002771.jpg,train,3.6666666666666665,0.6666666666666666,3.6666666666666665
0002772.jpg,train,3.2222222222222223,0.5555555555555556,3.2222222222222223
0002775.jpg,train,4.0,0.75,4.0
0002777.jpg,train,3.611111111111111,0.6527777777777778,3.611111111111111
0002778.jpg,val,3.8333333333333335,0.7083333333333334,3.8333333333333335
0002779.jpg,train,3.5,0.625,3.5
0002780.jpg,train,3.5,0.625,3.5
0002781.jpg,train,3.6666666666666665,0.6666666666666666,3.6666666666666665
0002783.jpg,train,4.055555555555555,0.7638888888888888,4.055555555555555
0002785.jpg,test,4.166666666666667,0.7916666666666667,4.166666666666667
0002786.jpg,val,3.7222222222222223,0.6805555555555556,3.7222222222222223
0002787.jpg,train,3.611111111111111,0.6527777777777778,3.611111111111111
0002788.jpg,train,3.6666666666666665,0.6666666666666666,3.6666666666666665
0002789.jpg,train,3.6666666666666665,0.6666666666666666,3.6666666666666665
0002791.jpg,train,3.611111111111111,0.6527777777777778,3.611111111111111
0002795.jpg,train,3.7777777777777777,0.6944444444444444,3.7777777777777777
0002796.jpg,test,3.555555555555556,0.638888888888889,3.555555555555556
0002798.jpg,train,3.555555555555556,0.638888888888889,3.555555555555556
0002799.jpg,train,4.0,0.75,4.0
0002801.jpg,train,3.7777777777777777,0.6944444444444444,3.7777777777777777
0002802.jpg,test,3.6666666666666665,0.6666666666666666,3.6666666666666665
0002803.jpg,train,3.8333333333333335,0.7083333333333334,3.8333333333333335
0002804.jpg,train,3.6666666666666665,0.6666666666666666,3.6666666666666665
0002805.jpg,train,3.611111111111111,0.6527777777777778,3.611111111111111
0002806.jpg,test,3.2222222222222223,0.5555555555555556,3.2222222222222223
0002807.jpg,train,3.0,0.5,3.0
0002808.jpg,test,2.7777777777777777,0.4444444444444444,2.7777777777777777
0002809.jpg,train,1.8333333333333333,0.2083333333333333,1.8333333333333333
0002810.jpg,train,2.2222222222222223,0.3055555555555556,2.2222222222222223
0002811.jpg,val,2.1666666666666665,0.2916666666666666,2.1666666666666665
0002812.jpg,train,2.833333333333333,0.4583333333333332,2.833333333333333
0002814.jpg,test,2.6666666666666665,0.4166666666666666,2.6666666666666665
0002817.jpg,val,2.0,0.25,2.0
0002820.jpg,train,2.611111111111111,0.4027777777777778,2.611111111111111
0002824.jpg,train,2.611111111111111,0.4027777777777778,2.611111111111111
0002825.jpg,train,2.611111111111111,0.4027777777777778,2.611111111111111
0002826.jpg,val,2.4444444444444446,0.3611111111111111,2.4444444444444446
0002829.jpg,train,2.5,0.375,2.5
0002831.jpg,train,2.4444444444444446,0.3611111111111111,2.4444444444444446
0002833.jpg,train,2.7222222222222223,0.4305555555555556,2.7222222222222223
0002834.jpg,train,2.2777777777777777,0.3194444444444444,2.2777777777777777
0002835.jpg,train,1.5555555555555556,0.1388888888888889,1.5555555555555556
0002837.jpg,train,2.9444444444444446,0.4861111111111111,2.9444444444444446
0002838.jpg,train,2.833333333333333,0.4583333333333332,2.833333333333333
0002841.jpg,train,2.4444444444444446,0.3611111111111111,2.4444444444444446
0002845.jpg,train,2.6666666666666665,0.4166666666666666,2.6666666666666665
0002847.jpg,train,2.1666666666666665,0.2916666666666666,2.1666666666666665
0002848.jpg,train,2.6666666666666665,0.4166666666666666,2.6666666666666665
0002852.jpg,train,2.611111111111111,0.4027777777777778,2.611111111111111
0002853.jpg,train,3.2222222222222223,0.5555555555555556,3.2222222222222223
0002856.jpg,train,2.555555555555556,0.3888888888888889,2.555555555555556
0002858.jpg,val,2.888888888888889,0.4722222222222222,2.888888888888889
0002859.jpg,test,2.7777777777777777,0.4444444444444444,2.7777777777777777
0002860.jpg,val,2.9444444444444446,0.4861111111111111,2.9444444444444446
0002861.jpg,train,2.388888888888889,0.3472222222222222,2.388888888888889
0002862.jpg,test,2.333333333333333,0.3333333333333332,2.333333333333333
0002863.jpg,train,2.555555555555556,0.3888888888888889,2.555555555555556
0002865.jpg,train,2.6666666666666665,0.4166666666666666,2.6666666666666665
0002869.jpg,train,2.5,0.375,2.5
0002872.jpg,val,2.5,0.375,2.5
0002873.jpg,train,3.2222222222222223,0.5555555555555556,3.2222222222222223
0002875.jpg,test,2.833333333333333,0.4583333333333332,2.833333333333333
0002877.jpg,train,2.7222222222222223,0.4305555555555556,2.7222222222222223
0002881.jpg,train,2.9444444444444446,0.4861111111111111,2.9444444444444446
0002882.jpg,train,2.055555555555556,0.2638888888888889,2.055555555555556
0002883.jpg,val,3.2222222222222223,0.5555555555555556,3.2222222222222223
0002887.jpg,train,2.2222222222222223,0.3055555555555556,2.2222222222222223
0002889.jpg,train,2.333333333333333,0.3333333333333332,2.333333333333333
0002890.jpg,train,1.8888888888888888,0.2222222222222222,1.8888888888888888
0002891.jpg,test,2.5,0.375,2.5
0002892.jpg,train,2.7222222222222223,0.4305555555555556,2.7222222222222223
0002894.jpg,train,2.555555555555556,0.3888888888888889,2.555555555555556
0002897.jpg,train,2.2777777777777777,0.3194444444444444,2.2777777777777777
0002899.jpg,test,2.833333333333333,0.4583333333333332,2.833333333333333
0002904.jpg,train,2.388888888888889,0.3472222222222222,2.388888888888889
0002906.jpg,val,2.5,0.375,2.5
0002907.jpg,val,2.555555555555556,0.3888888888888889,2.555555555555556
0002908.jpg,test,3.1666666666666665,0.5416666666666666,3.1666666666666665
0002910.jpg,train,2.2222222222222223,0.3055555555555556,2.2222222222222223
0002912.jpg,train,2.7777777777777777,0.4444444444444444,2.7777777777777777
0002917.jpg,train,2.9444444444444446,0.4861111111111111,2.9444444444444446
0002922.jpg,train,2.611111111111111,0.4027777777777778,2.611111111111111
0002923.jpg,train,2.5,0.375,2.5
0002925.jpg,val,3.111111111111111,0.5277777777777778,3.111111111111111
0002928.jpg,train,2.111111111111111,0.2777777777777778,2.111111111111111
0002929.jpg,val,2.9444444444444446,0.4861111111111111,2.9444444444444446
0002930.jpg,train,3.1666666666666665,0.5416666666666666,3.1666666666666665
0002931.jpg,train,2.7777777777777777,0.4444444444444444,2.7777777777777777
0002933.jpg,train,2.388888888888889,0.3472222222222222,2.388888888888889
0002934.jpg,train,2.2777777777777777,0.3194444444444444,2.2777777777777777
0002938.jpg,val,3.611111111111111,0.6527777777777778,3.611111111111111
0002941.jpg,train,2.111111111111111,0.2777777777777778,2.111111111111111
0002942.jpg,train,1.9444444444444444,0.2361111111111111,1.9444444444444444
0002948.jpg,train,3.2222222222222223,0.5555555555555556,3.2222222222222223
0002951.jpg,train,3.2777777777777777,0.5694444444444444,3.2777777777777777
0002953.jpg,val,3.2222222222222223,0.5555555555555556,3.2222222222222223
0002955.jpg,train,2.555555555555556,0.3888888888888889,2.555555555555556
0002957.jpg,train,2.333333333333333,0.3333333333333332,2.333333333333333
0002958.jpg,train,2.9444444444444446,0.4861111111111111,2.9444444444444446
0002961.jpg,test,3.333333333333333,0.5833333333333333,3.333333333333333
0002962.jpg,train,2.833333333333333,0.4583333333333332,2.833333333333333
0002968.jpg,train,2.611111111111111,0.4027777777777778,2.611111111111111
0002969.jpg,train,2.833333333333333,0.4583333333333332,2.833333333333333
0002970.jpg,train,3.1666666666666665,0.5416666666666666,3.1666666666666665
0002972.jpg,val,3.055555555555556,0.513888888888889,3.055555555555556
0002974.jpg,train,1.7777777777777777,0.1944444444444444,1.7777777777777777
0002978.jpg,train,3.333333333333333,0.5833333333333333,3.333333333333333
0002980.jpg,train,2.7777777777777777,0.4444444444444444,2.7777777777777777
0002981.jpg,train,2.6666666666666665,0.4166666666666666,2.6666666666666665
0002982.jpg,train,3.5,0.625,3.5
0002983.jpg,train,3.555555555555556,0.638888888888889,3.555555555555556
0002985.jpg,train,2.6666666666666665,0.4166666666666666,2.6666666666666665
0002986.jpg,test,2.7222222222222223,0.4305555555555556,2.7222222222222223
0002987.jpg,train,2.7777777777777777,0.4444444444444444,2.7777777777777777
0002990.jpg,train,2.388888888888889,0.3472222222222222,2.388888888888889
0002992.jpg,train,3.388888888888889,0.5972222222222222,3.388888888888889
0002993.jpg,val,3.555555555555556,0.638888888888889,3.555555555555556
0002996.jpg,train,2.9444444444444446,0.4861111111111111,2.9444444444444446
0002997.jpg,train,3.1666666666666665,0.5416666666666666,3.1666666666666665
0002998.jpg,val,3.333333333333333,0.5833333333333333,3.333333333333333
0002999.jpg,train,3.0,0.5,3.0
0003000.jpg,train,3.0,0.5,3.0
0003002.jpg,train,3.6666666666666665,0.6666666666666666,3.6666666666666665
0003003.jpg,train,3.7222222222222223,0.6805555555555556,3.7222222222222223
0003004.jpg,train,3.333333333333333,0.5833333333333333,3.333333333333333
0003005.jpg,val,3.2222222222222223,0.5555555555555556,3.2222222222222223
0003006.jpg,train,3.111111111111111,0.5277777777777778,3.111111111111111
0003007.jpg,test,2.611111111111111,0.4027777777777778,2.611111111111111
0003008.jpg,train,2.2777777777777777,0.3194444444444444,2.2777777777777777
0003009.jpg,train,4.555555555555555,0.8888888888888888,4.555555555555555
0003011.jpg,train,1.6111111111111112,0.1527777777777778,1.6111111111111112
0003014.jpg,test,2.7777777777777777,0.4444444444444444,2.7777777777777777
0003015.jpg,train,2.555555555555556,0.3888888888888889,2.555555555555556
0003016.jpg,val,2.7222222222222223,0.4305555555555556,2.7222222222222223
0003019.jpg,train,3.6666666666666665,0.6666666666666666,3.6666666666666665
0003021.jpg,test,2.9444444444444446,0.4861111111111111,2.9444444444444446
0003022.jpg,test,3.0,0.5,3.0
0003024.jpg,train,2.4444444444444446,0.3611111111111111,2.4444444444444446
0003028.jpg,test,2.555555555555556,0.3888888888888889,2.555555555555556
0003029.jpg,train,2.888888888888889,0.4722222222222222,2.888888888888889
0003030.jpg,train,2.888888888888889,0.4722222222222222,2.888888888888889
0003031.jpg,train,2.833333333333333,0.4583333333333332,2.833333333333333
0003032.jpg,train,2.9444444444444446,0.4861111111111111,2.9444444444444446
0003033.jpg,train,3.2777777777777777,0.5694444444444444,3.2777777777777777
0003037.jpg,train,3.1666666666666665,0.5416666666666666,3.1666666666666665
0003039.jpg,train,2.7777777777777777,0.4444444444444444,2.7777777777777777
0003040.jpg,train,4.333333333333333,0.8333333333333333,4.333333333333333
0003042.jpg,train,3.5,0.625,3.5
0003044.jpg,train,2.611111111111111,0.4027777777777778,2.611111111111111
0003046.jpg,val,2.9444444444444446,0.4861111111111111,2.9444444444444446
0003047.jpg,train,1.8333333333333333,0.2083333333333333,1.8333333333333333
0003048.jpg,val,3.611111111111111,0.6527777777777778,3.611111111111111
0003049.jpg,train,2.055555555555556,0.2638888888888889,2.055555555555556
0003050.jpg,train,3.4444444444444446,0.6111111111111112,3.4444444444444446
0003051.jpg,train,3.111111111111111,0.5277777777777778,3.111111111111111
0003053.jpg,train,3.1666666666666665,0.5416666666666666,3.1666666666666665
0003054.jpg,train,3.7222222222222223,0.6805555555555556,3.7222222222222223
0003055.jpg,train,3.0,0.5,3.0
0003056.jpg,train,3.8333333333333335,0.7083333333333334,3.8333333333333335
0003057.jpg,train,3.055555555555556,0.513888888888889,3.055555555555556
0003058.jpg,train,4.0,0.75,4.0
0003060.jpg,val,2.888888888888889,0.4722222222222222,2.888888888888889
0003061.jpg,train,3.2222222222222223,0.5555555555555556,3.2222222222222223
0003062.jpg,train,2.2222222222222223,0.3055555555555556,2.2222222222222223
0003065.jpg,train,2.611111111111111,0.4027777777777778,2.611111111111111
0003066.jpg,test,4.444444444444445,0.8611111111111112,4.444444444444445
0003067.jpg,train,2.5,0.375,2.5
0003068.jpg,train,3.5,0.625,3.5
0003069.jpg,train,2.833333333333333,0.4583333333333332,2.833333333333333
0003070.jpg,train,2.833333333333333,0.4583333333333332,2.833333333333333
0003074.jpg,train,3.611111111111111,0.6527777777777778,3.611111111111111
0003075.jpg,train,2.7777777777777777,0.4444444444444444,2.7777777777777777
0003076.jpg,train,2.388888888888889,0.3472222222222222,2.388888888888889
0003077.jpg,train,3.2777777777777777,0.5694444444444444,3.2777777777777777
0003078.jpg,train,3.6666666666666665,0.6666666666666666,3.6666666666666665
0003079.jpg,test,2.6666666666666665,0.4166666666666666,2.6666666666666665
0003080.jpg,train,3.2222222222222223,0.5555555555555556,3.2222222222222223
0003081.jpg,train,3.6666666666666665,0.6666666666666666,3.6666666666666665
0003082.jpg,train,2.6666666666666665,0.4166666666666666,2.6666666666666665
0003083.jpg,train,2.555555555555556,0.3888888888888889,2.555555555555556
0003085.jpg,train,2.2777777777777777,0.3194444444444444,2.2777777777777777
0003086.jpg,train,3.0,0.5,3.0
0003090.jpg,train,2.6666666666666665,0.4166666666666666,2.6666666666666665
0003095.jpg,train,3.055555555555556,0.513888888888889,3.055555555555556
0003096.jpg,test,3.0,0.5,3.0
0003097.jpg,val,2.888888888888889,0.4722222222222222,2.888888888888889
0003099.jpg,val,3.0,0.5,3.0
0003100.jpg,train,2.555555555555556,0.3888888888888889,2.555555555555556
0003102.jpg,train,4.0,0.75,4.0
0003103.jpg,test,2.9444444444444446,0.4861111111111111,2.9444444444444446
0003104.jpg,val,4.0,0.75,4.0
0003105.jpg,train,3.333333333333333,0.5833333333333333,3.333333333333333
0003108.jpg,train,3.2777777777777777,0.5694444444444444,3.2777777777777777
0003111.jpg,test,3.888888888888889,0.7222222222222222,3.888888888888889
0003112.jpg,val,3.9444444444444446,0.7361111111111112,3.9444444444444446
0003113.jpg,val,3.2222222222222223,0.5555555555555556,3.2222222222222223
0003115.jpg,test,3.7222222222222223,0.6805555555555556,3.7222222222222223
0003117.jpg,test,3.6666666666666665,0.6666666666666666,3.6666666666666665
0003119.jpg,val,3.555555555555556,0.638888888888889,3.555555555555556
0003120.jpg,train,3.7222222222222223,0.6805555555555556,3.7222222222222223
0003121.jpg,test,3.2222222222222223,0.5555555555555556,3.2222222222222223
0003122.jpg,val,3.4444444444444446,0.6111111111111112,3.4444444444444446
0003123.jpg,train,3.111111111111111,0.5277777777777778,3.111111111111111
0003127.jpg,train,2.888888888888889,0.4722222222222222,2.888888888888889
0003129.jpg,train,3.7222222222222223,0.6805555555555556,3.7222222222222223
0003130.jpg,train,3.7777777777777777,0.6944444444444444,3.7777777777777777
0003133.jpg,train,3.888888888888889,0.7222222222222222,3.888888888888889
0003136.jpg,train,3.4444444444444446,0.6111111111111112,3.4444444444444446
0003137.jpg,train,3.9444444444444446,0.7361111111111112,3.9444444444444446
0003138.jpg,train,3.888888888888889,0.7222222222222222,3.888888888888889
0003139.jpg,val,3.111111111111111,0.5277777777777778,3.111111111111111
0003143.jpg,train,3.555555555555556,0.638888888888889,3.555555555555556
0003145.jpg,train,3.9444444444444446,0.7361111111111112,3.9444444444444446
0003146.jpg,train,2.7777777777777777,0.4444444444444444,2.7777777777777777
0003147.jpg,train,2.9444444444444446,0.4861111111111111,2.9444444444444446
0003152.jpg,train,3.9444444444444446,0.7361111111111112,3.9444444444444446
0003154.jpg,train,1.4444444444444444,0.1111111111111111,1.4444444444444444
0003159.jpg,train,3.8333333333333335,0.7083333333333334,3.8333333333333335
0003160.jpg,train,3.611111111111111,0.6527777777777778,3.611111111111111
0003162.jpg,test,3.6666666666666665,0.6666666666666666,3.6666666666666665
0003163.jpg,train,3.8333333333333335,0.7083333333333334,3.8333333333333335
0003164.jpg,test,3.611111111111111,0.6527777777777778,3.611111111111111
0003165.jpg,test,3.8333333333333335,0.7083333333333334,3.8333333333333335
0003167.jpg,train,3.6666666666666665,0.6666666666666666,3.6666666666666665
0003172.jpg,train,3.7222222222222223,0.6805555555555556,3.7222222222222223
0003173.jpg,test,2.7777777777777777,0.4444444444444444,2.7777777777777777
0003174.jpg,train,2.7222222222222223,0.4305555555555556,2.7222222222222223
0003175.jpg,train,3.333333333333333,0.5833333333333333,3.333333333333333
0003177.jpg,test,3.5,0.625,3.5
0003179.jpg,train,2.9444444444444446,0.4861111111111111,2.9444444444444446
0003181.jpg,train,3.7777777777777777,0.6944444444444444,3.7777777777777777
0003182.jpg,train,3.9444444444444446,0.7361111111111112,3.9444444444444446
0003183.jpg,train,3.555555555555556,0.638888888888889,3.555555555555556
0003185.jpg,train,2.7777777777777777,0.4444444444444444,2.7777777777777777
0003186.jpg,train,3.555555555555556,0.638888888888889,3.555555555555556
0003188.jpg,train,4.055555555555555,0.7638888888888888,4.055555555555555
0003190.jpg,train,3.888888888888889,0.7222222222222222,3.888888888888889
0003191.jpg,test,3.9444444444444446,0.7361111111111112,3.9444444444444446
0003193.jpg,test,3.6666666666666665,0.6666666666666666,3.6666666666666665
0003194.jpg,test,3.611111111111111,0.6527777777777778,3.611111111111111
0003195.jpg,train,4.0,0.75,4.0
0003196.jpg,train,3.7222222222222223,0.6805555555555556,3.7222222222222223
0003198.jpg,train,3.8333333333333335,0.7083333333333334,3.8333333333333335
0003200.jpg,train,3.9444444444444446,0.7361111111111112,3.9444444444444446
0003201.jpg,train,3.7222222222222223,0.6805555555555556,3.7222222222222223
0003203.jpg,train,3.111111111111111,0.5277777777777778,3.111111111111111
0003204.jpg,val,3.888888888888889,0.7222222222222222,3.888888888888889
0003207.jpg,train,2.7777777777777777,0.4444444444444444,2.7777777777777777
0003209.jpg,test,3.9444444444444446,0.7361111111111112,3.9444444444444446
0003211.jpg,train,3.8333333333333335,0.7083333333333334,3.8333333333333335
0003214.jpg,val,3.388888888888889,0.5972222222222222,3.388888888888889
0003215.jpg,val,3.7777777777777777,0.6944444444444444,3.7777777777777777
0003220.jpg,train,3.111111111111111,0.5277777777777778,3.111111111111111
0003221.jpg,val,3.9444444444444446,0.7361111111111112,3.9444444444444446
0003222.jpg,train,4.055555555555555,0.7638888888888888,4.055555555555555
0003224.jpg,train,3.333333333333333,0.5833333333333333,3.333333333333333
0003228.jpg,train,3.4444444444444446,0.6111111111111112,3.4444444444444446
0003229.jpg,test,2.9444444444444446,0.4861111111111111,2.9444444444444446
0003232.jpg,val,4.0,0.75,4.0
0003234.jpg,val,3.888888888888889,0.7222222222222222,3.888888888888889
0003235.jpg,val,3.8333333333333335,0.7083333333333334,3.8333333333333335
0003237.jpg,train,3.4444444444444446,0.6111111111111112,3.4444444444444446
0003238.jpg,val,3.888888888888889,0.7222222222222222,3.888888888888889
0003239.jpg,train,3.611111111111111,0.6527777777777778,3.611111111111111
0003240.jpg,train,3.388888888888889,0.5972222222222222,3.388888888888889
0003242.jpg,test,3.1666666666666665,0.5416666666666666,3.1666666666666665
0003243.jpg,train,3.611111111111111,0.6527777777777778,3.611111111111111
0003244.jpg,train,3.555555555555556,0.638888888888889,3.555555555555556
0003247.jpg,train,3.888888888888889,0.7222222222222222,3.888888888888889
0003248.jpg,train,3.611111111111111,0.6527777777777778,3.611111111111111
0003250.jpg,test,3.7777777777777777,0.6944444444444444,3.7777777777777777
0003251.jpg,train,3.388888888888889,0.5972222222222222,3.388888888888889
0003253.jpg,train,3.7777777777777777,0.6944444444444444,3.7777777777777777
0003254.jpg,train,3.7777777777777777,0.6944444444444444,3.7777777777777777
0003255.jpg,val,3.888888888888889,0.7222222222222222,3.888888888888889
0003256.jpg,train,3.611111111111111,0.6527777777777778,3.611111111111111
0003257.jpg,train,3.4444444444444446,0.6111111111111112,3.4444444444444446
0003260.jpg,train,3.7777777777777777,0.6944444444444444,3.7777777777777777
0003261.jpg,train,3.7222222222222223,0.6805555555555556,3.7222222222222223
0003264.jpg,train,3.888888888888889,0.7222222222222222,3.888888888888889
0003265.jpg,train,3.7222222222222223,0.6805555555555556,3.7222222222222223
0003266.jpg,test,3.8333333333333335,0.7083333333333334,3.8333333333333335
0003268.jpg,train,3.9444444444444446,0.7361111111111112,3.9444444444444446
0003272.jpg,train,3.6666666666666665,0.6666666666666666,3.6666666666666665
0003274.jpg,val,3.388888888888889,0.5972222222222222,3.388888888888889
0003275.jpg,train,2.6666666666666665,0.4166666666666666,2.6666666666666665
0003277.jpg,train,3.5,0.625,3.5
0003282.jpg,train,3.9444444444444446,0.7361111111111112,3.9444444444444446
0003284.jpg,test,4.055555555555555,0.7638888888888888,4.055555555555555
0003285.jpg,test,3.9444444444444446,0.7361111111111112,3.9444444444444446
0003286.jpg,train,2.555555555555556,0.3888888888888889,2.555555555555556
0003288.jpg,train,3.9444444444444446,0.7361111111111112,3.9444444444444446
0003291.jpg,train,3.888888888888889,0.7222222222222222,3.888888888888889
0003292.jpg,train,3.888888888888889,0.7222222222222222,3.888888888888889
0003294.jpg,train,4.111111111111111,0.7777777777777777,4.111111111111111
0003296.jpg,train,4.222222222222222,0.8055555555555556,4.222222222222222
0003297.jpg,train,3.7222222222222223,0.6805555555555556,3.7222222222222223
0003298.jpg,train,3.9444444444444446,0.7361111111111112,3.9444444444444446
0003300.jpg,train,3.5,0.625,3.5
0003302.jpg,train,4.055555555555555,0.7638888888888888,4.055555555555555
0003303.jpg,val,3.7222222222222223,0.6805555555555556,3.7222222222222223
0003304.jpg,train,3.7222222222222223,0.6805555555555556,3.7222222222222223
0003306.jpg,test,3.5,0.625,3.5
0003307.jpg,train,3.7777777777777777,0.6944444444444444,3.7777777777777777
0003308.jpg,train,4.277777777777778,0.8194444444444444,4.277777777777778
0003309.jpg,test,4.0,0.75,4.0
0003310.jpg,train,3.9444444444444446,0.7361111111111112,3.9444444444444446
0003311.jpg,train,3.8333333333333335,0.7083333333333334,3.8333333333333335
0003312.jpg,test,4.055555555555555,0.7638888888888888,4.055555555555555
0003313.jpg,test,3.8333333333333335,0.7083333333333334,3.8333333333333335
0003314.jpg,train,2.1666666666666665,0.2916666666666666,2.1666666666666665
0003316.jpg,train,2.9444444444444446,0.4861111111111111,2.9444444444444446
0003317.jpg,train,2.1666666666666665,0.2916666666666666,2.1666666666666665
0003318.jpg,train,2.5,0.375,2.5
0003319.jpg,train,3.1666666666666665,0.5416666666666666,3.1666666666666665
0003320.jpg,train,3.388888888888889,0.5972222222222222,3.388888888888889
0003321.jpg,test,3.055555555555556,0.513888888888889,3.055555555555556
0003322.jpg,train,2.6666666666666665,0.4166666666666666,2.6666666666666665
0003323.jpg,train,3.111111111111111,0.5277777777777778,3.111111111111111
0003325.jpg,train,2.333333333333333,0.3333333333333332,2.333333333333333
0003326.jpg,train,2.4444444444444446,0.3611111111111111,2.4444444444444446
0003328.jpg,test,2.0,0.25,2.0
0003330.jpg,train,3.055555555555556,0.513888888888889,3.055555555555556
0003331.jpg,val,2.7777777777777777,0.4444444444444444,2.7777777777777777
0003334.jpg,train,3.2777777777777777,0.5694444444444444,3.2777777777777777
0003335.jpg,train,2.833333333333333,0.4583333333333332,2.833333333333333
0003339.jpg,train,2.833333333333333,0.4583333333333332,2.833333333333333
0003341.jpg,test,2.888888888888889,0.4722222222222222,2.888888888888889
0003342.jpg,train,2.333333333333333,0.3333333333333332,2.333333333333333
0003345.jpg,train,2.333333333333333,0.3333333333333332,2.333333333333333
0003346.jpg,train,2.833333333333333,0.4583333333333332,2.833333333333333
0003348.jpg,train,2.611111111111111,0.4027777777777778,2.611111111111111
0003350.jpg,train,3.111111111111111,0.5277777777777778,3.111111111111111
0003352.jpg,train,2.555555555555556,0.3888888888888889,2.555555555555556
0003353.jpg,train,2.888888888888889,0.4722222222222222,2.888888888888889
0003354.jpg,train,2.6666666666666665,0.4166666666666666,2.6666666666666665
0003356.jpg,test,2.5,0.375,2.5
0003357.jpg,train,3.5,0.625,3.5
0003359.jpg,train,2.0,0.25,2.0
0003360.jpg,train,2.4444444444444446,0.3611111111111111,2.4444444444444446
0003361.jpg,train,2.888888888888889,0.4722222222222222,2.888888888888889
0003362.jpg,train,2.1666666666666665,0.2916666666666666,2.1666666666666665
0003363.jpg,train,3.1666666666666665,0.5416666666666666,3.1666666666666665
0003370.jpg,train,3.0,0.5,3.0
0003371.jpg,test,3.2777777777777777,0.5694444444444444,3.2777777777777777
0003374.jpg,train,2.7777777777777777,0.4444444444444444,2.7777777777777777
0003375.jpg,train,2.333333333333333,0.3333333333333332,2.333333333333333
0003376.jpg,train,2.555555555555556,0.3888888888888889,2.555555555555556
0003377.jpg,train,2.7222222222222223,0.4305555555555556,2.7222222222222223
0003378.jpg,train,2.5,0.375,2.5
0003379.jpg,train,3.611111111111111,0.6527777777777778,3.611111111111111
0003380.jpg,train,2.7777777777777777,0.4444444444444444,2.7777777777777777
0003382.jpg,test,2.388888888888889,0.3472222222222222,2.388888888888889
0003384.jpg,val,2.055555555555556,0.2638888888888889,2.055555555555556
0003387.jpg,test,2.9444444444444446,0.4861111111111111,2.9444444444444446
0003388.jpg,train,3.055555555555556,0.513888888888889,3.055555555555556
0003390.jpg,train,3.0,0.5,3.0
0003393.jpg,test,2.2222222222222223,0.3055555555555556,2.2222222222222223
0003394.jpg,test,2.055555555555556,0.2638888888888889,2.055555555555556
0003398.jpg,train,2.333333333333333,0.3333333333333332,2.333333333333333
0003399.jpg,test,1.8888888888888888,0.2222222222222222,1.8888888888888888
0003400.jpg,train,2.611111111111111,0.4027777777777778,2.611111111111111
0003402.jpg,train,2.611111111111111,0.4027777777777778,2.611111111111111
0003403.jpg,train,2.2222222222222223,0.3055555555555556,2.2222222222222223
0003404.jpg,train,2.611111111111111,0.4027777777777778,2.611111111111111
0003405.jpg,train,2.611111111111111,0.4027777777777778,2.611111111111111
0003406.jpg,test,1.8888888888888888,0.2222222222222222,1.8888888888888888
0003409.jpg,train,2.888888888888889,0.4722222222222222,2.888888888888889
0003413.jpg,train,2.888888888888889,0.4722222222222222,2.888888888888889
0003415.jpg,train,1.9444444444444444,0.2361111111111111,1.9444444444444444
0003417.jpg,train,2.9444444444444446,0.4861111111111111,2.9444444444444446
0003418.jpg,train,2.888888888888889,0.4722222222222222,2.888888888888889
0003419.jpg,train,2.888888888888889,0.4722222222222222,2.888888888888889
0003420.jpg,test,3.055555555555556,0.513888888888889,3.055555555555556
0003421.jpg,train,1.3888888888888888,0.0972222222222222,1.3888888888888888
0003423.jpg,train,2.7777777777777777,0.4444444444444444,2.7777777777777777
0003425.jpg,test,3.2777777777777777,0.5694444444444444,3.2777777777777777
0003426.jpg,train,2.7222222222222223,0.4305555555555556,2.7222222222222223
0003427.jpg,train,2.833333333333333,0.4583333333333332,2.833333333333333
0003428.jpg,train,4.444444444444445,0.8611111111111112,4.444444444444445
0003432.jpg,train,2.9444444444444446,0.4861111111111111,2.9444444444444446
0003434.jpg,val,1.7222222222222223,0.1805555555555555,1.7222222222222223
0003437.jpg,test,2.6666666666666665,0.4166666666666666,2.6666666666666665
0003440.jpg,train,3.055555555555556,0.513888888888889,3.055555555555556
0003441.jpg,train,3.111111111111111,0.5277777777777778,3.111111111111111
0003442.jpg,train,3.5,0.625,3.5
0003444.jpg,train,2.055555555555556,0.2638888888888889,2.055555555555556
0003449.jpg,train,2.7222222222222223,0.4305555555555556,2.7222222222222223
0003450.jpg,train,3.0,0.5,3.0
0003452.jpg,train,2.6666666666666665,0.4166666666666666,2.6666666666666665
0003455.jpg,train,2.611111111111111,0.4027777777777778,2.611111111111111
0003456.jpg,train,2.111111111111111,0.2777777777777778,2.111111111111111
0003457.jpg,train,2.555555555555556,0.3888888888888889,2.555555555555556
0003458.jpg,train,2.833333333333333,0.4583333333333332,2.833333333333333
0003459.jpg,train,2.7222222222222223,0.4305555555555556,2.7222222222222223
0003460.jpg,train,2.333333333333333,0.3333333333333332,2.333333333333333
0003462.jpg,train,2.555555555555556,0.3888888888888889,2.555555555555556
0003463.jpg,train,2.7777777777777777,0.4444444444444444,2.7777777777777777
0003465.jpg,val,2.833333333333333,0.4583333333333332,2.833333333333333
0003468.jpg,train,2.611111111111111,0.4027777777777778,2.611111111111111
0003469.jpg,test,2.7777777777777777,0.4444444444444444,2.7777777777777777
0003470.jpg,train,3.0,0.5,3.0
0003472.jpg,train,2.888888888888889,0.4722222222222222,2.888888888888889
0003474.jpg,train,3.111111111111111,0.5277777777777778,3.111111111111111
0003478.jpg,train,3.055555555555556,0.513888888888889,3.055555555555556
0003479.jpg,train,2.2222222222222223,0.3055555555555556,2.2222222222222223
0003480.jpg,train,3.7777777777777777,0.6944444444444444,3.7777777777777777
0003481.jpg,train,3.388888888888889,0.5972222222222222,3.388888888888889
0003482.jpg,train,3.5,0.625,3.5
0003484.jpg,test,3.5,0.625,3.5
0003485.jpg,train,2.0,0.25,2.0
0003486.jpg,train,3.888888888888889,0.7222222222222222,3.888888888888889
0003487.jpg,train,4.444444444444445,0.8611111111111112,4.444444444444445
0003488.jpg,train,2.333333333333333,0.3333333333333332,2.333333333333333
0003490.jpg,test,2.7777777777777777,0.4444444444444444,2.7777777777777777
0003491.jpg,val,3.0,0.5,3.0
0003494.jpg,train,3.055555555555556,0.513888888888889,3.055555555555556
0003496.jpg,train,3.111111111111111,0.5277777777777778,3.111111111111111
0003497.jpg,val,2.833333333333333,0.4583333333333332,2.833333333333333
0003498.jpg,val,2.0,0.25,2.0
0003499.jpg,train,2.388888888888889,0.3472222222222222,2.388888888888889
0003500.jpg,train,2.888888888888889,0.4722222222222222,2.888888888888889
0003502.jpg,test,2.4444444444444446,0.3611111111111111,2.4444444444444446
0003503.jpg,test,2.9444444444444446,0.4861111111111111,2.9444444444444446
0003505.jpg,train,3.6666666666666665,0.6666666666666666,3.6666666666666665
0003506.jpg,test,2.888888888888889,0.4722222222222222,2.888888888888889
0003507.jpg,val,3.5,0.625,3.5
0003508.jpg,train,2.6666666666666665,0.4166666666666666,2.6666666666666665
0003509.jpg,train,2.6666666666666665,0.4166666666666666,2.6666666666666665
0003510.jpg,train,3.611111111111111,0.6527777777777778,3.611111111111111
0003512.jpg,train,3.555555555555556,0.638888888888889,3.555555555555556
0003515.jpg,train,3.0,0.5,3.0
0003516.jpg,test,3.2222222222222223,0.5555555555555556,3.2222222222222223
0003517.jpg,train,2.333333333333333,0.3333333333333332,2.333333333333333
0003522.jpg,train,2.611111111111111,0.4027777777777778,2.611111111111111
0003525.jpg,train,2.5,0.375,2.5
0003528.jpg,train,3.555555555555556,0.638888888888889,3.555555555555556
0003529.jpg,train,3.7777777777777777,0.6944444444444444,3.7777777777777777
0003530.jpg,val,3.7777777777777777,0.6944444444444444,3.7777777777777777
0003532.jpg,train,3.2777777777777777,0.5694444444444444,3.2777777777777777
0003535.jpg,train,3.7777777777777777,0.6944444444444444,3.7777777777777777
0003537.jpg,train,3.388888888888889,0.5972222222222222,3.388888888888889
0003538.jpg,train,3.888888888888889,0.7222222222222222,3.888888888888889
0003540.jpg,train,3.888888888888889,0.7222222222222222,3.888888888888889
0003541.jpg,train,4.0,0.75,4.0
0003542.jpg,train,4.166666666666667,0.7916666666666667,4.166666666666667
0003543.jpg,train,3.888888888888889,0.7222222222222222,3.888888888888889
0003544.jpg,train,2.0,0.25,2.0
0003545.jpg,val,2.555555555555556,0.3888888888888889,2.555555555555556
0003546.jpg,train,2.4444444444444446,0.3611111111111111,2.4444444444444446
0003548.jpg,train,3.111111111111111,0.5277777777777778,3.111111111111111
0003549.jpg,train,3.888888888888889,0.7222222222222222,3.888888888888889
0003550.jpg,train,3.555555555555556,0.638888888888889,3.555555555555556
0003551.jpg,val,3.4444444444444446,0.6111111111111112,3.4444444444444446
0003552.jpg,train,4.388888888888889,0.8472222222222223,4.388888888888889
0003557.jpg,train,3.7222222222222223,0.6805555555555556,3.7222222222222223
0003558.jpg,test,3.4444444444444446,0.6111111111111112,3.4444444444444446
0003561.jpg,train,3.6666666666666665,0.6666666666666666,3.6666666666666665
0003562.jpg,train,3.611111111111111,0.6527777777777778,3.611111111111111
0003564.jpg,train,3.055555555555556,0.513888888888889,3.055555555555556
0003565.jpg,train,3.7222222222222223,0.6805555555555556,3.7222222222222223
0003566.jpg,train,2.2222222222222223,0.3055555555555556,2.2222222222222223
0003569.jpg,train,4.444444444444445,0.8611111111111112,4.444444444444445
0003571.jpg,train,2.7777777777777777,0.4444444444444444,2.7777777777777777
0003573.jpg,train,3.055555555555556,0.513888888888889,3.055555555555556
0003577.jpg,test,3.2777777777777777,0.5694444444444444,3.2777777777777777
0003578.jpg,train,3.7777777777777777,0.6944444444444444,3.7777777777777777
0003581.jpg,train,3.555555555555556,0.638888888888889,3.555555555555556
0003582.jpg,train,2.888888888888889,0.4722222222222222,2.888888888888889
0003583.jpg,train,1.8333333333333333,0.2083333333333333,1.8333333333333333
0003584.jpg,train,3.555555555555556,0.638888888888889,3.555555555555556
0003585.jpg,val,2.9444444444444446,0.4861111111111111,2.9444444444444446
0003587.jpg,val,4.0,0.75,4.0
0003588.jpg,val,2.833333333333333,0.4583333333333332,2.833333333333333
0003589.jpg,test,3.0,0.5,3.0
0003590.jpg,train,3.9444444444444446,0.7361111111111112,3.9444444444444446
0003591.jpg,val,3.7222222222222223,0.6805555555555556,3.7222222222222223
0003596.jpg,train,3.611111111111111,0.6527777777777778,3.611111111111111
0003600.jpg,train,3.888888888888889,0.7222222222222222,3.888888888888889
0003603.jpg,train,3.888888888888889,0.7222222222222222,3.888888888888889
0003606.jpg,train,3.611111111111111,0.6527777777777778,3.611111111111111
0003607.jpg,val,3.6666666666666665,0.6666666666666666,3.6666666666666665
0003608.jpg,train,3.6666666666666665,0.6666666666666666,3.6666666666666665
0003609.jpg,train,3.388888888888889,0.5972222222222222,3.388888888888889
0003610.jpg,val,3.111111111111111,0.5277777777777778,3.111111111111111
0003611.jpg,val,2.6666666666666665,0.4166666666666666,2.6666666666666665
0003614.jpg,val,3.055555555555556,0.513888888888889,3.055555555555556
0003615.jpg,train,4.0,0.75,4.0
0003616.jpg,test,3.1666666666666665,0.5416666666666666,3.1666666666666665
0003617.jpg,train,3.388888888888889,0.5972222222222222,3.388888888888889
0003619.jpg,train,3.2777777777777777,0.5694444444444444,3.2777777777777777
0003620.jpg,train,3.888888888888889,0.7222222222222222,3.888888888888889
0003621.jpg,test,3.2777777777777777,0.5694444444444444,3.2777777777777777
0003625.jpg,train,3.7222222222222223,0.6805555555555556,3.7222222222222223
0003628.jpg,train,3.888888888888889,0.7222222222222222,3.888888888888889
0003629.jpg,train,2.6666666666666665,0.4166666666666666,2.6666666666666665
0003631.jpg,train,3.055555555555556,0.513888888888889,3.055555555555556
0003633.jpg,train,3.333333333333333,0.5833333333333333,3.333333333333333
0003634.jpg,train,3.2777777777777777,0.5694444444444444,3.2777777777777777
0003635.jpg,train,4.0,0.75,4.0
0003638.jpg,train,3.7777777777777777,0.6944444444444444,3.7777777777777777
0003639.jpg,train,3.0,0.5,3.0
0003640.jpg,train,3.1666666666666665,0.5416666666666666,3.1666666666666665
0003643.jpg,train,3.888888888888889,0.7222222222222222,3.888888888888889
0003644.jpg,train,4.166666666666667,0.7916666666666667,4.166666666666667
0003646.jpg,val,4.055555555555555,0.7638888888888888,4.055555555555555
0003648.jpg,train,4.0,0.75,4.0
0003649.jpg,val,4.055555555555555,0.7638888888888888,4.055555555555555
0003650.jpg,train,4.111111111111111,0.7777777777777777,4.111111111111111
0003651.jpg,train,4.111111111111111,0.7777777777777777,4.111111111111111
0003652.jpg,train,4.222222222222222,0.8055555555555556,4.222222222222222
0003654.jpg,train,2.9444444444444446,0.4861111111111111,2.9444444444444446
0003655.jpg,train,3.7222222222222223,0.6805555555555556,3.7222222222222223
0003657.jpg,train,3.6666666666666665,0.6666666666666666,3.6666666666666665
0003659.jpg,train,3.9444444444444446,0.7361111111111112,3.9444444444444446
0003660.jpg,train,3.9444444444444446,0.7361111111111112,3.9444444444444446
0003662.jpg,test,3.9444444444444446,0.7361111111111112,3.9444444444444446
0003666.jpg,train,3.0,0.5,3.0
0003667.jpg,train,3.5,0.625,3.5
0003669.jpg,test,3.2222222222222223,0.5555555555555556,3.2222222222222223
0003670.jpg,train,3.333333333333333,0.5833333333333333,3.333333333333333
0003671.jpg,train,3.555555555555556,0.638888888888889,3.555555555555556
0003672.jpg,train,3.7777777777777777,0.6944444444444444,3.7777777777777777
0003674.jpg,train,3.7777777777777777,0.6944444444444444,3.7777777777777777
0003675.jpg,train,3.611111111111111,0.6527777777777778,3.611111111111111
0003677.jpg,train,3.611111111111111,0.6527777777777778,3.611111111111111
0003678.jpg,train,3.8333333333333335,0.7083333333333334,3.8333333333333335
0003679.jpg,train,3.611111111111111,0.6527777777777778,3.611111111111111
0003680.jpg,train,3.7222222222222223,0.6805555555555556,3.7222222222222223
0003681.jpg,val,1.5,0.125,1.5
0003684.jpg,train,3.7777777777777777,0.6944444444444444,3.7777777777777777
0003685.jpg,train,3.7777777777777777,0.6944444444444444,3.7777777777777777
0003686.jpg,train,3.9444444444444446,0.7361111111111112,3.9444444444444446
0003687.jpg,train,2.6666666666666665,0.4166666666666666,2.6666666666666665
0003688.jpg,test,3.2222222222222223,0.5555555555555556,3.2222222222222223
0003689.jpg,train,3.0,0.5,3.0
0003691.jpg,train,3.888888888888889,0.7222222222222222,3.888888888888889
0003694.jpg,train,3.888888888888889,0.7222222222222222,3.888888888888889
0003695.jpg,train,3.6666666666666665,0.6666666666666666,3.6666666666666665
0003696.jpg,train,3.7222222222222223,0.6805555555555556,3.7222222222222223
0003698.jpg,val,4.055555555555555,0.7638888888888888,4.055555555555555
0003699.jpg,train,3.7777777777777777,0.6944444444444444,3.7777777777777777
0003701.jpg,test,4.055555555555555,0.7638888888888888,4.055555555555555
0003702.jpg,train,3.7222222222222223,0.6805555555555556,3.7222222222222223
0003703.jpg,train,3.611111111111111,0.6527777777777778,3.611111111111111
0003704.jpg,train,3.611111111111111,0.6527777777777778,3.611111111111111
0003705.jpg,val,3.1666666666666665,0.5416666666666666,3.1666666666666665
0003706.jpg,train,3.8333333333333335,0.7083333333333334,3.8333333333333335
0003707.jpg,test,3.9444444444444446,0.7361111111111112,3.9444444444444446
0003711.jpg,train,3.6666666666666665,0.6666666666666666,3.6666666666666665
0003712.jpg,train,3.333333333333333,0.5833333333333333,3.333333333333333
0003713.jpg,train,3.2777777777777777,0.5694444444444444,3.2777777777777777
0003714.jpg,train,3.8333333333333335,0.7083333333333334,3.8333333333333335
0003716.jpg,train,3.8333333333333335,0.7083333333333334,3.8333333333333335
0003717.jpg,train,3.2777777777777777,0.5694444444444444,3.2777777777777777
0003720.jpg,test,3.7777777777777777,0.6944444444444444,3.7777777777777777
0003724.jpg,train,4.0,0.75,4.0
0003727.jpg,train,3.555555555555556,0.638888888888889,3.555555555555556
0003728.jpg,train,3.555555555555556,0.638888888888889,3.555555555555556
0003729.jpg,train,3.8333333333333335,0.7083333333333334,3.8333333333333335
0003731.jpg,train,3.555555555555556,0.638888888888889,3.555555555555556
0003733.jpg,train,3.4444444444444446,0.6111111111111112,3.4444444444444446
0003734.jpg,train,3.6666666666666665,0.6666666666666666,3.6666666666666665
0003735.jpg,train,3.7777777777777777,0.6944444444444444,3.7777777777777777
0003738.jpg,train,3.611111111111111,0.6527777777777778,3.611111111111111
0003740.jpg,train,3.055555555555556,0.513888888888889,3.055555555555556
0003741.jpg,train,3.6666666666666665,0.6666666666666666,3.6666666666666665
0003743.jpg,train,3.611111111111111,0.6527777777777778,3.611111111111111
0003744.jpg,val,3.555555555555556,0.638888888888889,3.555555555555556
0003749.jpg,train,3.333333333333333,0.5833333333333333,3.333333333333333
0003751.jpg,train,3.7777777777777777,0.6944444444444444,3.7777777777777777
0003752.jpg,train,3.7222222222222223,0.6805555555555556,3.7222222222222223
0003754.jpg,val,3.7777777777777777,0.6944444444444444,3.7777777777777777
0003755.jpg,train,3.8333333333333335,0.7083333333333334,3.8333333333333335
0003756.jpg,train,4.055555555555555,0.7638888888888888,4.055555555555555
0003761.jpg,test,3.9444444444444446,0.7361111111111112,3.9444444444444446
0003763.jpg,train,3.7222222222222223,0.6805555555555556,3.7222222222222223
0003765.jpg,train,3.611111111111111,0.6527777777777778,3.611111111111111
0003768.jpg,train,3.555555555555556,0.638888888888889,3.555555555555556
0003769.jpg,train,3.5,0.625,3.5
0003770.jpg,train,3.555555555555556,0.638888888888889,3.555555555555556
0003773.jpg,train,2.111111111111111,0.2777777777777778,2.111111111111111
0003776.jpg,test,3.888888888888889,0.7222222222222222,3.888888888888889
0003778.jpg,train,2.2777777777777777,0.3194444444444444,2.2777777777777777
0003780.jpg,val,3.2777777777777777,0.5694444444444444,3.2777777777777777
0003783.jpg,val,1.9444444444444444,0.2361111111111111,1.9444444444444444
0003785.jpg,train,2.7222222222222223,0.4305555555555556,2.7222222222222223
0003789.jpg,test,3.388888888888889,0.5972222222222222,3.388888888888889
0003791.jpg,val,2.333333333333333,0.3333333333333332,2.333333333333333
0003794.jpg,test,2.833333333333333,0.4583333333333332,2.833333333333333
0003796.jpg,train,2.611111111111111,0.4027777777777778,2.611111111111111
0003797.jpg,val,1.8888888888888888,0.2222222222222222,1.8888888888888888
0003799.jpg,val,2.7777777777777777,0.4444444444444444,2.7777777777777777
0003800.jpg,test,2.333333333333333,0.3333333333333332,2.333333333333333
0003802.jpg,train,2.833333333333333,0.4583333333333332,2.833333333333333
0003804.jpg,train,2.111111111111111,0.2777777777777778,2.111111111111111
0003805.jpg,train,2.2222222222222223,0.3055555555555556,2.2222222222222223
0003806.jpg,train,2.388888888888889,0.3472222222222222,2.388888888888889
0003807.jpg,train,2.7777777777777777,0.4444444444444444,2.7777777777777777
0003808.jpg,train,2.7222222222222223,0.4305555555555556,2.7222222222222223
0003809.jpg,train,2.7777777777777777,0.4444444444444444,2.7777777777777777
0003810.jpg,test,2.388888888888889,0.3472222222222222,2.388888888888889
0003812.jpg,train,2.7222222222222223,0.4305555555555556,2.7222222222222223
0003814.jpg,train,3.0,0.5,3.0
0003819.jpg,test,3.111111111111111,0.5277777777777778,3.111111111111111
0003820.jpg,train,3.555555555555556,0.638888888888889,3.555555555555556
0003821.jpg,train,3.2777777777777777,0.5694444444444444,3.2777777777777777
0003822.jpg,train,3.8333333333333335,0.7083333333333334,3.8333333333333335
0003824.jpg,train,2.888888888888889,0.4722222222222222,2.888888888888889
0003830.jpg,val,3.1666666666666665,0.5416666666666666,3.1666666666666665
0003832.jpg,train,2.388888888888889,0.3472222222222222,2.388888888888889
0003833.jpg,val,2.611111111111111,0.4027777777777778,2.611111111111111
0003835.jpg,val,2.9444444444444446,0.4861111111111111,2.9444444444444446
0003836.jpg,test,2.7777777777777777,0.4444444444444444,2.7777777777777777
0003840.jpg,train,3.7222222222222223,0.6805555555555556,3.7222222222222223
0003841.jpg,train,2.833333333333333,0.4583333333333332,2.833333333333333
0003844.jpg,val,2.055555555555556,0.2638888888888889,2.055555555555556
0003845.jpg,train,3.2222222222222223,0.5555555555555556,3.2222222222222223
0003851.jpg,train,1.6111111111111112,0.1527777777777778,1.6111111111111112
0003852.jpg,train,1.6666666666666667,0.1666666666666666,1.6666666666666667
0003853.jpg,train,2.611111111111111,0.4027777777777778,2.611111111111111
0003854.jpg,train,4.055555555555555,0.7638888888888888,4.055555555555555
0003855.jpg,test,3.5,0.625,3.5
0003856.jpg,train,3.2222222222222223,0.5555555555555556,3.2222222222222223
0003857.jpg,train,2.111111111111111,0.2777777777777778,2.111111111111111
0003858.jpg,train,2.833333333333333,0.4583333333333332,2.833333333333333
0003859.jpg,train,2.555555555555556,0.3888888888888889,2.555555555555556
0003861.jpg,train,2.4444444444444446,0.3611111111111111,2.4444444444444446
0003863.jpg,test,3.1666666666666665,0.5416666666666666,3.1666666666666665
0003865.jpg,train,4.444444444444445,0.8611111111111112,4.444444444444445
0003867.jpg,train,3.0,0.5,3.0
0003870.jpg,test,4.222222222222222,0.8055555555555556,4.222222222222222
0003874.jpg,test,3.055555555555556,0.513888888888889,3.055555555555556
0003876.jpg,test,2.1666666666666665,0.2916666666666666,2.1666666666666665
0003878.jpg,test,2.555555555555556,0.3888888888888889,2.555555555555556
0003879.jpg,val,4.166666666666667,0.7916666666666667,4.166666666666667
0003883.jpg,train,2.388888888888889,0.3472222222222222,2.388888888888889
0003884.jpg,train,3.2222222222222223,0.5555555555555556,3.2222222222222223
0003888.jpg,val,2.7777777777777777,0.4444444444444444,2.7777777777777777
0003889.jpg,train,2.4444444444444446,0.3611111111111111,2.4444444444444446
0003890.jpg,train,2.6666666666666665,0.4166666666666666,2.6666666666666665
0003893.jpg,train,3.2222222222222223,0.5555555555555556,3.2222222222222223
0003897.jpg,train,2.388888888888889,0.3472222222222222,2.388888888888889
0003898.jpg,test,2.6666666666666665,0.4166666666666666,2.6666666666666665
0003901.jpg,train,2.9444444444444446,0.4861111111111111,2.9444444444444446
0003904.jpg,test,2.888888888888889,0.4722222222222222,2.888888888888889
0003905.jpg,train,3.0,0.5,3.0
0003907.jpg,train,2.5,0.375,2.5
0003908.jpg,train,2.6666666666666665,0.4166666666666666,2.6666666666666665
0003910.jpg,train,3.8333333333333335,0.7083333333333334,3.8333333333333335
0003911.jpg,train,4.111111111111111,0.7777777777777777,4.111111111111111
0003912.jpg,train,3.055555555555556,0.513888888888889,3.055555555555556
0003913.jpg,train,2.9444444444444446,0.4861111111111111,2.9444444444444446
0003914.jpg,train,4.333333333333333,0.8333333333333333,4.333333333333333
0003915.jpg,train,3.0,0.5,3.0
0003916.jpg,train,3.8333333333333335,0.7083333333333334,3.8333333333333335
0003921.jpg,train,3.555555555555556,0.638888888888889,3.555555555555556
0003923.jpg,train,2.6666666666666665,0.4166666666666666,2.6666666666666665
0003924.jpg,train,3.111111111111111,0.5277777777777778,3.111111111111111
0003927.jpg,train,2.888888888888889,0.4722222222222222,2.888888888888889
0003928.jpg,train,4.444444444444445,0.8611111111111112,4.444444444444445
0003929.jpg,train,2.833333333333333,0.4583333333333332,2.833333333333333
0003931.jpg,test,3.111111111111111,0.5277777777777778,3.111111111111111
0003932.jpg,train,3.2222222222222223,0.5555555555555556,3.2222222222222223
0003934.jpg,test,3.111111111111111,0.5277777777777778,3.111111111111111
0003935.jpg,val,2.888888888888889,0.4722222222222222,2.888888888888889
0003936.jpg,val,2.7777777777777777,0.4444444444444444,2.7777777777777777
0003937.jpg,train,2.9444444444444446,0.4861111111111111,2.9444444444444446
0003939.jpg,test,3.111111111111111,0.5277777777777778,3.111111111111111
0003940.jpg,train,2.611111111111111,0.4027777777777778,2.611111111111111
0003942.jpg,train,3.8333333333333335,0.7083333333333334,3.8333333333333335
0003943.jpg,train,3.611111111111111,0.6527777777777778,3.611111111111111
0003944.jpg,train,3.4444444444444446,0.6111111111111112,3.4444444444444446
0003946.jpg,train,3.6666666666666665,0.6666666666666666,3.6666666666666665
0003949.jpg,val,2.9444444444444446,0.4861111111111111,2.9444444444444446
0003950.jpg,train,4.166666666666667,0.7916666666666667,4.166666666666667
0003951.jpg,train,2.9444444444444446,0.4861111111111111,2.9444444444444446
0003955.jpg,val,1.8333333333333333,0.2083333333333333,1.8333333333333333
0003956.jpg,train,2.7222222222222223,0.4305555555555556,2.7222222222222223
0003958.jpg,train,2.888888888888889,0.4722222222222222,2.888888888888889
0003959.jpg,train,3.2777777777777777,0.5694444444444444,3.2777777777777777
0003960.jpg,val,3.555555555555556,0.638888888888889,3.555555555555556
0003961.jpg,train,3.388888888888889,0.5972222222222222,3.388888888888889
0003964.jpg,train,3.1666666666666665,0.5416666666666666,3.1666666666666665
0003965.jpg,train,3.8333333333333335,0.7083333333333334,3.8333333333333335
0003969.jpg,train,3.888888888888889,0.7222222222222222,3.888888888888889
0003970.jpg,train,3.1666666666666665,0.5416666666666666,3.1666666666666665
0003971.jpg,val,3.055555555555556,0.513888888888889,3.055555555555556
0003972.jpg,train,3.7777777777777777,0.6944444444444444,3.7777777777777777
0003973.jpg,train,4.0,0.75,4.0
0003974.jpg,val,4.5,0.875,4.5
0003975.jpg,train,3.111111111111111,0.5277777777777778,3.111111111111111
0003979.jpg,train,3.611111111111111,0.6527777777777778,3.611111111111111
0003981.jpg,train,3.611111111111111,0.6527777777777778,3.611111111111111
0003985.jpg,train,4.111111111111111,0.7777777777777777,4.111111111111111
0003987.jpg,test,3.055555555555556,0.513888888888889,3.055555555555556
0003988.jpg,train,3.8333333333333335,0.7083333333333334,3.8333333333333335
0003989.jpg,val,4.388888888888889,0.8472222222222223,4.388888888888889
0003991.jpg,train,3.333333333333333,0.5833333333333333,3.333333333333333
0003992.jpg,train,3.9444444444444446,0.7361111111111112,3.9444444444444446
0003994.jpg,test,3.888888888888889,0.7222222222222222,3.888888888888889
0003995.jpg,train,2.1666666666666665,0.2916666666666666,2.1666666666666665
0003998.jpg,test,2.888888888888889,0.4722222222222222,2.888888888888889
0004001.jpg,train,3.0,0.5,3.0
0004002.jpg,test,3.888888888888889,0.7222222222222222,3.888888888888889
0004003.jpg,train,3.1666666666666665,0.5416666666666666,3.1666666666666665
0004004.jpg,train,4.0,0.75,4.0
0004006.jpg,test,2.611111111111111,0.4027777777777778,2.611111111111111
0004007.jpg,val,3.2777777777777777,0.5694444444444444,3.2777777777777777
0004008.jpg,test,3.7222222222222223,0.6805555555555556,3.7222222222222223
0004009.jpg,train,3.7777777777777777,0.6944444444444444,3.7777777777777777
0004010.jpg,train,3.055555555555556,0.513888888888889,3.055555555555556
0004011.jpg,train,1.7777777777777777,0.1944444444444444,1.7777777777777777
0004013.jpg,train,4.0,0.75,4.0
0004014.jpg,train,3.555555555555556,0.638888888888889,3.555555555555556
0004015.jpg,test,3.388888888888889,0.5972222222222222,3.388888888888889
0004016.jpg,train,3.9444444444444446,0.7361111111111112,3.9444444444444446
0004017.jpg,train,4.388888888888889,0.8472222222222223,4.388888888888889
0004021.jpg,train,4.222222222222222,0.8055555555555556,4.222222222222222
0004022.jpg,train,3.7777777777777777,0.6944444444444444,3.7777777777777777
0004023.jpg,val,3.2222222222222223,0.5555555555555556,3.2222222222222223
0004024.jpg,test,4.166666666666667,0.7916666666666667,4.166666666666667
0004025.jpg,train,1.9444444444444444,0.2361111111111111,1.9444444444444444
0004026.jpg,train,4.055555555555555,0.7638888888888888,4.055555555555555
0004027.jpg,train,3.1666666666666665,0.5416666666666666,3.1666666666666665
0004029.jpg,train,3.8333333333333335,0.7083333333333334,3.8333333333333335
0004030.jpg,train,3.111111111111111,0.5277777777777778,3.111111111111111
0004031.jpg,train,2.888888888888889,0.4722222222222222,2.888888888888889
0004032.jpg,train,2.888888888888889,0.4722222222222222,2.888888888888889
0004034.jpg,train,4.111111111111111,0.7777777777777777,4.111111111111111
0004035.jpg,train,3.5,0.625,3.5
0004037.jpg,test,3.9444444444444446,0.7361111111111112,3.9444444444444446
0004038.jpg,train,3.111111111111111,0.5277777777777778,3.111111111111111
0004039.jpg,train,4.222222222222222,0.8055555555555556,4.222222222222222
0004040.jpg,train,3.8333333333333335,0.7083333333333334,3.8333333333333335
0004042.jpg,val,3.888888888888889,0.7222222222222222,3.888888888888889
0004043.jpg,train,3.7777777777777777,0.6944444444444444,3.7777777777777777
0004044.jpg,train,4.222222222222222,0.8055555555555556,4.222222222222222
0004045.jpg,train,2.7777777777777777,0.4444444444444444,2.7777777777777777
0004046.jpg,train,2.2777777777777777,0.3194444444444444,2.2777777777777777
0004049.jpg,test,4.111111111111111,0.7777777777777777,4.111111111111111
0004051.jpg,val,3.888888888888889,0.7222222222222222,3.888888888888889
0004052.jpg,val,2.833333333333333,0.4583333333333332,2.833333333333333
0004056.jpg,val,3.7222222222222223,0.6805555555555556,3.7222222222222223
0004058.jpg,train,4.0,0.75,4.0
0004059.jpg,val,4.222222222222222,0.8055555555555556,4.222222222222222
0004060.jpg,train,4.333333333333333,0.8333333333333333,4.333333333333333
0004061.jpg,train,3.1666666666666665,0.5416666666666666,3.1666666666666665
0004063.jpg,train,3.6666666666666665,0.6666666666666666,3.6666666666666665
0004064.jpg,val,3.888888888888889,0.7222222222222222,3.888888888888889
0004065.jpg,train,4.055555555555555,0.7638888888888888,4.055555555555555
0004066.jpg,train,3.333333333333333,0.5833333333333333,3.333333333333333
0004069.jpg,train,4.055555555555555,0.7638888888888888,4.055555555555555
0004072.jpg,train,4.222222222222222,0.8055555555555556,4.222222222222222
0004074.jpg,train,3.5,0.625,3.5
0004075.jpg,val,2.7777777777777777,0.4444444444444444,2.7777777777777777
0004076.jpg,train,3.6666666666666665,0.6666666666666666,3.6666666666666665
0004077.jpg,val,4.0,0.75,4.0
0004082.jpg,train,2.1666666666666665,0.2916666666666666,2.1666666666666665
0004083.jpg,train,4.055555555555555,0.7638888888888888,4.055555555555555
0004085.jpg,train,4.055555555555555,0.7638888888888888,4.055555555555555
0004086.jpg,train,4.055555555555555,0.7638888888888888,4.055555555555555
0004088.jpg,train,2.6666666666666665,0.4166666666666666,2.6666666666666665
0004090.jpg,train,4.055555555555555,0.7638888888888888,4.055555555555555
0004091.jpg,val,4.0,0.75,4.0
0004096.jpg,train,3.9444444444444446,0.7361111111111112,3.9444444444444446
0004097.jpg,test,4.111111111111111,0.7777777777777777,4.111111111111111
0004100.jpg,train,4.166666666666667,0.7916666666666667,4.166666666666667
0004102.jpg,test,3.888888888888889,0.7222222222222222,3.888888888888889
0004103.jpg,train,3.8333333333333335,0.7083333333333334,3.8333333333333335
0004104.jpg,test,4.333333333333333,0.8333333333333333,4.333333333333333
0004108.jpg,train,4.0,0.75,4.0
0004109.jpg,test,4.222222222222222,0.8055555555555556,4.222222222222222
0004110.jpg,train,2.888888888888889,0.4722222222222222,2.888888888888889
0004111.jpg,train,4.166666666666667,0.7916666666666667,4.166666666666667
0004112.jpg,test,3.9444444444444446,0.7361111111111112,3.9444444444444446
0004113.jpg,train,3.7222222222222223,0.6805555555555556,3.7222222222222223
0004114.jpg,val,4.111111111111111,0.7777777777777777,4.111111111111111
0004115.jpg,test,3.8333333333333335,0.7083333333333334,3.8333333333333335
0004118.jpg,train,4.055555555555555,0.7638888888888888,4.055555555555555
0004122.jpg,train,2.611111111111111,0.4027777777777778,2.611111111111111
0004125.jpg,train,2.7222222222222223,0.4305555555555556,2.7222222222222223
0004126.jpg,train,2.888888888888889,0.4722222222222222,2.888888888888889
0004127.jpg,test,2.4444444444444446,0.3611111111111111,2.4444444444444446
0004129.jpg,train,2.7777777777777777,0.4444444444444444,2.7777777777777777
0004130.jpg,test,2.7777777777777777,0.4444444444444444,2.7777777777777777
0004133.jpg,train,3.5,0.625,3.5
0004134.jpg,train,3.6666666666666665,0.6666666666666666,3.6666666666666665
0004135.jpg,train,3.2777777777777777,0.5694444444444444,3.2777777777777777
0004137.jpg,train,3.611111111111111,0.6527777777777778,3.611111111111111
0004139.jpg,val,2.5,0.375,2.5
0004142.jpg,train,2.888888888888889,0.4722222222222222,2.888888888888889
0004143.jpg,val,2.833333333333333,0.4583333333333332,2.833333333333333
0004144.jpg,val,2.055555555555556,0.2638888888888889,2.055555555555556
0004146.jpg,test,2.055555555555556,0.2638888888888889,2.055555555555556
0004148.jpg,train,2.4444444444444446,0.3611111111111111,2.4444444444444446
0004149.jpg,train,4.111111111111111,0.7777777777777777,4.111111111111111
0004150.jpg,train,2.2777777777777777,0.3194444444444444,2.2777777777777777
0004152.jpg,train,4.222222222222222,0.8055555555555556,4.222222222222222
0004153.jpg,train,3.2222222222222223,0.5555555555555556,3.2222222222222223
0004154.jpg,train,3.9444444444444446,0.7361111111111112,3.9444444444444446
0004159.jpg,test,2.7777777777777777,0.4444444444444444,2.7777777777777777
0004160.jpg,train,3.0,0.5,3.0
0004162.jpg,val,3.4444444444444446,0.6111111111111112,3.4444444444444446
0004163.jpg,train,3.2777777777777777,0.5694444444444444,3.2777777777777777
0004164.jpg,test,2.7222222222222223,0.4305555555555556,2.7222222222222223
0004165.jpg,train,3.9444444444444446,0.7361111111111112,3.9444444444444446
0004169.jpg,val,3.8333333333333335,0.7083333333333334,3.8333333333333335
0004170.jpg,train,3.2222222222222223,0.5555555555555556,3.2222222222222223
0004171.jpg,train,3.4444444444444446,0.6111111111111112,3.4444444444444446
0004173.jpg,train,3.6666666666666665,0.6666666666666666,3.6666666666666665
0004175.jpg,test,3.4444444444444446,0.6111111111111112,3.4444444444444446
0004176.jpg,train,2.5,0.375,2.5
0004177.jpg,test,3.055555555555556,0.513888888888889,3.055555555555556
0004180.jpg,test,3.1666666666666665,0.5416666666666666,3.1666666666666665
0004182.jpg,train,3.055555555555556,0.513888888888889,3.055555555555556
0004184.jpg,test,3.4444444444444446,0.6111111111111112,3.4444444444444446
0004187.jpg,train,2.833333333333333,0.4583333333333332,2.833333333333333
0004188.jpg,train,3.4444444444444446,0.6111111111111112,3.4444444444444446
0004189.jpg,val,4.333333333333333,0.8333333333333333,4.333333333333333
0004190.jpg,train,4.055555555555555,0.7638888888888888,4.055555555555555
0004192.jpg,train,3.0,0.5,3.0
0004193.jpg,train,4.277777777777778,0.8194444444444444,4.277777777777778
0004194.jpg,train,4.166666666666667,0.7916666666666667,4.166666666666667
0004196.jpg,train,4.277777777777778,0.8194444444444444,4.277777777777778
0004198.jpg,train,2.833333333333333,0.4583333333333332,2.833333333333333
0004199.jpg,train,4.5,0.875,4.5
0004200.jpg,test,4.0,0.75,4.0
0004201.jpg,train,3.8333333333333335,0.7083333333333334,3.8333333333333335
0004203.jpg,test,3.4444444444444446,0.6111111111111112,3.4444444444444446
0004204.jpg,val,1.7777777777777777,0.1944444444444444,1.7777777777777777
0004207.jpg,test,3.2777777777777777,0.5694444444444444,3.2777777777777777
0004208.jpg,train,3.2777777777777777,0.5694444444444444,3.2777777777777777
0004210.jpg,train,3.4444444444444446,0.6111111111111112,3.4444444444444446
0004211.jpg,test,3.8333333333333335,0.7083333333333334,3.8333333333333335
0004212.jpg,train,4.166666666666667,0.7916666666666667,4.166666666666667
0004213.jpg,train,4.111111111111111,0.7777777777777777,4.111111111111111
0004214.jpg,train,4.277777777777778,0.8194444444444444,4.277777777777778
0004215.jpg,train,4.333333333333333,0.8333333333333333,4.333333333333333
0004216.jpg,train,4.0,0.75,4.0
0004217.jpg,train,3.2777777777777777,0.5694444444444444,3.2777777777777777
0004220.jpg,train,3.1666666666666665,0.5416666666666666,3.1666666666666665
0004221.jpg,train,3.055555555555556,0.513888888888889,3.055555555555556
0004222.jpg,train,2.833333333333333,0.4583333333333332,2.833333333333333
0004223.jpg,train,2.555555555555556,0.3888888888888889,2.555555555555556
0004224.jpg,train,3.7777777777777777,0.6944444444444444,3.7777777777777777
0004226.jpg,train,2.1666666666666665,0.2916666666666666,2.1666666666666665
0004230.jpg,train,3.1666666666666665,0.5416666666666666,3.1666666666666665
0004231.jpg,train,3.6666666666666665,0.6666666666666666,3.6666666666666665
0004232.jpg,train,4.0,0.75,4.0
0004233.jpg,train,4.5,0.875,4.5
0004234.jpg,train,3.388888888888889,0.5972222222222222,3.388888888888889
0004235.jpg,train,3.8333333333333335,0.7083333333333334,3.8333333333333335
0004236.jpg,train,3.2222222222222223,0.5555555555555556,3.2222222222222223
0004237.jpg,val,3.8333333333333335,0.7083333333333334,3.8333333333333335
0004241.jpg,train,3.388888888888889,0.5972222222222222,3.388888888888889
0004242.jpg,train,3.2777777777777777,0.5694444444444444,3.2777777777777777
0004244.jpg,train,4.166666666666667,0.7916666666666667,4.166666666666667
0004245.jpg,train,3.7777777777777777,0.6944444444444444,3.7777777777777777
0004251.jpg,train,3.0,0.5,3.0
0004252.jpg,val,3.055555555555556,0.513888888888889,3.055555555555556
0004253.jpg,train,3.6666666666666665,0.6666666666666666,3.6666666666666665
0004258.jpg,train,4.111111111111111,0.7777777777777777,4.111111111111111
0004259.jpg,val,4.111111111111111,0.7777777777777777,4.111111111111111
0004263.jpg,test,4.0,0.75,4.0
0004264.jpg,train,2.7777777777777777,0.4444444444444444,2.7777777777777777
0004265.jpg,train,3.611111111111111,0.6527777777777778,3.611111111111111
0004268.jpg,train,3.9444444444444446,0.7361111111111112,3.9444444444444446
0004270.jpg,train,4.333333333333333,0.8333333333333333,4.333333333333333
0004272.jpg,train,3.888888888888889,0.7222222222222222,3.888888888888889
0004273.jpg,train,4.222222222222222,0.8055555555555556,4.222222222222222
0004274.jpg,train,4.055555555555555,0.7638888888888888,4.055555555555555
0004276.jpg,train,3.4444444444444446,0.6111111111111112,3.4444444444444446
0004278.jpg,train,3.9444444444444446,0.7361111111111112,3.9444444444444446
0004280.jpg,train,3.9444444444444446,0.7361111111111112,3.9444444444444446
0004283.jpg,val,3.4444444444444446,0.6111111111111112,3.4444444444444446
0004285.jpg,train,3.7777777777777777,0.6944444444444444,3.7777777777777777
0004289.jpg,val,3.9444444444444446,0.7361111111111112,3.9444444444444446
0004290.jpg,test,3.9444444444444446,0.7361111111111112,3.9444444444444446
0004291.jpg,train,3.9444444444444446,0.7361111111111112,3.9444444444444446
0004294.jpg,train,2.9444444444444446,0.4861111111111111,2.9444444444444446
0004295.jpg,train,3.9444444444444446,0.7361111111111112,3.9444444444444446
0004296.jpg,train,3.888888888888889,0.7222222222222222,3.888888888888889
0004297.jpg,train,3.7777777777777777,0.6944444444444444,3.7777777777777777
0004298.jpg,train,3.555555555555556,0.638888888888889,3.555555555555556
0004301.jpg,val,4.055555555555555,0.7638888888888888,4.055555555555555
0004302.jpg,train,3.888888888888889,0.7222222222222222,3.888888888888889
0004303.jpg,test,3.8333333333333335,0.7083333333333334,3.8333333333333335
0004304.jpg,train,2.555555555555556,0.3888888888888889,2.555555555555556
0004306.jpg,train,2.2777777777777777,0.3194444444444444,2.2777777777777777
0004307.jpg,train,2.4444444444444446,0.3611111111111111,2.4444444444444446
0004308.jpg,train,2.833333333333333,0.4583333333333332,2.833333333333333
0004309.jpg,val,3.7777777777777777,0.6944444444444444,3.7777777777777777
0004312.jpg,test,3.111111111111111,0.5277777777777778,3.111111111111111
0004313.jpg,test,3.4444444444444446,0.6111111111111112,3.4444444444444446
0004314.jpg,train,3.8333333333333335,0.7083333333333334,3.8333333333333335
0004315.jpg,train,3.5,0.625,3.5
0004316.jpg,val,4.333333333333333,0.8333333333333333,4.333333333333333
0004317.jpg,test,3.4444444444444446,0.6111111111111112,3.4444444444444446
0004319.jpg,train,3.2222222222222223,0.5555555555555556,3.2222222222222223
0004322.jpg,test,2.7777777777777777,0.4444444444444444,2.7777777777777777
0004323.jpg,train,4.0,0.75,4.0
0004324.jpg,train,4.055555555555555,0.7638888888888888,4.055555555555555
0004326.jpg,train,4.055555555555555,0.7638888888888888,4.055555555555555
0004327.jpg,train,4.055555555555555,0.7638888888888888,4.055555555555555
0004328.jpg,train,4.277777777777778,0.8194444444444444,4.277777777777778
0004329.jpg,val,3.5,0.625,3.5
0004330.jpg,train,3.111111111111111,0.5277777777777778,3.111111111111111
0004331.jpg,train,3.8333333333333335,0.7083333333333334,3.8333333333333335
0004334.jpg,train,2.555555555555556,0.3888888888888889,2.555555555555556
0004335.jpg,train,3.888888888888889,0.7222222222222222,3.888888888888889
0004337.jpg,train,4.0,0.75,4.0
0004338.jpg,train,3.555555555555556,0.638888888888889,3.555555555555556
0004339.jpg,val,2.611111111111111,0.4027777777777778,2.611111111111111
0004341.jpg,train,3.4444444444444446,0.6111111111111112,3.4444444444444446
0004342.jpg,train,3.7777777777777777,0.6944444444444444,3.7777777777777777
0004343.jpg,train,3.9444444444444446,0.7361111111111112,3.9444444444444446
0004347.jpg,train,4.166666666666667,0.7916666666666667,4.166666666666667
0004348.jpg,train,2.7222222222222223,0.4305555555555556,2.7222222222222223
0004349.jpg,train,3.9444444444444446,0.7361111111111112,3.9444444444444446
0004350.jpg,train,3.9444444444444446,0.7361111111111112,3.9444444444444446
0004351.jpg,train,3.055555555555556,0.513888888888889,3.055555555555556
0004352.jpg,train,4.055555555555555,0.7638888888888888,4.055555555555555
0004354.jpg,test,3.888888888888889,0.7222222222222222,3.888888888888889
0004355.jpg,train,4.0,0.75,4.0
0004356.jpg,train,3.888888888888889,0.7222222222222222,3.888888888888889
0004358.jpg,train,4.166666666666667,0.7916666666666667,4.166666666666667
0004359.jpg,train,1.6666666666666667,0.1666666666666666,1.6666666666666667
0004360.jpg,test,3.9444444444444446,0.7361111111111112,3.9444444444444446
0004362.jpg,train,4.055555555555555,0.7638888888888888,4.055555555555555
0004363.jpg,train,4.166666666666667,0.7916666666666667,4.166666666666667
0004364.jpg,train,3.888888888888889,0.7222222222222222,3.888888888888889
0004368.jpg,train,3.9444444444444446,0.7361111111111112,3.9444444444444446
0004370.jpg,train,4.0,0.75,4.0
0004372.jpg,train,4.0,0.75,4.0
0004373.jpg,train,4.0,0.75,4.0
0004375.jpg,train,4.055555555555555,0.7638888888888888,4.055555555555555
0004376.jpg,test,3.9444444444444446,0.7361111111111112,3.9444444444444446
0004377.jpg,train,4.166666666666667,0.7916666666666667,4.166666666666667
0004379.jpg,train,4.055555555555555,0.7638888888888888,4.055555555555555
0004381.jpg,train,3.9444444444444446,0.7361111111111112,3.9444444444444446
0004383.jpg,train,4.055555555555555,0.7638888888888888,4.055555555555555
0004385.jpg,train,3.111111111111111,0.5277777777777778,3.111111111111111
0004386.jpg,train,2.7222222222222223,0.4305555555555556,2.7222222222222223
0004388.jpg,train,2.6666666666666665,0.4166666666666666,2.6666666666666665
0004389.jpg,train,3.555555555555556,0.638888888888889,3.555555555555556
0004390.jpg,train,3.6666666666666665,0.6666666666666666,3.6666666666666665
0004393.jpg,train,3.111111111111111,0.5277777777777778,3.111111111111111
0004395.jpg,train,2.1666666666666665,0.2916666666666666,2.1666666666666665
0004397.jpg,val,2.333333333333333,0.3333333333333332,2.333333333333333
0004400.jpg,train,2.7777777777777777,0.4444444444444444,2.7777777777777777
0004401.jpg,val,3.055555555555556,0.513888888888889,3.055555555555556
0004402.jpg,test,3.8333333333333335,0.7083333333333334,3.8333333333333335
0004403.jpg,val,3.5,0.625,3.5
0004405.jpg,train,2.888888888888889,0.4722222222222222,2.888888888888889
0004407.jpg,train,2.4444444444444446,0.3611111111111111,2.4444444444444446
0004408.jpg,val,2.888888888888889,0.4722222222222222,2.888888888888889
0004409.jpg,val,2.388888888888889,0.3472222222222222,2.388888888888889
0004410.jpg,train,3.0,0.5,3.0
0004411.jpg,train,3.0,0.5,3.0
0004413.jpg,train,3.1666666666666665,0.5416666666666666,3.1666666666666665
0004414.jpg,train,2.4444444444444446,0.3611111111111111,2.4444444444444446
0004415.jpg,train,2.7777777777777777,0.4444444444444444,2.7777777777777777
0004416.jpg,train,2.4444444444444446,0.3611111111111111,2.4444444444444446
0004417.jpg,val,3.055555555555556,0.513888888888889,3.055555555555556
0004418.jpg,val,3.555555555555556,0.638888888888889,3.555555555555556
0004422.jpg,train,2.9444444444444446,0.4861111111111111,2.9444444444444446
0004423.jpg,train,3.555555555555556,0.638888888888889,3.555555555555556
0004424.jpg,train,4.166666666666667,0.7916666666666667,4.166666666666667
0004426.jpg,train,3.055555555555556,0.513888888888889,3.055555555555556
0004427.jpg,train,2.4444444444444446,0.3611111111111111,2.4444444444444446
0004429.jpg,train,2.7777777777777777,0.4444444444444444,2.7777777777777777
0004431.jpg,test,3.2222222222222223,0.5555555555555556,3.2222222222222223
0004433.jpg,train,3.9444444444444446,0.7361111111111112,3.9444444444444446
0004435.jpg,train,4.0,0.75,4.0
0004436.jpg,train,3.6666666666666665,0.6666666666666666,3.6666666666666665
0004437.jpg,train,3.555555555555556,0.638888888888889,3.555555555555556
0004440.jpg,test,2.6666666666666665,0.4166666666666666,2.6666666666666665
0004441.jpg,val,2.6666666666666665,0.4166666666666666,2.6666666666666665
0004443.jpg,train,3.388888888888889,0.5972222222222222,3.388888888888889
0004444.jpg,train,2.2777777777777777,0.3194444444444444,2.2777777777777777
0004445.jpg,val,2.388888888888889,0.3472222222222222,2.388888888888889
0004447.jpg,val,3.2777777777777777,0.5694444444444444,3.2777777777777777
0004449.jpg,train,3.0,0.5,3.0
0004452.jpg,test,2.611111111111111,0.4027777777777778,2.611111111111111
0004453.jpg,val,3.1666666666666665,0.5416666666666666,3.1666666666666665
0004454.jpg,test,2.6666666666666665,0.4166666666666666,2.6666666666666665
0004456.jpg,val,3.7777777777777777,0.6944444444444444,3.7777777777777777
0004459.jpg,test,3.5,0.625,3.5
0004460.jpg,val,1.6111111111111112,0.1527777777777778,1.6111111111111112
0004461.jpg,train,2.388888888888889,0.3472222222222222,2.388888888888889
0004462.jpg,train,3.111111111111111,0.5277777777777778,3.111111111111111
0004466.jpg,train,4.055555555555555,0.7638888888888888,4.055555555555555
0004467.jpg,train,2.833333333333333,0.4583333333333332,2.833333333333333
0004468.jpg,train,2.555555555555556,0.3888888888888889,2.555555555555556
0004470.jpg,test,3.6666666666666665,0.6666666666666666,3.6666666666666665
0004471.jpg,val,3.333333333333333,0.5833333333333333,3.333333333333333
0004474.jpg,train,3.4444444444444446,0.6111111111111112,3.4444444444444446
0004475.jpg,test,3.0,0.5,3.0
0004476.jpg,train,3.111111111111111,0.5277777777777778,3.111111111111111
0004477.jpg,train,3.7222222222222223,0.6805555555555556,3.7222222222222223
0004478.jpg,val,2.611111111111111,0.4027777777777778,2.611111111111111
0004479.jpg,train,3.611111111111111,0.6527777777777778,3.611111111111111
0004481.jpg,train,3.555555555555556,0.638888888888889,3.555555555555556
0004482.jpg,val,2.388888888888889,0.3472222222222222,2.388888888888889
0004483.jpg,train,2.611111111111111,0.4027777777777778,2.611111111111111
0004486.jpg,train,1.8333333333333333,0.2083333333333333,1.8333333333333333
0004487.jpg,train,2.0,0.25,2.0
0004489.jpg,val,2.611111111111111,0.4027777777777778,2.611111111111111
0004491.jpg,val,3.2222222222222223,0.5555555555555556,3.2222222222222223
0004492.jpg,train,2.388888888888889,0.3472222222222222,2.388888888888889
0004493.jpg,train,2.555555555555556,0.3888888888888889,2.555555555555556
0004494.jpg,train,2.5,0.375,2.5
0004495.jpg,train,3.611111111111111,0.6527777777777778,3.611111111111111
0004497.jpg,test,3.0,0.5,3.0
0004498.jpg,test,1.6666666666666667,0.1666666666666666,1.6666666666666667
0004501.jpg,train,2.5294117647058822,0.3823529411764705,2.5294117647058822
0004502.jpg,train,3.0588235294117645,0.5147058823529411,3.0588235294117645
0004503.jpg,val,2.411764705882353,0.3529411764705882,2.411764705882353
0004505.jpg,test,3.4705882352941178,0.6176470588235294,3.4705882352941178
0004506.jpg,train,3.0,0.5,3.0
0004507.jpg,train,3.411764705882353,0.6029411764705882,3.411764705882353
0004508.jpg,train,2.764705882352941,0.4411764705882353,2.764705882352941
0004509.jpg,train,2.823529411764706,0.4558823529411765,2.823529411764706
0004514.jpg,train,3.176470588235294,0.5441176470588235,3.176470588235294
0004515.jpg,train,2.294117647058824,0.3235294117647059,2.294117647058824
0004516.jpg,train,3.176470588235294,0.5441176470588235,3.176470588235294
0004517.jpg,train,2.823529411764706,0.4558823529411765,2.823529411764706
0004518.jpg,train,3.294117647058824,0.573529411764706,3.294117647058824
0004519.jpg,train,3.4705882352941178,0.6176470588235294,3.4705882352941178
0004520.jpg,train,2.3529411764705883,0.3382352941176471,2.3529411764705883
0004521.jpg,train,2.7058823529411766,0.4264705882352941,2.7058823529411766
0004523.jpg,train,3.411764705882353,0.6029411764705882,3.411764705882353
0004524.jpg,train,2.411764705882353,0.3529411764705882,2.411764705882353
0004525.jpg,train,3.411764705882353,0.6029411764705882,3.411764705882353
0004526.jpg,train,2.5294117647058822,0.3823529411764705,2.5294117647058822
0004528.jpg,train,3.235294117647059,0.5588235294117647,3.235294117647059
0004530.jpg,train,3.647058823529412,0.661764705882353,3.647058823529412
0004532.jpg,train,3.7058823529411766,0.6764705882352942,3.7058823529411766
0004534.jpg,train,3.764705882352941,0.6911764705882353,3.764705882352941
0004535.jpg,test,3.588235294117647,0.6470588235294118,3.588235294117647
0004537.jpg,val,2.9411764705882355,0.4852941176470589,2.9411764705882355
0004538.jpg,test,3.882352941176471,0.7205882352941178,3.882352941176471
0004542.jpg,train,3.3529411764705883,0.5882352941176471,3.3529411764705883
0004543.jpg,test,3.588235294117647,0.6470588235294118,3.588235294117647
0004546.jpg,train,2.9411764705882355,0.4852941176470589,2.9411764705882355
0004547.jpg,train,2.823529411764706,0.4558823529411765,2.823529411764706
0004548.jpg,train,3.647058823529412,0.661764705882353,3.647058823529412
0004549.jpg,train,3.647058823529412,0.661764705882353,3.647058823529412
0004554.jpg,test,3.3529411764705883,0.5882352941176471,3.3529411764705883
0004556.jpg,test,3.3529411764705883,0.5882352941176471,3.3529411764705883
0004558.jpg,train,3.235294117647059,0.5588235294117647,3.235294117647059
0004559.jpg,test,2.7058823529411766,0.4264705882352941,2.7058823529411766
0004561.jpg,train,3.4705882352941178,0.6176470588235294,3.4705882352941178
0004562.jpg,val,3.647058823529412,0.661764705882353,3.647058823529412
0004563.jpg,train,3.823529411764706,0.7058823529411765,3.823529411764706
0004566.jpg,train,3.0588235294117645,0.5147058823529411,3.0588235294117645
0004570.jpg,train,3.117647058823529,0.5294117647058822,3.117647058823529
0004575.jpg,test,3.823529411764706,0.7058823529411765,3.823529411764706
0004578.jpg,train,2.8823529411764706,0.4705882352941176,2.8823529411764706
0004579.jpg,test,3.764705882352941,0.6911764705882353,3.764705882352941
0004580.jpg,train,3.117647058823529,0.5294117647058822,3.117647058823529
0004581.jpg,val,3.4705882352941178,0.6176470588235294,3.4705882352941178
0004583.jpg,train,2.176470588235294,0.2941176470588235,2.176470588235294
0004584.jpg,val,3.235294117647059,0.5588235294117647,3.235294117647059
0004585.jpg,train,1.9411764705882355,0.2352941176470588,1.9411764705882355
0004586.jpg,val,2.117647058823529,0.2794117647058822,2.117647058823529
0004587.jpg,train,2.647058823529412,0.411764705882353,2.647058823529412
0004588.jpg,train,3.647058823529412,0.661764705882353,3.647058823529412
0004589.jpg,train,2.647058823529412,0.411764705882353,2.647058823529412
0004590.jpg,train,3.411764705882353,0.6029411764705882,3.411764705882353
0004591.jpg,train,3.941176470588236,0.735294117647059,3.941176470588236
0004592.jpg,val,3.764705882352941,0.6911764705882353,3.764705882352941
0004593.jpg,test,4.0,0.75,4.0
0004595.jpg,train,3.5294117647058822,0.6323529411764706,3.5294117647058822
0004596.jpg,train,2.3529411764705883,0.3382352941176471,2.3529411764705883
0004598.jpg,train,2.294117647058824,0.3235294117647059,2.294117647058824
0004599.jpg,train,2.9411764705882355,0.4852941176470589,2.9411764705882355
0004600.jpg,train,2.294117647058824,0.3235294117647059,2.294117647058824
0004601.jpg,train,2.235294117647059,0.3088235294117647,2.235294117647059
0004603.jpg,test,3.7058823529411766,0.6764705882352942,3.7058823529411766
0004604.jpg,train,4.117647058823529,0.7794117647058822,4.117647058823529
0004605.jpg,train,3.7058823529411766,0.6764705882352942,3.7058823529411766
0004608.jpg,train,1.7058823529411764,0.1764705882352941,1.7058823529411764
0004609.jpg,train,3.3529411764705883,0.5882352941176471,3.3529411764705883
0004610.jpg,test,3.941176470588236,0.735294117647059,3.941176470588236
0004611.jpg,train,3.411764705882353,0.6029411764705882,3.411764705882353
0004613.jpg,train,3.176470588235294,0.5441176470588235,3.176470588235294
0004617.jpg,train,2.647058823529412,0.411764705882353,2.647058823529412
0004620.jpg,test,2.588235294117647,0.3970588235294118,2.588235294117647
0004621.jpg,train,2.764705882352941,0.4411764705882353,2.764705882352941
0004624.jpg,train,3.764705882352941,0.6911764705882353,3.764705882352941
0004627.jpg,train,3.117647058823529,0.5294117647058822,3.117647058823529
0004628.jpg,train,2.176470588235294,0.2941176470588235,2.176470588235294
0004629.jpg,train,3.823529411764706,0.7058823529411765,3.823529411764706
0004632.jpg,train,3.176470588235294,0.5441176470588235,3.176470588235294
0004633.jpg,train,3.3529411764705883,0.5882352941176471,3.3529411764705883
0004634.jpg,test,2.411764705882353,0.3529411764705882,2.411764705882353
0004635.jpg,train,3.588235294117647,0.6470588235294118,3.588235294117647
0004638.jpg,train,3.0588235294117645,0.5147058823529411,3.0588235294117645
0004639.jpg,train,3.176470588235294,0.5441176470588235,3.176470588235294
0004641.jpg,train,2.0588235294117645,0.2647058823529411,2.0588235294117645
0004642.jpg,train,3.0588235294117645,0.5147058823529411,3.0588235294117645
0004643.jpg,train,2.5294117647058822,0.3823529411764705,2.5294117647058822
0004644.jpg,train,2.176470588235294,0.2941176470588235,2.176470588235294
0004645.jpg,train,3.764705882352941,0.6911764705882353,3.764705882352941
0004647.jpg,train,2.7058823529411766,0.4264705882352941,2.7058823529411766
0004648.jpg,test,2.411764705882353,0.3529411764705882,2.411764705882353
0004649.jpg,train,2.5294117647058822,0.3823529411764705,2.5294117647058822
0004652.jpg,test,2.764705882352941,0.4411764705882353,2.764705882352941
0004654.jpg,train,3.4705882352941178,0.6176470588235294,3.4705882352941178
0004656.jpg,val,3.588235294117647,0.6470588235294118,3.588235294117647
0004657.jpg,train,2.411764705882353,0.3529411764705882,2.411764705882353
0004658.jpg,train,2.8823529411764706,0.4705882352941176,2.8823529411764706
0004659.jpg,train,3.3529411764705883,0.5882352941176471,3.3529411764705883
0004661.jpg,train,3.5294117647058822,0.6323529411764706,3.5294117647058822
0004663.jpg,train,3.764705882352941,0.6911764705882353,3.764705882352941
0004664.jpg,train,2.823529411764706,0.4558823529411765,2.823529411764706
0004665.jpg,train,2.7058823529411766,0.4264705882352941,2.7058823529411766
0004666.jpg,train,2.3529411764705883,0.3382352941176471,2.3529411764705883
0004668.jpg,test,4.117647058823529,0.7794117647058822,4.117647058823529
0004669.jpg,val,3.235294117647059,0.5588235294117647,3.235294117647059
0004670.jpg,train,3.823529411764706,0.7058823529411765,3.823529411764706
0004672.jpg,train,2.0588235294117645,0.2647058823529411,2.0588235294117645
0004673.jpg,train,3.823529411764706,0.7058823529411765,3.823529411764706
0004674.jpg,val,2.176470588235294,0.2941176470588235,2.176470588235294
0004675.jpg,train,2.411764705882353,0.3529411764705882,2.411764705882353
0004677.jpg,train,3.0,0.5,3.0
0004680.jpg,val,2.9411764705882355,0.4852941176470589,2.9411764705882355
0004681.jpg,test,3.4705882352941178,0.6176470588235294,3.4705882352941178
0004684.jpg,train,3.764705882352941,0.6911764705882353,3.764705882352941
0004686.jpg,train,3.5294117647058822,0.6323529411764706,3.5294117647058822
0004688.jpg,train,2.764705882352941,0.4411764705882353,2.764705882352941
0004694.jpg,train,3.882352941176471,0.7205882352941178,3.882352941176471
0004695.jpg,val,2.3529411764705883,0.3382352941176471,2.3529411764705883
0004696.jpg,val,3.117647058823529,0.5294117647058822,3.117647058823529
0004697.jpg,train,2.8823529411764706,0.4705882352941176,2.8823529411764706
0004698.jpg,train,2.4705882352941178,0.3676470588235294,2.4705882352941178
0004699.jpg,val,2.0,0.25,2.0
0004700.jpg,test,2.764705882352941,0.4411764705882353,2.764705882352941
0004701.jpg,train,2.7058823529411766,0.4264705882352941,2.7058823529411766
0004704.jpg,train,1.9411764705882355,0.2352941176470588,1.9411764705882355
0004706.jpg,val,3.0588235294117645,0.5147058823529411,3.0588235294117645
0004708.jpg,train,3.588235294117647,0.6470588235294118,3.588235294117647
0004710.jpg,val,3.117647058823529,0.5294117647058822,3.117647058823529
0004713.jpg,train,2.117647058823529,0.2794117647058822,2.117647058823529
0004714.jpg,train,3.823529411764706,0.7058823529411765,3.823529411764706
0004717.jpg,train,3.764705882352941,0.6911764705882353,3.764705882352941
0004718.jpg,train,3.176470588235294,0.5441176470588235,3.176470588235294
0004721.jpg,train,3.117647058823529,0.5294117647058822,3.117647058823529
0004722.jpg,train,2.176470588235294,0.2941176470588235,2.176470588235294
0004724.jpg,train,3.588235294117647,0.6470588235294118,3.588235294117647
0004725.jpg,train,3.764705882352941,0.6911764705882353,3.764705882352941
0004726.jpg,train,3.588235294117647,0.6470588235294118,3.588235294117647
0004728.jpg,train,3.411764705882353,0.6029411764705882,3.411764705882353
0004729.jpg,val,3.176470588235294,0.5441176470588235,3.176470588235294
0004731.jpg,test,3.294117647058824,0.573529411764706,3.294117647058824
0004732.jpg,train,3.0588235294117645,0.5147058823529411,3.0588235294117645
0004736.jpg,train,2.0,0.25,2.0
0004737.jpg,train,2.117647058823529,0.2794117647058822,2.117647058823529
0004738.jpg,train,3.823529411764706,0.7058823529411765,3.823529411764706
0004740.jpg,train,3.588235294117647,0.6470588235294118,3.588235294117647
0004745.jpg,train,1.8235294117647056,0.2058823529411764,1.8235294117647056
0004747.jpg,train,2.4705882352941178,0.3676470588235294,2.4705882352941178
0004748.jpg,train,3.4705882352941178,0.6176470588235294,3.4705882352941178
0004752.jpg,test,3.235294117647059,0.5588235294117647,3.235294117647059
0004754.jpg,train,2.764705882352941,0.4411764705882353,2.764705882352941
0004755.jpg,train,2.588235294117647,0.3970588235294118,2.588235294117647
0004758.jpg,train,3.0588235294117645,0.5147058823529411,3.0588235294117645
0004760.jpg,test,3.235294117647059,0.5588235294117647,3.235294117647059
0004763.jpg,train,3.647058823529412,0.661764705882353,3.647058823529412
0004764.jpg,val,2.4705882352941178,0.3676470588235294,2.4705882352941178
0004766.jpg,train,3.235294117647059,0.5588235294117647,3.235294117647059
0004767.jpg,val,1.8235294117647056,0.2058823529411764,1.8235294117647056
0004771.jpg,train,2.7058823529411766,0.4264705882352941,2.7058823529411766
0004772.jpg,train,2.0588235294117645,0.2647058823529411,2.0588235294117645
0004773.jpg,train,3.823529411764706,0.7058823529411765,3.823529411764706
0004774.jpg,train,2.9411764705882355,0.4852941176470589,2.9411764705882355
0004776.jpg,train,3.588235294117647,0.6470588235294118,3.588235294117647
0004777.jpg,train,3.5294117647058822,0.6323529411764706,3.5294117647058822
0004779.jpg,train,3.647058823529412,0.661764705882353,3.647058823529412
0004780.jpg,train,2.294117647058824,0.3235294117647059,2.294117647058824
0004783.jpg,train,1.4705882352941178,0.1176470588235294,1.4705882352941178
0004784.jpg,val,3.647058823529412,0.661764705882353,3.647058823529412
0004785.jpg,test,4.0,0.75,4.0
0004786.jpg,train,1.8823529411764703,0.2205882352941175,1.8823529411764703
0004787.jpg,train,3.3529411764705883,0.5882352941176471,3.3529411764705883
0004788.jpg,val,2.588235294117647,0.3970588235294118,2.588235294117647
0004790.jpg,train,3.0,0.5,3.0
0004791.jpg,train,3.882352941176471,0.7205882352941178,3.882352941176471
0004793.jpg,train,3.411764705882353,0.6029411764705882,3.411764705882353
0004799.jpg,train,1.9411764705882355,0.2352941176470588,1.9411764705882355
0004800.jpg,train,3.0,0.5,3.0
0004802.jpg,train,3.764705882352941,0.6911764705882353,3.764705882352941
0004803.jpg,train,3.5294117647058822,0.6323529411764706,3.5294117647058822
0004805.jpg,train,2.823529411764706,0.4558823529411765,2.823529411764706
0004806.jpg,val,3.764705882352941,0.6911764705882353,3.764705882352941
0004808.jpg,train,2.235294117647059,0.3088235294117647,2.235294117647059
0004809.jpg,val,2.235294117647059,0.3088235294117647,2.235294117647059
0004810.jpg,train,3.882352941176471,0.7205882352941178,3.882352941176471
0004812.jpg,test,3.411764705882353,0.6029411764705882,3.411764705882353
0004813.jpg,val,1.8235294117647056,0.2058823529411764,1.8235294117647056
0004814.jpg,val,3.0,0.5,3.0
0004815.jpg,train,2.8823529411764706,0.4705882352941176,2.8823529411764706
0004817.jpg,train,2.0588235294117645,0.2647058823529411,2.0588235294117645
0004818.jpg,train,2.7058823529411766,0.4264705882352941,2.7058823529411766
0004819.jpg,train,3.647058823529412,0.661764705882353,3.647058823529412
0004820.jpg,test,3.882352941176471,0.7205882352941178,3.882352941176471
0004822.jpg,val,2.647058823529412,0.411764705882353,2.647058823529412
0004823.jpg,train,2.7058823529411766,0.4264705882352941,2.7058823529411766
0004826.jpg,train,1.6470588235294117,0.1617647058823529,1.6470588235294117
0004827.jpg,train,2.0588235294117645,0.2647058823529411,2.0588235294117645
0004828.jpg,train,2.411764705882353,0.3529411764705882,2.411764705882353
0004831.jpg,train,3.117647058823529,0.5294117647058822,3.117647058823529
0004832.jpg,val,2.0588235294117645,0.2647058823529411,2.0588235294117645
0004838.jpg,train,3.411764705882353,0.6029411764705882,3.411764705882353
0004839.jpg,train,3.823529411764706,0.7058823529411765,3.823529411764706
0004842.jpg,train,3.647058823529412,0.661764705882353,3.647058823529412
0004843.jpg,val,2.8823529411764706,0.4705882352941176,2.8823529411764706
0004844.jpg,train,2.764705882352941,0.4411764705882353,2.764705882352941
0004845.jpg,train,2.7058823529411766,0.4264705882352941,2.7058823529411766
0004848.jpg,test,3.294117647058824,0.573529411764706,3.294117647058824
0004851.jpg,train,3.4705882352941178,0.6176470588235294,3.4705882352941178
0004856.jpg,test,3.764705882352941,0.6911764705882353,3.764705882352941
0004859.jpg,val,3.235294117647059,0.5588235294117647,3.235294117647059
0004860.jpg,val,4.176470588235294,0.7941176470588236,4.176470588235294
0004862.jpg,train,3.647058823529412,0.661764705882353,3.647058823529412
0004865.jpg,train,4.0,0.75,4.0
0004866.jpg,train,3.823529411764706,0.7058823529411765,3.823529411764706
0004868.jpg,train,3.176470588235294,0.5441176470588235,3.176470588235294
0004870.jpg,train,4.0588235294117645,0.7647058823529411,4.0588235294117645
0004871.jpg,train,3.764705882352941,0.6911764705882353,3.764705882352941
0004873.jpg,train,1.588235294117647,0.1470588235294117,1.588235294117647
0004874.jpg,train,3.882352941176471,0.7205882352941178,3.882352941176471
0004877.jpg,val,3.823529411764706,0.7058823529411765,3.823529411764706
0004878.jpg,train,3.235294117647059,0.5588235294117647,3.235294117647059
0004880.jpg,test,3.3529411764705883,0.5882352941176471,3.3529411764705883
0004882.jpg,train,1.8235294117647056,0.2058823529411764,1.8235294117647056
0004883.jpg,test,2.5294117647058822,0.3823529411764705,2.5294117647058822
0004885.jpg,train,2.8823529411764706,0.4705882352941176,2.8823529411764706
0004889.jpg,test,3.0588235294117645,0.5147058823529411,3.0588235294117645
0004890.jpg,train,3.4705882352941178,0.6176470588235294,3.4705882352941178
0004891.jpg,test,2.117647058823529,0.2794117647058822,2.117647058823529
0004892.jpg,val,3.823529411764706,0.7058823529411765,3.823529411764706
0004893.jpg,val,2.588235294117647,0.3970588235294118,2.588235294117647
0004894.jpg,test,2.764705882352941,0.4411764705882353,2.764705882352941
0004895.jpg,train,3.588235294117647,0.6470588235294118,3.588235294117647
0004898.jpg,train,2.8823529411764706,0.4705882352941176,2.8823529411764706
0004899.jpg,train,3.7058823529411766,0.6764705882352942,3.7058823529411766
0004900.jpg,train,2.7058823529411766,0.4264705882352941,2.7058823529411766
0004901.jpg,train,2.823529411764706,0.4558823529411765,2.823529411764706
0004902.jpg,test,3.647058823529412,0.661764705882353,3.647058823529412
0004904.jpg,val,3.882352941176471,0.7205882352941178,3.882352941176471
0004906.jpg,val,3.117647058823529,0.5294117647058822,3.117647058823529
0004907.jpg,train,3.3529411764705883,0.5882352941176471,3.3529411764705883
0004908.jpg,val,2.8823529411764706,0.4705882352941176,2.8823529411764706
0004909.jpg,train,2.7058823529411766,0.4264705882352941,2.7058823529411766
0004911.jpg,train,2.8823529411764706,0.4705882352941176,2.8823529411764706
0004912.jpg,train,2.588235294117647,0.3970588235294118,2.588235294117647
0004915.jpg,train,4.294117647058823,0.8235294117647058,4.294117647058823
0004916.jpg,train,2.117647058823529,0.2794117647058822,2.117647058823529
0004917.jpg,test,2.823529411764706,0.4558823529411765,2.823529411764706
0004918.jpg,train,2.0,0.25,2.0
0004919.jpg,train,3.4705882352941178,0.6176470588235294,3.4705882352941178
0004920.jpg,train,3.588235294117647,0.6470588235294118,3.588235294117647
0004921.jpg,train,3.294117647058824,0.573529411764706,3.294117647058824
0004923.jpg,train,1.8823529411764703,0.2205882352941175,1.8823529411764703
0004924.jpg,test,3.0,0.5,3.0
0004925.jpg,test,3.5294117647058822,0.6323529411764706,3.5294117647058822
0004926.jpg,train,3.117647058823529,0.5294117647058822,3.117647058823529
0004928.jpg,train,3.235294117647059,0.5588235294117647,3.235294117647059
0004929.jpg,test,2.235294117647059,0.3088235294117647,2.235294117647059
0004930.jpg,train,2.823529411764706,0.4558823529411765,2.823529411764706
0004931.jpg,train,2.647058823529412,0.411764705882353,2.647058823529412
0004934.jpg,train,3.647058823529412,0.661764705882353,3.647058823529412
0004935.jpg,test,3.117647058823529,0.5294117647058822,3.117647058823529
0004936.jpg,val,3.647058823529412,0.661764705882353,3.647058823529412
0004938.jpg,train,1.6470588235294117,0.1617647058823529,1.6470588235294117
0004941.jpg,train,3.5294117647058822,0.6323529411764706,3.5294117647058822
0004942.jpg,train,2.0,0.25,2.0
0004945.jpg,train,3.294117647058824,0.573529411764706,3.294117647058824
0004946.jpg,test,3.0588235294117645,0.5147058823529411,3.0588235294117645
0004949.jpg,val,3.647058823529412,0.661764705882353,3.647058823529412
0004951.jpg,test,3.5294117647058822,0.6323529411764706,3.5294117647058822
0004954.jpg,train,2.7058823529411766,0.4264705882352941,2.7058823529411766
0004957.jpg,train,3.5294117647058822,0.6323529411764706,3.5294117647058822
0004958.jpg,train,3.588235294117647,0.6470588235294118,3.588235294117647
0004959.jpg,train,3.3529411764705883,0.5882352941176471,3.3529411764705883
0004960.jpg,train,3.117647058823529,0.5294117647058822,3.117647058823529
0004962.jpg,train,2.176470588235294,0.2941176470588235,2.176470588235294
0004963.jpg,train,2.176470588235294,0.2941176470588235,2.176470588235294
0004965.jpg,train,2.0,0.25,2.0
0004966.jpg,train,2.9411764705882355,0.4852941176470589,2.9411764705882355
0004967.jpg,train,3.823529411764706,0.7058823529411765,3.823529411764706
0004968.jpg,train,2.5294117647058822,0.3823529411764705,2.5294117647058822
0004969.jpg,val,3.647058823529412,0.661764705882353,3.647058823529412
0004971.jpg,train,3.117647058823529,0.5294117647058822,3.117647058823529
0004972.jpg,test,3.647058823529412,0.661764705882353,3.647058823529412
0004973.jpg,test,3.4705882352941178,0.6176470588235294,3.4705882352941178
0004975.jpg,train,3.764705882352941,0.6911764705882353,3.764705882352941
0004976.jpg,test,3.0,0.5,3.0
0004978.jpg,train,3.176470588235294,0.5441176470588235,3.176470588235294
0004979.jpg,train,3.647058823529412,0.661764705882353,3.647058823529412
0004981.jpg,train,3.4705882352941178,0.6176470588235294,3.4705882352941178
0004982.jpg,train,2.8823529411764706,0.4705882352941176,2.8823529411764706
0004984.jpg,train,3.411764705882353,0.6029411764705882,3.411764705882353
0004985.jpg,train,3.882352941176471,0.7205882352941178,3.882352941176471
0004986.jpg,test,3.823529411764706,0.7058823529411765,3.823529411764706
0004987.jpg,train,3.5294117647058822,0.6323529411764706,3.5294117647058822
0004990.jpg,val,2.823529411764706,0.4558823529411765,2.823529411764706
0004994.jpg,train,2.7058823529411766,0.4264705882352941,2.7058823529411766
0004996.jpg,train,3.764705882352941,0.6911764705882353,3.764705882352941
0004998.jpg,train,4.352941176470588,0.838235294117647,4.352941176470588
0004999.jpg,train,2.588235294117647,0.3970588235294118,2.588235294117647
0005000.jpg,train,3.0,0.5,3.0
0005002.jpg,train,2.647058823529412,0.411764705882353,2.647058823529412
0005004.jpg,train,3.0,0.5,3.0
0005007.jpg,val,3.647058823529412,0.661764705882353,3.647058823529412
0005008.jpg,val,3.823529411764706,0.7058823529411765,3.823529411764706
0005009.jpg,val,3.5294117647058822,0.6323529411764706,3.5294117647058822
0005010.jpg,train,2.5294117647058822,0.3823529411764705,2.5294117647058822
0005012.jpg,val,2.823529411764706,0.4558823529411765,2.823529411764706
0005013.jpg,train,3.4705882352941178,0.6176470588235294,3.4705882352941178
0005014.jpg,train,3.4705882352941178,0.6176470588235294,3.4705882352941178
0005015.jpg,train,3.647058823529412,0.661764705882353,3.647058823529412
0005016.jpg,test,2.4705882352941178,0.3676470588235294,2.4705882352941178
0005018.jpg,val,1.8235294117647056,0.2058823529411764,1.8235294117647056
0005019.jpg,val,2.235294117647059,0.3088235294117647,2.235294117647059
0005021.jpg,train,3.411764705882353,0.6029411764705882,3.411764705882353
0005027.jpg,train,4.0588235294117645,0.7647058823529411,4.0588235294117645
0005028.jpg,val,4.235294117647059,0.8088235294117647,4.235294117647059
0005029.jpg,train,4.0588235294117645,0.7647058823529411,4.0588235294117645
0005030.jpg,train,3.588235294117647,0.6470588235294118,3.588235294117647
0005031.jpg,train,3.647058823529412,0.661764705882353,3.647058823529412
0005032.jpg,train,2.8823529411764706,0.4705882352941176,2.8823529411764706
0005034.jpg,train,3.5294117647058822,0.6323529411764706,3.5294117647058822
0005035.jpg,train,2.8823529411764706,0.4705882352941176,2.8823529411764706
0005037.jpg,train,3.117647058823529,0.5294117647058822,3.117647058823529
0005038.jpg,train,3.0,0.5,3.0
0005039.jpg,train,3.7058823529411766,0.6764705882352942,3.7058823529411766
0005040.jpg,train,2.294117647058824,0.3235294117647059,2.294117647058824
0005041.jpg,test,3.5294117647058822,0.6323529411764706,3.5294117647058822
0005042.jpg,test,3.647058823529412,0.661764705882353,3.647058823529412
0005043.jpg,test,2.235294117647059,0.3088235294117647,2.235294117647059
0005047.jpg,train,4.0,0.75,4.0
0005048.jpg,train,3.294117647058824,0.573529411764706,3.294117647058824
0005049.jpg,train,3.7058823529411766,0.6764705882352942,3.7058823529411766
0005050.jpg,val,3.882352941176471,0.7205882352941178,3.882352941176471
0005052.jpg,val,3.5294117647058822,0.6323529411764706,3.5294117647058822
0005054.jpg,test,4.470588235294118,0.8676470588235294,4.470588235294118
0005055.jpg,train,2.823529411764706,0.4558823529411765,2.823529411764706
0005057.jpg,train,3.882352941176471,0.7205882352941178,3.882352941176471
0005059.jpg,train,1.8823529411764703,0.2205882352941175,1.8823529411764703
0005060.jpg,train,1.5294117647058822,0.1323529411764705,1.5294117647058822
0005062.jpg,train,3.7058823529411766,0.6764705882352942,3.7058823529411766
0005063.jpg,train,3.882352941176471,0.7205882352941178,3.882352941176471
0005064.jpg,test,3.7058823529411766,0.6764705882352942,3.7058823529411766
0005066.jpg,train,3.764705882352941,0.6911764705882353,3.764705882352941
0005067.jpg,train,3.588235294117647,0.6470588235294118,3.588235294117647
0005068.jpg,train,3.176470588235294,0.5441176470588235,3.176470588235294
0005069.jpg,test,3.823529411764706,0.7058823529411765,3.823529411764706
0005070.jpg,train,2.823529411764706,0.4558823529411765,2.823529411764706
0005073.jpg,train,3.647058823529412,0.661764705882353,3.647058823529412
0005075.jpg,train,2.9411764705882355,0.4852941176470589,2.9411764705882355
0005076.jpg,val,3.588235294117647,0.6470588235294118,3.588235294117647
0005078.jpg,train,3.5294117647058822,0.6323529411764706,3.5294117647058822
0005080.jpg,train,2.823529411764706,0.4558823529411765,2.823529411764706
0005082.jpg,train,3.0,0.5,3.0
0005083.jpg,train,3.882352941176471,0.7205882352941178,3.882352941176471
0005085.jpg,val,3.5294117647058822,0.6323529411764706,3.5294117647058822
0005088.jpg,train,3.941176470588236,0.735294117647059,3.941176470588236
0005089.jpg,train,3.647058823529412,0.661764705882353,3.647058823529412
0005090.jpg,train,2.764705882352941,0.4411764705882353,2.764705882352941
0005091.jpg,test,2.4705882352941178,0.3676470588235294,2.4705882352941178
0005092.jpg,val,3.5294117647058822,0.6323529411764706,3.5294117647058822
0005093.jpg,train,2.8823529411764706,0.4705882352941176,2.8823529411764706
0005094.jpg,train,3.117647058823529,0.5294117647058822,3.117647058823529
0005095.jpg,train,2.3529411764705883,0.3382352941176471,2.3529411764705883
0005096.jpg,train,3.5294117647058822,0.6323529411764706,3.5294117647058822
0005099.jpg,test,2.647058823529412,0.411764705882353,2.647058823529412
0005100.jpg,test,2.5294117647058822,0.3823529411764705,2.5294117647058822
0005101.jpg,val,1.9411764705882355,0.2352941176470588,1.9411764705882355
0005105.jpg,train,4.0,0.75,4.0
0005106.jpg,train,2.0,0.25,2.0
0005107.jpg,train,3.588235294117647,0.6470588235294118,3.588235294117647
0005108.jpg,test,3.7058823529411766,0.6764705882352942,3.7058823529411766
0005109.jpg,test,2.7058823529411766,0.4264705882352941,2.7058823529411766
0005111.jpg,train,3.3529411764705883,0.5882352941176471,3.3529411764705883
0005113.jpg,train,2.3529411764705883,0.3382352941176471,2.3529411764705883
0005114.jpg,train,3.0,0.5,3.0
0005115.jpg,test,3.764705882352941,0.6911764705882353,3.764705882352941
0005117.jpg,train,3.588235294117647,0.6470588235294118,3.588235294117647
0005119.jpg,train,1.8823529411764703,0.2205882352941175,1.8823529411764703
0005121.jpg,train,3.647058823529412,0.661764705882353,3.647058823529412
0005125.jpg,train,2.9411764705882355,0.4852941176470589,2.9411764705882355
0005126.jpg,train,3.5294117647058822,0.6323529411764706,3.5294117647058822
0005128.jpg,train,3.117647058823529,0.5294117647058822,3.117647058823529
0005129.jpg,train,2.0,0.25,2.0
0005133.jpg,test,3.7058823529411766,0.6764705882352942,3.7058823529411766
0005135.jpg,train,2.9411764705882355,0.4852941176470589,2.9411764705882355
0005136.jpg,val,3.7058823529411766,0.6764705882352942,3.7058823529411766
0005139.jpg,test,3.7058823529411766,0.6764705882352942,3.7058823529411766
0005140.jpg,val,1.4705882352941178,0.1176470588235294,1.4705882352941178
0005141.jpg,train,2.4705882352941178,0.3676470588235294,2.4705882352941178
0005142.jpg,train,2.647058823529412,0.411764705882353,2.647058823529412
0005143.jpg,test,2.8823529411764706,0.4705882352941176,2.8823529411764706
0005145.jpg,train,2.176470588235294,0.2941176470588235,2.176470588235294
0005146.jpg,test,4.0,0.75,4.0
0005147.jpg,train,2.0,0.25,2.0
0005148.jpg,val,2.764705882352941,0.4411764705882353,2.764705882352941
0005149.jpg,train,3.764705882352941,0.6911764705882353,3.764705882352941
0005151.jpg,val,2.764705882352941,0.4411764705882353,2.764705882352941
0005155.jpg,val,3.411764705882353,0.6029411764705882,3.411764705882353
0005156.jpg,train,2.588235294117647,0.3970588235294118,2.588235294117647
0005159.jpg,train,1.5294117647058822,0.1323529411764705,1.5294117647058822
0005160.jpg,train,3.235294117647059,0.5588235294117647,3.235294117647059
0005161.jpg,train,3.235294117647059,0.5588235294117647,3.235294117647059
0005163.jpg,train,2.176470588235294,0.2941176470588235,2.176470588235294
0005164.jpg,train,3.411764705882353,0.6029411764705882,3.411764705882353
0005165.jpg,train,2.294117647058824,0.3235294117647059,2.294117647058824
0005166.jpg,train,2.235294117647059,0.3088235294117647,2.235294117647059
0005168.jpg,train,2.411764705882353,0.3529411764705882,2.411764705882353
0005170.jpg,val,4.176470588235294,0.7941176470588236,4.176470588235294
0005174.jpg,train,3.294117647058824,0.573529411764706,3.294117647058824
0005175.jpg,train,3.647058823529412,0.661764705882353,3.647058823529412
0005176.jpg,test,3.411764705882353,0.6029411764705882,3.411764705882353
0005177.jpg,test,3.3529411764705883,0.5882352941176471,3.3529411764705883
0005178.jpg,train,4.235294117647059,0.8088235294117647,4.235294117647059
0005181.jpg,train,2.588235294117647,0.3970588235294118,2.588235294117647
0005183.jpg,train,2.588235294117647,0.3970588235294118,2.588235294117647
0005186.jpg,train,2.7058823529411766,0.4264705882352941,2.7058823529411766
0005189.jpg,train,3.5294117647058822,0.6323529411764706,3.5294117647058822
0005190.jpg,train,2.9411764705882355,0.4852941176470589,2.9411764705882355
0005192.jpg,train,2.588235294117647,0.3970588235294118,2.588235294117647
0005193.jpg,train,3.3529411764705883,0.5882352941176471,3.3529411764705883
0005194.jpg,train,3.3529411764705883,0.5882352941176471,3.3529411764705883
0005196.jpg,test,2.8823529411764706,0.4705882352941176,2.8823529411764706
0005197.jpg,train,2.8823529411764706,0.4705882352941176,2.8823529411764706
0005198.jpg,val,3.941176470588236,0.735294117647059,3.941176470588236
0005200.jpg,train,3.647058823529412,0.661764705882353,3.647058823529412
0005201.jpg,train,3.235294117647059,0.5588235294117647,3.235294117647059
0005202.jpg,train,3.0588235294117645,0.5147058823529411,3.0588235294117645
0005204.jpg,train,3.117647058823529,0.5294117647058822,3.117647058823529
0005205.jpg,train,3.411764705882353,0.6029411764705882,3.411764705882353
0005206.jpg,train,2.7058823529411766,0.4264705882352941,2.7058823529411766
0005207.jpg,train,2.0,0.25,2.0
0005208.jpg,test,3.176470588235294,0.5441176470588235,3.176470588235294
0005211.jpg,val,2.3529411764705883,0.3382352941176471,2.3529411764705883
0005212.jpg,train,3.5294117647058822,0.6323529411764706,3.5294117647058822
0005215.jpg,train,4.294117647058823,0.8235294117647058,4.294117647058823
0005216.jpg,train,2.9411764705882355,0.4852941176470589,2.9411764705882355
0005217.jpg,train,3.764705882352941,0.6911764705882353,3.764705882352941
0005218.jpg,train,3.4705882352941178,0.6176470588235294,3.4705882352941178
0005220.jpg,val,3.4705882352941178,0.6176470588235294,3.4705882352941178
0005222.jpg,train,2.235294117647059,0.3088235294117647,2.235294117647059
0005223.jpg,test,2.4705882352941178,0.3676470588235294,2.4705882352941178
0005224.jpg,train,2.764705882352941,0.4411764705882353,2.764705882352941
0005226.jpg,train,3.294117647058824,0.573529411764706,3.294117647058824
0005228.jpg,val,2.5294117647058822,0.3823529411764705,2.5294117647058822
0005229.jpg,train,2.294117647058824,0.3235294117647059,2.294117647058824
0005234.jpg,train,2.0,0.25,2.0
0005237.jpg,train,3.882352941176471,0.7205882352941178,3.882352941176471
0005238.jpg,train,2.8823529411764706,0.4705882352941176,2.8823529411764706
0005240.jpg,test,2.294117647058824,0.3235294117647059,2.294117647058824
0005242.jpg,train,2.9411764705882355,0.4852941176470589,2.9411764705882355
0005247.jpg,test,3.4705882352941178,0.6176470588235294,3.4705882352941178
0005248.jpg,val,3.647058823529412,0.661764705882353,3.647058823529412
0005249.jpg,test,3.882352941176471,0.7205882352941178,3.882352941176471
0005250.jpg,train,3.411764705882353,0.6029411764705882,3.411764705882353
0005251.jpg,train,3.0,0.5,3.0
0005252.jpg,test,3.647058823529412,0.661764705882353,3.647058823529412
0005253.jpg,val,2.7058823529411766,0.4264705882352941,2.7058823529411766
0005254.jpg,test,2.9411764705882355,0.4852941176470589,2.9411764705882355
0005256.jpg,train,2.0588235294117645,0.2647058823529411,2.0588235294117645
0005258.jpg,train,2.4705882352941178,0.3676470588235294,2.4705882352941178
0005260.jpg,train,2.176470588235294,0.2941176470588235,2.176470588235294
0005262.jpg,test,3.411764705882353,0.6029411764705882,3.411764705882353
0005263.jpg,train,3.0,0.5,3.0
0005264.jpg,train,3.5294117647058822,0.6323529411764706,3.5294117647058822
0005266.jpg,train,3.588235294117647,0.6470588235294118,3.588235294117647
0005270.jpg,val,2.647058823529412,0.411764705882353,2.647058823529412
0005271.jpg,train,3.5294117647058822,0.6323529411764706,3.5294117647058822
0005272.jpg,train,2.7058823529411766,0.4264705882352941,2.7058823529411766
0005273.jpg,val,1.8235294117647056,0.2058823529411764,1.8235294117647056
0005274.jpg,train,3.235294117647059,0.5588235294117647,3.235294117647059
0005275.jpg,train,2.5294117647058822,0.3823529411764705,2.5294117647058822
0005280.jpg,train,2.588235294117647,0.3970588235294118,2.588235294117647
0005281.jpg,train,3.0588235294117645,0.5147058823529411,3.0588235294117645
0005282.jpg,val,2.9411764705882355,0.4852941176470589,2.9411764705882355
0005284.jpg,val,2.4705882352941178,0.3676470588235294,2.4705882352941178
0005286.jpg,train,3.882352941176471,0.7205882352941178,3.882352941176471
0005287.jpg,test,4.294117647058823,0.8235294117647058,4.294117647058823
0005288.jpg,train,1.6470588235294117,0.1617647058823529,1.6470588235294117
0005289.jpg,test,2.8823529411764706,0.4705882352941176,2.8823529411764706
0005290.jpg,test,2.764705882352941,0.4411764705882353,2.764705882352941
0005293.jpg,train,3.823529411764706,0.7058823529411765,3.823529411764706
0005295.jpg,val,3.117647058823529,0.5294117647058822,3.117647058823529
0005296.jpg,test,1.3529411764705883,0.088235294117647,1.3529411764705883
0005297.jpg,train,3.941176470588236,0.735294117647059,3.941176470588236
0005299.jpg,train,3.176470588235294,0.5441176470588235,3.176470588235294
0005300.jpg,test,4.0588235294117645,0.7647058823529411,4.0588235294117645
0005301.jpg,train,3.7058823529411766,0.6764705882352942,3.7058823529411766
0005302.jpg,train,3.647058823529412,0.661764705882353,3.647058823529412
0005303.jpg,train,2.411764705882353,0.3529411764705882,2.411764705882353
0005304.jpg,train,3.647058823529412,0.661764705882353,3.647058823529412
0005307.jpg,train,3.941176470588236,0.735294117647059,3.941176470588236
0005311.jpg,train,3.117647058823529,0.5294117647058822,3.117647058823529
0005312.jpg,test,3.823529411764706,0.7058823529411765,3.823529411764706
0005313.jpg,val,3.823529411764706,0.7058823529411765,3.823529411764706
0005314.jpg,train,1.6470588235294117,0.1617647058823529,1.6470588235294117
0005315.jpg,test,2.588235294117647,0.3970588235294118,2.588235294117647
0005320.jpg,train,3.941176470588236,0.735294117647059,3.941176470588236
0005323.jpg,train,3.411764705882353,0.6029411764705882,3.411764705882353
0005324.jpg,train,3.647058823529412,0.661764705882353,3.647058823529412
0005326.jpg,train,3.411764705882353,0.6029411764705882,3.411764705882353
0005329.jpg,train,3.117647058823529,0.5294117647058822,3.117647058823529
0005330.jpg,test,3.411764705882353,0.6029411764705882,3.411764705882353
0005333.jpg,val,3.294117647058824,0.573529411764706,3.294117647058824
0005335.jpg,train,3.764705882352941,0.6911764705882353,3.764705882352941
0005336.jpg,val,3.941176470588236,0.735294117647059,3.941176470588236
0005338.jpg,test,4.0,0.75,4.0
0005340.jpg,val,2.4705882352941178,0.3676470588235294,2.4705882352941178
0005341.jpg,train,2.647058823529412,0.411764705882353,2.647058823529412
0005345.jpg,train,2.117647058823529,0.2794117647058822,2.117647058823529
0005347.jpg,train,1.8235294117647056,0.2058823529411764,1.8235294117647056
0005348.jpg,train,3.7058823529411766,0.6764705882352942,3.7058823529411766
0005350.jpg,test,2.9411764705882355,0.4852941176470589,2.9411764705882355
0005351.jpg,train,1.588235294117647,0.1470588235294117,1.588235294117647
0005353.jpg,train,3.5294117647058822,0.6323529411764706,3.5294117647058822
0005354.jpg,train,3.4705882352941178,0.6176470588235294,3.4705882352941178
0005355.jpg,val,2.588235294117647,0.3970588235294118,2.588235294117647
0005356.jpg,val,2.7058823529411766,0.4264705882352941,2.7058823529411766
0005360.jpg,train,3.4705882352941178,0.6176470588235294,3.4705882352941178
0005362.jpg,train,2.0,0.25,2.0
0005363.jpg,train,1.5294117647058822,0.1323529411764705,1.5294117647058822
0005365.jpg,train,2.7058823529411766,0.4264705882352941,2.7058823529411766
0005366.jpg,test,3.235294117647059,0.5588235294117647,3.235294117647059
0005368.jpg,train,2.764705882352941,0.4411764705882353,2.764705882352941
0005369.jpg,train,3.117647058823529,0.5294117647058822,3.117647058823529
0005370.jpg,train,2.7058823529411766,0.4264705882352941,2.7058823529411766
0005371.jpg,train,3.5294117647058822,0.6323529411764706,3.5294117647058822
0005372.jpg,train,2.9411764705882355,0.4852941176470589,2.9411764705882355
0005373.jpg,train,3.588235294117647,0.6470588235294118,3.588235294117647
0005374.jpg,train,3.823529411764706,0.7058823529411765,3.823529411764706
0005376.jpg,train,3.647058823529412,0.661764705882353,3.647058823529412
0005377.jpg,train,2.0,0.25,2.0
0005378.jpg,val,1.9411764705882355,0.2352941176470588,1.9411764705882355
0005379.jpg,train,4.0,0.75,4.0
0005380.jpg,train,4.0,0.75,4.0
0005381.jpg,train,3.4705882352941178,0.6176470588235294,3.4705882352941178
0005382.jpg,test,3.941176470588236,0.735294117647059,3.941176470588236
0005383.jpg,train,2.3529411764705883,0.3382352941176471,2.3529411764705883
0005384.jpg,train,2.0,0.25,2.0
0005385.jpg,train,3.7058823529411766,0.6764705882352942,3.7058823529411766
0005386.jpg,train,3.117647058823529,0.5294117647058822,3.117647058823529
0005388.jpg,train,3.7058823529411766,0.6764705882352942,3.7058823529411766
0005392.jpg,train,4.235294117647059,0.8088235294117647,4.235294117647059
0005393.jpg,train,3.5294117647058822,0.6323529411764706,3.5294117647058822
0005394.jpg,train,3.0,0.5,3.0
0005396.jpg,test,3.411764705882353,0.6029411764705882,3.411764705882353
0005398.jpg,train,4.0,0.75,4.0
0005400.jpg,test,3.117647058823529,0.5294117647058822,3.117647058823529
0005406.jpg,test,3.7058823529411766,0.6764705882352942,3.7058823529411766
0005409.jpg,train,3.823529411764706,0.7058823529411765,3.823529411764706
0005411.jpg,train,2.9411764705882355,0.4852941176470589,2.9411764705882355
0005413.jpg,test,3.7058823529411766,0.6764705882352942,3.7058823529411766
0005414.jpg,test,3.117647058823529,0.5294117647058822,3.117647058823529
0005415.jpg,train,3.5294117647058822,0.6323529411764706,3.5294117647058822
0005416.jpg,train,2.7058823529411766,0.4264705882352941,2.7058823529411766
0005417.jpg,train,2.411764705882353,0.3529411764705882,2.411764705882353
0005418.jpg,train,3.588235294117647,0.6470588235294118,3.588235294117647
0005420.jpg,train,3.647058823529412,0.661764705882353,3.647058823529412
0005423.jpg,train,2.3529411764705883,0.3382352941176471,2.3529411764705883
0005424.jpg,train,4.0,0.75,4.0
0005428.jpg,test,3.882352941176471,0.7205882352941178,3.882352941176471
0005429.jpg,train,3.882352941176471,0.7205882352941178,3.882352941176471
0005431.jpg,test,4.176470588235294,0.7941176470588236,4.176470588235294
0005434.jpg,train,3.176470588235294,0.5441176470588235,3.176470588235294
0005435.jpg,train,3.7058823529411766,0.6764705882352942,3.7058823529411766
0005436.jpg,val,2.117647058823529,0.2794117647058822,2.117647058823529
0005437.jpg,test,2.588235294117647,0.3970588235294118,2.588235294117647
0005438.jpg,train,3.823529411764706,0.7058823529411765,3.823529411764706
0005439.jpg,train,4.0,0.75,4.0
0005444.jpg,train,2.4705882352941178,0.3676470588235294,2.4705882352941178
0005447.jpg,train,3.764705882352941,0.6911764705882353,3.764705882352941
0005448.jpg,train,3.3529411764705883,0.5882352941176471,3.3529411764705883
0005449.jpg,train,3.588235294117647,0.6470588235294118,3.588235294117647
0005454.jpg,val,3.764705882352941,0.6911764705882353,3.764705882352941
0005455.jpg,train,2.764705882352941,0.4411764705882353,2.764705882352941
0005456.jpg,train,3.0588235294117645,0.5147058823529411,3.0588235294117645
0005458.jpg,train,2.9411764705882355,0.4852941176470589,2.9411764705882355
0005459.jpg,train,3.588235294117647,0.6470588235294118,3.588235294117647
0005460.jpg,train,3.941176470588236,0.735294117647059,3.941176470588236
0005461.jpg,train,3.941176470588236,0.735294117647059,3.941176470588236
0005465.jpg,val,3.235294117647059,0.5588235294117647,3.235294117647059
0005468.jpg,train,2.823529411764706,0.4558823529411765,2.823529411764706
0005469.jpg,train,3.647058823529412,0.661764705882353,3.647058823529412
0005470.jpg,train,3.3529411764705883,0.5882352941176471,3.3529411764705883
0005471.jpg,train,2.647058823529412,0.411764705882353,2.647058823529412
0005474.jpg,train,2.176470588235294,0.2941176470588235,2.176470588235294
0005475.jpg,train,2.3529411764705883,0.3382352941176471,2.3529411764705883
0005476.jpg,test,2.0,0.25,2.0
0005479.jpg,train,2.0588235294117645,0.2647058823529411,2.0588235294117645
0005480.jpg,train,2.764705882352941,0.4411764705882353,2.764705882352941
0005481.jpg,train,1.7647058823529411,0.1911764705882352,1.7647058823529411
0005483.jpg,test,2.411764705882353,0.3529411764705882,2.411764705882353
0005484.jpg,val,3.588235294117647,0.6470588235294118,3.588235294117647
0005486.jpg,train,2.9411764705882355,0.4852941176470589,2.9411764705882355
0005487.jpg,test,3.294117647058824,0.573529411764706,3.294117647058824
0005488.jpg,train,3.588235294117647,0.6470588235294118,3.588235294117647
0005491.jpg,train,3.3529411764705883,0.5882352941176471,3.3529411764705883
0005494.jpg,val,2.764705882352941,0.4411764705882353,2.764705882352941
0005495.jpg,val,2.764705882352941,0.4411764705882353,2.764705882352941
0005496.jpg,train,2.647058823529412,0.411764705882353,2.647058823529412
0005498.jpg,test,3.823529411764706,0.7058823529411765,3.823529411764706
0005500.jpg,train,3.882352941176471,0.7205882352941178,3.882352941176471
0005501.jpg,train,3.117647058823529,0.5294117647058822,3.117647058823529
0005502.jpg,train,2.411764705882353,0.3529411764705882,2.411764705882353
0005504.jpg,val,3.4705882352941178,0.6176470588235294,3.4705882352941178
0005506.jpg,val,2.0588235294117645,0.2647058823529411,2.0588235294117645
0005509.jpg,train,3.411764705882353,0.6029411764705882,3.411764705882353
0005510.jpg,val,2.647058823529412,0.411764705882353,2.647058823529412
0005512.jpg,train,1.8235294117647056,0.2058823529411764,1.8235294117647056
0005513.jpg,train,2.8823529411764706,0.4705882352941176,2.8823529411764706
0005516.jpg,train,2.4705882352941178,0.3676470588235294,2.4705882352941178
0005517.jpg,train,1.9411764705882355,0.2352941176470588,1.9411764705882355
0005518.jpg,train,3.294117647058824,0.573529411764706,3.294117647058824
0005519.jpg,val,3.3529411764705883,0.5882352941176471,3.3529411764705883
0005520.jpg,train,3.5294117647058822,0.6323529411764706,3.5294117647058822
0005523.jpg,test,1.9411764705882355,0.2352941176470588,1.9411764705882355
0005524.jpg,val,2.411764705882353,0.3529411764705882,2.411764705882353
0005525.jpg,test,2.0,0.25,2.0
0005526.jpg,train,2.9411764705882355,0.4852941176470589,2.9411764705882355
0005530.jpg,train,3.7058823529411766,0.6764705882352942,3.7058823529411766
0005532.jpg,test,4.117647058823529,0.7794117647058822,4.117647058823529
0005533.jpg,train,2.588235294117647,0.3970588235294118,2.588235294117647
0005534.jpg,train,2.823529411764706,0.4558823529411765,2.823529411764706
0005536.jpg,train,3.235294117647059,0.5588235294117647,3.235294117647059
0005537.jpg,train,2.9411764705882355,0.4852941176470589,2.9411764705882355
0005538.jpg,train,2.588235294117647,0.3970588235294118,2.588235294117647
0005539.jpg,test,3.4705882352941178,0.6176470588235294,3.4705882352941178
0005540.jpg,train,3.235294117647059,0.5588235294117647,3.235294117647059
0005541.jpg,val,4.0588235294117645,0.7647058823529411,4.0588235294117645
0005544.jpg,train,2.8823529411764706,0.4705882352941176,2.8823529411764706
0005545.jpg,val,3.647058823529412,0.661764705882353,3.647058823529412
0005548.jpg,test,3.3529411764705883,0.5882352941176471,3.3529411764705883
0005553.jpg,val,3.588235294117647,0.6470588235294118,3.588235294117647
0005554.jpg,train,3.7058823529411766,0.6764705882352942,3.7058823529411766
0005555.jpg,val,3.941176470588236,0.735294117647059,3.941176470588236
0005556.jpg,train,3.882352941176471,0.7205882352941178,3.882352941176471
0005558.jpg,val,3.7058823529411766,0.6764705882352942,3.7058823529411766
0005559.jpg,train,2.9411764705882355,0.4852941176470589,2.9411764705882355
0005560.jpg,val,3.5294117647058822,0.6323529411764706,3.5294117647058822
0005561.jpg,train,3.294117647058824,0.573529411764706,3.294117647058824
0005562.jpg,train,3.411764705882353,0.6029411764705882,3.411764705882353
0005565.jpg,train,3.7058823529411766,0.6764705882352942,3.7058823529411766
0005566.jpg,val,4.411764705882353,0.8529411764705883,4.411764705882353
0005567.jpg,train,3.588235294117647,0.6470588235294118,3.588235294117647
0005568.jpg,train,3.235294117647059,0.5588235294117647,3.235294117647059
0005569.jpg,train,1.9411764705882355,0.2352941176470588,1.9411764705882355
0005571.jpg,train,2.9411764705882355,0.4852941176470589,2.9411764705882355
0005574.jpg,train,4.294117647058823,0.8235294117647058,4.294117647058823
0005575.jpg,train,4.117647058823529,0.7794117647058822,4.117647058823529
0005576.jpg,test,3.235294117647059,0.5588235294117647,3.235294117647059
0005577.jpg,train,2.588235294117647,0.3970588235294118,2.588235294117647
0005578.jpg,train,2.588235294117647,0.3970588235294118,2.588235294117647
0005579.jpg,val,3.176470588235294,0.5441176470588235,3.176470588235294
0005580.jpg,train,3.0,0.5,3.0
0005582.jpg,val,3.764705882352941,0.6911764705882353,3.764705882352941
0005584.jpg,train,1.7647058823529411,0.1911764705882352,1.7647058823529411
0005586.jpg,train,3.294117647058824,0.573529411764706,3.294117647058824
0005587.jpg,train,2.411764705882353,0.3529411764705882,2.411764705882353
0005588.jpg,train,3.882352941176471,0.7205882352941178,3.882352941176471
0005589.jpg,train,3.3529411764705883,0.5882352941176471,3.3529411764705883
0005590.jpg,test,3.0,0.5,3.0
0005591.jpg,train,2.764705882352941,0.4411764705882353,2.764705882352941
0005592.jpg,val,3.588235294117647,0.6470588235294118,3.588235294117647
0005593.jpg,train,3.294117647058824,0.573529411764706,3.294117647058824
0005594.jpg,train,3.294117647058824,0.573529411764706,3.294117647058824
0005597.jpg,train,3.7058823529411766,0.6764705882352942,3.7058823529411766
0005598.jpg,train,2.764705882352941,0.4411764705882353,2.764705882352941
0005599.jpg,train,3.941176470588236,0.735294117647059,3.941176470588236
0005600.jpg,test,2.588235294117647,0.3970588235294118,2.588235294117647
0005601.jpg,val,3.7058823529411766,0.6764705882352942,3.7058823529411766
0005607.jpg,train,2.647058823529412,0.411764705882353,2.647058823529412
0005610.jpg,test,4.117647058823529,0.7794117647058822,4.117647058823529
0005612.jpg,test,2.4705882352941178,0.3676470588235294,2.4705882352941178
0005613.jpg,train,3.7058823529411766,0.6764705882352942,3.7058823529411766
0005616.jpg,train,3.5294117647058822,0.6323529411764706,3.5294117647058822
0005618.jpg,train,3.764705882352941,0.6911764705882353,3.764705882352941
0005620.jpg,train,2.5294117647058822,0.3823529411764705,2.5294117647058822
0005621.jpg,val,2.117647058823529,0.2794117647058822,2.117647058823529
0005622.jpg,test,2.0,0.25,2.0
0005623.jpg,train,3.176470588235294,0.5441176470588235,3.176470588235294
0005626.jpg,train,2.8823529411764706,0.4705882352941176,2.8823529411764706
0005630.jpg,train,2.823529411764706,0.4558823529411765,2.823529411764706
0005633.jpg,train,3.117647058823529,0.5294117647058822,3.117647058823529
0005634.jpg,train,3.176470588235294,0.5441176470588235,3.176470588235294
0005635.jpg,val,3.235294117647059,0.5588235294117647,3.235294117647059
0005637.jpg,val,3.764705882352941,0.6911764705882353,3.764705882352941
0005639.jpg,train,3.117647058823529,0.5294117647058822,3.117647058823529
0005640.jpg,train,3.7058823529411766,0.6764705882352942,3.7058823529411766
0005641.jpg,train,3.411764705882353,0.6029411764705882,3.411764705882353
0005642.jpg,train,2.3529411764705883,0.3382352941176471,2.3529411764705883
0005644.jpg,train,4.0,0.75,4.0
0005646.jpg,train,3.764705882352941,0.6911764705882353,3.764705882352941
0005650.jpg,val,3.294117647058824,0.573529411764706,3.294117647058824
0005651.jpg,train,3.647058823529412,0.661764705882353,3.647058823529412
0005652.jpg,train,3.235294117647059,0.5588235294117647,3.235294117647059
0005653.jpg,train,1.8823529411764703,0.2205882352941175,1.8823529411764703
0005655.jpg,train,1.9411764705882355,0.2352941176470588,1.9411764705882355
0005658.jpg,train,1.7647058823529411,0.1911764705882352,1.7647058823529411
0005659.jpg,train,3.647058823529412,0.661764705882353,3.647058823529412
0005660.jpg,train,3.764705882352941,0.6911764705882353,3.764705882352941
0005662.jpg,train,3.647058823529412,0.661764705882353,3.647058823529412
0005665.jpg,train,3.7058823529411766,0.6764705882352942,3.7058823529411766
0005666.jpg,train,2.117647058823529,0.2794117647058822,2.117647058823529
0005668.jpg,train,2.588235294117647,0.3970588235294118,2.588235294117647
0005669.jpg,train,3.411764705882353,0.6029411764705882,3.411764705882353
0005670.jpg,val,3.5294117647058822,0.6323529411764706,3.5294117647058822
0005672.jpg,train,3.235294117647059,0.5588235294117647,3.235294117647059
0005673.jpg,val,3.764705882352941,0.6911764705882353,3.764705882352941
0005674.jpg,train,1.9411764705882355,0.2352941176470588,1.9411764705882355
0005675.jpg,train,2.7058823529411766,0.4264705882352941,2.7058823529411766
0005677.jpg,train,4.0,0.75,4.0
0005678.jpg,train,3.5294117647058822,0.6323529411764706,3.5294117647058822
0005679.jpg,test,3.0,0.5,3.0
0005681.jpg,train,1.8823529411764703,0.2205882352941175,1.8823529411764703
0005683.jpg,test,3.235294117647059,0.5588235294117647,3.235294117647059
0005685.jpg,train,3.882352941176471,0.7205882352941178,3.882352941176471
0005686.jpg,train,3.294117647058824,0.573529411764706,3.294117647058824
0005687.jpg,val,3.294117647058824,0.573529411764706,3.294117647058824
0005688.jpg,train,3.0,0.5,3.0
0005690.jpg,train,4.0588235294117645,0.7647058823529411,4.0588235294117645
0005691.jpg,train,2.823529411764706,0.4558823529411765,2.823529411764706
0005692.jpg,test,3.647058823529412,0.661764705882353,3.647058823529412
0005693.jpg,test,4.117647058823529,0.7794117647058822,4.117647058823529
0005695.jpg,train,2.4705882352941178,0.3676470588235294,2.4705882352941178
0005697.jpg,train,3.0,0.5,3.0
0005701.jpg,train,3.941176470588236,0.735294117647059,3.941176470588236
0005702.jpg,test,3.823529411764706,0.7058823529411765,3.823529411764706
0005703.jpg,train,3.0,0.5,3.0
0005706.jpg,train,2.176470588235294,0.2941176470588235,2.176470588235294
0005708.jpg,train,3.294117647058824,0.573529411764706,3.294117647058824
0005709.jpg,train,3.647058823529412,0.661764705882353,3.647058823529412
0005710.jpg,train,3.823529411764706,0.7058823529411765,3.823529411764706
0005711.jpg,train,3.0,0.5,3.0
0005712.jpg,train,3.4705882352941178,0.6176470588235294,3.4705882352941178
0005713.jpg,train,2.3529411764705883,0.3382352941176471,2.3529411764705883
0005716.jpg,train,2.5294117647058822,0.3823529411764705,2.5294117647058822
0005717.jpg,train,3.0,0.5,3.0
0005720.jpg,train,2.235294117647059,0.3088235294117647,2.235294117647059
0005721.jpg,val,3.647058823529412,0.661764705882353,3.647058823529412
0005724.jpg,train,3.176470588235294,0.5441176470588235,3.176470588235294
0005726.jpg,train,3.5294117647058822,0.6323529411764706,3.5294117647058822
0005728.jpg,train,4.117647058823529,0.7794117647058822,4.117647058823529
0005729.jpg,train,4.0588235294117645,0.7647058823529411,4.0588235294117645
0005731.jpg,val,2.647058823529412,0.411764705882353,2.647058823529412
0005732.jpg,val,2.647058823529412,0.411764705882353,2.647058823529412
0005733.jpg,val,2.7058823529411766,0.4264705882352941,2.7058823529411766
0005735.jpg,test,3.4705882352941178,0.6176470588235294,3.4705882352941178
0005736.jpg,train,3.764705882352941,0.6911764705882353,3.764705882352941
0005738.jpg,train,3.0,0.5,3.0
0005739.jpg,train,3.7058823529411766,0.6764705882352942,3.7058823529411766
0005740.jpg,train,3.176470588235294,0.5441176470588235,3.176470588235294
0005741.jpg,train,3.941176470588236,0.735294117647059,3.941176470588236
0005742.jpg,train,4.0,0.75,4.0
0005743.jpg,train,3.4705882352941178,0.6176470588235294,3.4705882352941178
0005745.jpg,val,4.294117647058823,0.8235294117647058,4.294117647058823
0005754.jpg,train,3.411764705882353,0.6029411764705882,3.411764705882353
0005757.jpg,train,2.8823529411764706,0.4705882352941176,2.8823529411764706
0005758.jpg,train,3.4705882352941178,0.6176470588235294,3.4705882352941178
0005759.jpg,test,3.3529411764705883,0.5882352941176471,3.3529411764705883
0005760.jpg,train,2.7058823529411766,0.4264705882352941,2.7058823529411766
0005761.jpg,train,3.5294117647058822,0.6323529411764706,3.5294117647058822
0005763.jpg,train,3.3529411764705883,0.5882352941176471,3.3529411764705883
0005765.jpg,train,1.7647058823529411,0.1911764705882352,1.7647058823529411
0005766.jpg,train,4.0,0.75,4.0
0005768.jpg,train,3.647058823529412,0.661764705882353,3.647058823529412
0005769.jpg,val,3.4705882352941178,0.6176470588235294,3.4705882352941178
0005770.jpg,val,3.3529411764705883,0.5882352941176471,3.3529411764705883
0005771.jpg,train,2.176470588235294,0.2941176470588235,2.176470588235294
0005772.jpg,train,1.6470588235294117,0.1617647058823529,1.6470588235294117
0005774.jpg,train,2.9411764705882355,0.4852941176470589,2.9411764705882355
0005775.jpg,train,2.294117647058824,0.3235294117647059,2.294117647058824
0005777.jpg,test,3.5294117647058822,0.6323529411764706,3.5294117647058822
0005780.jpg,test,3.647058823529412,0.661764705882353,3.647058823529412
0005781.jpg,test,3.647058823529412,0.661764705882353,3.647058823529412
0005784.jpg,train,2.5294117647058822,0.3823529411764705,2.5294117647058822
0005785.jpg,val,2.588235294117647,0.3970588235294118,2.588235294117647
0005789.jpg,train,2.8823529411764706,0.4705882352941176,2.8823529411764706
0005790.jpg,test,3.294117647058824,0.573529411764706,3.294117647058824
0005791.jpg,train,2.7058823529411766,0.4264705882352941,2.7058823529411766
0005792.jpg,test,1.3529411764705883,0.088235294117647,1.3529411764705883
0005794.jpg,train,2.176470588235294,0.2941176470588235,2.176470588235294
0005795.jpg,test,2.411764705882353,0.3529411764705882,2.411764705882353
0005797.jpg,train,3.588235294117647,0.6470588235294118,3.588235294117647
0005799.jpg,val,2.647058823529412,0.411764705882353,2.647058823529412
0005802.jpg,val,2.294117647058824,0.3235294117647059,2.294117647058824
0005803.jpg,train,3.647058823529412,0.661764705882353,3.647058823529412
0005804.jpg,train,3.235294117647059,0.5588235294117647,3.235294117647059
0005805.jpg,train,3.823529411764706,0.7058823529411765,3.823529411764706
0005807.jpg,train,4.0,0.75,4.0
0005809.jpg,train,2.235294117647059,0.3088235294117647,2.235294117647059
0005810.jpg,train,3.411764705882353,0.6029411764705882,3.411764705882353
0005814.jpg,val,3.588235294117647,0.6470588235294118,3.588235294117647
0005818.jpg,val,3.176470588235294,0.5441176470588235,3.176470588235294
0005822.jpg,train,3.647058823529412,0.661764705882353,3.647058823529412
0005823.jpg,train,3.647058823529412,0.661764705882353,3.647058823529412
0005825.jpg,train,3.411764705882353,0.6029411764705882,3.411764705882353
0005826.jpg,train,4.0588235294117645,0.7647058823529411,4.0588235294117645
0005827.jpg,train,2.117647058823529,0.2794117647058822,2.117647058823529
0005828.jpg,train,3.647058823529412,0.661764705882353,3.647058823529412
0005829.jpg,val,1.9411764705882355,0.2352941176470588,1.9411764705882355
0005830.jpg,train,3.294117647058824,0.573529411764706,3.294117647058824
0005832.jpg,test,2.9411764705882355,0.4852941176470589,2.9411764705882355
0005833.jpg,val,4.0588235294117645,0.7647058823529411,4.0588235294117645
0005834.jpg,train,3.7058823529411766,0.6764705882352942,3.7058823529411766
0005835.jpg,train,3.4705882352941178,0.6176470588235294,3.4705882352941178
0005837.jpg,test,3.235294117647059,0.5588235294117647,3.235294117647059
0005838.jpg,test,4.117647058823529,0.7794117647058822,4.117647058823529
0005840.jpg,train,2.4705882352941178,0.3676470588235294,2.4705882352941178
0005841.jpg,val,3.176470588235294,0.5441176470588235,3.176470588235294
0005843.jpg,train,2.8823529411764706,0.4705882352941176,2.8823529411764706
0005844.jpg,test,3.0588235294117645,0.5147058823529411,3.0588235294117645
0005845.jpg,train,1.9411764705882355,0.2352941176470588,1.9411764705882355
0005846.jpg,train,2.4705882352941178,0.3676470588235294,2.4705882352941178
0005848.jpg,val,2.5294117647058822,0.3823529411764705,2.5294117647058822
0005849.jpg,train,3.3529411764705883,0.5882352941176471,3.3529411764705883
0005850.jpg,train,3.647058823529412,0.661764705882353,3.647058823529412
0005853.jpg,train,2.4705882352941178,0.3676470588235294,2.4705882352941178
0005859.jpg,train,2.823529411764706,0.4558823529411765,2.823529411764706
0005861.jpg,val,3.5294117647058822,0.6323529411764706,3.5294117647058822
0005862.jpg,train,2.823529411764706,0.4558823529411765,2.823529411764706
0005863.jpg,train,4.176470588235294,0.7941176470588236,4.176470588235294
0005865.jpg,train,3.3529411764705883,0.5882352941176471,3.3529411764705883
0005867.jpg,train,3.941176470588236,0.735294117647059,3.941176470588236
0005868.jpg,train,3.117647058823529,0.5294117647058822,3.117647058823529
0005869.jpg,test,2.4705882352941178,0.3676470588235294,2.4705882352941178
0005870.jpg,test,2.235294117647059,0.3088235294117647,2.235294117647059
0005871.jpg,val,2.764705882352941,0.4411764705882353,2.764705882352941
0005872.jpg,train,2.235294117647059,0.3088235294117647,2.235294117647059
0005873.jpg,train,3.411764705882353,0.6029411764705882,3.411764705882353
0005876.jpg,train,2.764705882352941,0.4411764705882353,2.764705882352941
0005877.jpg,val,2.588235294117647,0.3970588235294118,2.588235294117647
0005878.jpg,train,2.411764705882353,0.3529411764705882,2.411764705882353
0005879.jpg,train,3.411764705882353,0.6029411764705882,3.411764705882353
0005880.jpg,train,2.176470588235294,0.2941176470588235,2.176470588235294
0005883.jpg,test,2.823529411764706,0.4558823529411765,2.823529411764706
0005884.jpg,train,3.3529411764705883,0.5882352941176471,3.3529411764705883
0005886.jpg,train,2.411764705882353,0.3529411764705882,2.411764705882353
0005888.jpg,test,3.941176470588236,0.735294117647059,3.941176470588236
0005889.jpg,train,3.294117647058824,0.573529411764706,3.294117647058824
0005890.jpg,train,3.823529411764706,0.7058823529411765,3.823529411764706
0005891.jpg,test,3.588235294117647,0.6470588235294118,3.588235294117647
0005892.jpg,test,2.7058823529411766,0.4264705882352941,2.7058823529411766
0005893.jpg,train,3.882352941176471,0.7205882352941178,3.882352941176471
0005894.jpg,train,3.941176470588236,0.735294117647059,3.941176470588236
0005896.jpg,val,2.823529411764706,0.4558823529411765,2.823529411764706
0005897.jpg,train,2.588235294117647,0.3970588235294118,2.588235294117647
0005898.jpg,train,2.7058823529411766,0.4264705882352941,2.7058823529411766
0005900.jpg,train,3.117647058823529,0.5294117647058822,3.117647058823529
0005901.jpg,train,2.764705882352941,0.4411764705882353,2.764705882352941
0005904.jpg,train,2.0,0.25,2.0
0005905.jpg,train,2.5294117647058822,0.3823529411764705,2.5294117647058822
0005906.jpg,train,2.588235294117647,0.3970588235294118,2.588235294117647
0005907.jpg,train,3.5294117647058822,0.6323529411764706,3.5294117647058822
0005908.jpg,train,2.647058823529412,0.411764705882353,2.647058823529412
0005909.jpg,train,2.7058823529411766,0.4264705882352941,2.7058823529411766
0005911.jpg,train,3.176470588235294,0.5441176470588235,3.176470588235294
0005912.jpg,train,2.647058823529412,0.411764705882353,2.647058823529412
0005914.jpg,train,3.117647058823529,0.5294117647058822,3.117647058823529
0005915.jpg,train,3.0588235294117645,0.5147058823529411,3.0588235294117645
0005916.jpg,test,1.411764705882353,0.1029411764705882,1.411764705882353
0005919.jpg,train,3.941176470588236,0.735294117647059,3.941176470588236
0005920.jpg,val,2.176470588235294,0.2941176470588235,2.176470588235294
0005921.jpg,train,2.764705882352941,0.4411764705882353,2.764705882352941
0005924.jpg,train,3.588235294117647,0.6470588235294118,3.588235294117647
0005926.jpg,train,4.235294117647059,0.8088235294117647,4.235294117647059
0005928.jpg,train,4.117647058823529,0.7794117647058822,4.117647058823529
0005929.jpg,train,3.7058823529411766,0.6764705882352942,3.7058823529411766
0005931.jpg,test,3.7058823529411766,0.6764705882352942,3.7058823529411766
0005933.jpg,train,3.3529411764705883,0.5882352941176471,3.3529411764705883
0005934.jpg,test,3.235294117647059,0.5588235294117647,3.235294117647059
0005935.jpg,train,2.823529411764706,0.4558823529411765,2.823529411764706
0005936.jpg,train,2.9411764705882355,0.4852941176470589,2.9411764705882355
0005937.jpg,train,2.4705882352941178,0.3676470588235294,2.4705882352941178
0005938.jpg,train,4.117647058823529,0.7794117647058822,4.117647058823529
0005939.jpg,train,3.0588235294117645,0.5147058823529411,3.0588235294117645
0005940.jpg,train,2.7058823529411766,0.4264705882352941,2.7058823529411766
0005941.jpg,test,2.294117647058824,0.3235294117647059,2.294117647058824
0005943.jpg,train,2.588235294117647,0.3970588235294118,2.588235294117647
0005945.jpg,train,3.823529411764706,0.7058823529411765,3.823529411764706
0005946.jpg,test,2.9411764705882355,0.4852941176470589,2.9411764705882355
0005948.jpg,train,2.823529411764706,0.4558823529411765,2.823529411764706
0005950.jpg,train,3.941176470588236,0.735294117647059,3.941176470588236
0005953.jpg,train,3.117647058823529,0.5294117647058822,3.117647058823529
0005955.jpg,train,3.823529411764706,0.7058823529411765,3.823529411764706
0005956.jpg,train,3.941176470588236,0.735294117647059,3.941176470588236
0005957.jpg,train,2.764705882352941,0.4411764705882353,2.764705882352941
0005959.jpg,train,2.5294117647058822,0.3823529411764705,2.5294117647058822
0005964.jpg,test,2.647058823529412,0.411764705882353,2.647058823529412
0005965.jpg,val,2.411764705882353,0.3529411764705882,2.411764705882353
0005968.jpg,train,3.294117647058824,0.573529411764706,3.294117647058824
0005969.jpg,train,3.235294117647059,0.5588235294117647,3.235294117647059
0005970.jpg,test,2.823529411764706,0.4558823529411765,2.823529411764706
0005972.jpg,train,3.588235294117647,0.6470588235294118,3.588235294117647
0005973.jpg,val,2.3529411764705883,0.3382352941176471,2.3529411764705883
0005975.jpg,val,2.411764705882353,0.3529411764705882,2.411764705882353
0005977.jpg,test,3.588235294117647,0.6470588235294118,3.588235294117647
0005978.jpg,train,2.647058823529412,0.411764705882353,2.647058823529412
0005979.jpg,test,3.3529411764705883,0.5882352941176471,3.3529411764705883
0005980.jpg,test,3.7058823529411766,0.6764705882352942,3.7058823529411766
0005983.jpg,train,3.0,0.5,3.0
0005984.jpg,train,4.0,0.75,4.0
0005985.jpg,train,3.5294117647058822,0.6323529411764706,3.5294117647058822
0005987.jpg,train,2.764705882352941,0.4411764705882353,2.764705882352941
0005988.jpg,train,1.9411764705882355,0.2352941176470588,1.9411764705882355
0005990.jpg,train,2.117647058823529,0.2794117647058822,2.117647058823529
0005991.jpg,train,3.7058823529411766,0.6764705882352942,3.7058823529411766
0005994.jpg,train,3.5294117647058822,0.6323529411764706,3.5294117647058822
0006000.jpg,train,2.411764705882353,0.3529411764705882,2.411764705882353
