image_id,split,native_score,quality_score,mos
I01_01_01.png,train,4.57,0.9083969465648856,4.633587786259543
I01_01_02.png,train,4.33,0.8473282442748092,4.389312977099237
I01_01_03.png,train,2.67,0.4249363867684478,2.699745547073792
I01_01_04.png,train,1.67,0.1704834605597964,1.681933842239186
I01_01_05.png,train,1.1,0.0254452926208651,1.1017811704834606
I01_02_01.png,train,3.83,0.7201017811704835,3.880407124681934
I01_02_02.png,train,2.27,0.3231552162849873,2.2926208651399493
I01_02_03.png,train,1.53,0.1348600508905852,1.5394402035623411
I01_02_04.png,train,1.23,0.0585241730279898,1.2340966921119594
I01_02_05.png,train,1.2,0.0508905852417302,1.2035623409669212
I01_03_01.png,train,4.73,0.94910941475827,4.79643765903308
I01_03_02.png,train,3.97,0.7557251908396948,4.022900763358779
I01_03_03.png,train,2.7,0.4325699745547074,2.73027989821883
I01_03_04.png,train,2.03,0.2620865139949109,2.048346055979644
I01_03_05.png,train,1.5,0.1272264631043257,1.508905852417303
I01_04_01.png,train,4.73,0.94910941475827,4.79643765903308
I01_04_02.png,train,2.17,0.2977099236641221,2.1908396946564883
I01_04_03.png,train,1.37,0.094147582697201,1.376590330788804
I01_04_04.png,train,1.5,0.1272264631043257,1.508905852417303
I01_04_05.png,train,1.47,0.1195928753180661,1.478371501272265
I01_05_01.png,train,4.0,0.7633587786259542,4.0534351145038165
I01_05_02.png,train,2.2,0.3053435114503817,2.221374045801527
I01_05_03.png,train,1.57,0.1450381679389313,1.5801526717557253
I01_05_04.png,train,1.33,0.0839694656488549,1.33587786259542
I01_05_05.png,train,1.6,0.1526717557251908,1.6106870229007637
I01_06_01.png,train,4.23,0.8218829516539442,4.287531806615776
I01_06_02.png,train,4.4,0.8651399491094149,4.46055979643766
I01_06_03.png,train,3.9,0.7379134860050891,3.951653944020357
I01_06_04.png,train,2.9,0.4834605597964376,2.9338422391857506
I01_06_05.png,train,2.27,0.3231552162849873,2.2926208651399493
I01_07_01.png,train,2.73,0.4402035623409669,2.760814249363868
I01_07_02.png,train,2.5,0.3816793893129771,2.5267175572519083
I01_07_03.png,train,2.27,0.3231552162849873,2.2926208651399493
I01_07_04.png,train,2.47,0.3740458015267176,2.4961832061068705
I01_07_05.png,train,2.2,0.3053435114503817,2.221374045801527
I01_08_01.png,train,4.7,0.9414758269720104,4.765903307888041
I01_08_02.png,train,3.77,0.7048346055979644,3.8193384223918576
I01_08_03.png,train,2.73,0.4402035623409669,2.760814249363868
I01_08_04.png,train,1.97,0.2468193384223918,1.987277353689568
I01_08_05.png,train,1.67,0.1704834605597964,1.681933842239186
I01_09_01.png,train,4.6,0.916030534351145,4.66412213740458
I01_09_02.png,train,4.67,0.9338422391857508,4.735368956743002
I01_09_03.png,train,4.4,0.8651399491094149,4.46055979643766
I01_09_04.png,train,2.9,0.4834605597964376,2.9338422391857506
I01_09_05.png,train,1.37,0.094147582697201,1.376590330788804
I01_10_01.png,train,4.37,0.8575063613231553,4.430025445292621
I01_10_02.png,train,3.93,0.7455470737913487,3.982188295165394
I01_10_03.png,train,3.77,0.7048346055979644,3.8193384223918576
I01_10_04.png,train,1.58,0.1475826972010178,1.5903307888040714
I01_10_05.png,train,1.17,0.0432569974554707,1.173027989821883
I01_11_01.png,train,4.03,0.7709923664122139,4.083969465648856
I01_11_02.png,train,3.27,0.5776081424936387,3.3104325699745547
I01_11_03.png,train,2.67,0.4249363867684478,2.699745547073792
I01_11_04.png,train,2.27,0.3231552162849873,2.2926208651399493
I01_11_05.png,train,2.37,0.3486005089058525,2.39440203562341
I01_12_01.png,train,4.43,0.8727735368956743,4.491094147582697
I01_12_02.png,train,3.7,0.6870229007633589,3.748091603053436
I01_12_03.png,train,2.77,0.450381679389313,2.801526717557252
I01_12_04.png,train,2.37,0.3486005089058525,2.39440203562341
I01_12_05.png,train,1.97,0.2468193384223918,1.987277353689568
I01_13_01.png,train,3.67,0.6793893129770993,3.717557251908397
I01_13_02.png,train,2.87,0.4758269720101782,2.903307888040713
I01_13_03.png,train,2.6,0.4071246819338422,2.6284987277353693
I01_13_04.png,train,2.07,0.272264631043257,2.089058524173028
I01_13_05.png,train,2.03,0.2620865139949109,2.048346055979644
I01_14_01.png,train,4.57,0.9083969465648856,4.633587786259543
I01_14_02.png,train,3.57,0.6539440203562341,3.615776081424937
I01_14_03.png,train,3.13,0.5419847328244275,3.16793893129771
I01_14_04.png,train,2.5,0.3816793893129771,2.5267175572519083
I01_14_05.png,train,2.27,0.3231552162849873,2.2926208651399493
I01_15_01.png,train,3.57,0.6539440203562341,3.615776081424937
I01_15_02.png,train,2.63,0.4147582697201017,2.659033078880407
I01_15_03.png,train,1.77,0.1959287531806616,1.7837150127226464
I01_15_04.png,train,1.4,0.1017811704834605,1.407124681933842
I01_15_05.png,train,1.33,0.0839694656488549,1.33587786259542
I01_16_01.png,train,4.37,0.8575063613231553,4.430025445292621
I01_16_02.png,train,4.47,0.8829516539440203,4.531806615776081
I01_16_03.png,train,3.94,0.7480916030534351,3.992366412213741
I01_16_04.png,train,3.17,0.5521628498727735,3.208651399491094
I01_16_05.png,train,2.18,0.3002544529262087,2.201017811704835
I01_17_01.png,train,4.5,0.89058524173028,4.56234096692112
I01_17_02.png,train,4.57,0.9083969465648856,4.633587786259543
I01_17_03.png,train,4.33,0.8473282442748092,4.389312977099237
I01_17_04.png,train,3.4,0.6106870229007634,3.442748091603053
I01_17_05.png,train,2.13,0.2875318066157761,2.1501272264631046
I01_18_01.png,train,4.5,0.89058524173028,4.56234096692112
I01_18_02.png,train,4.57,0.9083969465648856,4.633587786259543
I01_18_03.png,train,4.57,0.9083969465648856,4.633587786259543
I01_18_04.png,train,4.37,0.8575063613231553,4.430025445292621
I01_18_05.png,train,3.97,0.7557251908396948,4.022900763358779
I01_19_01.png,train,4.53,0.8982188295165395,4.592875318066158
I01_19_02.png,train,3.93,0.7455470737913487,3.982188295165394
I01_19_03.png,train,2.77,0.450381679389313,2.801526717557252
I01_19_04.png,train,1.53,0.1348600508905852,1.5394402035623411
I01_19_05.png,train,1.37,0.094147582697201,1.376590330788804
I01_20_01.png,train,4.53,0.8982188295165395,4.592875318066158
I01_20_02.png,train,3.9,0.7379134860050891,3.951653944020357
I01_20_03.png,train,4.0,0.7633587786259542,4.0534351145038165
I01_20_04.png,train,3.33,0.5928753180661578,3.371501272264631
I01_20_05.png,train,3.23,0.5674300254452926,3.2697201017811706
I01_21_01.png,train,3.37,0.6030534351145039,3.412213740458016
I01_21_02.png,train,2.57,0.3994910941475826,2.59796437659033
I01_21_03.png,train,2.03,0.2620865139949109,2.048346055979644
I01_21_04.png,train,2.13,0.2875318066157761,2.1501272264631046
I01_21_05.png,train,1.43,0.1094147582697201,1.4376590330788803
I01_22_01.png,train,4.63,0.9236641221374048,4.694656488549619
I01_22_02.png,train,4.0,0.7633587786259542,4.0534351145038165
I01_22_03.png,train,4.0,0.7633587786259542,4.0534351145038165
I01_22_04.png,train,3.2,0.5597964376590332,3.239185750636133
I01_22_05.png,train,2.2,0.3053435114503817,2.221374045801527
I01_23_01.png,train,2.73,0.4402035623409669,2.760814249363868
I01_23_02.png,train,2.17,0.2977099236641221,2.1908396946564883
I01_23_03.png,train,2.2,0.3053435114503817,2.221374045801527
I01_23_04.png,train,2.37,0.3486005089058525,2.39440203562341
I01_23_05.png,train,1.57,0.1450381679389313,1.5801526717557253
I01_24_01.png,train,3.57,0.6539440203562341,3.615776081424937
I01_24_02.png,train,2.5,0.3816793893129771,2.5267175572519083
I01_24_03.png,train,1.87,0.2213740458015267,1.885496183206107
I01_24_04.png,train,1.6,0.1526717557251908,1.6106870229007637
I01_24_05.png,train,1.4,0.1017811704834605,1.407124681933842
I01_25_01.png,train,3.43,0.6183206106870229,3.473282442748092
I01_25_02.png,train,3.87,0.7302798982188295,3.921119592875318
I01_25_03.png,train,4.26,0.8295165394402035,4.318066157760814
I01_25_04.png,train,4.17,0.806615776081425,4.2264631043257
I01_25_05.png,train,3.27,0.5776081424936387,3.3104325699745547
I02_01_01.png,train,4.5,0.89058524173028,4.56234096692112
I02_01_02.png,train,4.17,0.806615776081425,4.2264631043257
I02_01_03.png,train,2.07,0.272264631043257,2.089058524173028
I02_01_04.png,train,1.57,0.1450381679389313,1.5801526717557253
I02_01_05.png,train,1.27,0.0687022900763358,1.2748091603053435
I02_02_01.png,train,3.2,0.5597964376590332,3.239185750636133
I02_02_02.png,train,2.27,0.3231552162849873,2.2926208651399493
I02_02_03.png,train,1.57,0.1450381679389313,1.5801526717557253
I02_02_04.png,train,1.17,0.0432569974554707,1.173027989821883
I02_02_05.png,train,1.0,0.0,1.0
I02_03_01.png,train,4.6,0.916030534351145,4.66412213740458
I02_03_02.png,train,3.77,0.7048346055979644,3.8193384223918576
I02_03_03.png,train,2.33,0.3384223918575064,2.3536895674300258
I02_03_04.png,train,1.8,0.2035623409669211,1.8142493638676849
I02_03_05.png,train,1.2,0.0508905852417302,1.2035623409669212
I02_04_01.png,train,4.3,0.8396946564885497,4.358778625954199
I02_04_02.png,train,2.67,0.4249363867684478,2.699745547073792
I02_04_03.png,train,1.87,0.2213740458015267,1.885496183206107
I02_04_04.png,train,1.77,0.1959287531806616,1.7837150127226464
I02_04_05.png,train,1.53,0.1348600508905852,1.5394402035623411
I02_05_01.png,train,3.77,0.7048346055979644,3.8193384223918576
I02_05_02.png,train,1.8,0.2035623409669211,1.8142493638676849
I02_05_03.png,train,1.33,0.0839694656488549,1.33587786259542
I02_05_04.png,train,1.37,0.094147582697201,1.376590330788804
I02_05_05.png,train,1.47,0.1195928753180661,1.478371501272265
I02_06_01.png,train,4.2,0.8142493638676845,4.256997455470739
I02_06_02.png,train,4.07,0.78117048346056,4.12468193384224
I02_06_03.png,train,3.97,0.7557251908396948,4.022900763358779
I02_06_04.png,train,3.7,0.6870229007633589,3.748091603053436
I02_06_05.png,train,2.63,0.4147582697201017,2.659033078880407
I02_07_01.png,train,2.47,0.3740458015267176,2.4961832061068705
I02_07_02.png,train,2.37,0.3486005089058525,2.39440203562341
I02_07_03.png,train,2.06,0.2697201017811705,2.0788804071246823
I02_07_04.png,train,1.97,0.2468193384223918,1.987277353689568
I02_07_05.png,train,1.53,0.1348600508905852,1.5394402035623411
I02_08_01.png,train,4.4,0.8651399491094149,4.46055979643766
I02_08_02.png,train,3.4,0.6106870229007634,3.442748091603053
I02_08_03.png,train,3.06,0.5241730279898219,3.096692111959288
I02_08_04.png,train,1.97,0.2468193384223918,1.987277353689568
I02_08_05.png,train,1.37,0.094147582697201,1.376590330788804
I02_09_01.png,train,4.57,0.9083969465648856,4.633587786259543
I02_09_02.png,train,3.73,0.6946564885496184,3.7786259541984735
I02_09_03.png,train,3.07,0.5267175572519084,3.106870229007633
I02_09_04.png,train,1.53,0.1348600508905852,1.5394402035623411
I02_09_05.png,train,1.27,0.0687022900763358,1.2748091603053435
I02_10_01.png,train,4.6,0.916030534351145,4.66412213740458
I02_10_02.png,train,4.33,0.8473282442748092,4.389312977099237
I02_10_03.png,train,4.13,0.796437659033079,4.185750636132315
I02_10_04.png,train,2.6,0.4071246819338422,2.6284987277353693
I02_10_05.png,train,1.6,0.1526717557251908,1.6106870229007637
I02_11_01.png,train,4.27,0.83206106870229,4.32824427480916
I02_11_02.png,train,3.7,0.6870229007633589,3.748091603053436
I02_11_03.png,train,3.4,0.6106870229007634,3.442748091603053
I02_11_04.png,train,2.73,0.4402035623409669,2.760814249363868
I02_11_05.png,train,2.3,0.3307888040712468,2.323155216284987
I02_12_01.png,train,4.63,0.9236641221374048,4.694656488549619
I02_12_02.png,train,4.06,0.7786259541984732,4.114503816793893
I02_12_03.png,train,3.67,0.6793893129770993,3.717557251908397
I02_12_04.png,train,2.6,0.4071246819338422,2.6284987277353693
I02_12_05.png,train,2.37,0.3486005089058525,2.39440203562341
I02_13_01.png,train,4.2,0.8142493638676845,4.256997455470739
I02_13_02.png,train,3.33,0.5928753180661578,3.371501272264631
I02_13_03.png,train,2.73,0.4402035623409669,2.760814249363868
I02_13_04.png,train,2.53,0.3893129770992366,2.5572519083969465
I02_13_05.png,train,1.97,0.2468193384223918,1.987277353689568
I02_14_01.png,train,4.33,0.8473282442748092,4.389312977099237
I02_14_02.png,train,3.37,0.6030534351145039,3.412213740458016
I02_14_03.png,train,2.7,0.4325699745547074,2.73027989821883
I02_14_04.png,train,2.33,0.3384223918575064,2.3536895674300258
I02_14_05.png,train,2.0,0.2544529262086514,2.017811704834606
I02_15_01.png,train,3.57,0.6539440203562341,3.615776081424937
I02_15_02.png,train,2.77,0.450381679389313,2.801526717557252
I02_15_03.png,train,2.03,0.2620865139949109,2.048346055979644
I02_15_04.png,train,1.5,0.1272264631043257,1.508905852417303
I02_15_05.png,train,1.5,0.1272264631043257,1.508905852417303
I02_16_01.png,train,4.4,0.8651399491094149,4.46055979643766
I02_16_02.png,train,4.4,0.8651399491094149,4.46055979643766
I02_16_03.png,train,3.77,0.7048346055979644,3.8193384223918576
I02_16_04.png,train,2.9,0.4834605597964376,2.9338422391857506
I02_16_05.png,train,1.83,0.2111959287531807,1.8447837150127229
I02_17_01.png,train,4.5,0.89058524173028,4.56234096692112
I02_17_02.png,train,4.63,0.9236641221374048,4.694656488549619
I02_17_03.png,train,4.33,0.8473282442748092,4.389312977099237
I02_17_04.png,train,3.63,0.6692111959287532,3.676844783715013
I02_17_05.png,train,1.9,0.2290076335877862,1.916030534351145
I02_18_01.png,train,4.13,0.796437659033079,4.185750636132315
I02_18_02.png,train,4.63,0.9236641221374048,4.694656488549619
I02_18_03.png,train,4.73,0.94910941475827,4.79643765903308
I02_18_04.png,train,4.33,0.8473282442748092,4.389312977099237
I02_18_05.png,train,4.03,0.7709923664122139,4.083969465648856
I02_19_01.png,train,4.17,0.806615776081425,4.2264631043257
I02_19_02.png,train,4.0,0.7633587786259542,4.0534351145038165
I02_19_03.png,train,3.23,0.5674300254452926,3.2697201017811706
I02_19_04.png,train,1.57,0.1450381679389313,1.5801526717557253
I02_19_05.png,train,1.3,0.0763358778625954,1.3053435114503815
I02_20_01.png,train,4.5,0.89058524173028,4.56234096692112
I02_20_02.png,train,4.47,0.8829516539440203,4.531806615776081
I02_20_03.png,train,4.4,0.8651399491094149,4.46055979643766
I02_20_04.png,train,3.83,0.7201017811704835,3.880407124681934
I02_20_05.png,train,4.4,0.8651399491094149,4.46055979643766
I02_21_01.png,train,4.2,0.8142493638676845,4.256997455470739
I02_21_02.png,train,3.23,0.5674300254452926,3.2697201017811706
I02_21_03.png,train,3.13,0.5419847328244275,3.16793893129771
I02_21_04.png,train,2.67,0.4249363867684478,2.699745547073792
I02_21_05.png,train,1.37,0.094147582697201,1.376590330788804
I02_22_01.png,train,4.73,0.94910941475827,4.79643765903308
I02_22_02.png,train,4.26,0.8295165394402035,4.318066157760814
I02_22_03.png,train,4.4,0.8651399491094149,4.46055979643766
I02_22_04.png,train,3.93,0.7455470737913487,3.982188295165394
I02_22_05.png,train,3.2,0.5597964376590332,3.239185750636133
I02_23_01.png,train,2.1,0.2798982188295166,2.1195928753180664
I02_23_02.png,train,2.7,0.4325699745547074,2.73027989821883
I02_23_03.png,train,2.27,0.3231552162849873,2.2926208651399493
I02_23_04.png,train,2.2,0.3053435114503817,2.221374045801527
I02_23_05.png,train,2.07,0.272264631043257,2.089058524173028
I02_24_01.png,train,3.07,0.5267175572519084,3.106870229007633
I02_24_02.png,train,1.93,0.2366412213740458,1.9465648854961832
I02_24_03.png,train,1.47,0.1195928753180661,1.478371501272265
I02_24_04.png,train,1.23,0.0585241730279898,1.2340966921119594
I02_24_05.png,train,1.2,0.0508905852417302,1.2035623409669212
I02_25_01.png,train,3.37,0.6030534351145039,3.412213740458016
I02_25_02.png,train,3.7,0.6870229007633589,3.748091603053436
I02_25_03.png,train,4.27,0.83206106870229,4.32824427480916
I02_25_04.png,train,4.1,0.7888040712468193,4.155216284987278
I02_25_05.png,train,3.33,0.5928753180661578,3.371501272264631
I03_01_01.png,train,4.7,0.9414758269720104,4.765903307888041
I03_01_02.png,train,4.63,0.9236641221374048,4.694656488549619
I03_01_03.png,train,3.0,0.5089058524173028,3.035623409669211
I03_01_04.png,train,1.83,0.2111959287531807,1.8447837150127229
I03_01_05.png,train,1.17,0.0432569974554707,1.173027989821883
I03_02_01.png,train,4.03,0.7709923664122139,4.083969465648856
I03_02_02.png,train,2.7,0.4325699745547074,2.73027989821883
I03_02_03.png,train,1.7,0.178117048346056,1.712468193384224
I03_02_04.png,train,1.47,0.1195928753180661,1.478371501272265
I03_02_05.png,train,1.23,0.0585241730279898,1.2340966921119594
I03_03_01.png,train,4.6,0.916030534351145,4.66412213740458
I03_03_02.png,train,4.37,0.8575063613231553,4.430025445292621
I03_03_03.png,train,2.93,0.4910941475826972,2.9643765903307893
I03_03_04.png,train,2.23,0.3129770992366412,2.2519083969465647
I03_03_05.png,train,1.63,0.1603053435114503,1.6412213740458017
I03_04_01.png,train,4.6,0.916030534351145,4.66412213740458
I03_04_02.png,train,2.9,0.4834605597964376,2.9338422391857506
I03_04_03.png,train,1.53,0.1348600508905852,1.5394402035623411
I03_04_04.png,train,1.2,0.0508905852417302,1.2035623409669212
I03_04_05.png,train,1.1,0.0254452926208651,1.1017811704834606
I03_05_01.png,train,4.78,0.9618320610687024,4.847328244274809
I03_05_02.png,train,2.65,0.4198473282442748,2.6793893129771
I03_05_03.png,train,2.0,0.2544529262086514,2.017811704834606
I03_05_04.png,train,1.87,0.2213740458015267,1.885496183206107
I03_05_05.png,train,2.23,0.3129770992366412,2.2519083969465647
I03_06_01.png,train,4.0,0.7633587786259542,4.0534351145038165
I03_06_02.png,train,3.8,0.712468193384224,3.849872773536896
I03_06_03.png,train,3.33,0.5928753180661578,3.371501272264631
I03_06_04.png,train,2.83,0.4656488549618321,2.862595419847328
I03_06_05.png,train,1.77,0.1959287531806616,1.7837150127226464
I03_07_01.png,train,2.37,0.3486005089058525,2.39440203562341
I03_07_02.png,train,1.67,0.1704834605597964,1.681933842239186
I03_07_03.png,train,1.43,0.1094147582697201,1.4376590330788803
I03_07_04.png,train,1.53,0.1348600508905852,1.5394402035623411
I03_07_05.png,train,1.47,0.1195928753180661,1.478371501272265
I03_08_01.png,train,4.53,0.8982188295165395,4.592875318066158
I03_08_02.png,train,3.13,0.5419847328244275,3.16793893129771
I03_08_03.png,train,2.47,0.3740458015267176,2.4961832061068705
I03_08_04.png,train,1.37,0.094147582697201,1.376590330788804
I03_08_05.png,train,1.23,0.0585241730279898,1.2340966921119594
I03_09_01.png,train,4.4,0.8651399491094149,4.46055979643766
I03_09_02.png,train,3.6,0.6615776081424937,3.646310432569975
I03_09_03.png,train,3.1,0.534351145038168,3.137404580152672
I03_09_04.png,train,1.77,0.1959287531806616,1.7837150127226464
I03_09_05.png,train,1.1,0.0254452926208651,1.1017811704834606
I03_10_01.png,train,4.47,0.8829516539440203,4.531806615776081
I03_10_02.png,train,4.17,0.806615776081425,4.2264631043257
I03_10_03.png,train,3.7,0.6870229007633589,3.748091603053436
I03_10_04.png,train,2.23,0.3129770992366412,2.2519083969465647
I03_10_05.png,train,1.53,0.1348600508905852,1.5394402035623411
I03_11_01.png,train,3.97,0.7557251908396948,4.022900763358779
I03_11_02.png,train,3.6,0.6615776081424937,3.646310432569975
I03_11_03.png,train,3.27,0.5776081424936387,3.3104325699745547
I03_11_04.png,train,2.93,0.4910941475826972,2.9643765903307893
I03_11_05.png,train,2.5,0.3816793893129771,2.5267175572519083
I03_12_01.png,train,4.57,0.9083969465648856,4.633587786259543
I03_12_02.png,train,3.87,0.7302798982188295,3.921119592875318
I03_12_03.png,train,3.17,0.5521628498727735,3.208651399491094
I03_12_04.png,train,2.9,0.4834605597964376,2.9338422391857506
I03_12_05.png,train,2.6,0.4071246819338422,2.6284987277353693
I03_13_01.png,train,4.4,0.8651399491094149,4.46055979643766
I03_13_02.png,train,3.57,0.6539440203562341,3.615776081424937
I03_13_03.png,train,2.83,0.4656488549618321,2.862595419847328
I03_13_04.png,train,2.3,0.3307888040712468,2.323155216284987
I03_13_05.png,train,2.4,0.356234096692112,2.424936386768448
I03_14_01.png,train,4.4,0.8651399491094149,4.46055979643766
I03_14_02.png,train,3.5,0.6361323155216285,3.544529262086514
I03_14_03.png,train,3.03,0.5165394402035624,3.0661577608142494
I03_14_04.png,train,2.53,0.3893129770992366,2.5572519083969465
I03_14_05.png,train,2.17,0.2977099236641221,2.1908396946564883
I03_15_01.png,train,4.13,0.796437659033079,4.185750636132315
I03_15_02.png,train,3.3,0.5852417302798982,3.340966921119593
I03_15_03.png,train,2.53,0.3893129770992366,2.5572519083969465
I03_15_04.png,train,1.9,0.2290076335877862,1.916030534351145
I03_15_05.png,train,1.43,0.1094147582697201,1.4376590330788803
I03_16_01.png,train,4.37,0.8575063613231553,4.430025445292621
I03_16_02.png,train,4.27,0.83206106870229,4.32824427480916
I03_16_03.png,train,2.87,0.4758269720101782,2.903307888040713
I03_16_04.png,train,2.3,0.3307888040712468,2.323155216284987
I03_16_05.png,train,1.4,0.1017811704834605,1.407124681933842
I03_17_01.png,train,4.5,0.89058524173028,4.56234096692112
I03_17_02.png,train,4.63,0.9236641221374048,4.694656488549619
I03_17_03.png,train,4.4,0.8651399491094149,4.46055979643766
I03_17_04.png,train,3.67,0.6793893129770993,3.717557251908397
I03_17_05.png,train,2.77,0.450381679389313,2.801526717557252
I03_18_01.png,train,4.23,0.8218829516539442,4.287531806615776
I03_18_02.png,train,4.73,0.94910941475827,4.79643765903308
I03_18_03.png,train,4.5,0.89058524173028,4.56234096692112
I03_18_04.png,train,4.47,0.8829516539440203,4.531806615776081
I03_18_05.png,train,4.2,0.8142493638676845,4.256997455470739
I03_19_01.png,train,4.17,0.806615776081425,4.2264631043257
I03_19_02.png,train,3.33,0.5928753180661578,3.371501272264631
I03_19_03.png,train,3.17,0.5521628498727735,3.208651399491094
I03_19_04.png,train,1.77,0.1959287531806616,1.7837150127226464
I03_19_05.png,train,1.37,0.094147582697201,1.376590330788804
I03_20_01.png,train,4.37,0.8575063613231553,4.430025445292621
I03_20_02.png,train,4.67,0.9338422391857508,4.735368956743002
I03_20_03.png,train,4.23,0.8218829516539442,4.287531806615776
I03_20_04.png,train,4.17,0.806615776081425,4.2264631043257
I03_20_05.png,train,3.63,0.6692111959287532,3.676844783715013
I03_21_01.png,train,3.97,0.7557251908396948,4.022900763358779
I03_21_02.png,train,2.8,0.4580152671755725,2.83206106870229
I03_21_03.png,train,2.73,0.4402035623409669,2.760814249363868
I03_21_04.png,train,2.87,0.4758269720101782,2.903307888040713
I03_21_05.png,train,1.39,0.099236641221374,1.3969465648854962
I03_22_01.png,train,4.4,0.8651399491094149,4.46055979643766
I03_22_02.png,train,4.6,0.916030534351145,4.66412213740458
I03_22_03.png,train,4.23,0.8218829516539442,4.287531806615776
I03_22_04.png,train,4.07,0.78117048346056,4.12468193384224
I03_22_05.png,train,4.0,0.7633587786259542,4.0534351145038165
I03_23_01.png,train,3.2,0.5597964376590332,3.239185750636133
I03_23_02.png,train,2.3,0.3307888040712468,2.323155216284987
I03_23_03.png,train,2.47,0.3740458015267176,2.4961832061068705
I03_23_04.png,train,2.1,0.2798982188295166,2.1195928753180664
I03_23_05.png,train,2.2,0.3053435114503817,2.221374045801527
I03_24_01.png,train,3.67,0.6793893129770993,3.717557251908397
I03_24_02.png,train,2.47,0.3740458015267176,2.4961832061068705
I03_24_03.png,train,1.9,0.2290076335877862,1.916030534351145
I03_24_04.png,train,1.4,0.1017811704834605,1.407124681933842
I03_24_05.png,train,1.13,0.0330788804071246,1.1323155216284986
I03_25_01.png,train,3.67,0.6793893129770993,3.717557251908397
I03_25_02.png,train,3.84,0.72264631043257,3.89058524173028
I03_25_03.png,train,4.63,0.9236641221374048,4.694656488549619
I03_25_04.png,train,4.4,0.8651399491094149,4.46055979643766
I03_25_05.png,train,3.67,0.6793893129770993,3.717557251908397
I04_01_01.png,train,4.77,0.9592875318066156,4.837150127226463
I04_01_02.png,train,4.3,0.8396946564885497,4.358778625954199
I04_01_03.png,train,2.5,0.3816793893129771,2.5267175572519083
I04_01_04.png,train,1.57,0.1450381679389313,1.5801526717557253
I04_01_05.png,train,1.2,0.0508905852417302,1.2035623409669212
I04_02_01.png,train,3.57,0.6539440203562341,3.615776081424937
I04_02_02.png,train,2.43,0.3638676844783716,2.4554707379134864
I04_02_03.png,train,1.5,0.1272264631043257,1.508905852417303
I04_02_04.png,train,1.43,0.1094147582697201,1.4376590330788803
I04_02_05.png,train,1.2,0.0508905852417302,1.2035623409669212
I04_03_01.png,train,4.7,0.9414758269720104,4.765903307888041
I04_03_02.png,train,4.17,0.806615776081425,4.2264631043257
I04_03_03.png,train,2.63,0.4147582697201017,2.659033078880407
I04_03_04.png,train,1.93,0.2366412213740458,1.9465648854961832
I04_03_05.png,train,1.6,0.1526717557251908,1.6106870229007637
I04_04_01.png,train,4.33,0.8473282442748092,4.389312977099237
I04_04_02.png,train,3.07,0.5267175572519084,3.106870229007633
I04_04_03.png,train,2.37,0.3486005089058525,2.39440203562341
I04_04_04.png,train,1.97,0.2468193384223918,1.987277353689568
I04_04_05.png,train,1.67,0.1704834605597964,1.681933842239186
I04_05_01.png,train,3.7,0.6870229007633589,3.748091603053436
I04_05_02.png,train,1.83,0.2111959287531807,1.8447837150127229
I04_05_03.png,train,1.93,0.2366412213740458,1.9465648854961832
I04_05_04.png,train,1.43,0.1094147582697201,1.4376590330788803
I04_05_05.png,train,1.47,0.1195928753180661,1.478371501272265
I04_06_01.png,train,4.37,0.8575063613231553,4.430025445292621
I04_06_02.png,train,4.43,0.8727735368956743,4.491094147582697
I04_06_03.png,train,3.83,0.7201017811704835,3.880407124681934
I04_06_04.png,train,3.47,0.6284987277353691,3.5139949109414763
I04_06_05.png,train,2.73,0.4402035623409669,2.760814249363868
I04_07_01.png,train,2.7,0.4325699745547074,2.73027989821883
I04_07_02.png,train,2.63,0.4147582697201017,2.659033078880407
I04_07_03.png,train,2.7,0.4325699745547074,2.73027989821883
I04_07_04.png,train,2.57,0.3994910941475826,2.59796437659033
I04_07_05.png,train,2.16,0.2951653944020357,2.180661577608143
I04_08_01.png,train,4.7,0.9414758269720104,4.765903307888041
I04_08_02.png,train,3.43,0.6183206106870229,3.473282442748092
I04_08_03.png,train,3.13,0.5419847328244275,3.16793893129771
I04_08_04.png,train,2.33,0.3384223918575064,2.3536895674300258
I04_08_05.png,train,1.83,0.2111959287531807,1.8447837150127229
I04_09_01.png,train,4.6,0.916030534351145,4.66412213740458
I04_09_02.png,train,4.4,0.8651399491094149,4.46055979643766
I04_09_03.png,train,4.07,0.78117048346056,4.12468193384224
I04_09_04.png,train,1.73,0.1857506361323155,1.7430025445292625
I04_09_05.png,train,1.23,0.0585241730279898,1.2340966921119594
I04_10_01.png,train,4.27,0.83206106870229,4.32824427480916
I04_10_02.png,train,4.1,0.7888040712468193,4.155216284987278
I04_10_03.png,train,3.87,0.7302798982188295,3.921119592875318
I04_10_04.png,train,1.87,0.2213740458015267,1.885496183206107
I04_10_05.png,train,1.23,0.0585241730279898,1.2340966921119594
I04_11_01.png,train,3.63,0.6692111959287532,3.676844783715013
I04_11_02.png,train,3.57,0.6539440203562341,3.615776081424937
I04_11_03.png,train,3.03,0.5165394402035624,3.0661577608142494
I04_11_04.png,train,2.4,0.356234096692112,2.424936386768448
I04_11_05.png,train,2.3,0.3307888040712468,2.323155216284987
I04_12_01.png,train,4.33,0.8473282442748092,4.389312977099237
I04_12_02.png,train,3.27,0.5776081424936387,3.3104325699745547
I04_12_03.png,train,3.2,0.5597964376590332,3.239185750636133
I04_12_04.png,train,2.5,0.3816793893129771,2.5267175572519083
I04_12_05.png,train,2.2,0.3053435114503817,2.221374045801527
I04_13_01.png,train,3.43,0.6183206106870229,3.473282442748092
I04_13_02.png,train,2.83,0.4656488549618321,2.862595419847328
I04_13_03.png,train,2.73,0.4402035623409669,2.760814249363868
I04_13_04.png,train,2.2,0.3053435114503817,2.221374045801527
I04_13_05.png,train,1.87,0.2213740458015267,1.885496183206107
I04_14_01.png,train,4.53,0.8982188295165395,4.592875318066158
I04_14_02.png,train,3.23,0.5674300254452926,3.2697201017811706
I04_14_03.png,train,2.83,0.4656488549618321,2.862595419847328
I04_14_04.png,train,2.4,0.356234096692112,2.424936386768448
I04_14_05.png,train,2.1,0.2798982188295166,2.1195928753180664
I04_15_01.png,train,3.8,0.712468193384224,3.849872773536896
I04_15_02.png,train,2.7,0.4325699745547074,2.73027989821883
I04_15_03.png,train,2.23,0.3129770992366412,2.2519083969465647
I04_15_04.png,train,1.67,0.1704834605597964,1.681933842239186
I04_15_05.png,train,1.27,0.0687022900763358,1.2748091603053435
I04_16_01.png,train,4.57,0.9083969465648856,4.633587786259543
I04_16_02.png,train,4.47,0.8829516539440203,4.531806615776081
I04_16_03.png,train,3.83,0.7201017811704835,3.880407124681934
I04_16_04.png,train,2.73,0.4402035623409669,2.760814249363868
I04_16_05.png,train,2.03,0.2620865139949109,2.048346055979644
I04_17_01.png,train,4.53,0.8982188295165395,4.592875318066158
I04_17_02.png,train,4.6,0.916030534351145,4.66412213740458
I04_17_03.png,train,3.97,0.7557251908396948,4.022900763358779
I04_17_04.png,train,3.4,0.6106870229007634,3.442748091603053
I04_17_05.png,train,1.97,0.2468193384223918,1.987277353689568
I04_18_01.png,train,4.27,0.83206106870229,4.32824427480916
I04_18_02.png,train,4.63,0.9236641221374048,4.694656488549619
I04_18_03.png,train,4.87,0.984732824427481,4.9389312977099245
I04_18_04.png,train,4.57,0.9083969465648856,4.633587786259543
I04_18_05.png,train,3.63,0.6692111959287532,3.676844783715013
I04_19_01.png,train,4.33,0.8473282442748092,4.389312977099237
I04_19_02.png,train,3.9,0.7379134860050891,3.951653944020357
I04_19_03.png,train,3.03,0.5165394402035624,3.0661577608142494
I04_19_04.png,train,1.6,0.1526717557251908,1.6106870229007637
I04_19_05.png,train,1.33,0.0839694656488549,1.33587786259542
I04_20_01.png,train,4.6,0.916030534351145,4.66412213740458
I04_20_02.png,train,4.1,0.7888040712468193,4.155216284987278
I04_20_03.png,train,4.1,0.7888040712468193,4.155216284987278
I04_20_04.png,train,3.6,0.6615776081424937,3.646310432569975
I04_20_05.png,train,4.1,0.7888040712468193,4.155216284987278
I04_21_01.png,train,4.4,0.8651399491094149,4.46055979643766
I04_21_02.png,train,3.17,0.5521628498727735,3.208651399491094
I04_21_03.png,train,3.03,0.5165394402035624,3.0661577608142494
I04_21_04.png,train,2.93,0.4910941475826972,2.9643765903307893
I04_21_05.png,train,1.27,0.0687022900763358,1.2748091603053435
I04_22_01.png,train,4.17,0.806615776081425,4.2264631043257
I04_22_02.png,train,3.68,0.6819338422391859,3.727735368956744
I04_22_03.png,train,3.6,0.6615776081424937,3.646310432569975
I04_22_04.png,train,3.37,0.6030534351145039,3.412213740458016
I04_22_05.png,train,2.9,0.4834605597964376,2.9338422391857506
I04_23_01.png,train,2.27,0.3231552162849873,2.2926208651399493
I04_23_02.png,train,2.37,0.3486005089058525,2.39440203562341
I04_23_03.png,train,1.87,0.2213740458015267,1.885496183206107
I04_23_04.png,train,2.23,0.3129770992366412,2.2519083969465647
I04_23_05.png,train,2.2,0.3053435114503817,2.221374045801527
I04_24_01.png,train,3.77,0.7048346055979644,3.8193384223918576
I04_24_02.png,train,2.6,0.4071246819338422,2.6284987277353693
I04_24_03.png,train,2.0,0.2544529262086514,2.017811704834606
I04_24_04.png,train,1.67,0.1704834605597964,1.681933842239186
I04_24_05.png,train,1.5,0.1272264631043257,1.508905852417303
I04_25_01.png,train,3.61,0.6641221374045801,3.6564885496183206
I04_25_02.png,train,3.73,0.6946564885496184,3.7786259541984735
I04_25_03.png,train,3.9,0.7379134860050891,3.951653944020357
I04_25_04.png,train,4.23,0.8218829516539442,4.287531806615776
I04_25_05.png,train,3.43,0.6183206106870229,3.473282442748092
I05_01_01.png,train,4.6,0.916030534351145,4.66412213740458
I05_01_02.png,train,4.47,0.8829516539440203,4.531806615776081
I05_01_03.png,train,2.83,0.4656488549618321,2.862595419847328
I05_01_04.png,train,1.7,0.178117048346056,1.712468193384224
I05_01_05.png,train,1.17,0.0432569974554707,1.173027989821883
I05_02_01.png,train,3.67,0.6793893129770993,3.717557251908397
I05_02_02.png,train,2.63,0.4147582697201017,2.659033078880407
I05_02_03.png,train,1.57,0.1450381679389313,1.5801526717557253
I05_02_04.png,train,1.33,0.0839694656488549,1.33587786259542
I05_02_05.png,train,1.37,0.094147582697201,1.376590330788804
I05_03_01.png,train,4.47,0.8829516539440203,4.531806615776081
I05_03_02.png,train,3.9,0.7379134860050891,3.951653944020357
I05_03_03.png,train,2.68,0.4274809160305344,2.7099236641221376
I05_03_04.png,train,1.87,0.2213740458015267,1.885496183206107
I05_03_05.png,train,1.53,0.1348600508905852,1.5394402035623411
I05_04_01.png,train,4.57,0.9083969465648856,4.633587786259543
I05_04_02.png,train,3.0,0.5089058524173028,3.035623409669211
I05_04_03.png,train,1.77,0.1959287531806616,1.7837150127226464
I05_04_04.png,train,1.57,0.1450381679389313,1.5801526717557253
I05_04_05.png,train,1.53,0.1348600508905852,1.5394402035623411
I05_05_01.png,train,4.23,0.8218829516539442,4.287531806615776
I05_05_02.png,train,2.27,0.3231552162849873,2.2926208651399493
I05_05_03.png,train,1.83,0.2111959287531807,1.8447837150127229
I05_05_04.png,train,1.67,0.1704834605597964,1.681933842239186
I05_05_05.png,train,1.63,0.1603053435114503,1.6412213740458017
I05_06_01.png,train,4.33,0.8473282442748092,4.389312977099237
I05_06_02.png,train,4.37,0.8575063613231553,4.430025445292621
I05_06_03.png,train,4.27,0.83206106870229,4.32824427480916
I05_06_04.png,train,3.63,0.6692111959287532,3.676844783715013
I05_06_05.png,train,2.9,0.4834605597964376,2.9338422391857506
I05_07_01.png,train,2.57,0.3994910941475826,2.59796437659033
I05_07_02.png,train,2.33,0.3384223918575064,2.3536895674300258
I05_07_03.png,train,2.1,0.2798982188295166,2.1195928753180664
I05_07_04.png,train,2.23,0.3129770992366412,2.2519083969465647
I05_07_05.png,train,2.23,0.3129770992366412,2.2519083969465647
I05_08_01.png,train,4.73,0.94910941475827,4.79643765903308
I05_08_02.png,train,3.37,0.6030534351145039,3.412213740458016
I05_08_03.png,train,2.77,0.450381679389313,2.801526717557252
I05_08_04.png,train,1.63,0.1603053435114503,1.6412213740458017
I05_08_05.png,train,1.7,0.178117048346056,1.712468193384224
I05_09_01.png,train,4.3,0.8396946564885497,4.358778625954199
I05_09_02.png,train,2.6,0.4071246819338422,2.6284987277353693
I05_09_03.png,train,2.37,0.3486005089058525,2.39440203562341
I05_09_04.png,train,1.57,0.1450381679389313,1.5801526717557253
I05_09_05.png,train,1.23,0.0585241730279898,1.2340966921119594
I05_10_01.png,train,4.43,0.8727735368956743,4.491094147582697
I05_10_02.png,train,4.4,0.8651399491094149,4.46055979643766
I05_10_03.png,train,4.3,0.8396946564885497,4.358778625954199
I05_10_04.png,train,2.47,0.3740458015267176,2.4961832061068705
I05_10_05.png,train,1.27,0.0687022900763358,1.2748091603053435
I05_11_01.png,train,4.4,0.8651399491094149,4.46055979643766
I05_11_02.png,train,4.23,0.8218829516539442,4.287531806615776
I05_11_03.png,train,3.83,0.7201017811704835,3.880407124681934
I05_11_04.png,train,3.33,0.5928753180661578,3.371501272264631
I05_11_05.png,train,2.53,0.3893129770992366,2.5572519083969465
I05_12_01.png,train,4.53,0.8982188295165395,4.592875318066158
I05_12_02.png,train,4.43,0.8727735368956743,4.491094147582697
I05_12_03.png,train,4.06,0.7786259541984732,4.114503816793893
I05_12_04.png,train,3.03,0.5165394402035624,3.0661577608142494
I05_12_05.png,train,2.8,0.4580152671755725,2.83206106870229
I05_13_01.png,train,3.47,0.6284987277353691,3.5139949109414763
I05_13_02.png,train,2.63,0.4147582697201017,2.659033078880407
I05_13_03.png,train,2.3,0.3307888040712468,2.323155216284987
I05_13_04.png,train,2.07,0.272264631043257,2.089058524173028
I05_13_05.png,train,2.07,0.272264631043257,2.089058524173028
I05_14_01.png,train,4.37,0.8575063613231553,4.430025445292621
I05_14_02.png,train,4.37,0.8575063613231553,4.430025445292621
I05_14_03.png,train,4.47,0.8829516539440203,4.531806615776081
I05_14_04.png,train,4.2,0.8142493638676845,4.256997455470739
I05_14_05.png,train,3.61,0.6641221374045801,3.6564885496183206
I05_15_01.png,train,3.5,0.6361323155216285,3.544529262086514
I05_15_02.png,train,2.7,0.4325699745547074,2.73027989821883
I05_15_03.png,train,2.17,0.2977099236641221,2.1908396946564883
I05_15_04.png,train,1.87,0.2213740458015267,1.885496183206107
I05_15_05.png,train,1.47,0.1195928753180661,1.478371501272265
I05_16_01.png,train,4.43,0.8727735368956743,4.491094147582697
I05_16_02.png,train,4.37,0.8575063613231553,4.430025445292621
I05_16_03.png,train,3.67,0.6793893129770993,3.717557251908397
I05_16_04.png,train,3.1,0.534351145038168,3.137404580152672
I05_16_05.png,train,2.27,0.3231552162849873,2.2926208651399493
I05_17_01.png,train,4.5,0.89058524173028,4.56234096692112
I05_17_02.png,train,4.47,0.8829516539440203,4.531806615776081
I05_17_03.png,train,3.53,0.6437659033078881,3.5750636132315523
I05_17_04.png,train,2.7,0.4325699745547074,2.73027989821883
I05_17_05.png,train,1.3,0.0763358778625954,1.3053435114503815
I05_18_01.png,train,4.4,0.8651399491094149,4.46055979643766
I05_18_02.png,train,4.47,0.8829516539440203,4.531806615776081
I05_18_03.png,train,4.37,0.8575063613231553,4.430025445292621
I05_18_04.png,train,4.0,0.7633587786259542,4.0534351145038165
I05_18_05.png,train,2.77,0.450381679389313,2.801526717557252
I05_19_01.png,train,4.03,0.7709923664122139,4.083969465648856
I05_19_02.png,train,3.53,0.6437659033078881,3.5750636132315523
I05_19_03.png,train,3.13,0.5419847328244275,3.16793893129771
I05_19_04.png,train,2.0,0.2544529262086514,2.017811704834606
I05_19_05.png,train,1.23,0.0585241730279898,1.2340966921119594
I05_20_01.png,train,4.47,0.8829516539440203,4.531806615776081
I05_20_02.png,train,4.53,0.8982188295165395,4.592875318066158
I05_20_03.png,train,4.4,0.8651399491094149,4.46055979643766
I05_20_04.png,train,4.43,0.8727735368956743,4.491094147582697
I05_20_05.png,train,3.97,0.7557251908396948,4.022900763358779
I05_21_01.png,train,4.17,0.806615776081425,4.2264631043257
I05_21_02.png,train,3.7,0.6870229007633589,3.748091603053436
I05_21_03.png,train,3.4,0.6106870229007634,3.442748091603053
I05_21_04.png,train,3.27,0.5776081424936387,3.3104325699745547
I05_21_05.png,train,1.4,0.1017811704834605,1.407124681933842
I05_22_01.png,train,4.3,0.8396946564885497,4.358778625954199
I05_22_02.png,train,4.53,0.8982188295165395,4.592875318066158
I05_22_03.png,train,4.07,0.78117048346056,4.12468193384224
I05_22_04.png,train,4.03,0.7709923664122139,4.083969465648856
I05_22_05.png,train,4.17,0.806615776081425,4.2264631043257
I05_23_01.png,train,2.33,0.3384223918575064,2.3536895674300258
I05_23_02.png,train,2.1,0.2798982188295166,2.1195928753180664
I05_23_03.png,train,1.87,0.2213740458015267,1.885496183206107
I05_23_04.png,train,1.8,0.2035623409669211,1.8142493638676849
I05_23_05.png,train,1.8,0.2035623409669211,1.8142493638676849
I05_24_01.png,train,3.07,0.5267175572519084,3.106870229007633
I05_24_02.png,train,1.9,0.2290076335877862,1.916030534351145
I05_24_03.png,train,1.77,0.1959287531806616,1.7837150127226464
I05_24_04.png,train,1.23,0.0585241730279898,1.2340966921119594
I05_24_05.png,train,1.2,0.0508905852417302,1.2035623409669212
I05_25_01.png,train,2.9,0.4834605597964376,2.9338422391857506
I05_25_02.png,train,3.5,0.6361323155216285,3.544529262086514
I05_25_03.png,train,4.0,0.7633587786259542,4.0534351145038165
I05_25_04.png,train,4.23,0.8218829516539442,4.287531806615776
I05_25_05.png,train,3.6,0.6615776081424937,3.646310432569975
I06_01_01.png,train,4.7,0.9414758269720104,4.765903307888041
I06_01_02.png,train,4.33,0.8473282442748092,4.389312977099237
I06_01_03.png,train,3.43,0.6183206106870229,3.473282442748092
I06_01_04.png,train,2.13,0.2875318066157761,2.1501272264631046
I06_01_05.png,train,1.53,0.1348600508905852,1.5394402035623411
I06_02_01.png,train,4.13,0.796437659033079,4.185750636132315
I06_02_02.png,train,3.6,0.6615776081424937,3.646310432569975
I06_02_03.png,train,2.13,0.2875318066157761,2.1501272264631046
I06_02_04.png,train,1.57,0.1450381679389313,1.5801526717557253
I06_02_05.png,train,1.63,0.1603053435114503,1.6412213740458017
I06_03_01.png,train,4.47,0.8829516539440203,4.531806615776081
I06_03_02.png,train,4.27,0.83206106870229,4.32824427480916
I06_03_03.png,train,3.27,0.5776081424936387,3.3104325699745547
I06_03_04.png,train,2.9,0.4834605597964376,2.9338422391857506
I06_03_05.png,train,2.17,0.2977099236641221,2.1908396946564883
I06_04_01.png,train,4.6,0.916030534351145,4.66412213740458
I06_04_02.png,train,2.27,0.3231552162849873,2.2926208651399493
I06_04_03.png,train,2.1,0.2798982188295166,2.1195928753180664
I06_04_04.png,train,2.27,0.3231552162849873,2.2926208651399493
I06_04_05.png,train,1.77,0.1959287531806616,1.7837150127226464
I06_05_01.png,train,4.43,0.8727735368956743,4.491094147582697
I06_05_02.png,train,3.13,0.5419847328244275,3.16793893129771
I06_05_03.png,train,2.2,0.3053435114503817,2.221374045801527
I06_05_04.png,train,1.8,0.2035623409669211,1.8142493638676849
I06_05_05.png,train,1.8,0.2035623409669211,1.8142493638676849
I06_06_01.png,train,4.4,0.8651399491094149,4.46055979643766
I06_06_02.png,train,3.73,0.6946564885496184,3.7786259541984735
I06_06_03.png,train,3.87,0.7302798982188295,3.921119592875318
I06_06_04.png,train,3.33,0.5928753180661578,3.371501272264631
I06_06_05.png,train,2.4,0.356234096692112,2.424936386768448
I06_07_01.png,train,2.67,0.4249363867684478,2.699745547073792
I06_07_02.png,train,2.77,0.450381679389313,2.801526717557252
I06_07_03.png,train,2.23,0.3129770992366412,2.2519083969465647
I06_07_04.png,train,2.23,0.3129770992366412,2.2519083969465647
I06_07_05.png,train,2.07,0.272264631043257,2.089058524173028
I06_08_01.png,train,4.6,0.916030534351145,4.66412213740458
I06_08_02.png,train,3.23,0.5674300254452926,3.2697201017811706
I06_08_03.png,train,2.87,0.4758269720101782,2.903307888040713
I06_08_04.png,train,2.17,0.2977099236641221,2.1908396946564883
I06_08_05.png,train,1.77,0.1959287531806616,1.7837150127226464
I06_09_01.png,train,4.43,0.8727735368956743,4.491094147582697
I06_09_02.png,train,4.37,0.8575063613231553,4.430025445292621
I06_09_03.png,train,4.5,0.89058524173028,4.56234096692112
I06_09_04.png,train,3.63,0.6692111959287532,3.676844783715013
I06_09_05.png,train,1.9,0.2290076335877862,1.916030534351145
I06_10_01.png,train,4.6,0.916030534351145,4.66412213740458
I06_10_02.png,train,4.47,0.8829516539440203,4.531806615776081
I06_10_03.png,train,4.33,0.8473282442748092,4.389312977099237
I06_10_04.png,train,1.6,0.1526717557251908,1.6106870229007637
I06_10_05.png,train,1.23,0.0585241730279898,1.2340966921119594
I06_11_01.png,train,4.07,0.78117048346056,4.12468193384224
I06_11_02.png,train,3.4,0.6106870229007634,3.442748091603053
I06_11_03.png,train,2.93,0.4910941475826972,2.9643765903307893
I06_11_04.png,train,2.83,0.4656488549618321,2.862595419847328
I06_11_05.png,train,2.13,0.2875318066157761,2.1501272264631046
I06_12_01.png,train,4.55,0.9033078880407124,4.6132315521628495
I06_12_02.png,train,3.7,0.6870229007633589,3.748091603053436
I06_12_03.png,train,3.2,0.5597964376590332,3.239185750636133
I06_12_04.png,train,2.87,0.4758269720101782,2.903307888040713
I06_12_05.png,train,2.33,0.3384223918575064,2.3536895674300258
I06_13_01.png,train,3.37,0.6030534351145039,3.412213740458016
I06_13_02.png,train,2.5,0.3816793893129771,2.5267175572519083
I06_13_03.png,train,2.3,0.3307888040712468,2.323155216284987
I06_13_04.png,train,2.2,0.3053435114503817,2.221374045801527
I06_13_05.png,train,2.13,0.2875318066157761,2.1501272264631046
I06_14_01.png,train,4.43,0.8727735368956743,4.491094147582697
I06_14_02.png,train,3.63,0.6692111959287532,3.676844783715013
I06_14_03.png,train,3.1,0.534351145038168,3.137404580152672
I06_14_04.png,train,2.7,0.4325699745547074,2.73027989821883
I06_14_05.png,train,2.07,0.272264631043257,2.089058524173028
I06_15_01.png,train,3.23,0.5674300254452926,3.2697201017811706
I06_15_02.png,train,2.97,0.5012722646310434,3.0050890585241734
I06_15_03.png,train,2.5,0.3816793893129771,2.5267175572519083
I06_15_04.png,train,1.57,0.1450381679389313,1.5801526717557253
I06_15_05.png,train,1.37,0.094147582697201,1.376590330788804
I06_16_01.png,train,4.03,0.7709923664122139,4.083969465648856
I06_16_02.png,train,3.73,0.6946564885496184,3.7786259541984735
I06_16_03.png,train,3.06,0.5241730279898219,3.096692111959288
I06_16_04.png,train,2.5,0.3816793893129771,2.5267175572519083
I06_16_05.png,train,1.4,0.1017811704834605,1.407124681933842
I06_17_01.png,train,4.53,0.8982188295165395,4.592875318066158
I06_17_02.png,train,4.47,0.8829516539440203,4.531806615776081
I06_17_03.png,train,3.97,0.7557251908396948,4.022900763358779
I06_17_04.png,train,3.43,0.6183206106870229,3.473282442748092
I06_17_05.png,train,2.77,0.450381679389313,2.801526717557252
I06_18_01.png,train,3.8,0.712468193384224,3.849872773536896
I06_18_02.png,train,4.07,0.78117048346056,4.12468193384224
I06_18_03.png,train,4.53,0.8982188295165395,4.592875318066158
I06_18_04.png,train,4.03,0.7709923664122139,4.083969465648856
I06_18_05.png,train,3.77,0.7048346055979644,3.8193384223918576
I06_19_01.png,train,4.4,0.8651399491094149,4.46055979643766
I06_19_02.png,train,4.6,0.916030534351145,4.66412213740458
I06_19_03.png,train,3.43,0.6183206106870229,3.473282442748092
I06_19_04.png,train,2.2,0.3053435114503817,2.221374045801527
I06_19_05.png,train,1.5,0.1272264631043257,1.508905852417303
I06_20_01.png,train,4.33,0.8473282442748092,4.389312977099237
I06_20_02.png,train,3.1,0.534351145038168,3.137404580152672
I06_20_03.png,train,3.97,0.7557251908396948,4.022900763358779
I06_20_04.png,train,2.33,0.3384223918575064,2.3536895674300258
I06_20_05.png,train,2.77,0.450381679389313,2.801526717557252
I06_21_01.png,train,4.17,0.806615776081425,4.2264631043257
I06_21_02.png,train,3.63,0.6692111959287532,3.676844783715013
I06_21_03.png,train,3.23,0.5674300254452926,3.2697201017811706
I06_21_04.png,train,2.9,0.4834605597964376,2.9338422391857506
I06_21_05.png,train,1.83,0.2111959287531807,1.8447837150127229
I06_22_01.png,train,3.9,0.7379134860050891,3.951653944020357
I06_22_02.png,train,3.77,0.7048346055979644,3.8193384223918576
I06_22_03.png,train,3.7,0.6870229007633589,3.748091603053436
I06_22_04.png,train,3.2,0.5597964376590332,3.239185750636133
I06_22_05.png,train,1.97,0.2468193384223918,1.987277353689568
I06_23_01.png,train,2.33,0.3384223918575064,2.3536895674300258
I06_23_02.png,train,2.63,0.4147582697201017,2.659033078880407
I06_23_03.png,train,2.17,0.2977099236641221,2.1908396946564883
I06_23_04.png,train,1.97,0.2468193384223918,1.987277353689568
I06_23_05.png,train,2.26,0.3206106870229007,2.282442748091603
I06_24_01.png,train,3.57,0.6539440203562341,3.615776081424937
I06_24_02.png,train,2.9,0.4834605597964376,2.9338422391857506
I06_24_03.png,train,2.27,0.3231552162849873,2.2926208651399493
I06_24_04.png,train,1.83,0.2111959287531807,1.8447837150127229
I06_24_05.png,train,1.23,0.0585241730279898,1.2340966921119594
I06_25_01.png,train,3.0,0.5089058524173028,3.035623409669211
I06_25_02.png,train,3.83,0.7201017811704835,3.880407124681934
I06_25_03.png,train,4.13,0.796437659033079,4.185750636132315
I06_25_04.png,train,3.23,0.5674300254452926,3.2697201017811706
I06_25_05.png,train,2.43,0.3638676844783716,2.4554707379134864
I07_01_01.png,val,4.5,0.89058524173028,4.56234096692112
I07_01_02.png,val,4.4,0.8651399491094149,4.46055979643766
I07_01_03.png,val,2.5,0.3816793893129771,2.5267175572519083
I07_01_04.png,val,1.73,0.1857506361323155,1.7430025445292625
I07_01_05.png,val,1.37,0.094147582697201,1.376590330788804
I07_02_01.png,val,3.7,0.6870229007633589,3.748091603053436
I07_02_02.png,val,2.8,0.4580152671755725,2.83206106870229
I07_02_03.png,val,1.67,0.1704834605597964,1.681933842239186
I07_02_04.png,val,1.43,0.1094147582697201,1.4376590330788803
I07_02_05.png,val,1.5,0.1272264631043257,1.508905852417303
I07_03_01.png,val,4.67,0.9338422391857508,4.735368956743002
I07_03_02.png,val,4.33,0.8473282442748092,4.389312977099237
I07_03_03.png,val,2.77,0.450381679389313,2.801526717557252
I07_03_04.png,val,2.07,0.272264631043257,2.089058524173028
I07_03_05.png,val,1.53,0.1348600508905852,1.5394402035623411
I07_04_01.png,val,4.47,0.8829516539440203,4.531806615776081
I07_04_02.png,val,1.73,0.1857506361323155,1.7430025445292625
I07_04_03.png,val,1.43,0.1094147582697201,1.4376590330788803
I07_04_04.png,val,1.06,0.015267175572519,1.0610687022900764
I07_04_05.png,val,1.13,0.0330788804071246,1.1323155216284986
I07_05_01.png,val,4.43,0.8727735368956743,4.491094147582697
I07_05_02.png,val,2.97,0.5012722646310434,3.0050890585241734
I07_05_03.png,val,1.5,0.1272264631043257,1.508905852417303
I07_05_04.png,val,1.8,0.2035623409669211,1.8142493638676849
I07_05_05.png,val,1.63,0.1603053435114503,1.6412213740458017
I07_06_01.png,val,3.73,0.6946564885496184,3.7786259541984735
I07_06_02.png,val,4.06,0.7786259541984732,4.114503816793893
I07_06_03.png,val,3.77,0.7048346055979644,3.8193384223918576
I07_06_04.png,val,3.0,0.5089058524173028,3.035623409669211
I07_06_05.png,val,1.8,0.2035623409669211,1.8142493638676849
I07_07_01.png,val,2.7,0.4325699745547074,2.73027989821883
I07_07_02.png,val,1.93,0.2366412213740458,1.9465648854961832
I07_07_03.png,val,2.27,0.3231552162849873,2.2926208651399493
I07_07_04.png,val,1.5,0.1272264631043257,1.508905852417303
I07_07_05.png,val,1.27,0.0687022900763358,1.2748091603053435
I07_08_01.png,val,4.53,0.8982188295165395,4.592875318066158
I07_08_02.png,val,2.7,0.4325699745547074,2.73027989821883
I07_08_03.png,val,1.97,0.2468193384223918,1.987277353689568
I07_08_04.png,val,1.7,0.178117048346056,1.712468193384224
I07_08_05.png,val,1.5,0.1272264631043257,1.508905852417303
I07_09_01.png,val,4.73,0.94910941475827,4.79643765903308
I07_09_02.png,val,4.63,0.9236641221374048,4.694656488549619
I07_09_03.png,val,4.63,0.9236641221374048,4.694656488549619
I07_09_04.png,val,3.6,0.6615776081424937,3.646310432569975
I07_09_05.png,val,1.7,0.178117048346056,1.712468193384224
I07_10_01.png,val,4.1,0.7888040712468193,4.155216284987278
I07_10_02.png,val,3.87,0.7302798982188295,3.921119592875318
I07_10_03.png,val,3.87,0.7302798982188295,3.921119592875318
I07_10_04.png,val,1.6,0.1526717557251908,1.6106870229007637
I07_10_05.png,val,1.23,0.0585241730279898,1.2340966921119594
I07_11_01.png,val,3.35,0.5979643765903309,3.3918575063613234
I07_11_02.png,val,2.7,0.4325699745547074,2.73027989821883
I07_11_03.png,val,2.6,0.4071246819338422,2.6284987277353693
I07_11_04.png,val,2.34,0.3409669211195928,2.363867684478372
I07_11_05.png,val,2.23,0.3129770992366412,2.2519083969465647
I07_12_01.png,val,4.23,0.8218829516539442,4.287531806615776
I07_12_02.png,val,3.13,0.5419847328244275,3.16793893129771
I07_12_03.png,val,2.77,0.450381679389313,2.801526717557252
I07_12_04.png,val,2.4,0.356234096692112,2.424936386768448
I07_12_05.png,val,2.06,0.2697201017811705,2.0788804071246823
I07_13_01.png,val,3.73,0.6946564885496184,3.7786259541984735
I07_13_02.png,val,3.0,0.5089058524173028,3.035623409669211
I07_13_03.png,val,2.73,0.4402035623409669,2.760814249363868
I07_13_04.png,val,2.13,0.2875318066157761,2.1501272264631046
I07_13_05.png,val,2.0,0.2544529262086514,2.017811704834606
I07_14_01.png,val,4.1,0.7888040712468193,4.155216284987278
I07_14_02.png,val,2.77,0.450381679389313,2.801526717557252
I07_14_03.png,val,2.6,0.4071246819338422,2.6284987277353693
I07_14_04.png,val,2.17,0.2977099236641221,2.1908396946564883
I07_14_05.png,val,1.6,0.1526717557251908,1.6106870229007637
I07_15_01.png,val,3.2,0.5597964376590332,3.239185750636133
I07_15_02.png,val,2.27,0.3231552162849873,2.2926208651399493
I07_15_03.png,val,1.77,0.1959287531806616,1.7837150127226464
I07_15_04.png,val,1.47,0.1195928753180661,1.478371501272265
I07_15_05.png,val,1.37,0.094147582697201,1.376590330788804
I07_16_01.png,val,4.7,0.9414758269720104,4.765903307888041
I07_16_02.png,val,4.2,0.8142493638676845,4.256997455470739
I07_16_03.png,val,3.5,0.6361323155216285,3.544529262086514
I07_16_04.png,val,2.0,0.2544529262086514,2.017811704834606
I07_16_05.png,val,1.17,0.0432569974554707,1.173027989821883
I07_17_01.png,val,4.7,0.9414758269720104,4.765903307888041
I07_17_02.png,val,4.63,0.9236641221374048,4.694656488549619
I07_17_03.png,val,4.1,0.7888040712468193,4.155216284987278
I07_17_04.png,val,3.43,0.6183206106870229,3.473282442748092
I07_17_05.png,val,2.6,0.4071246819338422,2.6284987277353693
I07_18_01.png,val,3.2,0.5597964376590332,3.239185750636133
I07_18_02.png,val,4.3,0.8396946564885497,4.358778625954199
I07_18_03.png,val,4.5,0.89058524173028,4.56234096692112
I07_18_04.png,val,4.43,0.8727735368956743,4.491094147582697
I07_18_05.png,val,4.0,0.7633587786259542,4.0534351145038165
I07_19_01.png,val,4.43,0.8727735368956743,4.491094147582697
I07_19_02.png,val,4.5,0.89058524173028,4.56234096692112
I07_19_03.png,val,3.5,0.6361323155216285,3.544529262086514
I07_19_04.png,val,1.93,0.2366412213740458,1.9465648854961832
I07_19_05.png,val,1.37,0.094147582697201,1.376590330788804
I07_20_01.png,val,3.3,0.5852417302798982,3.340966921119593
I07_20_02.png,val,2.97,0.5012722646310434,3.0050890585241734
I07_20_03.png,val,2.97,0.5012722646310434,3.0050890585241734
I07_20_04.png,val,2.65,0.4198473282442748,2.6793893129771
I07_20_05.png,val,2.83,0.4656488549618321,2.862595419847328
I07_21_01.png,val,3.73,0.6946564885496184,3.7786259541984735
I07_21_02.png,val,2.93,0.4910941475826972,2.9643765903307893
I07_21_03.png,val,3.43,0.6183206106870229,3.473282442748092
I07_21_04.png,val,3.1,0.534351145038168,3.137404580152672
I07_21_05.png,val,1.53,0.1348600508905852,1.5394402035623411
I07_22_01.png,val,3.97,0.7557251908396948,4.022900763358779
I07_22_02.png,val,3.5,0.6361323155216285,3.544529262086514
I07_22_03.png,val,3.6,0.6615776081424937,3.646310432569975
I07_22_04.png,val,2.83,0.4656488549618321,2.862595419847328
I07_22_05.png,val,2.07,0.272264631043257,2.089058524173028
I07_23_01.png,val,2.8,0.4580152671755725,2.83206106870229
I07_23_02.png,val,2.27,0.3231552162849873,2.2926208651399493
I07_23_03.png,val,2.0,0.2544529262086514,2.017811704834606
I07_23_04.png,val,2.0,0.2544529262086514,2.017811704834606
I07_23_05.png,val,1.6,0.1526717557251908,1.6106870229007637
I07_24_01.png,val,3.8,0.712468193384224,3.849872773536896
I07_24_02.png,val,2.83,0.4656488549618321,2.862595419847328
I07_24_03.png,val,2.1,0.2798982188295166,2.1195928753180664
I07_24_04.png,val,1.8,0.2035623409669211,1.8142493638676849
I07_24_05.png,val,1.27,0.0687022900763358,1.2748091603053435
I07_25_01.png,val,2.87,0.4758269720101782,2.903307888040713
I07_25_02.png,val,4.03,0.7709923664122139,4.083969465648856
I07_25_03.png,val,4.63,0.9236641221374048,4.694656488549619
I07_25_04.png,val,4.43,0.8727735368956743,4.491094147582697
I07_25_05.png,val,3.57,0.6539440203562341,3.615776081424937
I08_01_01.png,train,4.8,0.9669211195928752,4.867684478371501
I08_01_02.png,train,4.4,0.8651399491094149,4.46055979643766
I08_01_03.png,train,3.0,0.5089058524173028,3.035623409669211
I08_01_04.png,train,2.0,0.2544529262086514,2.017811704834606
I08_01_05.png,train,1.47,0.1195928753180661,1.478371501272265
I08_02_01.png,train,4.27,0.83206106870229,4.32824427480916
I08_02_02.png,train,3.2,0.5597964376590332,3.239185750636133
I08_02_03.png,train,1.83,0.2111959287531807,1.8447837150127229
I08_02_04.png,train,1.53,0.1348600508905852,1.5394402035623411
I08_02_05.png,train,1.33,0.0839694656488549,1.33587786259542
I08_03_01.png,train,4.9,0.9923664122137408,4.969465648854962
I08_03_02.png,train,4.33,0.8473282442748092,4.389312977099237
I08_03_03.png,train,3.23,0.5674300254452926,3.2697201017811706
I08_03_04.png,train,2.33,0.3384223918575064,2.3536895674300258
I08_03_05.png,train,1.83,0.2111959287531807,1.8447837150127229
I08_04_01.png,train,4.5,0.89058524173028,4.56234096692112
I08_04_02.png,train,2.87,0.4758269720101782,2.903307888040713
I08_04_03.png,train,1.7,0.178117048346056,1.712468193384224
I08_04_04.png,train,1.67,0.1704834605597964,1.681933842239186
I08_04_05.png,train,1.73,0.1857506361323155,1.7430025445292625
I08_05_01.png,train,4.4,0.8651399491094149,4.46055979643766
I08_05_02.png,train,2.93,0.4910941475826972,2.9643765903307893
I08_05_03.png,train,1.97,0.2468193384223918,1.987277353689568
I08_05_04.png,train,1.73,0.1857506361323155,1.7430025445292625
I08_05_05.png,train,1.57,0.1450381679389313,1.5801526717557253
I08_06_01.png,train,3.77,0.7048346055979644,3.8193384223918576
I08_06_02.png,train,3.8,0.712468193384224,3.849872773536896
I08_06_03.png,train,3.27,0.5776081424936387,3.3104325699745547
I08_06_04.png,train,2.8,0.4580152671755725,2.83206106870229
I08_06_05.png,train,2.07,0.272264631043257,2.089058524173028
I08_07_01.png,train,2.87,0.4758269720101782,2.903307888040713
I08_07_02.png,train,2.63,0.4147582697201017,2.659033078880407
I08_07_03.png,train,2.03,0.2620865139949109,2.048346055979644
I08_07_04.png,train,1.9,0.2290076335877862,1.916030534351145
I08_07_05.png,train,2.33,0.3384223918575064,2.3536895674300258
I08_08_01.png,train,4.67,0.9338422391857508,4.735368956743002
I08_08_02.png,train,3.37,0.6030534351145039,3.412213740458016
I08_08_03.png,train,3.07,0.5267175572519084,3.106870229007633
I08_08_04.png,train,2.13,0.2875318066157761,2.1501272264631046
I08_08_05.png,train,1.6,0.1526717557251908,1.6106870229007637
I08_09_01.png,train,4.5,0.89058524173028,4.56234096692112
I08_09_02.png,train,4.73,0.94910941475827,4.79643765903308
I08_09_03.png,train,4.63,0.9236641221374048,4.694656488549619
I08_09_04.png,train,3.53,0.6437659033078881,3.5750636132315523
I08_09_05.png,train,1.57,0.1450381679389313,1.5801526717557253
I08_10_01.png,train,4.57,0.9083969465648856,4.633587786259543
I08_10_02.png,train,4.3,0.8396946564885497,4.358778625954199
I08_10_03.png,train,3.83,0.7201017811704835,3.880407124681934
I08_10_04.png,train,1.5,0.1272264631043257,1.508905852417303
I08_10_05.png,train,1.2,0.0508905852417302,1.2035623409669212
I08_11_01.png,train,3.47,0.6284987277353691,3.5139949109414763
I08_11_02.png,train,2.97,0.5012722646310434,3.0050890585241734
I08_11_03.png,train,2.53,0.3893129770992366,2.5572519083969465
I08_11_04.png,train,2.52,0.3867684478371501,2.547073791348601
I08_11_05.png,train,2.17,0.2977099236641221,2.1908396946564883
I08_12_01.png,train,4.43,0.8727735368956743,4.491094147582697
I08_12_02.png,train,3.5,0.6361323155216285,3.544529262086514
I08_12_03.png,train,2.93,0.4910941475826972,2.9643765903307893
I08_12_04.png,train,2.37,0.3486005089058525,2.39440203562341
I08_12_05.png,train,2.4,0.356234096692112,2.424936386768448
I08_13_01.png,train,3.33,0.5928753180661578,3.371501272264631
I08_13_02.png,train,2.7,0.4325699745547074,2.73027989821883
I08_13_03.png,train,2.8,0.4580152671755725,2.83206106870229
I08_13_04.png,train,2.43,0.3638676844783716,2.4554707379134864
I08_13_05.png,train,2.1,0.2798982188295166,2.1195928753180664
I08_14_01.png,train,4.7,0.9414758269720104,4.765903307888041
I08_14_02.png,train,3.6,0.6615776081424937,3.646310432569975
I08_14_03.png,train,2.67,0.4249363867684478,2.699745547073792
I08_14_04.png,train,2.6,0.4071246819338422,2.6284987277353693
I08_14_05.png,train,2.17,0.2977099236641221,2.1908396946564883
I08_15_01.png,train,3.8,0.712468193384224,3.849872773536896
I08_15_02.png,train,2.53,0.3893129770992366,2.5572519083969465
I08_15_03.png,train,2.03,0.2620865139949109,2.048346055979644
I08_15_04.png,train,1.63,0.1603053435114503,1.6412213740458017
I08_15_05.png,train,1.53,0.1348600508905852,1.5394402035623411
I08_16_01.png,train,4.67,0.9338422391857508,4.735368956743002
I08_16_02.png,train,4.27,0.83206106870229,4.32824427480916
I08_16_03.png,train,3.73,0.6946564885496184,3.7786259541984735
I08_16_04.png,train,2.53,0.3893129770992366,2.5572519083969465
I08_16_05.png,train,1.63,0.1603053435114503,1.6412213740458017
I08_17_01.png,train,4.63,0.9236641221374048,4.694656488549619
I08_17_02.png,train,4.67,0.9338422391857508,4.735368956743002
I08_17_03.png,train,4.47,0.8829516539440203,4.531806615776081
I08_17_04.png,train,3.7,0.6870229007633589,3.748091603053436
I08_17_05.png,train,2.47,0.3740458015267176,2.4961832061068705
I08_18_01.png,train,4.4,0.8651399491094149,4.46055979643766
I08_18_02.png,train,4.5,0.89058524173028,4.56234096692112
I08_18_03.png,train,4.8,0.9669211195928752,4.867684478371501
I08_18_04.png,train,4.53,0.8982188295165395,4.592875318066158
I08_18_05.png,train,4.13,0.796437659033079,4.185750636132315
I08_19_01.png,train,4.7,0.9414758269720104,4.765903307888041
I08_19_02.png,train,4.43,0.8727735368956743,4.491094147582697
I08_19_03.png,train,4.17,0.806615776081425,4.2264631043257
I08_19_04.png,train,1.87,0.2213740458015267,1.885496183206107
I08_19_05.png,train,1.35,0.089058524173028,1.356234096692112
I08_20_01.png,train,4.57,0.9083969465648856,4.633587786259543
I08_20_02.png,train,4.4,0.8651399491094149,4.46055979643766
I08_20_03.png,train,3.5,0.6361323155216285,3.544529262086514
I08_20_04.png,train,3.97,0.7557251908396948,4.022900763358779
I08_20_05.png,train,3.6,0.6615776081424937,3.646310432569975
I08_21_01.png,train,4.07,0.78117048346056,4.12468193384224
I08_21_02.png,train,3.5,0.6361323155216285,3.544529262086514
I08_21_03.png,train,3.13,0.5419847328244275,3.16793893129771
I08_21_04.png,train,2.93,0.4910941475826972,2.9643765903307893
I08_21_05.png,train,1.63,0.1603053435114503,1.6412213740458017
I08_22_01.png,train,2.63,0.4147582697201017,2.659033078880407
I08_22_02.png,train,2.93,0.4910941475826972,2.9643765903307893
I08_22_03.png,train,2.5,0.3816793893129771,2.5267175572519083
I08_22_04.png,train,2.13,0.2875318066157761,2.1501272264631046
I08_22_05.png,train,1.6,0.1526717557251908,1.6106870229007637
I08_23_01.png,train,2.83,0.4656488549618321,2.862595419847328
I08_23_02.png,train,2.8,0.4580152671755725,2.83206106870229
I08_23_03.png,train,2.27,0.3231552162849873,2.2926208651399493
I08_23_04.png,train,2.03,0.2620865139949109,2.048346055979644
I08_23_05.png,train,2.17,0.2977099236641221,2.1908396946564883
I08_24_01.png,train,4.1,0.7888040712468193,4.155216284987278
I08_24_02.png,train,2.8,0.4580152671755725,2.83206106870229
I08_24_03.png,train,2.47,0.3740458015267176,2.4961832061068705
I08_24_04.png,train,1.6,0.1526717557251908,1.6106870229007637
I08_24_05.png,train,1.3,0.0763358778625954,1.3053435114503815
I08_25_01.png,train,3.87,0.7302798982188295,3.921119592875318
I08_25_02.png,train,4.0,0.7633587786259542,4.0534351145038165
I08_25_03.png,train,4.43,0.8727735368956743,4.491094147582697
I08_25_04.png,train,4.53,0.8982188295165395,4.592875318066158
I08_25_05.png,train,3.7,0.6870229007633589,3.748091603053436
I09_01_01.png,train,4.73,0.94910941475827,4.79643765903308
I09_01_02.png,train,3.77,0.7048346055979644,3.8193384223918576
I09_01_03.png,train,1.93,0.2366412213740458,1.9465648854961832
I09_01_04.png,train,1.4,0.1017811704834605,1.407124681933842
I09_01_05.png,train,1.2,0.0508905852417302,1.2035623409669212
I09_02_01.png,train,3.1,0.534351145038168,3.137404580152672
I09_02_02.png,train,2.13,0.2875318066157761,2.1501272264631046
I09_02_03.png,train,1.37,0.094147582697201,1.376590330788804
I09_02_04.png,train,1.57,0.1450381679389313,1.5801526717557253
I09_02_05.png,train,1.07,0.0178117048346056,1.0712468193384224
I09_03_01.png,train,4.5,0.89058524173028,4.56234096692112
I09_03_02.png,train,3.67,0.6793893129770993,3.717557251908397
I09_03_03.png,train,2.13,0.2875318066157761,2.1501272264631046
I09_03_04.png,train,1.67,0.1704834605597964,1.681933842239186
I09_03_05.png,train,1.3,0.0763358778625954,1.3053435114503815
I09_04_01.png,train,4.27,0.83206106870229,4.32824427480916
I09_04_02.png,train,2.6,0.4071246819338422,2.6284987277353693
I09_04_03.png,train,1.6,0.1526717557251908,1.6106870229007637
I09_04_04.png,train,1.67,0.1704834605597964,1.681933842239186
I09_04_05.png,train,1.47,0.1195928753180661,1.478371501272265
I09_05_01.png,train,3.61,0.6641221374045801,3.6564885496183206
I09_05_02.png,train,1.8,0.2035623409669211,1.8142493638676849
I09_05_03.png,train,1.47,0.1195928753180661,1.478371501272265
I09_05_04.png,train,1.5,0.1272264631043257,1.508905852417303
I09_05_05.png,train,1.4,0.1017811704834605,1.407124681933842
I09_06_01.png,train,3.9,0.7379134860050891,3.951653944020357
I09_06_02.png,train,3.83,0.7201017811704835,3.880407124681934
I09_06_03.png,train,3.77,0.7048346055979644,3.8193384223918576
I09_06_04.png,train,2.7,0.4325699745547074,2.73027989821883
I09_06_05.png,train,2.3,0.3307888040712468,2.323155216284987
I09_07_01.png,train,2.87,0.4758269720101782,2.903307888040713
I09_07_02.png,train,2.73,0.4402035623409669,2.760814249363868
I09_07_03.png,train,2.27,0.3231552162849873,2.2926208651399493
I09_07_04.png,train,2.07,0.272264631043257,2.089058524173028
I09_07_05.png,train,2.3,0.3307888040712468,2.323155216284987
I09_08_01.png,train,4.37,0.8575063613231553,4.430025445292621
I09_08_02.png,train,3.1,0.534351145038168,3.137404580152672
I09_08_03.png,train,2.47,0.3740458015267176,2.4961832061068705
I09_08_04.png,train,1.58,0.1475826972010178,1.5903307888040714
I09_08_05.png,train,1.6,0.1526717557251908,1.6106870229007637
I09_09_01.png,train,4.1,0.7888040712468193,4.155216284987278
I09_09_02.png,train,3.33,0.5928753180661578,3.371501272264631
I09_09_03.png,train,2.63,0.4147582697201017,2.659033078880407
I09_09_04.png,train,1.77,0.1959287531806616,1.7837150127226464
I09_09_05.png,train,1.17,0.0432569974554707,1.173027989821883
I09_10_01.png,train,3.93,0.7455470737913487,3.982188295165394
I09_10_02.png,train,4.37,0.8575063613231553,4.430025445292621
I09_10_03.png,train,3.67,0.6793893129770993,3.717557251908397
I09_10_04.png,train,1.93,0.2366412213740458,1.9465648854961832
I09_10_05.png,train,1.23,0.0585241730279898,1.2340966921119594
I09_11_01.png,train,4.3,0.8396946564885497,4.358778625954199
I09_11_02.png,train,3.33,0.5928753180661578,3.371501272264631
I09_11_03.png,train,3.0,0.5089058524173028,3.035623409669211
I09_11_04.png,train,2.53,0.3893129770992366,2.5572519083969465
I09_11_05.png,train,2.1,0.2798982188295166,2.1195928753180664
I09_12_01.png,train,4.67,0.9338422391857508,4.735368956743002
I09_12_02.png,train,3.77,0.7048346055979644,3.8193384223918576
I09_12_03.png,train,2.83,0.4656488549618321,2.862595419847328
I09_12_04.png,train,2.7,0.4325699745547074,2.73027989821883
I09_12_05.png,train,2.2,0.3053435114503817,2.221374045801527
I09_13_01.png,train,3.97,0.7557251908396948,4.022900763358779
I09_13_02.png,train,2.57,0.3994910941475826,2.59796437659033
I09_13_03.png,train,2.83,0.4656488549618321,2.862595419847328
I09_13_04.png,train,2.42,0.361323155216285,2.44529262086514
I09_13_05.png,train,2.35,0.3435114503816794,2.3740458015267176
I09_14_01.png,train,4.33,0.8473282442748092,4.389312977099237
I09_14_02.png,train,3.1,0.534351145038168,3.137404580152672
I09_14_03.png,train,2.9,0.4834605597964376,2.9338422391857506
I09_14_04.png,train,2.27,0.3231552162849873,2.2926208651399493
I09_14_05.png,train,1.63,0.1603053435114503,1.6412213740458017
I09_15_01.png,train,3.37,0.6030534351145039,3.412213740458016
I09_15_02.png,train,2.57,0.3994910941475826,2.59796437659033
I09_15_03.png,train,2.23,0.3129770992366412,2.2519083969465647
I09_15_04.png,train,1.6,0.1526717557251908,1.6106870229007637
I09_15_05.png,train,1.5,0.1272264631043257,1.508905852417303
I09_16_01.png,train,4.5,0.89058524173028,4.56234096692112
I09_16_02.png,train,3.97,0.7557251908396948,4.022900763358779
I09_16_03.png,train,3.03,0.5165394402035624,3.0661577608142494
I09_16_04.png,train,2.33,0.3384223918575064,2.3536895674300258
I09_16_05.png,train,1.57,0.1450381679389313,1.5801526717557253
I09_17_01.png,train,4.6,0.916030534351145,4.66412213740458
I09_17_02.png,train,4.5,0.89058524173028,4.56234096692112
I09_17_03.png,train,4.13,0.796437659033079,4.185750636132315
I09_17_04.png,train,3.33,0.5928753180661578,3.371501272264631
I09_17_05.png,train,1.87,0.2213740458015267,1.885496183206107
I09_18_01.png,train,4.3,0.8396946564885497,4.358778625954199
I09_18_02.png,train,4.53,0.8982188295165395,4.592875318066158
I09_18_03.png,train,4.53,0.8982188295165395,4.592875318066158
I09_18_04.png,train,4.43,0.8727735368956743,4.491094147582697
I09_18_05.png,train,3.8,0.712468193384224,3.849872773536896
I09_19_01.png,train,4.17,0.806615776081425,4.2264631043257
I09_19_02.png,train,3.83,0.7201017811704835,3.880407124681934
I09_19_03.png,train,3.43,0.6183206106870229,3.473282442748092
I09_19_04.png,train,1.83,0.2111959287531807,1.8447837150127229
I09_19_05.png,train,1.27,0.0687022900763358,1.2748091603053435
I09_20_01.png,train,4.4,0.8651399491094149,4.46055979643766
I09_20_02.png,train,4.37,0.8575063613231553,4.430025445292621
I09_20_03.png,train,4.1,0.7888040712468193,4.155216284987278
I09_20_04.png,train,3.73,0.6946564885496184,3.7786259541984735
I09_20_05.png,train,3.3,0.5852417302798982,3.340966921119593
I09_21_01.png,train,3.83,0.7201017811704835,3.880407124681934
I09_21_02.png,train,3.5,0.6361323155216285,3.544529262086514
I09_21_03.png,train,3.07,0.5267175572519084,3.106870229007633
I09_21_04.png,train,3.17,0.5521628498727735,3.208651399491094
I09_21_05.png,train,1.57,0.1450381679389313,1.5801526717557253
I09_22_01.png,train,4.7,0.9414758269720104,4.765903307888041
I09_22_02.png,train,4.33,0.8473282442748092,4.389312977099237
I09_22_03.png,train,4.23,0.8218829516539442,4.287531806615776
I09_22_04.png,train,4.1,0.7888040712468193,4.155216284987278
I09_22_05.png,train,3.4,0.6106870229007634,3.442748091603053
I09_23_01.png,train,2.39,0.3536895674300255,2.414758269720102
I09_23_02.png,train,2.33,0.3384223918575064,2.3536895674300258
I09_23_03.png,train,2.17,0.2977099236641221,2.1908396946564883
I09_23_04.png,train,2.03,0.2620865139949109,2.048346055979644
I09_23_05.png,train,1.83,0.2111959287531807,1.8447837150127229
I09_24_01.png,train,3.07,0.5267175572519084,3.106870229007633
I09_24_02.png,train,2.2,0.3053435114503817,2.221374045801527
I09_24_03.png,train,1.87,0.2213740458015267,1.885496183206107
I09_24_04.png,train,1.23,0.0585241730279898,1.2340966921119594
I09_24_05.png,train,1.1,0.0254452926208651,1.1017811704834606
I09_25_01.png,train,3.07,0.5267175572519084,3.106870229007633
I09_25_02.png,train,3.63,0.6692111959287532,3.676844783715013
I09_25_03.png,train,4.23,0.8218829516539442,4.287531806615776
I09_25_04.png,train,4.1,0.7888040712468193,4.155216284987278
I09_25_05.png,train,3.57,0.6539440203562341,3.615776081424937
I10_01_01.png,train,4.73,0.94910941475827,4.79643765903308
I10_01_02.png,train,4.53,0.8982188295165395,4.592875318066158
I10_01_03.png,train,2.8,0.4580152671755725,2.83206106870229
I10_01_04.png,train,1.67,0.1704834605597964,1.681933842239186
I10_01_05.png,train,1.23,0.0585241730279898,1.2340966921119594
I10_02_01.png,train,3.9,0.7379134860050891,3.951653944020357
I10_02_02.png,train,2.57,0.3994910941475826,2.59796437659033
I10_02_03.png,train,1.77,0.1959287531806616,1.7837150127226464
I10_02_04.png,train,1.27,0.0687022900763358,1.2748091603053435
I10_02_05.png,train,1.33,0.0839694656488549,1.33587786259542
I10_03_01.png,train,4.67,0.9338422391857508,4.735368956743002
I10_03_02.png,train,4.2,0.8142493638676845,4.256997455470739
I10_03_03.png,train,2.9,0.4834605597964376,2.9338422391857506
I10_03_04.png,train,2.17,0.2977099236641221,2.1908396946564883
I10_03_05.png,train,1.4,0.1017811704834605,1.407124681933842
I10_04_01.png,train,4.63,0.9236641221374048,4.694656488549619
I10_04_02.png,train,2.93,0.4910941475826972,2.9643765903307893
I10_04_03.png,train,1.93,0.2366412213740458,1.9465648854961832
I10_04_04.png,train,1.53,0.1348600508905852,1.5394402035623411
I10_04_05.png,train,1.27,0.0687022900763358,1.2748091603053435
I10_05_01.png,train,4.63,0.9236641221374048,4.694656488549619
I10_05_02.png,train,2.5,0.3816793893129771,2.5267175572519083
I10_05_03.png,train,1.73,0.1857506361323155,1.7430025445292625
I10_05_04.png,train,1.63,0.1603053435114503,1.6412213740458017
I10_05_05.png,train,1.83,0.2111959287531807,1.8447837150127229
I10_06_01.png,train,3.63,0.6692111959287532,3.676844783715013
I10_06_02.png,train,3.83,0.7201017811704835,3.880407124681934
I10_06_03.png,train,3.8,0.712468193384224,3.849872773536896
I10_06_04.png,train,3.13,0.5419847328244275,3.16793893129771
I10_06_05.png,train,2.03,0.2620865139949109,2.048346055979644
I10_07_01.png,train,3.27,0.5776081424936387,3.3104325699745547
I10_07_02.png,train,2.27,0.3231552162849873,2.2926208651399493
I10_07_03.png,train,2.23,0.3129770992366412,2.2519083969465647
I10_07_04.png,train,2.33,0.3384223918575064,2.3536895674300258
I10_07_05.png,train,1.83,0.2111959287531807,1.8447837150127229
I10_08_01.png,train,4.73,0.94910941475827,4.79643765903308
I10_08_02.png,train,3.03,0.5165394402035624,3.0661577608142494
I10_08_03.png,train,2.33,0.3384223918575064,2.3536895674300258
I10_08_04.png,train,1.63,0.1603053435114503,1.6412213740458017
I10_08_05.png,train,1.27,0.0687022900763358,1.2748091603053435
I10_09_01.png,train,4.7,0.9414758269720104,4.765903307888041
I10_09_02.png,train,4.47,0.8829516539440203,4.531806615776081
I10_09_03.png,train,4.03,0.7709923664122139,4.083969465648856
I10_09_04.png,train,1.97,0.2468193384223918,1.987277353689568
I10_09_05.png,train,1.13,0.0330788804071246,1.1323155216284986
I10_10_01.png,train,4.07,0.78117048346056,4.12468193384224
I10_10_02.png,train,4.23,0.8218829516539442,4.287531806615776
I10_10_03.png,train,3.4,0.6106870229007634,3.442748091603053
I10_10_04.png,train,1.57,0.1450381679389313,1.5801526717557253
I10_10_05.png,train,1.17,0.0432569974554707,1.173027989821883
I10_11_01.png,train,3.1,0.534351145038168,3.137404580152672
I10_11_02.png,train,2.9,0.4834605597964376,2.9338422391857506
I10_11_03.png,train,2.83,0.4656488549618321,2.862595419847328
I10_11_04.png,train,2.27,0.3231552162849873,2.2926208651399493
I10_11_05.png,train,1.8,0.2035623409669211,1.8142493638676849
I10_12_01.png,train,4.03,0.7709923664122139,4.083969465648856
I10_12_02.png,train,3.0,0.5089058524173028,3.035623409669211
I10_12_03.png,train,2.6,0.4071246819338422,2.6284987277353693
I10_12_04.png,train,2.33,0.3384223918575064,2.3536895674300258
I10_12_05.png,train,2.1,0.2798982188295166,2.1195928753180664
I10_13_01.png,train,3.57,0.6539440203562341,3.615776081424937
I10_13_02.png,train,2.7,0.4325699745547074,2.73027989821883
I10_13_03.png,train,2.3,0.3307888040712468,2.323155216284987
I10_13_04.png,train,2.17,0.2977099236641221,2.1908396946564883
I10_13_05.png,train,1.97,0.2468193384223918,1.987277353689568
I10_14_01.png,train,4.5,0.89058524173028,4.56234096692112
I10_14_02.png,train,3.2,0.5597964376590332,3.239185750636133
I10_14_03.png,train,2.47,0.3740458015267176,2.4961832061068705
I10_14_04.png,train,2.07,0.272264631043257,2.089058524173028
I10_14_05.png,train,1.87,0.2213740458015267,1.885496183206107
I10_15_01.png,train,3.6,0.6615776081424937,3.646310432569975
I10_15_02.png,train,2.3,0.3307888040712468,2.323155216284987
I10_15_03.png,train,2.03,0.2620865139949109,2.048346055979644
I10_15_04.png,train,1.63,0.1603053435114503,1.6412213740458017
I10_15_05.png,train,1.37,0.094147582697201,1.376590330788804
I10_16_01.png,train,4.43,0.8727735368956743,4.491094147582697
I10_16_02.png,train,4.17,0.806615776081425,4.2264631043257
I10_16_03.png,train,3.73,0.6946564885496184,3.7786259541984735
I10_16_04.png,train,2.77,0.450381679389313,2.801526717557252
I10_16_05.png,train,1.73,0.1857506361323155,1.7430025445292625
I10_17_01.png,train,4.87,0.984732824427481,4.9389312977099245
I10_17_02.png,train,4.3,0.8396946564885497,4.358778625954199
I10_17_03.png,train,4.23,0.8218829516539442,4.287531806615776
I10_17_04.png,train,3.41,0.61323155216285,3.4529262086514
I10_17_05.png,train,2.27,0.3231552162849873,2.2926208651399493
I10_18_01.png,train,4.33,0.8473282442748092,4.389312977099237
I10_18_02.png,train,4.57,0.9083969465648856,4.633587786259543
I10_18_03.png,train,4.73,0.94910941475827,4.79643765903308
I10_18_04.png,train,4.57,0.9083969465648856,4.633587786259543
I10_18_05.png,train,3.8,0.712468193384224,3.849872773536896
I10_19_01.png,train,4.63,0.9236641221374048,4.694656488549619
I10_19_02.png,train,4.23,0.8218829516539442,4.287531806615776
I10_19_03.png,train,3.43,0.6183206106870229,3.473282442748092
I10_19_04.png,train,1.63,0.1603053435114503,1.6412213740458017
I10_19_05.png,train,1.2,0.0508905852417302,1.2035623409669212
I10_20_01.png,train,4.57,0.9083969465648856,4.633587786259543
I10_20_02.png,train,4.47,0.8829516539440203,4.531806615776081
I10_20_03.png,train,4.43,0.8727735368956743,4.491094147582697
I10_20_04.png,train,4.23,0.8218829516539442,4.287531806615776
I10_20_05.png,train,3.97,0.7557251908396948,4.022900763358779
I10_21_01.png,train,3.27,0.5776081424936387,3.3104325699745547
I10_21_02.png,train,2.4,0.356234096692112,2.424936386768448
I10_21_03.png,train,2.43,0.3638676844783716,2.4554707379134864
I10_21_04.png,train,2.27,0.3231552162849873,2.2926208651399493
I10_21_05.png,train,1.23,0.0585241730279898,1.2340966921119594
I10_22_01.png,train,3.81,0.7150127226463106,3.860050890585242
I10_22_02.png,train,3.87,0.7302798982188295,3.921119592875318
I10_22_03.png,train,2.97,0.5012722646310434,3.0050890585241734
I10_22_04.png,train,3.03,0.5165394402035624,3.0661577608142494
I10_22_05.png,train,2.1,0.2798982188295166,2.1195928753180664
I10_23_01.png,train,2.93,0.4910941475826972,2.9643765903307893
I10_23_02.png,train,2.03,0.2620865139949109,2.048346055979644
I10_23_03.png,train,2.57,0.3994910941475826,2.59796437659033
I10_23_04.png,train,1.97,0.2468193384223918,1.987277353689568
I10_23_05.png,train,2.23,0.3129770992366412,2.2519083969465647
I10_24_01.png,train,3.67,0.6793893129770993,3.717557251908397
I10_24_02.png,train,2.63,0.4147582697201017,2.659033078880407
I10_24_03.png,train,2.17,0.2977099236641221,2.1908396946564883
I10_24_04.png,train,1.5,0.1272264631043257,1.508905852417303
I10_24_05.png,train,1.3,0.0763358778625954,1.3053435114503815
I10_25_01.png,train,3.23,0.5674300254452926,3.2697201017811706
I10_25_02.png,train,3.6,0.6615776081424937,3.646310432569975
I10_25_03.png,train,4.37,0.8575063613231553,4.430025445292621
I10_25_04.png,train,4.33,0.8473282442748092,4.389312977099237
I10_25_05.png,train,3.83,0.7201017811704835,3.880407124681934
I11_01_01.png,train,4.6,0.916030534351145,4.66412213740458
I11_01_02.png,train,4.07,0.78117048346056,4.12468193384224
I11_01_03.png,train,2.5,0.3816793893129771,2.5267175572519083
I11_01_04.png,train,1.77,0.1959287531806616,1.7837150127226464
I11_01_05.png,train,1.35,0.089058524173028,1.356234096692112
I11_02_01.png,train,3.4,0.6106870229007634,3.442748091603053
I11_02_02.png,train,2.07,0.272264631043257,2.089058524173028
I11_02_03.png,train,1.77,0.1959287531806616,1.7837150127226464
I11_02_04.png,train,1.4,0.1017811704834605,1.407124681933842
I11_02_05.png,train,1.27,0.0687022900763358,1.2748091603053435
I11_03_01.png,train,4.7,0.9414758269720104,4.765903307888041
I11_03_02.png,train,3.57,0.6539440203562341,3.615776081424937
I11_03_03.png,train,2.47,0.3740458015267176,2.4961832061068705
I11_03_04.png,train,2.1,0.2798982188295166,2.1195928753180664
I11_03_05.png,train,1.47,0.1195928753180661,1.478371501272265
I11_04_01.png,train,4.47,0.8829516539440203,4.531806615776081
I11_04_02.png,train,2.83,0.4656488549618321,2.862595419847328
I11_04_03.png,train,2.0,0.2544529262086514,2.017811704834606
I11_04_04.png,train,1.73,0.1857506361323155,1.7430025445292625
I11_04_05.png,train,1.6,0.1526717557251908,1.6106870229007637
I11_05_01.png,train,4.5,0.89058524173028,4.56234096692112
I11_05_02.png,train,1.77,0.1959287531806616,1.7837150127226464
I11_05_03.png,train,1.97,0.2468193384223918,1.987277353689568
I11_05_04.png,train,2.03,0.2620865139949109,2.048346055979644
I11_05_05.png,train,1.6,0.1526717557251908,1.6106870229007637
I11_06_01.png,train,4.17,0.806615776081425,4.2264631043257
I11_06_02.png,train,4.03,0.7709923664122139,4.083969465648856
I11_06_03.png,train,4.03,0.7709923664122139,4.083969465648856
I11_06_04.png,train,3.0,0.5089058524173028,3.035623409669211
I11_06_05.png,train,1.9,0.2290076335877862,1.916030534351145
I11_07_01.png,train,3.2,0.5597964376590332,3.239185750636133
I11_07_02.png,train,2.53,0.3893129770992366,2.5572519083969465
I11_07_03.png,train,2.5,0.3816793893129771,2.5267175572519083
I11_07_04.png,train,2.6,0.4071246819338422,2.6284987277353693
I11_07_05.png,train,2.03,0.2620865139949109,2.048346055979644
I11_08_01.png,train,4.53,0.8982188295165395,4.592875318066158
I11_08_02.png,train,3.43,0.6183206106870229,3.473282442748092
I11_08_03.png,train,2.9,0.4834605597964376,2.9338422391857506
I11_08_04.png,train,2.0,0.2544529262086514,2.017811704834606
I11_08_05.png,train,1.47,0.1195928753180661,1.478371501272265
I11_09_01.png,train,4.63,0.9236641221374048,4.694656488549619
I11_09_02.png,train,4.27,0.83206106870229,4.32824427480916
I11_09_03.png,train,4.1,0.7888040712468193,4.155216284987278
I11_09_04.png,train,2.27,0.3231552162849873,2.2926208651399493
I11_09_05.png,train,1.4,0.1017811704834605,1.407124681933842
I11_10_01.png,train,4.43,0.8727735368956743,4.491094147582697
I11_10_02.png,train,4.17,0.806615776081425,4.2264631043257
I11_10_03.png,train,4.03,0.7709923664122139,4.083969465648856
I11_10_04.png,train,1.63,0.1603053435114503,1.6412213740458017
I11_10_05.png,train,1.16,0.0407124681933842,1.1628498727735368
I11_11_01.png,train,3.97,0.7557251908396948,4.022900763358779
I11_11_02.png,train,2.9,0.4834605597964376,2.9338422391857506
I11_11_03.png,train,2.8,0.4580152671755725,2.83206106870229
I11_11_04.png,train,2.47,0.3740458015267176,2.4961832061068705
I11_11_05.png,train,2.13,0.2875318066157761,2.1501272264631046
I11_12_01.png,train,4.53,0.8982188295165395,4.592875318066158
I11_12_02.png,train,3.2,0.5597964376590332,3.239185750636133
I11_12_03.png,train,3.0,0.5089058524173028,3.035623409669211
I11_12_04.png,train,2.57,0.3994910941475826,2.59796437659033
I11_12_05.png,train,2.13,0.2875318066157761,2.1501272264631046
I11_13_01.png,train,3.57,0.6539440203562341,3.615776081424937
I11_13_02.png,train,2.67,0.4249363867684478,2.699745547073792
I11_13_03.png,train,2.27,0.3231552162849873,2.2926208651399493
I11_13_04.png,train,2.4,0.356234096692112,2.424936386768448
I11_13_05.png,train,1.93,0.2366412213740458,1.9465648854961832
I11_14_01.png,train,4.57,0.9083969465648856,4.633587786259543
I11_14_02.png,train,3.8,0.712468193384224,3.849872773536896
I11_14_03.png,train,2.8,0.4580152671755725,2.83206106870229
I11_14_04.png,train,2.63,0.4147582697201017,2.659033078880407
I11_14_05.png,train,2.23,0.3129770992366412,2.2519083969465647
I11_15_01.png,train,3.13,0.5419847328244275,3.16793893129771
I11_15_02.png,train,2.23,0.3129770992366412,2.2519083969465647
I11_15_03.png,train,1.73,0.1857506361323155,1.7430025445292625
I11_15_04.png,train,1.37,0.094147582697201,1.376590330788804
I11_15_05.png,train,1.43,0.1094147582697201,1.4376590330788803
I11_16_01.png,train,4.43,0.8727735368956743,4.491094147582697
I11_16_02.png,train,4.07,0.78117048346056,4.12468193384224
I11_16_03.png,train,3.7,0.6870229007633589,3.748091603053436
I11_16_04.png,train,3.2,0.5597964376590332,3.239185750636133
I11_16_05.png,train,2.6,0.4071246819338422,2.6284987277353693
I11_17_01.png,train,4.7,0.9414758269720104,4.765903307888041
I11_17_02.png,train,4.67,0.9338422391857508,4.735368956743002
I11_17_03.png,train,4.6,0.916030534351145,4.66412213740458
I11_17_04.png,train,3.33,0.5928753180661578,3.371501272264631
I11_17_05.png,train,1.37,0.094147582697201,1.376590330788804
I11_18_01.png,train,4.23,0.8218829516539442,4.287531806615776
I11_18_02.png,train,4.6,0.916030534351145,4.66412213740458
I11_18_03.png,train,4.68,0.9363867684478372,4.745547073791348
I11_18_04.png,train,4.27,0.83206106870229,4.32824427480916
I11_18_05.png,train,3.47,0.6284987277353691,3.5139949109414763
I11_19_01.png,train,4.3,0.8396946564885497,4.358778625954199
I11_19_02.png,train,4.23,0.8218829516539442,4.287531806615776
I11_19_03.png,train,3.13,0.5419847328244275,3.16793893129771
I11_19_04.png,train,1.87,0.2213740458015267,1.885496183206107
I11_19_05.png,train,1.4,0.1017811704834605,1.407124681933842
I11_20_01.png,train,4.47,0.8829516539440203,4.531806615776081
I11_20_02.png,train,4.67,0.9338422391857508,4.735368956743002
I11_20_03.png,train,4.17,0.806615776081425,4.2264631043257
I11_20_04.png,train,4.17,0.806615776081425,4.2264631043257
I11_20_05.png,train,4.03,0.7709923664122139,4.083969465648856
I11_21_01.png,train,4.5,0.89058524173028,4.56234096692112
I11_21_02.png,train,3.9,0.7379134860050891,3.951653944020357
I11_21_03.png,train,3.47,0.6284987277353691,3.5139949109414763
I11_21_04.png,train,2.93,0.4910941475826972,2.9643765903307893
I11_21_05.png,train,1.47,0.1195928753180661,1.478371501272265
I11_22_01.png,train,4.1,0.7888040712468193,4.155216284987278
I11_22_02.png,train,3.53,0.6437659033078881,3.5750636132315523
I11_22_03.png,train,3.1,0.534351145038168,3.137404580152672
I11_22_04.png,train,2.5,0.3816793893129771,2.5267175572519083
I11_22_05.png,train,2.27,0.3231552162849873,2.2926208651399493
I11_23_01.png,train,1.93,0.2366412213740458,1.9465648854961832
I11_23_02.png,train,1.63,0.1603053435114503,1.6412213740458017
I11_23_03.png,train,2.5,0.3816793893129771,2.5267175572519083
I11_23_04.png,train,2.07,0.272264631043257,2.089058524173028
I11_23_05.png,train,1.6,0.1526717557251908,1.6106870229007637
I11_24_01.png,train,3.3,0.5852417302798982,3.340966921119593
I11_24_02.png,train,2.5,0.3816793893129771,2.5267175572519083
I11_24_03.png,train,1.83,0.2111959287531807,1.8447837150127229
I11_24_04.png,train,1.6,0.1526717557251908,1.6106870229007637
I11_24_05.png,train,1.13,0.0330788804071246,1.1323155216284986
I11_25_01.png,train,3.3,0.5852417302798982,3.340966921119593
I11_25_02.png,train,3.57,0.6539440203562341,3.615776081424937
I11_25_03.png,train,4.3,0.8396946564885497,4.358778625954199
I11_25_04.png,train,3.73,0.6946564885496184,3.7786259541984735
I11_25_05.png,train,2.83,0.4656488549618321,2.862595419847328
I12_01_01.png,train,4.53,0.8982188295165395,4.592875318066158
I12_01_02.png,train,3.87,0.7302798982188295,3.921119592875318
I12_01_03.png,train,2.4,0.356234096692112,2.424936386768448
I12_01_04.png,train,1.67,0.1704834605597964,1.681933842239186
I12_01_05.png,train,1.17,0.0432569974554707,1.173027989821883
I12_02_01.png,train,3.13,0.5419847328244275,3.16793893129771
I12_02_02.png,train,2.0,0.2544529262086514,2.017811704834606
I12_02_03.png,train,1.23,0.0585241730279898,1.2340966921119594
I12_02_04.png,train,1.37,0.094147582697201,1.376590330788804
I12_02_05.png,train,1.2,0.0508905852417302,1.2035623409669212
I12_03_01.png,train,4.53,0.8982188295165395,4.592875318066158
I12_03_02.png,train,3.7,0.6870229007633589,3.748091603053436
I12_03_03.png,train,2.06,0.2697201017811705,2.0788804071246823
I12_03_04.png,train,1.6,0.1526717557251908,1.6106870229007637
I12_03_05.png,train,1.37,0.094147582697201,1.376590330788804
I12_04_01.png,train,4.5,0.89058524173028,4.56234096692112
I12_04_02.png,train,2.63,0.4147582697201017,2.659033078880407
I12_04_03.png,train,1.73,0.1857506361323155,1.7430025445292625
I12_04_04.png,train,1.53,0.1348600508905852,1.5394402035623411
I12_04_05.png,train,1.3,0.0763358778625954,1.3053435114503815
I12_05_01.png,train,3.0,0.5089058524173028,3.035623409669211
I12_05_02.png,train,2.17,0.2977099236641221,2.1908396946564883
I12_05_03.png,train,1.4,0.1017811704834605,1.407124681933842
I12_05_04.png,train,1.17,0.0432569974554707,1.173027989821883
I12_05_05.png,train,1.2,0.0508905852417302,1.2035623409669212
I12_06_01.png,train,4.45,0.8778625954198475,4.51145038167939
I12_06_02.png,train,4.06,0.7786259541984732,4.114503816793893
I12_06_03.png,train,4.0,0.7633587786259542,4.0534351145038165
I12_06_04.png,train,3.27,0.5776081424936387,3.3104325699745547
I12_06_05.png,train,2.36,0.3460559796437659,2.3842239185750635
I12_07_01.png,train,2.4,0.356234096692112,2.424936386768448
I12_07_02.png,train,1.87,0.2213740458015267,1.885496183206107
I12_07_03.png,train,2.67,0.4249363867684478,2.699745547073792
I12_07_04.png,train,2.37,0.3486005089058525,2.39440203562341
I12_07_05.png,train,1.93,0.2366412213740458,1.9465648854961832
I12_08_01.png,train,4.47,0.8829516539440203,4.531806615776081
I12_08_02.png,train,3.5,0.6361323155216285,3.544529262086514
I12_08_03.png,train,3.13,0.5419847328244275,3.16793893129771
I12_08_04.png,train,2.55,0.3944020356234096,2.577608142493639
I12_08_05.png,train,1.6,0.1526717557251908,1.6106870229007637
I12_09_01.png,train,4.13,0.796437659033079,4.185750636132315
I12_09_02.png,train,3.07,0.5267175572519084,3.106870229007633
I12_09_03.png,train,2.6,0.4071246819338422,2.6284987277353693
I12_09_04.png,train,1.43,0.1094147582697201,1.4376590330788803
I12_09_05.png,train,1.1,0.0254452926208651,1.1017811704834606
I12_10_01.png,train,4.5,0.89058524173028,4.56234096692112
I12_10_02.png,train,4.3,0.8396946564885497,4.358778625954199
I12_10_03.png,train,4.0,0.7633587786259542,4.0534351145038165
I12_10_04.png,train,2.66,0.4223918575063614,2.6895674300254457
I12_10_05.png,train,1.93,0.2366412213740458,1.9465648854961832
I12_11_01.png,train,4.48,0.885496183206107,4.541984732824428
I12_11_02.png,train,4.0,0.7633587786259542,4.0534351145038165
I12_11_03.png,train,3.83,0.7201017811704835,3.880407124681934
I12_11_04.png,train,3.07,0.5267175572519084,3.106870229007633
I12_11_05.png,train,2.53,0.3893129770992366,2.5572519083969465
I12_12_01.png,train,4.63,0.9236641221374048,4.694656488549619
I12_12_02.png,train,4.4,0.8651399491094149,4.46055979643766
I12_12_03.png,train,3.93,0.7455470737913487,3.982188295165394
I12_12_04.png,train,3.33,0.5928753180661578,3.371501272264631
I12_12_05.png,train,2.97,0.5012722646310434,3.0050890585241734
I12_13_01.png,train,4.3,0.8396946564885497,4.358778625954199
I12_13_02.png,train,3.83,0.7201017811704835,3.880407124681934
I12_13_03.png,train,3.03,0.5165394402035624,3.0661577608142494
I12_13_04.png,train,2.73,0.4402035623409669,2.760814249363868
I12_13_05.png,train,2.17,0.2977099236641221,2.1908396946564883
I12_14_01.png,train,4.4,0.8651399491094149,4.46055979643766
I12_14_02.png,train,4.47,0.8829516539440203,4.531806615776081
I12_14_03.png,train,3.5,0.6361323155216285,3.544529262086514
I12_14_04.png,train,3.19,0.5572519083969466,3.2290076335877864
I12_14_05.png,train,2.47,0.3740458015267176,2.4961832061068705
I12_15_01.png,train,3.37,0.6030534351145039,3.412213740458016
I12_15_02.png,train,2.57,0.3994910941475826,2.59796437659033
I12_15_03.png,train,2.2,0.3053435114503817,2.221374045801527
I12_15_04.png,train,1.87,0.2213740458015267,1.885496183206107
I12_15_05.png,train,1.7,0.178117048346056,1.712468193384224
I12_16_01.png,train,4.3,0.8396946564885497,4.358778625954199
I12_16_02.png,train,4.2,0.8142493638676845,4.256997455470739
I12_16_03.png,train,3.3,0.5852417302798982,3.340966921119593
I12_16_04.png,train,2.1,0.2798982188295166,2.1195928753180664
I12_16_05.png,train,1.57,0.1450381679389313,1.5801526717557253
I12_17_01.png,train,4.6,0.916030534351145,4.66412213740458
I12_17_02.png,train,4.6,0.916030534351145,4.66412213740458
I12_17_03.png,train,4.33,0.8473282442748092,4.389312977099237
I12_17_04.png,train,3.9,0.7379134860050891,3.951653944020357
I12_17_05.png,train,2.5,0.3816793893129771,2.5267175572519083
I12_18_01.png,train,4.43,0.8727735368956743,4.491094147582697
I12_18_02.png,train,4.5,0.89058524173028,4.56234096692112
I12_18_03.png,train,4.41,0.8676844783715014,4.470737913486006
I12_18_04.png,train,4.23,0.8218829516539442,4.287531806615776
I12_18_05.png,train,3.87,0.7302798982188295,3.921119592875318
I12_19_01.png,train,4.1,0.7888040712468193,4.155216284987278
I12_19_02.png,train,4.13,0.796437659033079,4.185750636132315
I12_19_03.png,train,2.9,0.4834605597964376,2.9338422391857506
I12_19_04.png,train,1.47,0.1195928753180661,1.478371501272265
I12_19_05.png,train,1.2,0.0508905852417302,1.2035623409669212
I12_20_01.png,train,4.37,0.8575063613231553,4.430025445292621
I12_20_02.png,train,4.0,0.7633587786259542,4.0534351145038165
I12_20_03.png,train,4.17,0.806615776081425,4.2264631043257
I12_20_04.png,train,3.37,0.6030534351145039,3.412213740458016
I12_20_05.png,train,2.93,0.4910941475826972,2.9643765903307893
I12_21_01.png,train,3.2,0.5597964376590332,3.239185750636133
I12_21_02.png,train,2.17,0.2977099236641221,2.1908396946564883
I12_21_03.png,train,2.3,0.3307888040712468,2.323155216284987
I12_21_04.png,train,2.17,0.2977099236641221,2.1908396946564883
I12_21_05.png,train,1.17,0.0432569974554707,1.173027989821883
I12_22_01.png,train,4.53,0.8982188295165395,4.592875318066158
I12_22_02.png,train,4.5,0.89058524173028,4.56234096692112
I12_22_03.png,train,4.27,0.83206106870229,4.32824427480916
I12_22_04.png,train,4.43,0.8727735368956743,4.491094147582697
I12_22_05.png,train,4.1,0.7888040712468193,4.155216284987278
I12_23_01.png,train,2.26,0.3206106870229007,2.282442748091603
I12_23_02.png,train,2.17,0.2977099236641221,2.1908396946564883
I12_23_03.png,train,2.57,0.3994910941475826,2.59796437659033
I12_23_04.png,train,2.27,0.3231552162849873,2.2926208651399493
I12_23_05.png,train,2.13,0.2875318066157761,2.1501272264631046
I12_24_01.png,train,3.03,0.5165394402035624,3.0661577608142494
I12_24_02.png,train,1.9,0.2290076335877862,1.916030534351145
I12_24_03.png,train,2.03,0.2620865139949109,2.048346055979644
I12_24_04.png,train,1.3,0.0763358778625954,1.3053435114503815
I12_24_05.png,train,1.23,0.0585241730279898,1.2340966921119594
I12_25_01.png,train,3.07,0.5267175572519084,3.106870229007633
I12_25_02.png,train,3.87,0.7302798982188295,3.921119592875318
I12_25_03.png,train,4.35,0.8524173027989822,4.409669211195929
I12_25_04.png,train,4.33,0.8473282442748092,4.389312977099237
I12_25_05.png,train,3.07,0.5267175572519084,3.106870229007633
I13_01_01.png,train,4.74,0.9516539440203564,4.806615776081426
I13_01_02.png,train,4.4,0.8651399491094149,4.46055979643766
I13_01_03.png,train,3.33,0.5928753180661578,3.371501272264631
I13_01_04.png,train,2.2,0.3053435114503817,2.221374045801527
I13_01_05.png,train,1.5,0.1272264631043257,1.508905852417303
I13_02_01.png,train,3.9,0.7379134860050891,3.951653944020357
I13_02_02.png,train,2.63,0.4147582697201017,2.659033078880407
I13_02_03.png,train,1.97,0.2468193384223918,1.987277353689568
I13_02_04.png,train,1.5,0.1272264631043257,1.508905852417303
I13_02_05.png,train,1.23,0.0585241730279898,1.2340966921119594
I13_03_01.png,train,4.4,0.8651399491094149,4.46055979643766
I13_03_02.png,train,4.43,0.8727735368956743,4.491094147582697
I13_03_03.png,train,3.43,0.6183206106870229,3.473282442748092
I13_03_04.png,train,2.33,0.3384223918575064,2.3536895674300258
I13_03_05.png,train,1.47,0.1195928753180661,1.478371501272265
I13_04_01.png,train,4.53,0.8982188295165395,4.592875318066158
I13_04_02.png,train,2.97,0.5012722646310434,3.0050890585241734
I13_04_03.png,train,2.7,0.4325699745547074,2.73027989821883
I13_04_04.png,train,2.03,0.2620865139949109,2.048346055979644
I13_04_05.png,train,2.13,0.2875318066157761,2.1501272264631046
I13_05_01.png,train,4.0,0.7633587786259542,4.0534351145038165
I13_05_02.png,train,3.0,0.5089058524173028,3.035623409669211
I13_05_03.png,train,2.2,0.3053435114503817,2.221374045801527
I13_05_04.png,train,2.2,0.3053435114503817,2.221374045801527
I13_05_05.png,train,2.07,0.272264631043257,2.089058524173028
I13_06_01.png,train,3.57,0.6539440203562341,3.615776081424937
I13_06_02.png,train,3.5,0.6361323155216285,3.544529262086514
I13_06_03.png,train,3.33,0.5928753180661578,3.371501272264631
I13_06_04.png,train,3.13,0.5419847328244275,3.16793893129771
I13_06_05.png,train,2.33,0.3384223918575064,2.3536895674300258
I13_07_01.png,train,3.03,0.5165394402035624,3.0661577608142494
I13_07_02.png,train,2.07,0.272264631043257,2.089058524173028
I13_07_03.png,train,2.5,0.3816793893129771,2.5267175572519083
I13_07_04.png,train,2.17,0.2977099236641221,2.1908396946564883
I13_07_05.png,train,2.1,0.2798982188295166,2.1195928753180664
I13_08_01.png,train,4.43,0.8727735368956743,4.491094147582697
I13_08_02.png,train,3.73,0.6946564885496184,3.7786259541984735
I13_08_03.png,train,3.4,0.6106870229007634,3.442748091603053
I13_08_04.png,train,2.17,0.2977099236641221,2.1908396946564883
I13_08_05.png,train,2.27,0.3231552162849873,2.2926208651399493
I13_09_01.png,train,4.53,0.8982188295165395,4.592875318066158
I13_09_02.png,train,4.7,0.9414758269720104,4.765903307888041
I13_09_03.png,train,4.48,0.885496183206107,4.541984732824428
I13_09_04.png,train,3.53,0.6437659033078881,3.5750636132315523
I13_09_05.png,train,1.73,0.1857506361323155,1.7430025445292625
I13_10_01.png,train,4.67,0.9338422391857508,4.735368956743002
I13_10_02.png,train,4.53,0.8982188295165395,4.592875318066158
I13_10_03.png,train,3.8,0.712468193384224,3.849872773536896
I13_10_04.png,train,2.03,0.2620865139949109,2.048346055979644
I13_10_05.png,train,1.57,0.1450381679389313,1.5801526717557253
I13_11_01.png,train,3.83,0.7201017811704835,3.880407124681934
I13_11_02.png,train,3.48,0.6310432569974556,3.5241730279898222
I13_11_03.png,train,3.1,0.534351145038168,3.137404580152672
I13_11_04.png,train,2.63,0.4147582697201017,2.659033078880407
I13_11_05.png,train,2.13,0.2875318066157761,2.1501272264631046
I13_12_01.png,train,4.57,0.9083969465648856,4.633587786259543
I13_12_02.png,train,3.67,0.6793893129770993,3.717557251908397
I13_12_03.png,train,3.3,0.5852417302798982,3.340966921119593
I13_12_04.png,train,2.43,0.3638676844783716,2.4554707379134864
I13_12_05.png,train,2.37,0.3486005089058525,2.39440203562341
I13_13_01.png,train,3.33,0.5928753180661578,3.371501272264631
I13_13_02.png,train,3.07,0.5267175572519084,3.106870229007633
I13_13_03.png,train,2.77,0.450381679389313,2.801526717557252
I13_13_04.png,train,2.3,0.3307888040712468,2.323155216284987
I13_13_05.png,train,2.1,0.2798982188295166,2.1195928753180664
I13_14_01.png,train,4.37,0.8575063613231553,4.430025445292621
I13_14_02.png,train,3.9,0.7379134860050891,3.951653944020357
I13_14_03.png,train,3.4,0.6106870229007634,3.442748091603053
I13_14_04.png,train,2.8,0.4580152671755725,2.83206106870229
I13_14_05.png,train,2.3,0.3307888040712468,2.323155216284987
I13_15_01.png,train,4.1,0.7888040712468193,4.155216284987278
I13_15_02.png,train,3.0,0.5089058524173028,3.035623409669211
I13_15_03.png,train,2.57,0.3994910941475826,2.59796437659033
I13_15_04.png,train,1.9,0.2290076335877862,1.916030534351145
I13_15_05.png,train,1.9,0.2290076335877862,1.916030534351145
I13_16_01.png,train,4.43,0.8727735368956743,4.491094147582697
I13_16_02.png,train,4.47,0.8829516539440203,4.531806615776081
I13_16_03.png,train,3.4,0.6106870229007634,3.442748091603053
I13_16_04.png,train,2.93,0.4910941475826972,2.9643765903307893
I13_16_05.png,train,1.73,0.1857506361323155,1.7430025445292625
I13_17_01.png,train,4.77,0.9592875318066156,4.837150127226463
I13_17_02.png,train,4.57,0.9083969465648856,4.633587786259543
I13_17_03.png,train,4.37,0.8575063613231553,4.430025445292621
I13_17_04.png,train,3.6,0.6615776081424937,3.646310432569975
I13_17_05.png,train,2.57,0.3994910941475826,2.59796437659033
I13_18_01.png,train,4.1,0.7888040712468193,4.155216284987278
I13_18_02.png,train,4.43,0.8727735368956743,4.491094147582697
I13_18_03.png,train,4.6,0.916030534351145,4.66412213740458
I13_18_04.png,train,4.63,0.9236641221374048,4.694656488549619
I13_18_05.png,train,3.9,0.7379134860050891,3.951653944020357
I13_19_01.png,train,4.3,0.8396946564885497,4.358778625954199
I13_19_02.png,train,3.77,0.7048346055979644,3.8193384223918576
I13_19_03.png,train,3.17,0.5521628498727735,3.208651399491094
I13_19_04.png,train,1.97,0.2468193384223918,1.987277353689568
I13_19_05.png,train,1.47,0.1195928753180661,1.478371501272265
I13_20_01.png,train,4.23,0.8218829516539442,4.287531806615776
I13_20_02.png,train,4.1,0.7888040712468193,4.155216284987278
I13_20_03.png,train,3.75,0.6997455470737914,3.7989821882951658
I13_20_04.png,train,3.57,0.6539440203562341,3.615776081424937
I13_20_05.png,train,3.9,0.7379134860050891,3.951653944020357
I13_21_01.png,train,4.23,0.8218829516539442,4.287531806615776
I13_21_02.png,train,3.07,0.5267175572519084,3.106870229007633
I13_21_03.png,train,3.2,0.5597964376590332,3.239185750636133
I13_21_04.png,train,3.13,0.5419847328244275,3.16793893129771
I13_21_05.png,train,1.93,0.2366412213740458,1.9465648854961832
I13_22_01.png,train,3.47,0.6284987277353691,3.5139949109414763
I13_22_02.png,train,3.9,0.7379134860050891,3.951653944020357
I13_22_03.png,train,3.13,0.5419847328244275,3.16793893129771
I13_22_04.png,train,2.77,0.450381679389313,2.801526717557252
I13_22_05.png,train,2.47,0.3740458015267176,2.4961832061068705
I13_23_01.png,train,2.97,0.5012722646310434,3.0050890585241734
I13_23_02.png,train,2.6,0.4071246819338422,2.6284987277353693
I13_23_03.png,train,2.33,0.3384223918575064,2.3536895674300258
I13_23_04.png,train,2.17,0.2977099236641221,2.1908396946564883
I13_23_05.png,train,1.8,0.2035623409669211,1.8142493638676849
I13_24_01.png,train,4.17,0.806615776081425,4.2264631043257
I13_24_02.png,train,3.0,0.5089058524173028,3.035623409669211
I13_24_03.png,train,2.57,0.3994910941475826,2.59796437659033
I13_24_04.png,train,1.93,0.2366412213740458,1.9465648854961832
I13_24_05.png,train,1.7,0.178117048346056,1.712468193384224
I13_25_01.png,train,3.97,0.7557251908396948,4.022900763358779
I13_25_02.png,train,4.13,0.796437659033079,4.185750636132315
I13_25_03.png,train,4.63,0.9236641221374048,4.694656488549619
I13_25_04.png,train,4.32,0.8447837150127228,4.379134860050892
I13_25_05.png,train,3.4,0.6106870229007634,3.442748091603053
I14_01_01.png,train,4.63,0.9236641221374048,4.694656488549619
I14_01_02.png,train,4.1,0.7888040712468193,4.155216284987278
I14_01_03.png,train,2.53,0.3893129770992366,2.5572519083969465
I14_01_04.png,train,1.68,0.1730279898218829,1.6921119592875318
I14_01_05.png,train,1.57,0.1450381679389313,1.5801526717557253
I14_02_01.png,train,3.77,0.7048346055979644,3.8193384223918576
I14_02_02.png,train,2.57,0.3994910941475826,2.59796437659033
I14_02_03.png,train,1.63,0.1603053435114503,1.6412213740458017
I14_02_04.png,train,1.37,0.094147582697201,1.376590330788804
I14_02_05.png,train,1.27,0.0687022900763358,1.2748091603053435
I14_03_01.png,train,4.67,0.9338422391857508,4.735368956743002
I14_03_02.png,train,3.55,0.648854961832061,3.595419847328244
I14_03_03.png,train,2.5,0.3816793893129771,2.5267175572519083
I14_03_04.png,train,1.9,0.2290076335877862,1.916030534351145
I14_03_05.png,train,1.45,0.1145038167938931,1.4580152671755724
I14_04_01.png,train,4.53,0.8982188295165395,4.592875318066158
I14_04_02.png,train,3.0,0.5089058524173028,3.035623409669211
I14_04_03.png,train,2.27,0.3231552162849873,2.2926208651399493
I14_04_04.png,train,1.97,0.2468193384223918,1.987277353689568
I14_04_05.png,train,1.9,0.2290076335877862,1.916030534351145
I14_05_01.png,train,3.63,0.6692111959287532,3.676844783715013
I14_05_02.png,train,2.33,0.3384223918575064,2.3536895674300258
I14_05_03.png,train,1.7,0.178117048346056,1.712468193384224
I14_05_04.png,train,1.53,0.1348600508905852,1.5394402035623411
I14_05_05.png,train,1.57,0.1450381679389313,1.5801526717557253
I14_06_01.png,train,4.23,0.8218829516539442,4.287531806615776
I14_06_02.png,train,4.47,0.8829516539440203,4.531806615776081
I14_06_03.png,train,3.9,0.7379134860050891,3.951653944020357
I14_06_04.png,train,3.73,0.6946564885496184,3.7786259541984735
I14_06_05.png,train,2.37,0.3486005089058525,2.39440203562341
I14_07_01.png,train,2.7,0.4325699745547074,2.73027989821883
I14_07_02.png,train,1.93,0.2366412213740458,1.9465648854961832
I14_07_03.png,train,2.03,0.2620865139949109,2.048346055979644
I14_07_04.png,train,1.97,0.2468193384223918,1.987277353689568
I14_07_05.png,train,2.16,0.2951653944020357,2.180661577608143
I14_08_01.png,train,4.43,0.8727735368956743,4.491094147582697
I14_08_02.png,train,3.8,0.712468193384224,3.849872773536896
I14_08_03.png,train,2.83,0.4656488549618321,2.862595419847328
I14_08_04.png,train,2.06,0.2697201017811705,2.0788804071246823
I14_08_05.png,train,1.67,0.1704834605597964,1.681933842239186
I14_09_01.png,train,4.53,0.8982188295165395,4.592875318066158
I14_09_02.png,train,4.1,0.7888040712468193,4.155216284987278
I14_09_03.png,train,3.83,0.7201017811704835,3.880407124681934
I14_09_04.png,train,2.37,0.3486005089058525,2.39440203562341
I14_09_05.png,train,1.47,0.1195928753180661,1.478371501272265
I14_10_01.png,train,4.3,0.8396946564885497,4.358778625954199
I14_10_02.png,train,4.33,0.8473282442748092,4.389312977099237
I14_10_03.png,train,3.73,0.6946564885496184,3.7786259541984735
I14_10_04.png,train,2.2,0.3053435114503817,2.221374045801527
I14_10_05.png,train,1.37,0.094147582697201,1.376590330788804
I14_11_01.png,train,3.9,0.7379134860050891,3.951653944020357
I14_11_02.png,train,3.03,0.5165394402035624,3.0661577608142494
I14_11_03.png,train,2.7,0.4325699745547074,2.73027989821883
I14_11_04.png,train,2.43,0.3638676844783716,2.4554707379134864
I14_11_05.png,train,2.3,0.3307888040712468,2.323155216284987
I14_12_01.png,train,4.3,0.8396946564885497,4.358778625954199
I14_12_02.png,train,3.37,0.6030534351145039,3.412213740458016
I14_12_03.png,train,3.07,0.5267175572519084,3.106870229007633
I14_12_04.png,train,2.7,0.4325699745547074,2.73027989821883
I14_12_05.png,train,2.43,0.3638676844783716,2.4554707379134864
I14_13_01.png,train,3.83,0.7201017811704835,3.880407124681934
I14_13_02.png,train,2.83,0.4656488549618321,2.862595419847328
I14_13_03.png,train,2.67,0.4249363867684478,2.699745547073792
I14_13_04.png,train,2.27,0.3231552162849873,2.2926208651399493
I14_13_05.png,train,2.1,0.2798982188295166,2.1195928753180664
I14_14_01.png,train,3.93,0.7455470737913487,3.982188295165394
I14_14_02.png,train,2.77,0.450381679389313,2.801526717557252
I14_14_03.png,train,2.63,0.4147582697201017,2.659033078880407
I14_14_04.png,train,2.37,0.3486005089058525,2.39440203562341
I14_14_05.png,train,2.13,0.2875318066157761,2.1501272264631046
I14_15_01.png,train,3.37,0.6030534351145039,3.412213740458016
I14_15_02.png,train,3.03,0.5165394402035624,3.0661577608142494
I14_15_03.png,train,2.43,0.3638676844783716,2.4554707379134864
I14_15_04.png,train,1.83,0.2111959287531807,1.8447837150127229
I14_15_05.png,train,1.63,0.1603053435114503,1.6412213740458017
I14_16_01.png,train,4.47,0.8829516539440203,4.531806615776081
I14_16_02.png,train,4.17,0.806615776081425,4.2264631043257
I14_16_03.png,train,3.33,0.5928753180661578,3.371501272264631
I14_16_04.png,train,2.47,0.3740458015267176,2.4961832061068705
I14_16_05.png,train,1.97,0.2468193384223918,1.987277353689568
I14_17_01.png,train,4.27,0.83206106870229,4.32824427480916
I14_17_02.png,train,4.37,0.8575063613231553,4.430025445292621
I14_17_03.png,train,4.0,0.7633587786259542,4.0534351145038165
I14_17_04.png,train,3.27,0.5776081424936387,3.3104325699745547
I14_17_05.png,train,2.3,0.3307888040712468,2.323155216284987
I14_18_01.png,train,3.6,0.6615776081424937,3.646310432569975
I14_18_02.png,train,4.33,0.8473282442748092,4.389312977099237
I14_18_03.png,train,4.67,0.9338422391857508,4.735368956743002
I14_18_04.png,train,4.2,0.8142493638676845,4.256997455470739
I14_18_05.png,train,4.0,0.7633587786259542,4.0534351145038165
I14_19_01.png,train,4.27,0.83206106870229,4.32824427480916
I14_19_02.png,train,4.07,0.78117048346056,4.12468193384224
I14_19_03.png,train,3.07,0.5267175572519084,3.106870229007633
I14_19_04.png,train,2.07,0.272264631043257,2.089058524173028
I14_19_05.png,train,1.43,0.1094147582697201,1.4376590330788803
I14_20_01.png,train,4.4,0.8651399491094149,4.46055979643766
I14_20_02.png,train,3.3,0.5852417302798982,3.340966921119593
I14_20_03.png,train,4.37,0.8575063613231553,4.430025445292621
I14_20_04.png,train,4.4,0.8651399491094149,4.46055979643766
I14_20_05.png,train,4.1,0.7888040712468193,4.155216284987278
I14_21_01.png,train,4.23,0.8218829516539442,4.287531806615776
I14_21_02.png,train,3.47,0.6284987277353691,3.5139949109414763
I14_21_03.png,train,2.93,0.4910941475826972,2.9643765903307893
I14_21_04.png,train,3.0,0.5089058524173028,3.035623409669211
I14_21_05.png,train,1.39,0.099236641221374,1.3969465648854962
I14_22_01.png,train,4.07,0.78117048346056,4.12468193384224
I14_22_02.png,train,3.7,0.6870229007633589,3.748091603053436
I14_22_03.png,train,3.7,0.6870229007633589,3.748091603053436
I14_22_04.png,train,3.47,0.6284987277353691,3.5139949109414763
I14_22_05.png,train,2.67,0.4249363867684478,2.699745547073792
I14_23_01.png,train,2.67,0.4249363867684478,2.699745547073792
I14_23_02.png,train,2.07,0.272264631043257,2.089058524173028
I14_23_03.png,train,2.13,0.2875318066157761,2.1501272264631046
I14_23_04.png,train,1.83,0.2111959287531807,1.8447837150127229
I14_23_05.png,train,1.9,0.2290076335877862,1.916030534351145
I14_24_01.png,train,3.27,0.5776081424936387,3.3104325699745547
I14_24_02.png,train,2.3,0.3307888040712468,2.323155216284987
I14_24_03.png,train,1.7,0.178117048346056,1.712468193384224
I14_24_04.png,train,1.47,0.1195928753180661,1.478371501272265
I14_24_05.png,train,1.4,0.1017811704834605,1.407124681933842
I14_25_01.png,train,3.37,0.6030534351145039,3.412213740458016
I14_25_02.png,train,3.63,0.6692111959287532,3.676844783715013
I14_25_03.png,train,3.9,0.7379134860050891,3.951653944020357
I14_25_04.png,train,4.03,0.7709923664122139,4.083969465648856
I14_25_05.png,train,3.37,0.6030534351145039,3.412213740458016
I15_01_01.png,train,4.63,0.9236641221374048,4.694656488549619
I15_01_02.png,train,4.33,0.8473282442748092,4.389312977099237
I15_01_03.png,train,2.43,0.3638676844783716,2.4554707379134864
I15_01_04.png,train,1.8,0.2035623409669211,1.8142493638676849
I15_01_05.png,train,1.23,0.0585241730279898,1.2340966921119594
I15_02_01.png,train,3.43,0.6183206106870229,3.473282442748092
I15_02_02.png,train,2.1,0.2798982188295166,2.1195928753180664
I15_02_03.png,train,1.73,0.1857506361323155,1.7430025445292625
I15_02_04.png,train,1.33,0.0839694656488549,1.33587786259542
I15_02_05.png,train,1.16,0.0407124681933842,1.1628498727735368
I15_03_01.png,train,4.6,0.916030534351145,4.66412213740458
I15_03_02.png,train,3.7,0.6870229007633589,3.748091603053436
I15_03_03.png,train,2.0,0.2544529262086514,2.017811704834606
I15_03_04.png,train,2.07,0.272264631043257,2.089058524173028
I15_03_05.png,train,1.33,0.0839694656488549,1.33587786259542
I15_04_01.png,train,4.43,0.8727735368956743,4.491094147582697
I15_04_02.png,train,2.4,0.356234096692112,2.424936386768448
I15_04_03.png,train,1.87,0.2213740458015267,1.885496183206107
I15_04_04.png,train,1.9,0.2290076335877862,1.916030534351145
I15_04_05.png,train,1.27,0.0687022900763358,1.2748091603053435
I15_05_01.png,train,4.2,0.8142493638676845,4.256997455470739
I15_05_02.png,train,2.33,0.3384223918575064,2.3536895674300258
I15_05_03.png,train,1.63,0.1603053435114503,1.6412213740458017
I15_05_04.png,train,1.43,0.1094147582697201,1.4376590330788803
I15_05_05.png,train,1.3,0.0763358778625954,1.3053435114503815
I15_06_01.png,train,4.1,0.7888040712468193,4.155216284987278
I15_06_02.png,train,3.97,0.7557251908396948,4.022900763358779
I15_06_03.png,train,4.07,0.78117048346056,4.12468193384224
I15_06_04.png,train,3.67,0.6793893129770993,3.717557251908397
I15_06_05.png,train,2.73,0.4402035623409669,2.760814249363868
I15_07_01.png,train,3.06,0.5241730279898219,3.096692111959288
I15_07_02.png,train,2.67,0.4249363867684478,2.699745547073792
I15_07_03.png,train,2.63,0.4147582697201017,2.659033078880407
I15_07_04.png,train,2.55,0.3944020356234096,2.577608142493639
I15_07_05.png,train,2.63,0.4147582697201017,2.659033078880407
I15_08_01.png,train,4.4,0.8651399491094149,4.46055979643766
I15_08_02.png,train,3.27,0.5776081424936387,3.3104325699745547
I15_08_03.png,train,2.27,0.3231552162849873,2.2926208651399493
I15_08_04.png,train,1.67,0.1704834605597964,1.681933842239186
I15_08_05.png,train,1.35,0.089058524173028,1.356234096692112
I15_09_01.png,train,4.23,0.8218829516539442,4.287531806615776
I15_09_02.png,train,3.8,0.712468193384224,3.849872773536896
I15_09_03.png,train,3.43,0.6183206106870229,3.473282442748092
I15_09_04.png,train,1.97,0.2468193384223918,1.987277353689568
I15_09_05.png,train,1.23,0.0585241730279898,1.2340966921119594
I15_10_01.png,train,4.0,0.7633587786259542,4.0534351145038165
I15_10_02.png,train,4.2,0.8142493638676845,4.256997455470739
I15_10_03.png,train,3.67,0.6793893129770993,3.717557251908397
I15_10_04.png,train,1.77,0.1959287531806616,1.7837150127226464
I15_10_05.png,train,1.33,0.0839694656488549,1.33587786259542
I15_11_01.png,train,3.83,0.7201017811704835,3.880407124681934
I15_11_02.png,train,3.63,0.6692111959287532,3.676844783715013
I15_11_03.png,train,2.8,0.4580152671755725,2.83206106870229
I15_11_04.png,train,2.6,0.4071246819338422,2.6284987277353693
I15_11_05.png,train,2.3,0.3307888040712468,2.323155216284987
I15_12_01.png,train,4.07,0.78117048346056,4.12468193384224
I15_12_02.png,train,3.8,0.712468193384224,3.849872773536896
I15_12_03.png,train,3.17,0.5521628498727735,3.208651399491094
I15_12_04.png,train,2.63,0.4147582697201017,2.659033078880407
I15_12_05.png,train,2.57,0.3994910941475826,2.59796437659033
I15_13_01.png,train,3.9,0.7379134860050891,3.951653944020357
I15_13_02.png,train,3.17,0.5521628498727735,3.208651399491094
I15_13_03.png,train,2.4,0.356234096692112,2.424936386768448
I15_13_04.png,train,2.3,0.3307888040712468,2.323155216284987
I15_13_05.png,train,1.7,0.178117048346056,1.712468193384224
I15_14_01.png,train,4.03,0.7709923664122139,4.083969465648856
I15_14_02.png,train,3.27,0.5776081424936387,3.3104325699745547
I15_14_03.png,train,2.67,0.4249363867684478,2.699745547073792
I15_14_04.png,train,2.63,0.4147582697201017,2.659033078880407
I15_14_05.png,train,1.87,0.2213740458015267,1.885496183206107
I15_15_01.png,train,3.53,0.6437659033078881,3.5750636132315523
I15_15_02.png,train,2.57,0.3994910941475826,2.59796437659033
I15_15_03.png,train,1.93,0.2366412213740458,1.9465648854961832
I15_15_04.png,train,1.7,0.178117048346056,1.712468193384224
I15_15_05.png,train,1.4,0.1017811704834605,1.407124681933842
I15_16_01.png,train,4.47,0.8829516539440203,4.531806615776081
I15_16_02.png,train,3.77,0.7048346055979644,3.8193384223918576
I15_16_03.png,train,2.93,0.4910941475826972,2.9643765903307893
I15_16_04.png,train,1.73,0.1857506361323155,1.7430025445292625
I15_16_05.png,train,1.23,0.0585241730279898,1.2340966921119594
I15_17_01.png,train,4.43,0.8727735368956743,4.491094147582697
I15_17_02.png,train,4.63,0.9236641221374048,4.694656488549619
I15_17_03.png,train,4.1,0.7888040712468193,4.155216284987278
I15_17_04.png,train,3.63,0.6692111959287532,3.676844783715013
I15_17_05.png,train,1.97,0.2468193384223918,1.987277353689568
I15_18_01.png,train,3.77,0.7048346055979644,3.8193384223918576
I15_18_02.png,train,3.87,0.7302798982188295,3.921119592875318
I15_18_03.png,train,4.67,0.9338422391857508,4.735368956743002
I15_18_04.png,train,4.37,0.8575063613231553,4.430025445292621
I15_18_05.png,train,3.6,0.6615776081424937,3.646310432569975
I15_19_01.png,train,3.93,0.7455470737913487,3.982188295165394
I15_19_02.png,train,4.07,0.78117048346056,4.12468193384224
I15_19_03.png,train,3.03,0.5165394402035624,3.0661577608142494
I15_19_04.png,train,1.77,0.1959287531806616,1.7837150127226464
I15_19_05.png,train,1.27,0.0687022900763358,1.2748091603053435
I15_20_01.png,train,4.33,0.8473282442748092,4.389312977099237
I15_20_02.png,train,4.2,0.8142493638676845,4.256997455470739
I15_20_03.png,train,4.07,0.78117048346056,4.12468193384224
I15_20_04.png,train,3.9,0.7379134860050891,3.951653944020357
I15_20_05.png,train,3.35,0.5979643765903309,3.3918575063613234
I15_21_01.png,train,3.43,0.6183206106870229,3.473282442748092
I15_21_02.png,train,2.9,0.4834605597964376,2.9338422391857506
I15_21_03.png,train,2.57,0.3994910941475826,2.59796437659033
I15_21_04.png,train,2.03,0.2620865139949109,2.048346055979644
I15_21_05.png,train,1.17,0.0432569974554707,1.173027989821883
I15_22_01.png,train,3.93,0.7455470737913487,3.982188295165394
I15_22_02.png,train,3.57,0.6539440203562341,3.615776081424937
I15_22_03.png,train,4.0,0.7633587786259542,4.0534351145038165
I15_22_04.png,train,3.7,0.6870229007633589,3.748091603053436
I15_22_05.png,train,3.1,0.534351145038168,3.137404580152672
I15_23_01.png,train,2.5,0.3816793893129771,2.5267175572519083
I15_23_02.png,train,1.9,0.2290076335877862,1.916030534351145
I15_23_03.png,train,2.27,0.3231552162849873,2.2926208651399493
I15_23_04.png,train,2.17,0.2977099236641221,2.1908396946564883
I15_23_05.png,train,1.93,0.2366412213740458,1.9465648854961832
I15_24_01.png,train,2.8,0.4580152671755725,2.83206106870229
I15_24_02.png,train,2.1,0.2798982188295166,2.1195928753180664
I15_24_03.png,train,1.53,0.1348600508905852,1.5394402035623411
I15_24_04.png,train,1.57,0.1450381679389313,1.5801526717557253
I15_24_05.png,train,1.17,0.0432569974554707,1.173027989821883
I15_25_01.png,train,2.97,0.5012722646310434,3.0050890585241734
I15_25_02.png,train,3.2,0.5597964376590332,3.239185750636133
I15_25_03.png,train,3.63,0.6692111959287532,3.676844783715013
I15_25_04.png,train,3.87,0.7302798982188295,3.921119592875318
I15_25_05.png,train,3.2,0.5597964376590332,3.239185750636133
I16_01_01.png,train,4.7,0.9414758269720104,4.765903307888041
I16_01_02.png,train,4.3,0.8396946564885497,4.358778625954199
I16_01_03.png,train,2.0,0.2544529262086514,2.017811704834606
I16_01_04.png,train,1.4,0.1017811704834605,1.407124681933842
I16_01_05.png,train,1.13,0.0330788804071246,1.1323155216284986
I16_02_01.png,train,3.4,0.6106870229007634,3.442748091603053
I16_02_02.png,train,1.93,0.2366412213740458,1.9465648854961832
I16_02_03.png,train,1.33,0.0839694656488549,1.33587786259542
I16_02_04.png,train,1.17,0.0432569974554707,1.173027989821883
I16_02_05.png,train,1.33,0.0839694656488549,1.33587786259542
I16_03_01.png,train,4.47,0.8829516539440203,4.531806615776081
I16_03_02.png,train,3.47,0.6284987277353691,3.5139949109414763
I16_03_03.png,train,2.03,0.2620865139949109,2.048346055979644
I16_03_04.png,train,1.63,0.1603053435114503,1.6412213740458017
I16_03_05.png,train,1.17,0.0432569974554707,1.173027989821883
I16_04_01.png,train,4.4,0.8651399491094149,4.46055979643766
I16_04_02.png,train,1.9,0.2290076335877862,1.916030534351145
I16_04_03.png,train,1.2,0.0508905852417302,1.2035623409669212
I16_04_04.png,train,1.2,0.0508905852417302,1.2035623409669212
I16_04_05.png,train,1.07,0.0178117048346056,1.0712468193384224
I16_05_01.png,train,3.07,0.5267175572519084,3.106870229007633
I16_05_02.png,train,1.58,0.1475826972010178,1.5903307888040714
I16_05_03.png,train,1.23,0.0585241730279898,1.2340966921119594
I16_05_04.png,train,1.17,0.0432569974554707,1.173027989821883
I16_05_05.png,train,1.43,0.1094147582697201,1.4376590330788803
I16_06_01.png,train,4.0,0.7633587786259542,4.0534351145038165
I16_06_02.png,train,4.13,0.796437659033079,4.185750636132315
I16_06_03.png,train,3.97,0.7557251908396948,4.022900763358779
I16_06_04.png,train,3.3,0.5852417302798982,3.340966921119593
I16_06_05.png,train,2.16,0.2951653944020357,2.180661577608143
I16_07_01.png,train,3.07,0.5267175572519084,3.106870229007633
I16_07_02.png,train,2.13,0.2875318066157761,2.1501272264631046
I16_07_03.png,train,2.33,0.3384223918575064,2.3536895674300258
I16_07_04.png,train,2.07,0.272264631043257,2.089058524173028
I16_07_05.png,train,2.03,0.2620865139949109,2.048346055979644
I16_08_01.png,train,4.7,0.9414758269720104,4.765903307888041
I16_08_02.png,train,2.9,0.4834605597964376,2.9338422391857506
I16_08_03.png,train,2.07,0.272264631043257,2.089058524173028
I16_08_04.png,train,1.23,0.0585241730279898,1.2340966921119594
I16_08_05.png,train,1.07,0.0178117048346056,1.0712468193384224
I16_09_01.png,train,4.63,0.9236641221374048,4.694656488549619
I16_09_02.png,train,4.23,0.8218829516539442,4.287531806615776
I16_09_03.png,train,4.0,0.7633587786259542,4.0534351145038165
I16_09_04.png,train,1.61,0.1552162849872773,1.6208651399491094
I16_09_05.png,train,1.17,0.0432569974554707,1.173027989821883
I16_10_01.png,train,4.0,0.7633587786259542,4.0534351145038165
I16_10_02.png,train,4.23,0.8218829516539442,4.287531806615776
I16_10_03.png,train,3.9,0.7379134860050891,3.951653944020357
I16_10_04.png,train,2.03,0.2620865139949109,2.048346055979644
I16_10_05.png,train,1.4,0.1017811704834605,1.407124681933842
I16_11_01.png,train,4.03,0.7709923664122139,4.083969465648856
I16_11_02.png,train,3.17,0.5521628498727735,3.208651399491094
I16_11_03.png,train,2.9,0.4834605597964376,2.9338422391857506
I16_11_04.png,train,2.19,0.3027989821882951,2.2111959287531806
I16_11_05.png,train,2.07,0.272264631043257,2.089058524173028
I16_12_01.png,train,4.5,0.89058524173028,4.56234096692112
I16_12_02.png,train,3.3,0.5852417302798982,3.340966921119593
I16_12_03.png,train,3.13,0.5419847328244275,3.16793893129771
I16_12_04.png,train,2.37,0.3486005089058525,2.39440203562341
I16_12_05.png,train,2.47,0.3740458015267176,2.4961832061068705
I16_13_01.png,train,3.57,0.6539440203562341,3.615776081424937
I16_13_02.png,train,2.73,0.4402035623409669,2.760814249363868
I16_13_03.png,train,2.43,0.3638676844783716,2.4554707379134864
I16_13_04.png,train,2.07,0.272264631043257,2.089058524173028
I16_13_05.png,train,1.77,0.1959287531806616,1.7837150127226464
I16_14_01.png,train,4.2,0.8142493638676845,4.256997455470739
I16_14_02.png,train,3.17,0.5521628498727735,3.208651399491094
I16_14_03.png,train,3.23,0.5674300254452926,3.2697201017811706
I16_14_04.png,train,2.27,0.3231552162849873,2.2926208651399493
I16_14_05.png,train,1.9,0.2290076335877862,1.916030534351145
I16_15_01.png,train,3.37,0.6030534351145039,3.412213740458016
I16_15_02.png,train,2.4,0.356234096692112,2.424936386768448
I16_15_03.png,train,2.03,0.2620865139949109,2.048346055979644
I16_15_04.png,train,1.23,0.0585241730279898,1.2340966921119594
I16_15_05.png,train,1.27,0.0687022900763358,1.2748091603053435
I16_16_01.png,train,4.37,0.8575063613231553,4.430025445292621
I16_16_02.png,train,4.37,0.8575063613231553,4.430025445292621
I16_16_03.png,train,3.87,0.7302798982188295,3.921119592875318
I16_16_04.png,train,2.73,0.4402035623409669,2.760814249363868
I16_16_05.png,train,2.0,0.2544529262086514,2.017811704834606
I16_17_01.png,train,4.63,0.9236641221374048,4.694656488549619
I16_17_02.png,train,4.57,0.9083969465648856,4.633587786259543
I16_17_03.png,train,4.27,0.83206106870229,4.32824427480916
I16_17_04.png,train,3.67,0.6793893129770993,3.717557251908397
I16_17_05.png,train,1.9,0.2290076335877862,1.916030534351145
I16_18_01.png,train,4.47,0.8829516539440203,4.531806615776081
I16_18_02.png,train,4.6,0.916030534351145,4.66412213740458
I16_18_03.png,train,4.43,0.8727735368956743,4.491094147582697
I16_18_04.png,train,4.13,0.796437659033079,4.185750636132315
I16_18_05.png,train,3.93,0.7455470737913487,3.982188295165394
I16_19_01.png,train,4.13,0.796437659033079,4.185750636132315
I16_19_02.png,train,3.6,0.6615776081424937,3.646310432569975
I16_19_03.png,train,3.43,0.6183206106870229,3.473282442748092
I16_19_04.png,train,1.57,0.1450381679389313,1.5801526717557253
I16_19_05.png,train,1.17,0.0432569974554707,1.173027989821883
I16_20_01.png,train,4.39,0.8625954198473282,4.450381679389313
I16_20_02.png,train,4.2,0.8142493638676845,4.256997455470739
I16_20_03.png,train,4.43,0.8727735368956743,4.491094147582697
I16_20_04.png,train,3.93,0.7455470737913487,3.982188295165394
I16_20_05.png,train,3.7,0.6870229007633589,3.748091603053436
I16_21_01.png,train,4.1,0.7888040712468193,4.155216284987278
I16_21_02.png,train,3.3,0.5852417302798982,3.340966921119593
I16_21_03.png,train,3.33,0.5928753180661578,3.371501272264631
I16_21_04.png,train,3.53,0.6437659033078881,3.5750636132315523
I16_21_05.png,train,1.27,0.0687022900763358,1.2748091603053435
I16_22_01.png,train,4.03,0.7709923664122139,4.083969465648856
I16_22_02.png,train,3.53,0.6437659033078881,3.5750636132315523
I16_22_03.png,train,2.9,0.4834605597964376,2.9338422391857506
I16_22_04.png,train,3.23,0.5674300254452926,3.2697201017811706
I16_22_05.png,train,2.53,0.3893129770992366,2.5572519083969465
I16_23_01.png,train,2.13,0.2875318066157761,2.1501272264631046
I16_23_02.png,train,2.47,0.3740458015267176,2.4961832061068705
I16_23_03.png,train,2.07,0.272264631043257,2.089058524173028
I16_23_04.png,train,1.87,0.2213740458015267,1.885496183206107
I16_23_05.png,train,2.03,0.2620865139949109,2.048346055979644
I16_24_01.png,train,3.43,0.6183206106870229,3.473282442748092
I16_24_02.png,train,2.37,0.3486005089058525,2.39440203562341
I16_24_03.png,train,1.93,0.2366412213740458,1.9465648854961832
I16_24_04.png,train,1.43,0.1094147582697201,1.4376590330788803
I16_24_05.png,train,1.2,0.0508905852417302,1.2035623409669212
I16_25_01.png,train,3.43,0.6183206106870229,3.473282442748092
I16_25_02.png,train,3.5,0.6361323155216285,3.544529262086514
I16_25_03.png,train,4.16,0.8040712468193385,4.216284987277354
I16_25_04.png,train,4.17,0.806615776081425,4.2264631043257
I16_25_05.png,train,3.7,0.6870229007633589,3.748091603053436
I17_01_01.png,val,4.73,0.94910941475827,4.79643765903308
I17_01_02.png,val,4.23,0.8218829516539442,4.287531806615776
I17_01_03.png,val,2.73,0.4402035623409669,2.760814249363868
I17_01_04.png,val,1.4,0.1017811704834605,1.407124681933842
I17_01_05.png,val,1.07,0.0178117048346056,1.0712468193384224
I17_02_01.png,val,3.5,0.6361323155216285,3.544529262086514
I17_02_02.png,val,2.07,0.272264631043257,2.089058524173028
I17_02_03.png,val,1.37,0.094147582697201,1.376590330788804
I17_02_04.png,val,1.2,0.0508905852417302,1.2035623409669212
I17_02_05.png,val,1.2,0.0508905852417302,1.2035623409669212
I17_03_01.png,val,4.61,0.9185750636132316,4.674300254452927
I17_03_02.png,val,3.7,0.6870229007633589,3.748091603053436
I17_03_03.png,val,2.27,0.3231552162849873,2.2926208651399493
I17_03_04.png,val,1.9,0.2290076335877862,1.916030534351145
I17_03_05.png,val,1.47,0.1195928753180661,1.478371501272265
I17_04_01.png,val,4.63,0.9236641221374048,4.694656488549619
I17_04_02.png,val,2.47,0.3740458015267176,2.4961832061068705
I17_04_03.png,val,1.53,0.1348600508905852,1.5394402035623411
I17_04_04.png,val,1.57,0.1450381679389313,1.5801526717557253
I17_04_05.png,val,1.23,0.0585241730279898,1.2340966921119594
I17_05_01.png,val,3.2,0.5597964376590332,3.239185750636133
I17_05_02.png,val,2.07,0.272264631043257,2.089058524173028
I17_05_03.png,val,1.5,0.1272264631043257,1.508905852417303
I17_05_04.png,val,1.5,0.1272264631043257,1.508905852417303
I17_05_05.png,val,1.6,0.1526717557251908,1.6106870229007637
I17_06_01.png,val,4.37,0.8575063613231553,4.430025445292621
I17_06_02.png,val,4.8,0.9669211195928752,4.867684478371501
I17_06_03.png,val,4.47,0.8829516539440203,4.531806615776081
I17_06_04.png,val,4.17,0.806615776081425,4.2264631043257
I17_06_05.png,val,2.27,0.3231552162849873,2.2926208651399493
I17_07_01.png,val,2.5,0.3816793893129771,2.5267175572519083
I17_07_02.png,val,2.63,0.4147582697201017,2.659033078880407
I17_07_03.png,val,2.33,0.3384223918575064,2.3536895674300258
I17_07_04.png,val,2.33,0.3384223918575064,2.3536895674300258
I17_07_05.png,val,1.83,0.2111959287531807,1.8447837150127229
I17_08_01.png,val,4.5,0.89058524173028,4.56234096692112
I17_08_02.png,val,2.9,0.4834605597964376,2.9338422391857506
I17_08_03.png,val,2.3,0.3307888040712468,2.323155216284987
I17_08_04.png,val,1.43,0.1094147582697201,1.4376590330788803
I17_08_05.png,val,1.26,0.0661577608142493,1.2646310432569976
I17_09_01.png,val,4.67,0.9338422391857508,4.735368956743002
I17_09_02.png,val,3.13,0.5419847328244275,3.16793893129771
I17_09_03.png,val,2.63,0.4147582697201017,2.659033078880407
I17_09_04.png,val,1.47,0.1195928753180661,1.478371501272265
I17_09_05.png,val,1.13,0.0330788804071246,1.1323155216284986
I17_10_01.png,val,4.47,0.8829516539440203,4.531806615776081
I17_10_02.png,val,4.43,0.8727735368956743,4.491094147582697
I17_10_03.png,val,4.37,0.8575063613231553,4.430025445292621
I17_10_04.png,val,2.47,0.3740458015267176,2.4961832061068705
I17_10_05.png,val,1.2,0.0508905852417302,1.2035623409669212
I17_11_01.png,val,4.5,0.89058524173028,4.56234096692112
I17_11_02.png,val,4.5,0.89058524173028,4.56234096692112
I17_11_03.png,val,4.2,0.8142493638676845,4.256997455470739
I17_11_04.png,val,3.43,0.6183206106870229,3.473282442748092
I17_11_05.png,val,2.87,0.4758269720101782,2.903307888040713
I17_12_01.png,val,4.74,0.9516539440203564,4.806615776081426
I17_12_02.png,val,4.63,0.9236641221374048,4.694656488549619
I17_12_03.png,val,4.23,0.8218829516539442,4.287531806615776
I17_12_04.png,val,3.7,0.6870229007633589,3.748091603053436
I17_12_05.png,val,2.8,0.4580152671755725,2.83206106870229
I17_13_01.png,val,4.07,0.78117048346056,4.12468193384224
I17_13_02.png,val,3.53,0.6437659033078881,3.5750636132315523
I17_13_03.png,val,2.93,0.4910941475826972,2.9643765903307893
I17_13_04.png,val,2.73,0.4402035623409669,2.760814249363868
I17_13_05.png,val,2.4,0.356234096692112,2.424936386768448
I17_14_01.png,val,4.5,0.89058524173028,4.56234096692112
I17_14_02.png,val,4.7,0.9414758269720104,4.765903307888041
I17_14_03.png,val,4.5,0.89058524173028,4.56234096692112
I17_14_04.png,val,4.03,0.7709923664122139,4.083969465648856
I17_14_05.png,val,2.53,0.3893129770992366,2.5572519083969465
I17_15_01.png,val,3.67,0.6793893129770993,3.717557251908397
I17_15_02.png,val,3.22,0.5648854961832062,3.2595419847328246
I17_15_03.png,val,2.63,0.4147582697201017,2.659033078880407
I17_15_04.png,val,1.87,0.2213740458015267,1.885496183206107
I17_15_05.png,val,1.5,0.1272264631043257,1.508905852417303
I17_16_01.png,val,4.6,0.916030534351145,4.66412213740458
I17_16_02.png,val,4.4,0.8651399491094149,4.46055979643766
I17_16_03.png,val,3.97,0.7557251908396948,4.022900763358779
I17_16_04.png,val,2.47,0.3740458015267176,2.4961832061068705
I17_16_05.png,val,2.07,0.272264631043257,2.089058524173028
I17_17_01.png,val,4.53,0.8982188295165395,4.592875318066158
I17_17_02.png,val,4.43,0.8727735368956743,4.491094147582697
I17_17_03.png,val,4.33,0.8473282442748092,4.389312977099237
I17_17_04.png,val,3.5,0.6361323155216285,3.544529262086514
I17_17_05.png,val,1.83,0.2111959287531807,1.8447837150127229
I17_18_01.png,val,4.53,0.8982188295165395,4.592875318066158
I17_18_02.png,val,4.43,0.8727735368956743,4.491094147582697
I17_18_03.png,val,4.43,0.8727735368956743,4.491094147582697
I17_18_04.png,val,4.17,0.806615776081425,4.2264631043257
I17_18_05.png,val,3.93,0.7455470737913487,3.982188295165394
I17_19_01.png,val,4.1,0.7888040712468193,4.155216284987278
I17_19_02.png,val,3.9,0.7379134860050891,3.951653944020357
I17_19_03.png,val,2.8,0.4580152671755725,2.83206106870229
I17_19_04.png,val,1.43,0.1094147582697201,1.4376590330788803
I17_19_05.png,val,1.23,0.0585241730279898,1.2340966921119594
I17_20_01.png,val,4.8,0.9669211195928752,4.867684478371501
I17_20_02.png,val,4.57,0.9083969465648856,4.633587786259543
I17_20_03.png,val,4.4,0.8651399491094149,4.46055979643766
I17_20_04.png,val,4.6,0.916030534351145,4.66412213740458
I17_20_05.png,val,4.13,0.796437659033079,4.185750636132315
I17_21_01.png,val,4.13,0.796437659033079,4.185750636132315
I17_21_02.png,val,3.0,0.5089058524173028,3.035623409669211
I17_21_03.png,val,2.8,0.4580152671755725,2.83206106870229
I17_21_04.png,val,2.57,0.3994910941475826,2.59796437659033
I17_21_05.png,val,1.13,0.0330788804071246,1.1323155216284986
I17_22_01.png,val,4.8,0.9669211195928752,4.867684478371501
I17_22_02.png,val,4.57,0.9083969465648856,4.633587786259543
I17_22_03.png,val,4.73,0.94910941475827,4.79643765903308
I17_22_04.png,val,4.6,0.916030534351145,4.66412213740458
I17_22_05.png,val,4.33,0.8473282442748092,4.389312977099237
I17_23_01.png,val,2.93,0.4910941475826972,2.9643765903307893
I17_23_02.png,val,2.63,0.4147582697201017,2.659033078880407
I17_23_03.png,val,2.5,0.3816793893129771,2.5267175572519083
I17_23_04.png,val,2.33,0.3384223918575064,2.3536895674300258
I17_23_05.png,val,2.32,0.3358778625954198,2.3435114503816794
I17_24_01.png,val,3.1,0.534351145038168,3.137404580152672
I17_24_02.png,val,2.33,0.3384223918575064,2.3536895674300258
I17_24_03.png,val,1.8,0.2035623409669211,1.8142493638676849
I17_24_04.png,val,1.33,0.0839694656488549,1.33587786259542
I17_24_05.png,val,1.1,0.0254452926208651,1.1017811704834606
I17_25_01.png,val,3.4,0.6106870229007634,3.442748091603053
I17_25_02.png,val,3.47,0.6284987277353691,3.5139949109414763
I17_25_03.png,val,4.33,0.8473282442748092,4.389312977099237
I17_25_04.png,val,4.43,0.8727735368956743,4.491094147582697
I17_25_05.png,val,3.4,0.6106870229007634,3.442748091603053
I18_01_01.png,val,4.5,0.89058524173028,4.56234096692112
I18_01_02.png,val,4.23,0.8218829516539442,4.287531806615776
I18_01_03.png,val,2.83,0.4656488549618321,2.862595419847328
I18_01_04.png,val,1.77,0.1959287531806616,1.7837150127226464
I18_01_05.png,val,1.4,0.1017811704834605,1.407124681933842
I18_02_01.png,val,3.7,0.6870229007633589,3.748091603053436
I18_02_02.png,val,2.37,0.3486005089058525,2.39440203562341
I18_02_03.png,val,1.53,0.1348600508905852,1.5394402035623411
I18_02_04.png,val,1.23,0.0585241730279898,1.2340966921119594
I18_02_05.png,val,1.43,0.1094147582697201,1.4376590330788803
I18_03_01.png,val,4.3,0.8396946564885497,4.358778625954199
I18_03_02.png,val,3.97,0.7557251908396948,4.022900763358779
I18_03_03.png,val,3.07,0.5267175572519084,3.106870229007633
I18_03_04.png,val,2.33,0.3384223918575064,2.3536895674300258
I18_03_05.png,val,1.57,0.1450381679389313,1.5801526717557253
I18_04_01.png,val,4.4,0.8651399491094149,4.46055979643766
I18_04_02.png,val,2.5,0.3816793893129771,2.5267175572519083
I18_04_03.png,val,1.43,0.1094147582697201,1.4376590330788803
I18_04_04.png,val,1.4,0.1017811704834605,1.407124681933842
I18_04_05.png,val,1.43,0.1094147582697201,1.4376590330788803
I18_05_01.png,val,4.27,0.83206106870229,4.32824427480916
I18_05_02.png,val,2.1,0.2798982188295166,2.1195928753180664
I18_05_03.png,val,1.9,0.2290076335877862,1.916030534351145
I18_05_04.png,val,1.57,0.1450381679389313,1.5801526717557253
I18_05_05.png,val,1.87,0.2213740458015267,1.885496183206107
I18_06_01.png,val,3.97,0.7557251908396948,4.022900763358779
I18_06_02.png,val,3.43,0.6183206106870229,3.473282442748092
I18_06_03.png,val,3.1,0.534351145038168,3.137404580152672
I18_06_04.png,val,2.5,0.3816793893129771,2.5267175572519083
I18_06_05.png,val,2.0,0.2544529262086514,2.017811704834606
I18_07_01.png,val,2.97,0.5012722646310434,3.0050890585241734
I18_07_02.png,val,2.13,0.2875318066157761,2.1501272264631046
I18_07_03.png,val,2.03,0.2620865139949109,2.048346055979644
I18_07_04.png,val,2.03,0.2620865139949109,2.048346055979644
I18_07_05.png,val,1.73,0.1857506361323155,1.7430025445292625
I18_08_01.png,val,4.3,0.8396946564885497,4.358778625954199
I18_08_02.png,val,3.43,0.6183206106870229,3.473282442748092
I18_08_03.png,val,2.7,0.4325699745547074,2.73027989821883
I18_08_04.png,val,1.9,0.2290076335877862,1.916030534351145
I18_08_05.png,val,1.37,0.094147582697201,1.376590330788804
I18_09_01.png,val,4.4,0.8651399491094149,4.46055979643766
I18_09_02.png,val,4.43,0.8727735368956743,4.491094147582697
I18_09_03.png,val,4.27,0.83206106870229,4.32824427480916
I18_09_04.png,val,2.97,0.5012722646310434,3.0050890585241734
I18_09_05.png,val,1.57,0.1450381679389313,1.5801526717557253
I18_10_01.png,val,4.07,0.78117048346056,4.12468193384224
I18_10_02.png,val,3.6,0.6615776081424937,3.646310432569975
I18_10_03.png,val,3.1,0.534351145038168,3.137404580152672
I18_10_04.png,val,1.67,0.1704834605597964,1.681933842239186
I18_10_05.png,val,1.17,0.0432569974554707,1.173027989821883
I18_11_01.png,val,3.7,0.6870229007633589,3.748091603053436
I18_11_02.png,val,3.17,0.5521628498727735,3.208651399491094
I18_11_03.png,val,2.83,0.4656488549618321,2.862595419847328
I18_11_04.png,val,2.5,0.3816793893129771,2.5267175572519083
I18_11_05.png,val,2.07,0.272264631043257,2.089058524173028
I18_12_01.png,val,3.97,0.7557251908396948,4.022900763358779
I18_12_02.png,val,3.03,0.5165394402035624,3.0661577608142494
I18_12_03.png,val,2.6,0.4071246819338422,2.6284987277353693
I18_12_04.png,val,2.1,0.2798982188295166,2.1195928753180664
I18_12_05.png,val,2.03,0.2620865139949109,2.048346055979644
I18_13_01.png,val,2.94,0.4936386768447837,2.974554707379135
I18_13_02.png,val,2.87,0.4758269720101782,2.903307888040713
I18_13_03.png,val,2.37,0.3486005089058525,2.39440203562341
I18_13_04.png,val,2.07,0.272264631043257,2.089058524173028
I18_13_05.png,val,1.97,0.2468193384223918,1.987277353689568
I18_14_01.png,val,4.07,0.78117048346056,4.12468193384224
I18_14_02.png,val,3.03,0.5165394402035624,3.0661577608142494
I18_14_03.png,val,2.67,0.4249363867684478,2.699745547073792
I18_14_04.png,val,2.23,0.3129770992366412,2.2519083969465647
I18_14_05.png,val,1.93,0.2366412213740458,1.9465648854961832
I18_15_01.png,val,3.03,0.5165394402035624,3.0661577608142494
I18_15_02.png,val,2.47,0.3740458015267176,2.4961832061068705
I18_15_03.png,val,2.1,0.2798982188295166,2.1195928753180664
I18_15_04.png,val,1.5,0.1272264631043257,1.508905852417303
I18_15_05.png,val,1.53,0.1348600508905852,1.5394402035623411
I18_16_01.png,val,4.43,0.8727735368956743,4.491094147582697
I18_16_02.png,val,4.37,0.8575063613231553,4.430025445292621
I18_16_03.png,val,4.07,0.78117048346056,4.12468193384224
I18_16_04.png,val,2.97,0.5012722646310434,3.0050890585241734
I18_16_05.png,val,2.17,0.2977099236641221,2.1908396946564883
I18_17_01.png,val,4.4,0.8651399491094149,4.46055979643766
I18_17_02.png,val,4.3,0.8396946564885497,4.358778625954199
I18_17_03.png,val,3.83,0.7201017811704835,3.880407124681934
I18_17_04.png,val,3.7,0.6870229007633589,3.748091603053436
I18_17_05.png,val,2.57,0.3994910941475826,2.59796437659033
I18_18_01.png,val,4.27,0.83206106870229,4.32824427480916
I18_18_02.png,val,4.43,0.8727735368956743,4.491094147582697
I18_18_03.png,val,4.45,0.8778625954198475,4.51145038167939
I18_18_04.png,val,4.33,0.8473282442748092,4.389312977099237
I18_18_05.png,val,3.77,0.7048346055979644,3.8193384223918576
I18_19_01.png,val,4.6,0.916030534351145,4.66412213740458
I18_19_02.png,val,4.27,0.83206106870229,4.32824427480916
I18_19_03.png,val,3.57,0.6539440203562341,3.615776081424937
I18_19_04.png,val,2.1,0.2798982188295166,2.1195928753180664
I18_19_05.png,val,1.3,0.0763358778625954,1.3053435114503815
I18_20_01.png,val,4.33,0.8473282442748092,4.389312977099237
I18_20_02.png,val,4.03,0.7709923664122139,4.083969465648856
I18_20_03.png,val,4.17,0.806615776081425,4.2264631043257
I18_20_04.png,val,3.97,0.7557251908396948,4.022900763358779
I18_20_05.png,val,4.1,0.7888040712468193,4.155216284987278
I18_21_01.png,val,3.74,0.697201017811705,3.78880407124682
I18_21_02.png,val,3.07,0.5267175572519084,3.106870229007633
I18_21_03.png,val,3.33,0.5928753180661578,3.371501272264631
I18_21_04.png,val,2.9,0.4834605597964376,2.9338422391857506
I18_21_05.png,val,1.63,0.1603053435114503,1.6412213740458017
I18_22_01.png,val,3.13,0.5419847328244275,3.16793893129771
I18_22_02.png,val,2.63,0.4147582697201017,2.659033078880407
I18_22_03.png,val,2.83,0.4656488549618321,2.862595419847328
I18_22_04.png,val,2.4,0.356234096692112,2.424936386768448
I18_22_05.png,val,2.2,0.3053435114503817,2.221374045801527
I18_23_01.png,val,2.77,0.450381679389313,2.801526717557252
I18_23_02.png,val,2.0,0.2544529262086514,2.017811704834606
I18_23_03.png,val,2.4,0.356234096692112,2.424936386768448
I18_23_04.png,val,2.2,0.3053435114503817,2.221374045801527
I18_23_05.png,val,2.1,0.2798982188295166,2.1195928753180664
I18_24_01.png,val,4.1,0.7888040712468193,4.155216284987278
I18_24_02.png,val,2.97,0.5012722646310434,3.0050890585241734
I18_24_03.png,val,2.57,0.3994910941475826,2.59796437659033
I18_24_04.png,val,1.57,0.1450381679389313,1.5801526717557253
I18_24_05.png,val,1.34,0.0865139949109415,1.346055979643766
I18_25_01.png,val,3.7,0.6870229007633589,3.748091603053436
I18_25_02.png,val,3.87,0.7302798982188295,3.921119592875318
I18_25_03.png,val,3.9,0.7379134860050891,3.951653944020357
I18_25_04.png,val,4.03,0.7709923664122139,4.083969465648856
I18_25_05.png,val,3.33,0.5928753180661578,3.371501272264631
I19_01_01.png,train,4.4,0.8651399491094149,4.46055979643766
I19_01_02.png,train,4.23,0.8218829516539442,4.287531806615776
I19_01_03.png,train,2.77,0.450381679389313,2.801526717557252
I19_01_04.png,train,1.93,0.2366412213740458,1.9465648854961832
I19_01_05.png,train,1.27,0.0687022900763358,1.2748091603053435
I19_02_01.png,train,3.8,0.712468193384224,3.849872773536896
I19_02_02.png,train,2.5,0.3816793893129771,2.5267175572519083
I19_02_03.png,train,2.0,0.2544529262086514,2.017811704834606
I19_02_04.png,train,1.5,0.1272264631043257,1.508905852417303
I19_02_05.png,train,1.4,0.1017811704834605,1.407124681933842
I19_03_01.png,train,4.57,0.9083969465648856,4.633587786259543
I19_03_02.png,train,3.73,0.6946564885496184,3.7786259541984735
I19_03_03.png,train,3.03,0.5165394402035624,3.0661577608142494
I19_03_04.png,train,2.17,0.2977099236641221,2.1908396946564883
I19_03_05.png,train,1.84,0.2137404580152672,1.8549618320610688
I19_04_01.png,train,4.13,0.796437659033079,4.185750636132315
I19_04_02.png,train,2.8,0.4580152671755725,2.83206106870229
I19_04_03.png,train,1.61,0.1552162849872773,1.6208651399491094
I19_04_04.png,train,1.53,0.1348600508905852,1.5394402035623411
I19_04_05.png,train,1.37,0.094147582697201,1.376590330788804
I19_05_01.png,train,4.3,0.8396946564885497,4.358778625954199
I19_05_02.png,train,2.33,0.3384223918575064,2.3536895674300258
I19_05_03.png,train,1.6,0.1526717557251908,1.6106870229007637
I19_05_04.png,train,1.57,0.1450381679389313,1.5801526717557253
I19_05_05.png,train,1.8,0.2035623409669211,1.8142493638676849
I19_06_01.png,train,3.9,0.7379134860050891,3.951653944020357
I19_06_02.png,train,3.0,0.5089058524173028,3.035623409669211
I19_06_03.png,train,3.4,0.6106870229007634,3.442748091603053
I19_06_04.png,train,2.8,0.4580152671755725,2.83206106870229
I19_06_05.png,train,1.9,0.2290076335877862,1.916030534351145
I19_07_01.png,train,2.83,0.4656488549618321,2.862595419847328
I19_07_02.png,train,1.97,0.2468193384223918,1.987277353689568
I19_07_03.png,train,2.37,0.3486005089058525,2.39440203562341
I19_07_04.png,train,2.1,0.2798982188295166,2.1195928753180664
I19_07_05.png,train,1.87,0.2213740458015267,1.885496183206107
I19_08_01.png,train,4.87,0.984732824427481,4.9389312977099245
I19_08_02.png,train,3.4,0.6106870229007634,3.442748091603053
I19_08_03.png,train,2.87,0.4758269720101782,2.903307888040713
I19_08_04.png,train,2.17,0.2977099236641221,2.1908396946564883
I19_08_05.png,train,1.6,0.1526717557251908,1.6106870229007637
I19_09_01.png,train,4.63,0.9236641221374048,4.694656488549619
I19_09_02.png,train,4.37,0.8575063613231553,4.430025445292621
I19_09_03.png,train,4.33,0.8473282442748092,4.389312977099237
I19_09_04.png,train,3.37,0.6030534351145039,3.412213740458016
I19_09_05.png,train,1.73,0.1857506361323155,1.7430025445292625
I19_10_01.png,train,4.0,0.7633587786259542,4.0534351145038165
I19_10_02.png,train,3.87,0.7302798982188295,3.921119592875318
I19_10_03.png,train,3.87,0.7302798982188295,3.921119592875318
I19_10_04.png,train,2.03,0.2620865139949109,2.048346055979644
I19_10_05.png,train,1.3,0.0763358778625954,1.3053435114503815
I19_11_01.png,train,3.73,0.6946564885496184,3.7786259541984735
I19_11_02.png,train,3.33,0.5928753180661578,3.371501272264631
I19_11_03.png,train,2.7,0.4325699745547074,2.73027989821883
I19_11_04.png,train,2.3,0.3307888040712468,2.323155216284987
I19_11_05.png,train,1.87,0.2213740458015267,1.885496183206107
I19_12_01.png,train,4.6,0.916030534351145,4.66412213740458
I19_12_02.png,train,3.33,0.5928753180661578,3.371501272264631
I19_12_03.png,train,2.83,0.4656488549618321,2.862595419847328
I19_12_04.png,train,2.37,0.3486005089058525,2.39440203562341
I19_12_05.png,train,2.13,0.2875318066157761,2.1501272264631046
I19_13_01.png,train,2.93,0.4910941475826972,2.9643765903307893
I19_13_02.png,train,2.47,0.3740458015267176,2.4961832061068705
I19_13_03.png,train,2.13,0.2875318066157761,2.1501272264631046
I19_13_04.png,train,2.3,0.3307888040712468,2.323155216284987
I19_13_05.png,train,1.9,0.2290076335877862,1.916030534351145
I19_14_01.png,train,4.2,0.8142493638676845,4.256997455470739
I19_14_02.png,train,3.0,0.5089058524173028,3.035623409669211
I19_14_03.png,train,2.57,0.3994910941475826,2.59796437659033
I19_14_04.png,train,2.47,0.3740458015267176,2.4961832061068705
I19_14_05.png,train,1.73,0.1857506361323155,1.7430025445292625
I19_15_01.png,train,3.93,0.7455470737913487,3.982188295165394
I19_15_02.png,train,3.0,0.5089058524173028,3.035623409669211
I19_15_03.png,train,2.87,0.4758269720101782,2.903307888040713
I19_15_04.png,train,1.87,0.2213740458015267,1.885496183206107
I19_15_05.png,train,1.6,0.1526717557251908,1.6106870229007637
I19_16_01.png,train,4.57,0.9083969465648856,4.633587786259543
I19_16_02.png,train,4.57,0.9083969465648856,4.633587786259543
I19_16_03.png,train,4.13,0.796437659033079,4.185750636132315
I19_16_04.png,train,2.5,0.3816793893129771,2.5267175572519083
I19_16_05.png,train,1.77,0.1959287531806616,1.7837150127226464
I19_17_01.png,train,4.5,0.89058524173028,4.56234096692112
I19_17_02.png,train,4.47,0.8829516539440203,4.531806615776081
I19_17_03.png,train,4.5,0.89058524173028,4.56234096692112
I19_17_04.png,train,3.82,0.7175572519083969,3.870229007633588
I19_17_05.png,train,2.47,0.3740458015267176,2.4961832061068705
I19_18_01.png,train,4.5,0.89058524173028,4.56234096692112
I19_18_02.png,train,4.27,0.83206106870229,4.32824427480916
I19_18_03.png,train,4.7,0.9414758269720104,4.765903307888041
I19_18_04.png,train,4.27,0.83206106870229,4.32824427480916
I19_18_05.png,train,3.9,0.7379134860050891,3.951653944020357
I19_19_01.png,train,4.27,0.83206106870229,4.32824427480916
I19_19_02.png,train,3.83,0.7201017811704835,3.880407124681934
I19_19_03.png,train,2.67,0.4249363867684478,2.699745547073792
I19_19_04.png,train,1.57,0.1450381679389313,1.5801526717557253
I19_19_05.png,train,1.19,0.0483460559796437,1.193384223918575
I19_20_01.png,train,4.13,0.796437659033079,4.185750636132315
I19_20_02.png,train,3.93,0.7455470737913487,3.982188295165394
I19_20_03.png,train,3.07,0.5267175572519084,3.106870229007633
I19_20_04.png,train,2.67,0.4249363867684478,2.699745547073792
I19_20_05.png,train,2.37,0.3486005089058525,2.39440203562341
I19_21_01.png,train,4.0,0.7633587786259542,4.0534351145038165
I19_21_02.png,train,3.47,0.6284987277353691,3.5139949109414763
I19_21_03.png,train,2.8,0.4580152671755725,2.83206106870229
I19_21_04.png,train,2.8,0.4580152671755725,2.83206106870229
I19_21_05.png,train,1.83,0.2111959287531807,1.8447837150127229
I19_22_01.png,train,4.4,0.8651399491094149,4.46055979643766
I19_22_02.png,train,4.1,0.7888040712468193,4.155216284987278
I19_22_03.png,train,3.37,0.6030534351145039,3.412213740458016
I19_22_04.png,train,3.3,0.5852417302798982,3.340966921119593
I19_22_05.png,train,2.67,0.4249363867684478,2.699745547073792
I19_23_01.png,train,2.9,0.4834605597964376,2.9338422391857506
I19_23_02.png,train,2.37,0.3486005089058525,2.39440203562341
I19_23_03.png,train,2.4,0.356234096692112,2.424936386768448
I19_23_04.png,train,2.33,0.3384223918575064,2.3536895674300258
I19_23_05.png,train,1.9,0.2290076335877862,1.916030534351145
I19_24_01.png,train,3.3,0.5852417302798982,3.340966921119593
I19_24_02.png,train,2.0,0.2544529262086514,2.017811704834606
I19_24_03.png,train,1.63,0.1603053435114503,1.6412213740458017
I19_24_04.png,train,1.43,0.1094147582697201,1.4376590330788803
I19_24_05.png,train,1.23,0.0585241730279898,1.2340966921119594
I19_25_01.png,train,3.53,0.6437659033078881,3.5750636132315523
I19_25_02.png,train,4.17,0.806615776081425,4.2264631043257
I19_25_03.png,train,4.45,0.8778625954198475,4.51145038167939
I19_25_04.png,train,4.43,0.8727735368956743,4.491094147582697
I19_25_05.png,train,3.53,0.6437659033078881,3.5750636132315523
I20_01_01.png,train,4.63,0.9236641221374048,4.694656488549619
I20_01_02.png,train,4.37,0.8575063613231553,4.430025445292621
I20_01_03.png,train,2.73,0.4402035623409669,2.760814249363868
I20_01_04.png,train,1.97,0.2468193384223918,1.987277353689568
I20_01_05.png,train,1.33,0.0839694656488549,1.33587786259542
I20_02_01.png,train,3.9,0.7379134860050891,3.951653944020357
I20_02_02.png,train,2.53,0.3893129770992366,2.5572519083969465
I20_02_03.png,train,1.63,0.1603053435114503,1.6412213740458017
I20_02_04.png,train,1.7,0.178117048346056,1.712468193384224
I20_02_05.png,train,1.53,0.1348600508905852,1.5394402035623411
I20_03_01.png,train,4.4,0.8651399491094149,4.46055979643766
I20_03_02.png,train,4.03,0.7709923664122139,4.083969465648856
I20_03_03.png,train,3.13,0.5419847328244275,3.16793893129771
I20_03_04.png,train,2.13,0.2875318066157761,2.1501272264631046
I20_03_05.png,train,1.87,0.2213740458015267,1.885496183206107
I20_04_01.png,train,4.19,0.8117048346055982,4.246819338422393
I20_04_02.png,train,2.17,0.2977099236641221,2.1908396946564883
I20_04_03.png,train,1.26,0.0661577608142493,1.2646310432569976
I20_04_04.png,train,1.23,0.0585241730279898,1.2340966921119594
I20_04_05.png,train,1.17,0.0432569974554707,1.173027989821883
I20_05_01.png,train,3.9,0.7379134860050891,3.951653944020357
I20_05_02.png,train,2.33,0.3384223918575064,2.3536895674300258
I20_05_03.png,train,1.83,0.2111959287531807,1.8447837150127229
I20_05_04.png,train,1.87,0.2213740458015267,1.885496183206107
I20_05_05.png,train,2.13,0.2875318066157761,2.1501272264631046
I20_06_01.png,train,3.77,0.7048346055979644,3.8193384223918576
I20_06_02.png,train,4.07,0.78117048346056,4.12468193384224
I20_06_03.png,train,3.7,0.6870229007633589,3.748091603053436
I20_06_04.png,train,3.73,0.6946564885496184,3.7786259541984735
I20_06_05.png,train,2.27,0.3231552162849873,2.2926208651399493
I20_07_01.png,train,2.57,0.3994910941475826,2.59796437659033
I20_07_02.png,train,2.3,0.3307888040712468,2.323155216284987
I20_07_03.png,train,2.3,0.3307888040712468,2.323155216284987
I20_07_04.png,train,2.4,0.356234096692112,2.424936386768448
I20_07_05.png,train,2.17,0.2977099236641221,2.1908396946564883
I20_08_01.png,train,4.53,0.8982188295165395,4.592875318066158
I20_08_02.png,train,3.3,0.5852417302798982,3.340966921119593
I20_08_03.png,train,2.7,0.4325699745547074,2.73027989821883
I20_08_04.png,train,1.7,0.178117048346056,1.712468193384224
I20_08_05.png,train,1.37,0.094147582697201,1.376590330788804
I20_09_01.png,train,4.53,0.8982188295165395,4.592875318066158
I20_09_02.png,train,4.4,0.8651399491094149,4.46055979643766
I20_09_03.png,train,3.8,0.712468193384224,3.849872773536896
I20_09_04.png,train,2.3,0.3307888040712468,2.323155216284987
I20_09_05.png,train,1.37,0.094147582697201,1.376590330788804
I20_10_01.png,train,4.13,0.796437659033079,4.185750636132315
I20_10_02.png,train,3.9,0.7379134860050891,3.951653944020357
I20_10_03.png,train,3.53,0.6437659033078881,3.5750636132315523
I20_10_04.png,train,1.67,0.1704834605597964,1.681933842239186
I20_10_05.png,train,1.23,0.0585241730279898,1.2340966921119594
I20_11_01.png,train,3.47,0.6284987277353691,3.5139949109414763
I20_11_02.png,train,3.2,0.5597964376590332,3.239185750636133
I20_11_03.png,train,2.6,0.4071246819338422,2.6284987277353693
I20_11_04.png,train,2.57,0.3994910941475826,2.59796437659033
I20_11_05.png,train,1.87,0.2213740458015267,1.885496183206107
I20_12_01.png,train,4.33,0.8473282442748092,4.389312977099237
I20_12_02.png,train,3.57,0.6539440203562341,3.615776081424937
I20_12_03.png,train,2.97,0.5012722646310434,3.0050890585241734
I20_12_04.png,train,2.53,0.3893129770992366,2.5572519083969465
I20_12_05.png,train,2.33,0.3384223918575064,2.3536895674300258
I20_13_01.png,train,3.07,0.5267175572519084,3.106870229007633
I20_13_02.png,train,2.6,0.4071246819338422,2.6284987277353693
I20_13_03.png,train,2.57,0.3994910941475826,2.59796437659033
I20_13_04.png,train,2.27,0.3231552162849873,2.2926208651399493
I20_13_05.png,train,1.9,0.2290076335877862,1.916030534351145
I20_14_01.png,train,4.07,0.78117048346056,4.12468193384224
I20_14_02.png,train,3.37,0.6030534351145039,3.412213740458016
I20_14_03.png,train,3.17,0.5521628498727735,3.208651399491094
I20_14_04.png,train,2.43,0.3638676844783716,2.4554707379134864
I20_14_05.png,train,2.1,0.2798982188295166,2.1195928753180664
I20_15_01.png,train,3.47,0.6284987277353691,3.5139949109414763
I20_15_02.png,train,2.33,0.3384223918575064,2.3536895674300258
I20_15_03.png,train,1.87,0.2213740458015267,1.885496183206107
I20_15_04.png,train,1.67,0.1704834605597964,1.681933842239186
I20_15_05.png,train,1.17,0.0432569974554707,1.173027989821883
I20_16_01.png,train,4.5,0.89058524173028,4.56234096692112
I20_16_02.png,train,4.37,0.8575063613231553,4.430025445292621
I20_16_03.png,train,3.83,0.7201017811704835,3.880407124681934
I20_16_04.png,train,3.23,0.5674300254452926,3.2697201017811706
I20_16_05.png,train,1.93,0.2366412213740458,1.9465648854961832
I20_17_01.png,train,4.53,0.8982188295165395,4.592875318066158
I20_17_02.png,train,4.27,0.83206106870229,4.32824427480916
I20_17_03.png,train,4.03,0.7709923664122139,4.083969465648856
I20_17_04.png,train,3.07,0.5267175572519084,3.106870229007633
I20_17_05.png,train,1.77,0.1959287531806616,1.7837150127226464
I20_18_01.png,train,4.4,0.8651399491094149,4.46055979643766
I20_18_02.png,train,4.5,0.89058524173028,4.56234096692112
I20_18_03.png,train,4.5,0.89058524173028,4.56234096692112
I20_18_04.png,train,3.9,0.7379134860050891,3.951653944020357
I20_18_05.png,train,3.2,0.5597964376590332,3.239185750636133
I20_19_01.png,train,4.6,0.916030534351145,4.66412213740458
I20_19_02.png,train,4.23,0.8218829516539442,4.287531806615776
I20_19_03.png,train,3.37,0.6030534351145039,3.412213740458016
I20_19_04.png,train,1.93,0.2366412213740458,1.9465648854961832
I20_19_05.png,train,1.37,0.094147582697201,1.376590330788804
I20_20_01.png,train,4.3,0.8396946564885497,4.358778625954199
I20_20_02.png,train,4.2,0.8142493638676845,4.256997455470739
I20_20_03.png,train,4.03,0.7709923664122139,4.083969465648856
I20_20_04.png,train,4.27,0.83206106870229,4.32824427480916
I20_20_05.png,train,3.3,0.5852417302798982,3.340966921119593
I20_21_01.png,train,4.07,0.78117048346056,4.12468193384224
I20_21_02.png,train,3.3,0.5852417302798982,3.340966921119593
I20_21_03.png,train,3.1,0.534351145038168,3.137404580152672
I20_21_04.png,train,3.2,0.5597964376590332,3.239185750636133
I20_21_05.png,train,1.57,0.1450381679389313,1.5801526717557253
I20_22_01.png,train,3.7,0.6870229007633589,3.748091603053436
I20_22_02.png,train,3.57,0.6539440203562341,3.615776081424937
I20_22_03.png,train,3.3,0.5852417302798982,3.340966921119593
I20_22_04.png,train,2.97,0.5012722646310434,3.0050890585241734
I20_22_05.png,train,2.67,0.4249363867684478,2.699745547073792
I20_23_01.png,train,3.03,0.5165394402035624,3.0661577608142494
I20_23_02.png,train,2.03,0.2620865139949109,2.048346055979644
I20_23_03.png,train,2.37,0.3486005089058525,2.39440203562341
I20_23_04.png,train,2.17,0.2977099236641221,2.1908396946564883
I20_23_05.png,train,2.03,0.2620865139949109,2.048346055979644
I20_24_01.png,train,3.69,0.6844783715012723,3.737913486005089
I20_24_02.png,train,3.0,0.5089058524173028,3.035623409669211
I20_24_03.png,train,2.17,0.2977099236641221,2.1908396946564883
I20_24_04.png,train,1.53,0.1348600508905852,1.5394402035623411
I20_24_05.png,train,1.37,0.094147582697201,1.376590330788804
I20_25_01.png,train,2.97,0.5012722646310434,3.0050890585241734
I20_25_02.png,train,3.73,0.6946564885496184,3.7786259541984735
I20_25_03.png,train,3.87,0.7302798982188295,3.921119592875318
I20_25_04.png,train,4.03,0.7709923664122139,4.083969465648856
I20_25_05.png,train,3.0,0.5089058524173028,3.035623409669211
I21_01_01.png,train,4.7,0.9414758269720104,4.765903307888041
I21_01_02.png,train,4.0,0.7633587786259542,4.0534351145038165
I21_01_03.png,train,2.5,0.3816793893129771,2.5267175572519083
I21_01_04.png,train,1.6,0.1526717557251908,1.6106870229007637
I21_01_05.png,train,1.13,0.0330788804071246,1.1323155216284986
I21_02_01.png,train,3.2,0.5597964376590332,3.239185750636133
I21_02_02.png,train,2.4,0.356234096692112,2.424936386768448
I21_02_03.png,train,1.33,0.0839694656488549,1.33587786259542
I21_02_04.png,train,1.47,0.1195928753180661,1.478371501272265
I21_02_05.png,train,1.27,0.0687022900763358,1.2748091603053435
I21_03_01.png,train,4.7,0.9414758269720104,4.765903307888041
I21_03_02.png,train,3.6,0.6615776081424937,3.646310432569975
I21_03_03.png,train,2.23,0.3129770992366412,2.2519083969465647
I21_03_04.png,train,1.9,0.2290076335877862,1.916030534351145
I21_03_05.png,train,1.53,0.1348600508905852,1.5394402035623411
I21_04_01.png,train,4.43,0.8727735368956743,4.491094147582697
I21_04_02.png,train,2.8,0.4580152671755725,2.83206106870229
I21_04_03.png,train,1.9,0.2290076335877862,1.916030534351145
I21_04_04.png,train,1.67,0.1704834605597964,1.681933842239186
I21_04_05.png,train,1.27,0.0687022900763358,1.2748091603053435
I21_05_01.png,train,3.77,0.7048346055979644,3.8193384223918576
I21_05_02.png,train,2.33,0.3384223918575064,2.3536895674300258
I21_05_03.png,train,1.93,0.2366412213740458,1.9465648854961832
I21_05_04.png,train,1.77,0.1959287531806616,1.7837150127226464
I21_05_05.png,train,1.93,0.2366412213740458,1.9465648854961832
I21_06_01.png,train,4.03,0.7709923664122139,4.083969465648856
I21_06_02.png,train,4.23,0.8218829516539442,4.287531806615776
I21_06_03.png,train,3.63,0.6692111959287532,3.676844783715013
I21_06_04.png,train,3.43,0.6183206106870229,3.473282442748092
I21_06_05.png,train,2.3,0.3307888040712468,2.323155216284987
I21_07_01.png,train,2.7,0.4325699745547074,2.73027989821883
I21_07_02.png,train,2.43,0.3638676844783716,2.4554707379134864
I21_07_03.png,train,2.57,0.3994910941475826,2.59796437659033
I21_07_04.png,train,2.07,0.272264631043257,2.089058524173028
I21_07_05.png,train,2.07,0.272264631043257,2.089058524173028
I21_08_01.png,train,4.37,0.8575063613231553,4.430025445292621
I21_08_02.png,train,3.4,0.6106870229007634,3.442748091603053
I21_08_03.png,train,3.1,0.534351145038168,3.137404580152672
I21_08_04.png,train,2.2,0.3053435114503817,2.221374045801527
I21_08_05.png,train,1.43,0.1094147582697201,1.4376590330788803
I21_09_01.png,train,4.6,0.916030534351145,4.66412213740458
I21_09_02.png,train,3.43,0.6183206106870229,3.473282442748092
I21_09_03.png,train,2.17,0.2977099236641221,2.1908396946564883
I21_09_04.png,train,1.87,0.2213740458015267,1.885496183206107
I21_09_05.png,train,1.27,0.0687022900763358,1.2748091603053435
I21_10_01.png,train,4.23,0.8218829516539442,4.287531806615776
I21_10_02.png,train,3.9,0.7379134860050891,3.951653944020357
I21_10_03.png,train,3.53,0.6437659033078881,3.5750636132315523
I21_10_04.png,train,1.93,0.2366412213740458,1.9465648854961832
I21_10_05.png,train,1.17,0.0432569974554707,1.173027989821883
I21_11_01.png,train,3.53,0.6437659033078881,3.5750636132315523
I21_11_02.png,train,3.33,0.5928753180661578,3.371501272264631
I21_11_03.png,train,2.87,0.4758269720101782,2.903307888040713
I21_11_04.png,train,2.3,0.3307888040712468,2.323155216284987
I21_11_05.png,train,2.2,0.3053435114503817,2.221374045801527
I21_12_01.png,train,4.03,0.7709923664122139,4.083969465648856
I21_12_02.png,train,3.47,0.6284987277353691,3.5139949109414763
I21_12_03.png,train,2.9,0.4834605597964376,2.9338422391857506
I21_12_04.png,train,2.63,0.4147582697201017,2.659033078880407
I21_12_05.png,train,2.13,0.2875318066157761,2.1501272264631046
I21_13_01.png,train,3.03,0.5165394402035624,3.0661577608142494
I21_13_02.png,train,2.73,0.4402035623409669,2.760814249363868
I21_13_03.png,train,2.53,0.3893129770992366,2.5572519083969465
I21_13_04.png,train,1.93,0.2366412213740458,1.9465648854961832
I21_13_05.png,train,1.87,0.2213740458015267,1.885496183206107
I21_14_01.png,train,4.47,0.8829516539440203,4.531806615776081
I21_14_02.png,train,3.52,0.6412213740458016,3.5648854961832064
I21_14_03.png,train,3.07,0.5267175572519084,3.106870229007633
I21_14_04.png,train,2.73,0.4402035623409669,2.760814249363868
I21_14_05.png,train,2.27,0.3231552162849873,2.2926208651399493
I21_15_01.png,train,3.4,0.6106870229007634,3.442748091603053
I21_15_02.png,train,2.1,0.2798982188295166,2.1195928753180664
I21_15_03.png,train,1.87,0.2213740458015267,1.885496183206107
I21_15_04.png,train,1.4,0.1017811704834605,1.407124681933842
I21_15_05.png,train,1.33,0.0839694656488549,1.33587786259542
I21_16_01.png,train,4.6,0.916030534351145,4.66412213740458
I21_16_02.png,train,4.3,0.8396946564885497,4.358778625954199
I21_16_03.png,train,3.67,0.6793893129770993,3.717557251908397
I21_16_04.png,train,3.13,0.5419847328244275,3.16793893129771
I21_16_05.png,train,2.17,0.2977099236641221,2.1908396946564883
I21_17_01.png,train,4.6,0.916030534351145,4.66412213740458
I21_17_02.png,train,4.37,0.8575063613231553,4.430025445292621
I21_17_03.png,train,4.0,0.7633587786259542,4.0534351145038165
I21_17_04.png,train,2.87,0.4758269720101782,2.903307888040713
I21_17_05.png,train,1.63,0.1603053435114503,1.6412213740458017
I21_18_01.png,train,4.37,0.8575063613231553,4.430025445292621
I21_18_02.png,train,4.7,0.9414758269720104,4.765903307888041
I21_18_03.png,train,4.43,0.8727735368956743,4.491094147582697
I21_18_04.png,train,4.03,0.7709923664122139,4.083969465648856
I21_18_05.png,train,3.53,0.6437659033078881,3.5750636132315523
I21_19_01.png,train,4.3,0.8396946564885497,4.358778625954199
I21_19_02.png,train,3.77,0.7048346055979644,3.8193384223918576
I21_19_03.png,train,2.77,0.450381679389313,2.801526717557252
I21_19_04.png,train,1.67,0.1704834605597964,1.681933842239186
I21_19_05.png,train,1.07,0.0178117048346056,1.0712468193384224
I21_20_01.png,train,4.53,0.8982188295165395,4.592875318066158
I21_20_02.png,train,4.07,0.78117048346056,4.12468193384224
I21_20_03.png,train,3.47,0.6284987277353691,3.5139949109414763
I21_20_04.png,train,4.03,0.7709923664122139,4.083969465648856
I21_20_05.png,train,3.17,0.5521628498727735,3.208651399491094
I21_21_01.png,train,3.77,0.7048346055979644,3.8193384223918576
I21_21_02.png,train,3.03,0.5165394402035624,3.0661577608142494
I21_21_03.png,train,2.63,0.4147582697201017,2.659033078880407
I21_21_04.png,train,2.2,0.3053435114503817,2.221374045801527
I21_21_05.png,train,1.33,0.0839694656488549,1.33587786259542
I21_22_01.png,train,3.57,0.6539440203562341,3.615776081424937
I21_22_02.png,train,2.83,0.4656488549618321,2.862595419847328
I21_22_03.png,train,2.93,0.4910941475826972,2.9643765903307893
I21_22_04.png,train,2.53,0.3893129770992366,2.5572519083969465
I21_22_05.png,train,2.07,0.272264631043257,2.089058524173028
I21_23_01.png,train,2.77,0.450381679389313,2.801526717557252
I21_23_02.png,train,2.3,0.3307888040712468,2.323155216284987
I21_23_03.png,train,2.13,0.2875318066157761,2.1501272264631046
I21_23_04.png,train,2.13,0.2875318066157761,2.1501272264631046
I21_23_05.png,train,1.7,0.178117048346056,1.712468193384224
I21_24_01.png,train,3.73,0.6946564885496184,3.7786259541984735
I21_24_02.png,train,2.33,0.3384223918575064,2.3536895674300258
I21_24_03.png,train,1.77,0.1959287531806616,1.7837150127226464
I21_24_04.png,train,1.39,0.099236641221374,1.3969465648854962
I21_24_05.png,train,1.37,0.094147582697201,1.376590330788804
I21_25_01.png,train,3.5,0.6361323155216285,3.544529262086514
I21_25_02.png,train,3.77,0.7048346055979644,3.8193384223918576
I21_25_03.png,train,3.97,0.7557251908396948,4.022900763358779
I21_25_04.png,train,3.87,0.7302798982188295,3.921119592875318
I21_25_05.png,train,3.2,0.5597964376590332,3.239185750636133
I22_01_01.png,test,4.7,0.9414758269720104,4.765903307888041
I22_01_02.png,test,4.57,0.9083969465648856,4.633587786259543
I22_01_03.png,test,3.13,0.5419847328244275,3.16793893129771
I22_01_04.png,test,2.3,0.3307888040712468,2.323155216284987
I22_01_05.png,test,1.5,0.1272264631043257,1.508905852417303
I22_02_01.png,test,3.8,0.712468193384224,3.849872773536896
I22_02_02.png,test,2.67,0.4249363867684478,2.699745547073792
I22_02_03.png,test,2.17,0.2977099236641221,2.1908396946564883
I22_02_04.png,test,1.57,0.1450381679389313,1.5801526717557253
I22_02_05.png,test,1.3,0.0763358778625954,1.3053435114503815
I22_03_01.png,test,4.77,0.9592875318066156,4.837150127226463
I22_03_02.png,test,4.33,0.8473282442748092,4.389312977099237
I22_03_03.png,test,2.73,0.4402035623409669,2.760814249363868
I22_03_04.png,test,2.33,0.3384223918575064,2.3536895674300258
I22_03_05.png,test,1.9,0.2290076335877862,1.916030534351145
I22_04_01.png,test,4.5,0.89058524173028,4.56234096692112
I22_04_02.png,test,1.5,0.1272264631043257,1.508905852417303
I22_04_03.png,test,1.3,0.0763358778625954,1.3053435114503815
I22_04_04.png,test,1.23,0.0585241730279898,1.2340966921119594
I22_04_05.png,test,1.07,0.0178117048346056,1.0712468193384224
I22_05_01.png,test,4.13,0.796437659033079,4.185750636132315
I22_05_02.png,test,2.73,0.4402035623409669,2.760814249363868
I22_05_03.png,test,1.97,0.2468193384223918,1.987277353689568
I22_05_04.png,test,1.93,0.2366412213740458,1.9465648854961832
I22_05_05.png,test,1.47,0.1195928753180661,1.478371501272265
I22_06_01.png,test,4.4,0.8651399491094149,4.46055979643766
I22_06_02.png,test,4.07,0.78117048346056,4.12468193384224
I22_06_03.png,test,4.27,0.83206106870229,4.32824427480916
I22_06_04.png,test,3.23,0.5674300254452926,3.2697201017811706
I22_06_05.png,test,2.47,0.3740458015267176,2.4961832061068705
I22_07_01.png,test,2.77,0.450381679389313,2.801526717557252
I22_07_02.png,test,2.57,0.3994910941475826,2.59796437659033
I22_07_03.png,test,2.2,0.3053435114503817,2.221374045801527
I22_07_04.png,test,2.27,0.3231552162849873,2.2926208651399493
I22_07_05.png,test,1.9,0.2290076335877862,1.916030534351145
I22_08_01.png,test,4.68,0.9363867684478372,4.745547073791348
I22_08_02.png,test,2.4,0.356234096692112,2.424936386768448
I22_08_03.png,test,1.37,0.094147582697201,1.376590330788804
I22_08_04.png,test,1.13,0.0330788804071246,1.1323155216284986
I22_08_05.png,test,1.1,0.0254452926208651,1.1017811704834606
I22_09_01.png,test,4.73,0.94910941475827,4.79643765903308
I22_09_02.png,test,4.53,0.8982188295165395,4.592875318066158
I22_09_03.png,test,4.77,0.9592875318066156,4.837150127226463
I22_09_04.png,test,2.97,0.5012722646310434,3.0050890585241734
I22_09_05.png,test,1.63,0.1603053435114503,1.6412213740458017
I22_10_01.png,test,4.47,0.8829516539440203,4.531806615776081
I22_10_02.png,test,4.43,0.8727735368956743,4.491094147582697
I22_10_03.png,test,4.03,0.7709923664122139,4.083969465648856
I22_10_04.png,test,1.83,0.2111959287531807,1.8447837150127229
I22_10_05.png,test,1.47,0.1195928753180661,1.478371501272265
I22_11_01.png,test,3.8,0.712468193384224,3.849872773536896
I22_11_02.png,test,2.97,0.5012722646310434,3.0050890585241734
I22_11_03.png,test,2.8,0.4580152671755725,2.83206106870229
I22_11_04.png,test,2.93,0.4910941475826972,2.9643765903307893
I22_11_05.png,test,2.27,0.3231552162849873,2.2926208651399493
I22_12_01.png,test,4.73,0.94910941475827,4.79643765903308
I22_12_02.png,test,3.5,0.6361323155216285,3.544529262086514
I22_12_03.png,test,2.87,0.4758269720101782,2.903307888040713
I22_12_04.png,test,2.63,0.4147582697201017,2.659033078880407
I22_12_05.png,test,2.5,0.3816793893129771,2.5267175572519083
I22_13_01.png,test,3.93,0.7455470737913487,3.982188295165394
I22_13_02.png,test,3.23,0.5674300254452926,3.2697201017811706
I22_13_03.png,test,2.8,0.4580152671755725,2.83206106870229
I22_13_04.png,test,2.3,0.3307888040712468,2.323155216284987
I22_13_05.png,test,2.1,0.2798982188295166,2.1195928753180664
I22_14_01.png,test,4.53,0.8982188295165395,4.592875318066158
I22_14_02.png,test,3.23,0.5674300254452926,3.2697201017811706
I22_14_03.png,test,3.0,0.5089058524173028,3.035623409669211
I22_14_04.png,test,2.61,0.4096692111959287,2.6386768447837152
I22_14_05.png,test,1.97,0.2468193384223918,1.987277353689568
I22_15_01.png,test,3.5,0.6361323155216285,3.544529262086514
I22_15_02.png,test,2.53,0.3893129770992366,2.5572519083969465
I22_15_03.png,test,2.27,0.3231552162849873,2.2926208651399493
I22_15_04.png,test,1.97,0.2468193384223918,1.987277353689568
I22_15_05.png,test,1.53,0.1348600508905852,1.5394402035623411
I22_16_01.png,test,4.53,0.8982188295165395,4.592875318066158
I22_16_02.png,test,4.37,0.8575063613231553,4.430025445292621
I22_16_03.png,test,3.43,0.6183206106870229,3.473282442748092
I22_16_04.png,test,2.2,0.3053435114503817,2.221374045801527
I22_16_05.png,test,1.26,0.0661577608142493,1.2646310432569976
I22_17_01.png,test,4.87,0.984732824427481,4.9389312977099245
I22_17_02.png,test,4.47,0.8829516539440203,4.531806615776081
I22_17_03.png,test,4.3,0.8396946564885497,4.358778625954199
I22_17_04.png,test,3.6,0.6615776081424937,3.646310432569975
I22_17_05.png,test,2.5,0.3816793893129771,2.5267175572519083
I22_18_01.png,test,4.07,0.78117048346056,4.12468193384224
I22_18_02.png,test,4.6,0.916030534351145,4.66412213740458
I22_18_03.png,test,4.7,0.9414758269720104,4.765903307888041
I22_18_04.png,test,4.5,0.89058524173028,4.56234096692112
I22_18_05.png,test,4.3,0.8396946564885497,4.358778625954199
I22_19_01.png,test,4.63,0.9236641221374048,4.694656488549619
I22_19_02.png,test,4.23,0.8218829516539442,4.287531806615776
I22_19_03.png,test,3.77,0.7048346055979644,3.8193384223918576
I22_19_04.png,test,2.27,0.3231552162849873,2.2926208651399493
I22_19_05.png,test,1.5,0.1272264631043257,1.508905852417303
I22_20_01.png,test,4.7,0.9414758269720104,4.765903307888041
I22_20_02.png,test,3.83,0.7201017811704835,3.880407124681934
I22_20_03.png,test,3.47,0.6284987277353691,3.5139949109414763
I22_20_04.png,test,4.17,0.806615776081425,4.2264631043257
I22_20_05.png,test,2.37,0.3486005089058525,2.39440203562341
I22_21_01.png,test,4.53,0.8982188295165395,4.592875318066158
I22_21_02.png,test,3.8,0.712468193384224,3.849872773536896
I22_21_03.png,test,3.6,0.6615776081424937,3.646310432569975
I22_21_04.png,test,3.77,0.7048346055979644,3.8193384223918576
I22_21_05.png,test,1.87,0.2213740458015267,1.885496183206107
I22_22_01.png,test,4.07,0.78117048346056,4.12468193384224
I22_22_02.png,test,3.67,0.6793893129770993,3.717557251908397
I22_22_03.png,test,3.7,0.6870229007633589,3.748091603053436
I22_22_04.png,test,3.33,0.5928753180661578,3.371501272264631
I22_22_05.png,test,3.13,0.5419847328244275,3.16793893129771
I22_23_01.png,test,1.97,0.2468193384223918,1.987277353689568
I22_23_02.png,test,2.73,0.4402035623409669,2.760814249363868
I22_23_03.png,test,1.7,0.178117048346056,1.712468193384224
I22_23_04.png,test,1.93,0.2366412213740458,1.9465648854961832
I22_23_05.png,test,2.03,0.2620865139949109,2.048346055979644
I22_24_01.png,test,3.83,0.7201017811704835,3.880407124681934
I22_24_02.png,test,2.8,0.4580152671755725,2.83206106870229
I22_24_03.png,test,2.3,0.3307888040712468,2.323155216284987
I22_24_04.png,test,1.93,0.2366412213740458,1.9465648854961832
I22_24_05.png,test,1.5,0.1272264631043257,1.508905852417303
I22_25_01.png,test,3.33,0.5928753180661578,3.371501272264631
I22_25_02.png,test,4.03,0.7709923664122139,4.083969465648856
I22_25_03.png,test,4.3,0.8396946564885497,4.358778625954199
I22_25_04.png,test,4.03,0.7709923664122139,4.083969465648856
I22_25_05.png,test,2.9,0.4834605597964376,2.9338422391857506
I23_01_01.png,train,4.73,0.94910941475827,4.79643765903308
I23_01_02.png,train,4.47,0.8829516539440203,4.531806615776081
I23_01_03.png,train,3.03,0.5165394402035624,3.0661577608142494
I23_01_04.png,train,2.2,0.3053435114503817,2.221374045801527
I23_01_05.png,train,1.33,0.0839694656488549,1.33587786259542
I23_02_01.png,train,3.87,0.7302798982188295,3.921119592875318
I23_02_02.png,train,2.97,0.5012722646310434,3.0050890585241734
I23_02_03.png,train,1.97,0.2468193384223918,1.987277353689568
I23_02_04.png,train,1.5,0.1272264631043257,1.508905852417303
I23_02_05.png,train,1.29,0.0737913486005089,1.2951653944020358
I23_03_01.png,train,4.93,1.0,5.0
I23_03_02.png,train,4.47,0.8829516539440203,4.531806615776081
I23_03_03.png,train,3.3,0.5852417302798982,3.340966921119593
I23_03_04.png,train,2.77,0.450381679389313,2.801526717557252
I23_03_05.png,train,2.07,0.272264631043257,2.089058524173028
I23_04_01.png,train,4.8,0.9669211195928752,4.867684478371501
I23_04_02.png,train,2.53,0.3893129770992366,2.5572519083969465
I23_04_03.png,train,1.37,0.094147582697201,1.376590330788804
I23_04_04.png,train,1.17,0.0432569974554707,1.173027989821883
I23_04_05.png,train,1.1,0.0254452926208651,1.1017811704834606
I23_05_01.png,train,4.71,0.9440203562340967,4.776081424936387
I23_05_02.png,train,2.33,0.3384223918575064,2.3536895674300258
I23_05_03.png,train,2.06,0.2697201017811705,2.0788804071246823
I23_05_04.png,train,1.83,0.2111959287531807,1.8447837150127229
I23_05_05.png,train,1.91,0.2315521628498727,1.9262086513994912
I23_06_01.png,train,4.07,0.78117048346056,4.12468193384224
I23_06_02.png,train,3.8,0.712468193384224,3.849872773536896
I23_06_03.png,train,3.43,0.6183206106870229,3.473282442748092
I23_06_04.png,train,3.1,0.534351145038168,3.137404580152672
I23_06_05.png,train,2.8,0.4580152671755725,2.83206106870229
I23_07_01.png,train,2.97,0.5012722646310434,3.0050890585241734
I23_07_02.png,train,2.1,0.2798982188295166,2.1195928753180664
I23_07_03.png,train,1.93,0.2366412213740458,1.9465648854961832
I23_07_04.png,train,2.13,0.2875318066157761,2.1501272264631046
I23_07_05.png,train,1.7,0.178117048346056,1.712468193384224
I23_08_01.png,train,4.73,0.94910941475827,4.79643765903308
I23_08_02.png,train,3.57,0.6539440203562341,3.615776081424937
I23_08_03.png,train,3.03,0.5165394402035624,3.0661577608142494
I23_08_04.png,train,2.2,0.3053435114503817,2.221374045801527
I23_08_05.png,train,2.03,0.2620865139949109,2.048346055979644
I23_09_01.png,train,4.67,0.9338422391857508,4.735368956743002
I23_09_02.png,train,3.8,0.712468193384224,3.849872773536896
I23_09_03.png,train,3.13,0.5419847328244275,3.16793893129771
I23_09_04.png,train,2.0,0.2544529262086514,2.017811704834606
I23_09_05.png,train,1.23,0.0585241730279898,1.2340966921119594
I23_10_01.png,train,4.57,0.9083969465648856,4.633587786259543
I23_10_02.png,train,4.4,0.8651399491094149,4.46055979643766
I23_10_03.png,train,4.13,0.796437659033079,4.185750636132315
I23_10_04.png,train,2.57,0.3994910941475826,2.59796437659033
I23_10_05.png,train,1.7,0.178117048346056,1.712468193384224
I23_11_01.png,train,4.17,0.806615776081425,4.2264631043257
I23_11_02.png,train,4.0,0.7633587786259542,4.0534351145038165
I23_11_03.png,train,3.3,0.5852417302798982,3.340966921119593
I23_11_04.png,train,2.93,0.4910941475826972,2.9643765903307893
I23_11_05.png,train,2.63,0.4147582697201017,2.659033078880407
I23_12_01.png,train,4.77,0.9592875318066156,4.837150127226463
I23_12_02.png,train,4.33,0.8473282442748092,4.389312977099237
I23_12_03.png,train,3.53,0.6437659033078881,3.5750636132315523
I23_12_04.png,train,3.1,0.534351145038168,3.137404580152672
I23_12_05.png,train,2.93,0.4910941475826972,2.9643765903307893
I23_13_01.png,train,4.03,0.7709923664122139,4.083969465648856
I23_13_02.png,train,3.45,0.623409669211196,3.493638676844784
I23_13_03.png,train,2.83,0.4656488549618321,2.862595419847328
I23_13_04.png,train,2.7,0.4325699745547074,2.73027989821883
I23_13_05.png,train,2.77,0.450381679389313,2.801526717557252
I23_14_01.png,train,4.53,0.8982188295165395,4.592875318066158
I23_14_02.png,train,3.47,0.6284987277353691,3.5139949109414763
I23_14_03.png,train,3.03,0.5165394402035624,3.0661577608142494
I23_14_04.png,train,2.9,0.4834605597964376,2.9338422391857506
I23_14_05.png,train,2.27,0.3231552162849873,2.2926208651399493
I23_15_01.png,train,3.97,0.7557251908396948,4.022900763358779
I23_15_02.png,train,3.27,0.5776081424936387,3.3104325699745547
I23_15_03.png,train,2.53,0.3893129770992366,2.5572519083969465
I23_15_04.png,train,1.71,0.1806615776081425,1.72264631043257
I23_15_05.png,train,1.67,0.1704834605597964,1.681933842239186
I23_16_01.png,train,4.73,0.94910941475827,4.79643765903308
I23_16_02.png,train,4.47,0.8829516539440203,4.531806615776081
I23_16_03.png,train,3.8,0.712468193384224,3.849872773536896
I23_16_04.png,train,3.2,0.5597964376590332,3.239185750636133
I23_16_05.png,train,1.97,0.2468193384223918,1.987277353689568
I23_17_01.png,train,4.67,0.9338422391857508,4.735368956743002
I23_17_02.png,train,4.8,0.9669211195928752,4.867684478371501
I23_17_03.png,train,4.53,0.8982188295165395,4.592875318066158
I23_17_04.png,train,3.57,0.6539440203562341,3.615776081424937
I23_17_05.png,train,2.67,0.4249363867684478,2.699745547073792
I23_18_01.png,train,4.53,0.8982188295165395,4.592875318066158
I23_18_02.png,train,4.6,0.916030534351145,4.66412213740458
I23_18_03.png,train,4.7,0.9414758269720104,4.765903307888041
I23_18_04.png,train,4.43,0.8727735368956743,4.491094147582697
I23_18_05.png,train,4.23,0.8218829516539442,4.287531806615776
I23_19_01.png,train,4.6,0.916030534351145,4.66412213740458
I23_19_02.png,train,4.4,0.8651399491094149,4.46055979643766
I23_19_03.png,train,3.4,0.6106870229007634,3.442748091603053
I23_19_04.png,train,1.77,0.1959287531806616,1.7837150127226464
I23_19_05.png,train,1.23,0.0585241730279898,1.2340966921119594
I23_20_01.png,train,3.97,0.7557251908396948,4.022900763358779
I23_20_02.png,train,2.72,0.4376590330788805,2.750636132315522
I23_20_03.png,train,2.67,0.4249363867684478,2.699745547073792
I23_20_04.png,train,2.3,0.3307888040712468,2.323155216284987
I23_20_05.png,train,2.03,0.2620865139949109,2.048346055979644
I23_21_01.png,train,4.27,0.83206106870229,4.32824427480916
I23_21_02.png,train,3.3,0.5852417302798982,3.340966921119593
I23_21_03.png,train,2.97,0.5012722646310434,3.0050890585241734
I23_21_04.png,train,3.07,0.5267175572519084,3.106870229007633
I23_21_05.png,train,1.47,0.1195928753180661,1.478371501272265
I23_22_01.png,train,4.63,0.9236641221374048,4.694656488549619
I23_22_02.png,train,4.77,0.9592875318066156,4.837150127226463
I23_22_03.png,train,4.53,0.8982188295165395,4.592875318066158
I23_22_04.png,train,4.43,0.8727735368956743,4.491094147582697
I23_22_05.png,train,4.03,0.7709923664122139,4.083969465648856
I23_23_01.png,train,2.57,0.3994910941475826,2.59796437659033
I23_23_02.png,train,2.07,0.272264631043257,2.089058524173028
I23_23_03.png,train,2.0,0.2544529262086514,2.017811704834606
I23_23_04.png,train,2.23,0.3129770992366412,2.2519083969465647
I23_23_05.png,train,2.47,0.3740458015267176,2.4961832061068705
I23_24_01.png,train,4.3,0.8396946564885497,4.358778625954199
I23_24_02.png,train,3.13,0.5419847328244275,3.16793893129771
I23_24_03.png,train,2.57,0.3994910941475826,2.59796437659033
I23_24_04.png,train,1.83,0.2111959287531807,1.8447837150127229
I23_24_05.png,train,1.33,0.0839694656488549,1.33587786259542
I23_25_01.png,train,4.23,0.8218829516539442,4.287531806615776
I23_25_02.png,train,4.27,0.83206106870229,4.32824427480916
I23_25_03.png,train,4.37,0.8575063613231553,4.430025445292621
I23_25_04.png,train,4.4,0.8651399491094149,4.46055979643766
I23_25_05.png,train,3.9,0.7379134860050891,3.951653944020357
I24_01_01.png,test,4.2,0.8142493638676845,4.256997455470739
I24_01_02.png,test,4.03,0.7709923664122139,4.083969465648856
I24_01_03.png,test,2.77,0.450381679389313,2.801526717557252
I24_01_04.png,test,1.7,0.178117048346056,1.712468193384224
I24_01_05.png,test,1.4,0.1017811704834605,1.407124681933842
I24_02_01.png,test,3.57,0.6539440203562341,3.615776081424937
I24_02_02.png,test,2.47,0.3740458015267176,2.4961832061068705
I24_02_03.png,test,1.77,0.1959287531806616,1.7837150127226464
I24_02_04.png,test,1.7,0.178117048346056,1.712468193384224
I24_02_05.png,test,1.33,0.0839694656488549,1.33587786259542
I24_03_01.png,test,4.5,0.89058524173028,4.56234096692112
I24_03_02.png,test,4.0,0.7633587786259542,4.0534351145038165
I24_03_03.png,test,3.03,0.5165394402035624,3.0661577608142494
I24_03_04.png,test,2.4,0.356234096692112,2.424936386768448
I24_03_05.png,test,1.83,0.2111959287531807,1.8447837150127229
I24_04_01.png,test,4.53,0.8982188295165395,4.592875318066158
I24_04_02.png,test,2.97,0.5012722646310434,3.0050890585241734
I24_04_03.png,test,2.03,0.2620865139949109,2.048346055979644
I24_04_04.png,test,1.63,0.1603053435114503,1.6412213740458017
I24_04_05.png,test,1.26,0.0661577608142493,1.2646310432569976
I24_05_01.png,test,4.47,0.8829516539440203,4.531806615776081
I24_05_02.png,test,2.47,0.3740458015267176,2.4961832061068705
I24_05_03.png,test,2.0,0.2544529262086514,2.017811704834606
I24_05_04.png,test,2.0,0.2544529262086514,2.017811704834606
I24_05_05.png,test,2.47,0.3740458015267176,2.4961832061068705
I24_06_01.png,test,4.27,0.83206106870229,4.32824427480916
I24_06_02.png,test,3.93,0.7455470737913487,3.982188295165394
I24_06_03.png,test,3.8,0.712468193384224,3.849872773536896
I24_06_04.png,test,2.73,0.4402035623409669,2.760814249363868
I24_06_05.png,test,2.67,0.4249363867684478,2.699745547073792
I24_07_01.png,test,2.8,0.4580152671755725,2.83206106870229
I24_07_02.png,test,2.43,0.3638676844783716,2.4554707379134864
I24_07_03.png,test,1.93,0.2366412213740458,1.9465648854961832
I24_07_04.png,test,2.23,0.3129770992366412,2.2519083969465647
I24_07_05.png,test,1.4,0.1017811704834605,1.407124681933842
I24_08_01.png,test,4.5,0.89058524173028,4.56234096692112
I24_08_02.png,test,3.63,0.6692111959287532,3.676844783715013
I24_08_03.png,test,2.83,0.4656488549618321,2.862595419847328
I24_08_04.png,test,1.93,0.2366412213740458,1.9465648854961832
I24_08_05.png,test,1.7,0.178117048346056,1.712468193384224
I24_09_01.png,test,4.37,0.8575063613231553,4.430025445292621
I24_09_02.png,test,4.19,0.8117048346055982,4.246819338422393
I24_09_03.png,test,4.2,0.8142493638676845,4.256997455470739
I24_09_04.png,test,2.13,0.2875318066157761,2.1501272264631046
I24_09_05.png,test,1.4,0.1017811704834605,1.407124681933842
I24_10_01.png,test,4.47,0.8829516539440203,4.531806615776081
I24_10_02.png,test,4.3,0.8396946564885497,4.358778625954199
I24_10_03.png,test,3.97,0.7557251908396948,4.022900763358779
I24_10_04.png,test,1.9,0.2290076335877862,1.916030534351145
I24_10_05.png,test,1.57,0.1450381679389313,1.5801526717557253
I24_11_01.png,test,3.53,0.6437659033078881,3.5750636132315523
I24_11_02.png,test,3.07,0.5267175572519084,3.106870229007633
I24_11_03.png,test,2.7,0.4325699745547074,2.73027989821883
I24_11_04.png,test,2.53,0.3893129770992366,2.5572519083969465
I24_11_05.png,test,1.97,0.2468193384223918,1.987277353689568
I24_12_01.png,test,4.3,0.8396946564885497,4.358778625954199
I24_12_02.png,test,3.37,0.6030534351145039,3.412213740458016
I24_12_03.png,test,2.33,0.3384223918575064,2.3536895674300258
I24_12_04.png,test,2.43,0.3638676844783716,2.4554707379134864
I24_12_05.png,test,2.0,0.2544529262086514,2.017811704834606
I24_13_01.png,test,3.43,0.6183206106870229,3.473282442748092
I24_13_02.png,test,3.0,0.5089058524173028,3.035623409669211
I24_13_03.png,test,2.43,0.3638676844783716,2.4554707379134864
I24_13_04.png,test,2.1,0.2798982188295166,2.1195928753180664
I24_13_05.png,test,2.2,0.3053435114503817,2.221374045801527
I24_14_01.png,test,4.3,0.8396946564885497,4.358778625954199
I24_14_02.png,test,2.97,0.5012722646310434,3.0050890585241734
I24_14_03.png,test,2.8,0.4580152671755725,2.83206106870229
I24_14_04.png,test,2.3,0.3307888040712468,2.323155216284987
I24_14_05.png,test,1.93,0.2366412213740458,1.9465648854961832
I24_15_01.png,test,3.47,0.6284987277353691,3.5139949109414763
I24_15_02.png,test,2.43,0.3638676844783716,2.4554707379134864
I24_15_03.png,test,1.9,0.2290076335877862,1.916030534351145
I24_15_04.png,test,1.53,0.1348600508905852,1.5394402035623411
I24_15_05.png,test,1.67,0.1704834605597964,1.681933842239186
I24_16_01.png,test,4.5,0.89058524173028,4.56234096692112
I24_16_02.png,test,4.1,0.7888040712468193,4.155216284987278
I24_16_03.png,test,3.94,0.7480916030534351,3.992366412213741
I24_16_04.png,test,2.07,0.272264631043257,2.089058524173028
I24_16_05.png,test,1.43,0.1094147582697201,1.4376590330788803
I24_17_01.png,test,4.57,0.9083969465648856,4.633587786259543
I24_17_02.png,test,4.37,0.8575063613231553,4.430025445292621
I24_17_03.png,test,4.0,0.7633587786259542,4.0534351145038165
I24_17_04.png,test,3.57,0.6539440203562341,3.615776081424937
I24_17_05.png,test,2.3,0.3307888040712468,2.323155216284987
I24_18_01.png,test,4.0,0.7633587786259542,4.0534351145038165
I24_18_02.png,test,4.3,0.8396946564885497,4.358778625954199
I24_18_03.png,test,4.7,0.9414758269720104,4.765903307888041
I24_18_04.png,test,4.37,0.8575063613231553,4.430025445292621
I24_18_05.png,test,4.27,0.83206106870229,4.32824427480916
I24_19_01.png,test,4.67,0.9338422391857508,4.735368956743002
I24_19_02.png,test,4.5,0.89058524173028,4.56234096692112
I24_19_03.png,test,4.07,0.78117048346056,4.12468193384224
I24_19_04.png,test,2.67,0.4249363867684478,2.699745547073792
I24_19_05.png,test,1.53,0.1348600508905852,1.5394402035623411
I24_20_01.png,test,4.0,0.7633587786259542,4.0534351145038165
I24_20_02.png,test,3.67,0.6793893129770993,3.717557251908397
I24_20_03.png,test,3.73,0.6946564885496184,3.7786259541984735
I24_20_04.png,test,3.7,0.6870229007633589,3.748091603053436
I24_20_05.png,test,2.53,0.3893129770992366,2.5572519083969465
I24_21_01.png,test,4.27,0.83206106870229,4.32824427480916
I24_21_02.png,test,3.53,0.6437659033078881,3.5750636132315523
I24_21_03.png,test,3.5,0.6361323155216285,3.544529262086514
I24_21_04.png,test,2.97,0.5012722646310434,3.0050890585241734
I24_21_05.png,test,1.4,0.1017811704834605,1.407124681933842
I24_22_01.png,test,4.07,0.78117048346056,4.12468193384224
I24_22_02.png,test,3.63,0.6692111959287532,3.676844783715013
I24_22_03.png,test,3.07,0.5267175572519084,3.106870229007633
I24_22_04.png,test,3.33,0.5928753180661578,3.371501272264631
I24_22_05.png,test,2.9,0.4834605597964376,2.9338422391857506
I24_23_01.png,test,2.73,0.4402035623409669,2.760814249363868
I24_23_02.png,test,2.1,0.2798982188295166,2.1195928753180664
I24_23_03.png,test,2.17,0.2977099236641221,2.1908396946564883
I24_23_04.png,test,1.57,0.1450381679389313,1.5801526717557253
I24_23_05.png,test,2.1,0.2798982188295166,2.1195928753180664
I24_24_01.png,test,3.73,0.6946564885496184,3.7786259541984735
I24_24_02.png,test,2.63,0.4147582697201017,2.659033078880407
I24_24_03.png,test,2.07,0.272264631043257,2.089058524173028
I24_24_04.png,test,1.63,0.1603053435114503,1.6412213740458017
I24_24_05.png,test,1.16,0.0407124681933842,1.1628498727735368
I24_25_01.png,test,3.2,0.5597964376590332,3.239185750636133
I24_25_02.png,test,3.83,0.7201017811704835,3.880407124681934
I24_25_03.png,test,4.33,0.8473282442748092,4.389312977099237
I24_25_04.png,test,3.83,0.7201017811704835,3.880407124681934
I24_25_05.png,test,3.53,0.6437659033078881,3.5750636132315523
I25_01_01.png,train,4.43,0.8727735368956743,4.491094147582697
I25_01_02.png,train,4.63,0.9236641221374048,4.694656488549619
I25_01_03.png,train,3.2,0.5597964376590332,3.239185750636133
I25_01_04.png,train,2.3,0.3307888040712468,2.323155216284987
I25_01_05.png,train,1.37,0.094147582697201,1.376590330788804
I25_02_01.png,train,4.17,0.806615776081425,4.2264631043257
I25_02_02.png,train,2.87,0.4758269720101782,2.903307888040713
I25_02_03.png,train,1.87,0.2213740458015267,1.885496183206107
I25_02_04.png,train,1.73,0.1857506361323155,1.7430025445292625
I25_02_05.png,train,1.3,0.0763358778625954,1.3053435114503815
I25_03_01.png,train,4.77,0.9592875318066156,4.837150127226463
I25_03_02.png,train,4.43,0.8727735368956743,4.491094147582697
I25_03_03.png,train,3.1,0.534351145038168,3.137404580152672
I25_03_04.png,train,2.9,0.4834605597964376,2.9338422391857506
I25_03_05.png,train,1.73,0.1857506361323155,1.7430025445292625
I25_04_01.png,train,4.53,0.8982188295165395,4.592875318066158
I25_04_02.png,train,3.03,0.5165394402035624,3.0661577608142494
I25_04_03.png,train,2.0,0.2544529262086514,2.017811704834606
I25_04_04.png,train,2.07,0.272264631043257,2.089058524173028
I25_04_05.png,train,1.65,0.1653944020356234,1.6615776081424936
I25_05_01.png,train,4.5,0.89058524173028,4.56234096692112
I25_05_02.png,train,2.8,0.4580152671755725,2.83206106870229
I25_05_03.png,train,2.23,0.3129770992366412,2.2519083969465647
I25_05_04.png,train,2.53,0.3893129770992366,2.5572519083969465
I25_05_05.png,train,2.73,0.4402035623409669,2.760814249363868
I25_06_01.png,train,4.2,0.8142493638676845,4.256997455470739
I25_06_02.png,train,4.07,0.78117048346056,4.12468193384224
I25_06_03.png,train,4.07,0.78117048346056,4.12468193384224
I25_06_04.png,train,3.2,0.5597964376590332,3.239185750636133
I25_06_05.png,train,2.33,0.3384223918575064,2.3536895674300258
I25_07_01.png,train,2.5,0.3816793893129771,2.5267175572519083
I25_07_02.png,train,2.43,0.3638676844783716,2.4554707379134864
I25_07_03.png,train,2.43,0.3638676844783716,2.4554707379134864
I25_07_04.png,train,2.37,0.3486005089058525,2.39440203562341
I25_07_05.png,train,1.97,0.2468193384223918,1.987277353689568
I25_08_01.png,train,4.73,0.94910941475827,4.79643765903308
I25_08_02.png,train,3.13,0.5419847328244275,3.16793893129771
I25_08_03.png,train,3.13,0.5419847328244275,3.16793893129771
I25_08_04.png,train,1.7,0.178117048346056,1.712468193384224
I25_08_05.png,train,1.33,0.0839694656488549,1.33587786259542
I25_09_01.png,train,4.7,0.9414758269720104,4.765903307888041
I25_09_02.png,train,4.6,0.916030534351145,4.66412213740458
I25_09_03.png,train,4.2,0.8142493638676845,4.256997455470739
I25_09_04.png,train,3.03,0.5165394402035624,3.0661577608142494
I25_09_05.png,train,1.53,0.1348600508905852,1.5394402035623411
I25_10_01.png,train,4.53,0.8982188295165395,4.592875318066158
I25_10_02.png,train,4.63,0.9236641221374048,4.694656488549619
I25_10_03.png,train,4.3,0.8396946564885497,4.358778625954199
I25_10_04.png,train,1.6,0.1526717557251908,1.6106870229007637
I25_10_05.png,train,1.07,0.0178117048346056,1.0712468193384224
I25_11_01.png,train,4.1,0.7888040712468193,4.155216284987278
I25_11_02.png,train,3.5,0.6361323155216285,3.544529262086514
I25_11_03.png,train,2.9,0.4834605597964376,2.9338422391857506
I25_11_04.png,train,2.77,0.450381679389313,2.801526717557252
I25_11_05.png,train,2.37,0.3486005089058525,2.39440203562341
I25_12_01.png,train,4.57,0.9083969465648856,4.633587786259543
I25_12_02.png,train,3.53,0.6437659033078881,3.5750636132315523
I25_12_03.png,train,2.9,0.4834605597964376,2.9338422391857506
I25_12_04.png,train,2.43,0.3638676844783716,2.4554707379134864
I25_12_05.png,train,2.23,0.3129770992366412,2.2519083969465647
I25_13_01.png,train,3.47,0.6284987277353691,3.5139949109414763
I25_13_02.png,train,2.81,0.4605597964376591,2.8422391857506364
I25_13_03.png,train,2.3,0.3307888040712468,2.323155216284987
I25_13_04.png,train,2.17,0.2977099236641221,2.1908396946564883
I25_13_05.png,train,1.94,0.2391857506361323,1.9567430025445292
I25_14_01.png,train,4.57,0.9083969465648856,4.633587786259543
I25_14_02.png,train,4.03,0.7709923664122139,4.083969465648856
I25_14_03.png,train,3.63,0.6692111959287532,3.676844783715013
I25_14_04.png,train,2.27,0.3231552162849873,2.2926208651399493
I25_14_05.png,train,1.83,0.2111959287531807,1.8447837150127229
I25_15_01.png,train,3.63,0.6692111959287532,3.676844783715013
I25_15_02.png,train,2.53,0.3893129770992366,2.5572519083969465
I25_15_03.png,train,1.97,0.2468193384223918,1.987277353689568
I25_15_04.png,train,1.2,0.0508905852417302,1.2035623409669212
I25_15_05.png,train,1.3,0.0763358778625954,1.3053435114503815
I25_16_01.png,train,4.67,0.9338422391857508,4.735368956743002
I25_16_02.png,train,4.27,0.83206106870229,4.32824427480916
I25_16_03.png,train,4.32,0.8447837150127228,4.379134860050892
I25_16_04.png,train,3.43,0.6183206106870229,3.473282442748092
I25_16_05.png,train,2.07,0.272264631043257,2.089058524173028
I25_17_01.png,train,4.73,0.94910941475827,4.79643765903308
I25_17_02.png,train,4.7,0.9414758269720104,4.765903307888041
I25_17_03.png,train,4.5,0.89058524173028,4.56234096692112
I25_17_04.png,train,3.7,0.6870229007633589,3.748091603053436
I25_17_05.png,train,1.8,0.2035623409669211,1.8142493638676849
I25_18_01.png,train,4.43,0.8727735368956743,4.491094147582697
I25_18_02.png,train,4.73,0.94910941475827,4.79643765903308
I25_18_03.png,train,4.57,0.9083969465648856,4.633587786259543
I25_18_04.png,train,4.47,0.8829516539440203,4.531806615776081
I25_18_05.png,train,3.73,0.6946564885496184,3.7786259541984735
I25_19_01.png,train,4.77,0.9592875318066156,4.837150127226463
I25_19_02.png,train,4.33,0.8473282442748092,4.389312977099237
I25_19_03.png,train,4.3,0.8396946564885497,4.358778625954199
I25_19_04.png,train,2.63,0.4147582697201017,2.659033078880407
I25_19_05.png,train,1.73,0.1857506361323155,1.7430025445292625
I25_20_01.png,train,4.63,0.9236641221374048,4.694656488549619
I25_20_02.png,train,3.93,0.7455470737913487,3.982188295165394
I25_20_03.png,train,2.8,0.4580152671755725,2.83206106870229
I25_20_04.png,train,3.53,0.6437659033078881,3.5750636132315523
I25_20_05.png,train,3.4,0.6106870229007634,3.442748091603053
I25_21_01.png,train,4.63,0.9236641221374048,4.694656488549619
I25_21_02.png,train,4.0,0.7633587786259542,4.0534351145038165
I25_21_03.png,train,3.57,0.6539440203562341,3.615776081424937
I25_21_04.png,train,4.03,0.7709923664122139,4.083969465648856
I25_21_05.png,train,2.57,0.3994910941475826,2.59796437659033
I25_22_01.png,train,4.57,0.9083969465648856,4.633587786259543
I25_22_02.png,train,4.33,0.8473282442748092,4.389312977099237
I25_22_03.png,train,4.3,0.8396946564885497,4.358778625954199
I25_22_04.png,train,3.87,0.7302798982188295,3.921119592875318
I25_22_05.png,train,2.8,0.4580152671755725,2.83206106870229
I25_23_01.png,train,2.43,0.3638676844783716,2.4554707379134864
I25_23_02.png,train,2.37,0.3486005089058525,2.39440203562341
I25_23_03.png,train,2.23,0.3129770992366412,2.2519083969465647
I25_23_04.png,train,2.17,0.2977099236641221,2.1908396946564883
I25_23_05.png,train,2.0,0.2544529262086514,2.017811704834606
I25_24_01.png,train,4.0,0.7633587786259542,4.0534351145038165
I25_24_02.png,train,2.63,0.4147582697201017,2.659033078880407
I25_24_03.png,train,2.2,0.3053435114503817,2.221374045801527
I25_24_04.png,train,1.57,0.1450381679389313,1.5801526717557253
I25_24_05.png,train,1.27,0.0687022900763358,1.2748091603053435
I25_25_01.png,train,3.53,0.6437659033078881,3.5750636132315523
I25_25_02.png,train,3.93,0.7455470737913487,3.982188295165394
I25_25_03.png,train,4.5,0.89058524173028,4.56234096692112
I25_25_04.png,train,4.67,0.9338422391857508,4.735368956743002
I25_25_05.png,train,3.53,0.6437659033078881,3.5750636132315523
I26_01_01.png,train,4.74,0.9516539440203564,4.806615776081426
I26_01_02.png,train,4.43,0.8727735368956743,4.491094147582697
I26_01_03.png,train,2.83,0.4656488549618321,2.862595419847328
I26_01_04.png,train,1.8,0.2035623409669211,1.8142493638676849
I26_01_05.png,train,1.3,0.0763358778625954,1.3053435114503815
I26_02_01.png,train,4.1,0.7888040712468193,4.155216284987278
I26_02_02.png,train,2.67,0.4249363867684478,2.699745547073792
I26_02_03.png,train,2.0,0.2544529262086514,2.017811704834606
I26_02_04.png,train,1.57,0.1450381679389313,1.5801526717557253
I26_02_05.png,train,1.27,0.0687022900763358,1.2748091603053435
I26_03_01.png,train,4.67,0.9338422391857508,4.735368956743002
I26_03_02.png,train,4.33,0.8473282442748092,4.389312977099237
I26_03_03.png,train,3.0,0.5089058524173028,3.035623409669211
I26_03_04.png,train,2.37,0.3486005089058525,2.39440203562341
I26_03_05.png,train,1.87,0.2213740458015267,1.885496183206107
I26_04_01.png,train,4.8,0.9669211195928752,4.867684478371501
I26_04_02.png,train,3.29,0.5826972010178118,3.330788804071247
I26_04_03.png,train,2.9,0.4834605597964376,2.9338422391857506
I26_04_04.png,train,2.33,0.3384223918575064,2.3536895674300258
I26_04_05.png,train,2.07,0.272264631043257,2.089058524173028
I26_05_01.png,train,4.43,0.8727735368956743,4.491094147582697
I26_05_02.png,train,2.64,0.4173027989821883,2.669211195928753
I26_05_03.png,train,1.57,0.1450381679389313,1.5801526717557253
I26_05_04.png,train,1.77,0.1959287531806616,1.7837150127226464
I26_05_05.png,train,1.53,0.1348600508905852,1.5394402035623411
I26_06_01.png,train,4.57,0.9083969465648856,4.633587786259543
I26_06_02.png,train,4.39,0.8625954198473282,4.450381679389313
I26_06_03.png,train,4.0,0.7633587786259542,4.0534351145038165
I26_06_04.png,train,3.53,0.6437659033078881,3.5750636132315523
I26_06_05.png,train,2.6,0.4071246819338422,2.6284987277353693
I26_07_01.png,train,2.6,0.4071246819338422,2.6284987277353693
I26_07_02.png,train,2.3,0.3307888040712468,2.323155216284987
I26_07_03.png,train,2.47,0.3740458015267176,2.4961832061068705
I26_07_04.png,train,2.47,0.3740458015267176,2.4961832061068705
I26_07_05.png,train,2.6,0.4071246819338422,2.6284987277353693
I26_08_01.png,train,4.67,0.9338422391857508,4.735368956743002
I26_08_02.png,train,3.37,0.6030534351145039,3.412213740458016
I26_08_03.png,train,3.53,0.6437659033078881,3.5750636132315523
I26_08_04.png,train,2.73,0.4402035623409669,2.760814249363868
I26_08_05.png,train,1.77,0.1959287531806616,1.7837150127226464
I26_09_01.png,train,4.57,0.9083969465648856,4.633587786259543
I26_09_02.png,train,4.63,0.9236641221374048,4.694656488549619
I26_09_03.png,train,4.3,0.8396946564885497,4.358778625954199
I26_09_04.png,train,2.67,0.4249363867684478,2.699745547073792
I26_09_05.png,train,1.57,0.1450381679389313,1.5801526717557253
I26_10_01.png,train,4.6,0.916030534351145,4.66412213740458
I26_10_02.png,train,4.1,0.7888040712468193,4.155216284987278
I26_10_03.png,train,3.93,0.7455470737913487,3.982188295165394
I26_10_04.png,train,2.53,0.3893129770992366,2.5572519083969465
I26_10_05.png,train,1.5,0.1272264631043257,1.508905852417303
I26_11_01.png,train,3.9,0.7379134860050891,3.951653944020357
I26_11_02.png,train,3.3,0.5852417302798982,3.340966921119593
I26_11_03.png,train,3.27,0.5776081424936387,3.3104325699745547
I26_11_04.png,train,2.8,0.4580152671755725,2.83206106870229
I26_11_05.png,train,2.47,0.3740458015267176,2.4961832061068705
I26_12_01.png,train,4.53,0.8982188295165395,4.592875318066158
I26_12_02.png,train,3.77,0.7048346055979644,3.8193384223918576
I26_12_03.png,train,2.9,0.4834605597964376,2.9338422391857506
I26_12_04.png,train,2.8,0.4580152671755725,2.83206106870229
I26_12_05.png,train,2.3,0.3307888040712468,2.323155216284987
I26_13_01.png,train,3.4,0.6106870229007634,3.442748091603053
I26_13_02.png,train,2.9,0.4834605597964376,2.9338422391857506
I26_13_03.png,train,2.73,0.4402035623409669,2.760814249363868
I26_13_04.png,train,2.29,0.3282442748091603,2.312977099236641
I26_13_05.png,train,2.3,0.3307888040712468,2.323155216284987
I26_14_01.png,train,4.67,0.9338422391857508,4.735368956743002
I26_14_02.png,train,3.84,0.72264631043257,3.89058524173028
I26_14_03.png,train,3.03,0.5165394402035624,3.0661577608142494
I26_14_04.png,train,2.73,0.4402035623409669,2.760814249363868
I26_14_05.png,train,2.23,0.3129770992366412,2.2519083969465647
I26_15_01.png,train,3.87,0.7302798982188295,3.921119592875318
I26_15_02.png,train,3.43,0.6183206106870229,3.473282442748092
I26_15_03.png,train,2.5,0.3816793893129771,2.5267175572519083
I26_15_04.png,train,2.07,0.272264631043257,2.089058524173028
I26_15_05.png,train,1.47,0.1195928753180661,1.478371501272265
I26_16_01.png,train,4.83,0.974554707379135,4.89821882951654
I26_16_02.png,train,4.3,0.8396946564885497,4.358778625954199
I26_16_03.png,train,3.57,0.6539440203562341,3.615776081424937
I26_16_04.png,train,2.93,0.4910941475826972,2.9643765903307893
I26_16_05.png,train,1.97,0.2468193384223918,1.987277353689568
I26_17_01.png,train,4.5,0.89058524173028,4.56234096692112
I26_17_02.png,train,4.37,0.8575063613231553,4.430025445292621
I26_17_03.png,train,4.0,0.7633587786259542,4.0534351145038165
I26_17_04.png,train,3.37,0.6030534351145039,3.412213740458016
I26_17_05.png,train,1.77,0.1959287531806616,1.7837150127226464
I26_18_01.png,train,4.5,0.89058524173028,4.56234096692112
I26_18_02.png,train,4.57,0.9083969465648856,4.633587786259543
I26_18_03.png,train,4.74,0.9516539440203564,4.806615776081426
I26_18_04.png,train,4.23,0.8218829516539442,4.287531806615776
I26_18_05.png,train,3.87,0.7302798982188295,3.921119592875318
I26_19_01.png,train,4.27,0.83206106870229,4.32824427480916
I26_19_02.png,train,3.6,0.6615776081424937,3.646310432569975
I26_19_03.png,train,2.87,0.4758269720101782,2.903307888040713
I26_19_04.png,train,1.77,0.1959287531806616,1.7837150127226464
I26_19_05.png,train,1.1,0.0254452926208651,1.1017811704834606
I26_20_01.png,train,4.23,0.8218829516539442,4.287531806615776
I26_20_02.png,train,3.9,0.7379134860050891,3.951653944020357
I26_20_03.png,train,4.2,0.8142493638676845,4.256997455470739
I26_20_04.png,train,3.87,0.7302798982188295,3.921119592875318
I26_20_05.png,train,3.57,0.6539440203562341,3.615776081424937
I26_21_01.png,train,3.1,0.534351145038168,3.137404580152672
I26_21_02.png,train,2.57,0.3994910941475826,2.59796437659033
I26_21_03.png,train,2.43,0.3638676844783716,2.4554707379134864
I26_21_04.png,train,2.57,0.3994910941475826,2.59796437659033
I26_21_05.png,train,1.43,0.1094147582697201,1.4376590330788803
I26_22_01.png,train,4.35,0.8524173027989822,4.409669211195929
I26_22_02.png,train,4.47,0.8829516539440203,4.531806615776081
I26_22_03.png,train,4.0,0.7633587786259542,4.0534351145038165
I26_22_04.png,train,3.8,0.712468193384224,3.849872773536896
I26_22_05.png,train,2.5,0.3816793893129771,2.5267175572519083
I26_23_01.png,train,2.47,0.3740458015267176,2.4961832061068705
I26_23_02.png,train,2.2,0.3053435114503817,2.221374045801527
I26_23_03.png,train,2.67,0.4249363867684478,2.699745547073792
I26_23_04.png,train,2.53,0.3893129770992366,2.5572519083969465
I26_23_05.png,train,1.8,0.2035623409669211,1.8142493638676849
I26_24_01.png,train,3.6,0.6615776081424937,3.646310432569975
I26_24_02.png,train,2.81,0.4605597964376591,2.8422391857506364
I26_24_03.png,train,2.2,0.3053435114503817,2.221374045801527
I26_24_04.png,train,1.53,0.1348600508905852,1.5394402035623411
I26_24_05.png,train,1.43,0.1094147582697201,1.4376590330788803
I26_25_01.png,train,3.07,0.5267175572519084,3.106870229007633
I26_25_02.png,train,3.7,0.6870229007633589,3.748091603053436
I26_25_03.png,train,4.37,0.8575063613231553,4.430025445292621
I26_25_04.png,train,4.0,0.7633587786259542,4.0534351145038165
I26_25_05.png,train,3.03,0.5165394402035624,3.0661577608142494
I27_01_01.png,train,4.53,0.8982188295165395,4.592875318066158
I27_01_02.png,train,4.17,0.806615776081425,4.2264631043257
I27_01_03.png,train,2.4,0.356234096692112,2.424936386768448
I27_01_04.png,train,1.67,0.1704834605597964,1.681933842239186
I27_01_05.png,train,1.2,0.0508905852417302,1.2035623409669212
I27_02_01.png,train,3.53,0.6437659033078881,3.5750636132315523
I27_02_02.png,train,2.1,0.2798982188295166,2.1195928753180664
I27_02_03.png,train,1.7,0.178117048346056,1.712468193384224
I27_02_04.png,train,1.33,0.0839694656488549,1.33587786259542
I27_02_05.png,train,1.17,0.0432569974554707,1.173027989821883
I27_03_01.png,train,4.4,0.8651399491094149,4.46055979643766
I27_03_02.png,train,3.27,0.5776081424936387,3.3104325699745547
I27_03_03.png,train,2.5,0.3816793893129771,2.5267175572519083
I27_03_04.png,train,1.5,0.1272264631043257,1.508905852417303
I27_03_05.png,train,1.67,0.1704834605597964,1.681933842239186
I27_04_01.png,train,4.1,0.7888040712468193,4.155216284987278
I27_04_02.png,train,2.27,0.3231552162849873,2.2926208651399493
I27_04_03.png,train,1.77,0.1959287531806616,1.7837150127226464
I27_04_04.png,train,1.17,0.0432569974554707,1.173027989821883
I27_04_05.png,train,1.27,0.0687022900763358,1.2748091603053435
I27_05_01.png,train,4.0,0.7633587786259542,4.0534351145038165
I27_05_02.png,train,1.93,0.2366412213740458,1.9465648854961832
I27_05_03.png,train,1.57,0.1450381679389313,1.5801526717557253
I27_05_04.png,train,1.63,0.1603053435114503,1.6412213740458017
I27_05_05.png,train,1.37,0.094147582697201,1.376590330788804
I27_06_01.png,train,4.37,0.8575063613231553,4.430025445292621
I27_06_02.png,train,4.1,0.7888040712468193,4.155216284987278
I27_06_03.png,train,3.53,0.6437659033078881,3.5750636132315523
I27_06_04.png,train,3.17,0.5521628498727735,3.208651399491094
I27_06_05.png,train,2.17,0.2977099236641221,2.1908396946564883
I27_07_01.png,train,2.4,0.356234096692112,2.424936386768448
I27_07_02.png,train,2.0,0.2544529262086514,2.017811704834606
I27_07_03.png,train,1.67,0.1704834605597964,1.681933842239186
I27_07_04.png,train,2.0,0.2544529262086514,2.017811704834606
I27_07_05.png,train,1.7,0.178117048346056,1.712468193384224
I27_08_01.png,train,4.43,0.8727735368956743,4.491094147582697
I27_08_02.png,train,3.13,0.5419847328244275,3.16793893129771
I27_08_03.png,train,2.33,0.3384223918575064,2.3536895674300258
I27_08_04.png,train,1.5,0.1272264631043257,1.508905852417303
I27_08_05.png,train,1.5,0.1272264631043257,1.508905852417303
I27_09_01.png,train,4.47,0.8829516539440203,4.531806615776081
I27_09_02.png,train,4.23,0.8218829516539442,4.287531806615776
I27_09_03.png,train,4.27,0.83206106870229,4.32824427480916
I27_09_04.png,train,2.37,0.3486005089058525,2.39440203562341
I27_09_05.png,train,1.17,0.0432569974554707,1.173027989821883
I27_10_01.png,train,3.97,0.7557251908396948,4.022900763358779
I27_10_02.png,train,3.9,0.7379134860050891,3.951653944020357
I27_10_03.png,train,3.57,0.6539440203562341,3.615776081424937
I27_10_04.png,train,1.67,0.1704834605597964,1.681933842239186
I27_10_05.png,train,1.47,0.1195928753180661,1.478371501272265
I27_11_01.png,train,3.23,0.5674300254452926,3.2697201017811706
I27_11_02.png,train,3.0,0.5089058524173028,3.035623409669211
I27_11_03.png,train,2.63,0.4147582697201017,2.659033078880407
I27_11_04.png,train,2.33,0.3384223918575064,2.3536895674300258
I27_11_05.png,train,1.87,0.2213740458015267,1.885496183206107
I27_12_01.png,train,4.23,0.8218829516539442,4.287531806615776
I27_12_02.png,train,3.2,0.5597964376590332,3.239185750636133
I27_12_03.png,train,2.63,0.4147582697201017,2.659033078880407
I27_12_04.png,train,2.3,0.3307888040712468,2.323155216284987
I27_12_05.png,train,1.97,0.2468193384223918,1.987277353689568
I27_13_01.png,train,3.73,0.6946564885496184,3.7786259541984735
I27_13_02.png,train,3.0,0.5089058524173028,3.035623409669211
I27_13_03.png,train,2.63,0.4147582697201017,2.659033078880407
I27_13_04.png,train,2.3,0.3307888040712468,2.323155216284987
I27_13_05.png,train,2.1,0.2798982188295166,2.1195928753180664
I27_14_01.png,train,3.67,0.6793893129770993,3.717557251908397
I27_14_02.png,train,2.97,0.5012722646310434,3.0050890585241734
I27_14_03.png,train,2.16,0.2951653944020357,2.180661577608143
I27_14_04.png,train,2.1,0.2798982188295166,2.1195928753180664
I27_14_05.png,train,1.63,0.1603053435114503,1.6412213740458017
I27_15_01.png,train,3.77,0.7048346055979644,3.8193384223918576
I27_15_02.png,train,2.4,0.356234096692112,2.424936386768448
I27_15_03.png,train,2.13,0.2875318066157761,2.1501272264631046
I27_15_04.png,train,1.77,0.1959287531806616,1.7837150127226464
I27_15_05.png,train,1.52,0.1323155216284987,1.529262086513995
I27_16_01.png,train,4.27,0.83206106870229,4.32824427480916
I27_16_02.png,train,3.7,0.6870229007633589,3.748091603053436
I27_16_03.png,train,2.77,0.450381679389313,2.801526717557252
I27_16_04.png,train,1.8,0.2035623409669211,1.8142493638676849
I27_16_05.png,train,1.47,0.1195928753180661,1.478371501272265
I27_17_01.png,train,4.57,0.9083969465648856,4.633587786259543
I27_17_02.png,train,4.43,0.8727735368956743,4.491094147582697
I27_17_03.png,train,3.97,0.7557251908396948,4.022900763358779
I27_17_04.png,train,3.8,0.712468193384224,3.849872773536896
I27_17_05.png,train,3.23,0.5674300254452926,3.2697201017811706
I27_18_01.png,train,3.6,0.6615776081424937,3.646310432569975
I27_18_02.png,train,4.03,0.7709923664122139,4.083969465648856
I27_18_03.png,train,4.57,0.9083969465648856,4.633587786259543
I27_18_04.png,train,4.53,0.8982188295165395,4.592875318066158
I27_18_05.png,train,4.03,0.7709923664122139,4.083969465648856
I27_19_01.png,train,4.03,0.7709923664122139,4.083969465648856
I27_19_02.png,train,3.8,0.712468193384224,3.849872773536896
I27_19_03.png,train,2.5,0.3816793893129771,2.5267175572519083
I27_19_04.png,train,1.53,0.1348600508905852,1.5394402035623411
I27_19_05.png,train,1.1,0.0254452926208651,1.1017811704834606
I27_20_01.png,train,4.53,0.8982188295165395,4.592875318066158
I27_20_02.png,train,2.77,0.450381679389313,2.801526717557252
I27_20_03.png,train,3.47,0.6284987277353691,3.5139949109414763
I27_20_04.png,train,2.23,0.3129770992366412,2.2519083969465647
I27_20_05.png,train,2.47,0.3740458015267176,2.4961832061068705
I27_21_01.png,train,3.47,0.6284987277353691,3.5139949109414763
I27_21_02.png,train,2.13,0.2875318066157761,2.1501272264631046
I27_21_03.png,train,2.37,0.3486005089058525,2.39440203562341
I27_21_04.png,train,1.84,0.2137404580152672,1.8549618320610688
I27_21_05.png,train,1.17,0.0432569974554707,1.173027989821883
I27_22_01.png,train,3.9,0.7379134860050891,3.951653944020357
I27_22_02.png,train,3.7,0.6870229007633589,3.748091603053436
I27_22_03.png,train,3.4,0.6106870229007634,3.442748091603053
I27_22_04.png,train,2.2,0.3053435114503817,2.221374045801527
I27_22_05.png,train,1.97,0.2468193384223918,1.987277353689568
I27_23_01.png,train,2.53,0.3893129770992366,2.5572519083969465
I27_23_02.png,train,2.4,0.356234096692112,2.424936386768448
I27_23_03.png,train,2.47,0.3740458015267176,2.4961832061068705
I27_23_04.png,train,2.33,0.3384223918575064,2.3536895674300258
I27_23_05.png,train,2.13,0.2875318066157761,2.1501272264631046
I27_24_01.png,train,2.83,0.4656488549618321,2.862595419847328
I27_24_02.png,train,2.1,0.2798982188295166,2.1195928753180664
I27_24_03.png,train,1.67,0.1704834605597964,1.681933842239186
I27_24_04.png,train,1.37,0.094147582697201,1.376590330788804
I27_24_05.png,train,1.13,0.0330788804071246,1.1323155216284986
I27_25_01.png,train,3.23,0.5674300254452926,3.2697201017811706
I27_25_02.png,train,3.73,0.6946564885496184,3.7786259541984735
I27_25_03.png,train,4.03,0.7709923664122139,4.083969465648856
I27_25_04.png,train,4.0,0.7633587786259542,4.0534351145038165
I27_25_05.png,train,3.07,0.5267175572519084,3.106870229007633
I28_01_01.png,train,4.57,0.9083969465648856,4.633587786259543
I28_01_02.png,train,4.68,0.9363867684478372,4.745547073791348
I28_01_03.png,train,4.0,0.7633587786259542,4.0534351145038165
I28_01_04.png,train,2.19,0.3027989821882951,2.2111959287531806
I28_01_05.png,train,1.37,0.094147582697201,1.376590330788804
I28_02_01.png,train,4.23,0.8218829516539442,4.287531806615776
I28_02_02.png,train,3.2,0.5597964376590332,3.239185750636133
I28_02_03.png,train,1.93,0.2366412213740458,1.9465648854961832
I28_02_04.png,train,1.67,0.1704834605597964,1.681933842239186
I28_02_05.png,train,1.57,0.1450381679389313,1.5801526717557253
I28_03_01.png,train,4.47,0.8829516539440203,4.531806615776081
I28_03_02.png,train,4.43,0.8727735368956743,4.491094147582697
I28_03_03.png,train,3.9,0.7379134860050891,3.951653944020357
I28_03_04.png,train,2.73,0.4402035623409669,2.760814249363868
I28_03_05.png,train,2.17,0.2977099236641221,2.1908396946564883
I28_04_01.png,train,4.17,0.806615776081425,4.2264631043257
I28_04_02.png,train,2.43,0.3638676844783716,2.4554707379134864
I28_04_03.png,train,1.5,0.1272264631043257,1.508905852417303
I28_04_04.png,train,1.33,0.0839694656488549,1.33587786259542
I28_04_05.png,train,1.07,0.0178117048346056,1.0712468193384224
I28_05_01.png,train,4.33,0.8473282442748092,4.389312977099237
I28_05_02.png,train,3.27,0.5776081424936387,3.3104325699745547
I28_05_03.png,train,3.43,0.6183206106870229,3.473282442748092
I28_05_04.png,train,3.1,0.534351145038168,3.137404580152672
I28_05_05.png,train,3.0,0.5089058524173028,3.035623409669211
I28_06_01.png,train,3.73,0.6946564885496184,3.7786259541984735
I28_06_02.png,train,3.6,0.6615776081424937,3.646310432569975
I28_06_03.png,train,3.55,0.648854961832061,3.595419847328244
I28_06_04.png,train,3.4,0.6106870229007634,3.442748091603053
I28_06_05.png,train,2.47,0.3740458015267176,2.4961832061068705
I28_07_01.png,train,2.47,0.3740458015267176,2.4961832061068705
I28_07_02.png,train,2.4,0.356234096692112,2.424936386768448
I28_07_03.png,train,1.93,0.2366412213740458,1.9465648854961832
I28_07_04.png,train,1.87,0.2213740458015267,1.885496183206107
I28_07_05.png,train,2.0,0.2544529262086514,2.017811704834606
I28_08_01.png,train,4.73,0.94910941475827,4.79643765903308
I28_08_02.png,train,3.53,0.6437659033078881,3.5750636132315523
I28_08_03.png,train,2.47,0.3740458015267176,2.4961832061068705
I28_08_04.png,train,1.57,0.1450381679389313,1.5801526717557253
I28_08_05.png,train,1.4,0.1017811704834605,1.407124681933842
I28_09_01.png,train,4.4,0.8651399491094149,4.46055979643766
I28_09_02.png,train,4.23,0.8218829516539442,4.287531806615776
I28_09_03.png,train,4.47,0.8829516539440203,4.531806615776081
I28_09_04.png,train,3.0,0.5089058524173028,3.035623409669211
I28_09_05.png,train,1.4,0.1017811704834605,1.407124681933842
I28_10_01.png,train,4.23,0.8218829516539442,4.287531806615776
I28_10_02.png,train,4.13,0.796437659033079,4.185750636132315
I28_10_03.png,train,3.8,0.712468193384224,3.849872773536896
I28_10_04.png,train,2.03,0.2620865139949109,2.048346055979644
I28_10_05.png,train,1.3,0.0763358778625954,1.3053435114503815
I28_11_01.png,train,4.1,0.7888040712468193,4.155216284987278
I28_11_02.png,train,3.47,0.6284987277353691,3.5139949109414763
I28_11_03.png,train,2.93,0.4910941475826972,2.9643765903307893
I28_11_04.png,train,2.7,0.4325699745547074,2.73027989821883
I28_11_05.png,train,2.33,0.3384223918575064,2.3536895674300258
I28_12_01.png,train,4.47,0.8829516539440203,4.531806615776081
I28_12_02.png,train,3.6,0.6615776081424937,3.646310432569975
I28_12_03.png,train,3.2,0.5597964376590332,3.239185750636133
I28_12_04.png,train,2.67,0.4249363867684478,2.699745547073792
I28_12_05.png,train,2.5,0.3816793893129771,2.5267175572519083
I28_13_01.png,train,3.13,0.5419847328244275,3.16793893129771
I28_13_02.png,train,2.83,0.4656488549618321,2.862595419847328
I28_13_03.png,train,2.6,0.4071246819338422,2.6284987277353693
I28_13_04.png,train,1.97,0.2468193384223918,1.987277353689568
I28_13_05.png,train,2.17,0.2977099236641221,2.1908396946564883
I28_14_01.png,train,4.57,0.9083969465648856,4.633587786259543
I28_14_02.png,train,3.97,0.7557251908396948,4.022900763358779
I28_14_03.png,train,3.37,0.6030534351145039,3.412213740458016
I28_14_04.png,train,2.73,0.4402035623409669,2.760814249363868
I28_14_05.png,train,2.43,0.3638676844783716,2.4554707379134864
I28_15_01.png,train,3.53,0.6437659033078881,3.5750636132315523
I28_15_02.png,train,3.13,0.5419847328244275,3.16793893129771
I28_15_03.png,train,2.27,0.3231552162849873,2.2926208651399493
I28_15_04.png,train,1.77,0.1959287531806616,1.7837150127226464
I28_15_05.png,train,1.57,0.1450381679389313,1.5801526717557253
I28_16_01.png,train,4.63,0.9236641221374048,4.694656488549619
I28_16_02.png,train,4.53,0.8982188295165395,4.592875318066158
I28_16_03.png,train,4.23,0.8218829516539442,4.287531806615776
I28_16_04.png,train,3.1,0.534351145038168,3.137404580152672
I28_16_05.png,train,2.3,0.3307888040712468,2.323155216284987
I28_17_01.png,train,4.77,0.9592875318066156,4.837150127226463
I28_17_02.png,train,4.57,0.9083969465648856,4.633587786259543
I28_17_03.png,train,4.2,0.8142493638676845,4.256997455470739
I28_17_04.png,train,3.53,0.6437659033078881,3.5750636132315523
I28_17_05.png,train,2.0,0.2544529262086514,2.017811704834606
I28_18_01.png,train,4.37,0.8575063613231553,4.430025445292621
I28_18_02.png,train,4.6,0.916030534351145,4.66412213740458
I28_18_03.png,train,4.23,0.8218829516539442,4.287531806615776
I28_18_04.png,train,4.53,0.8982188295165395,4.592875318066158
I28_18_05.png,train,4.23,0.8218829516539442,4.287531806615776
I28_19_01.png,train,4.5,0.89058524173028,4.56234096692112
I28_19_02.png,train,4.43,0.8727735368956743,4.491094147582697
I28_19_03.png,train,3.77,0.7048346055979644,3.8193384223918576
I28_19_04.png,train,2.23,0.3129770992366412,2.2519083969465647
I28_19_05.png,train,1.53,0.1348600508905852,1.5394402035623411
I28_20_01.png,train,4.23,0.8218829516539442,4.287531806615776
I28_20_02.png,train,3.5,0.6361323155216285,3.544529262086514
I28_20_03.png,train,3.37,0.6030534351145039,3.412213740458016
I28_20_04.png,train,3.13,0.5419847328244275,3.16793893129771
I28_20_05.png,train,2.93,0.4910941475826972,2.9643765903307893
I28_21_01.png,train,4.0,0.7633587786259542,4.0534351145038165
I28_21_02.png,train,3.57,0.6539440203562341,3.615776081424937
I28_21_03.png,train,3.23,0.5674300254452926,3.2697201017811706
I28_21_04.png,train,3.07,0.5267175572519084,3.106870229007633
I28_21_05.png,train,1.77,0.1959287531806616,1.7837150127226464
I28_22_01.png,train,4.2,0.8142493638676845,4.256997455470739
I28_22_02.png,train,3.53,0.6437659033078881,3.5750636132315523
I28_22_03.png,train,3.67,0.6793893129770993,3.717557251908397
I28_22_04.png,train,2.93,0.4910941475826972,2.9643765903307893
I28_22_05.png,train,2.3,0.3307888040712468,2.323155216284987
I28_23_01.png,train,3.3,0.5852417302798982,3.340966921119593
I28_23_02.png,train,2.03,0.2620865139949109,2.048346055979644
I28_23_03.png,train,2.69,0.4300254452926209,2.7201017811704835
I28_23_04.png,train,2.27,0.3231552162849873,2.2926208651399493
I28_23_05.png,train,2.03,0.2620865139949109,2.048346055979644
I28_24_01.png,train,4.2,0.8142493638676845,4.256997455470739
I28_24_02.png,train,3.0,0.5089058524173028,3.035623409669211
I28_24_03.png,train,2.87,0.4758269720101782,2.903307888040713
I28_24_04.png,train,2.13,0.2875318066157761,2.1501272264631046
I28_24_05.png,train,1.6,0.1526717557251908,1.6106870229007637
I28_25_01.png,train,3.48,0.6310432569974556,3.5241730279898222
I28_25_02.png,train,4.13,0.796437659033079,4.185750636132315
I28_25_03.png,train,4.43,0.8727735368956743,4.491094147582697
I28_25_04.png,train,4.4,0.8651399491094149,4.46055979643766
I28_25_05.png,train,3.73,0.6946564885496184,3.7786259541984735
I29_01_01.png,val,4.73,0.94910941475827,4.79643765903308
I29_01_02.png,val,4.4,0.8651399491094149,4.46055979643766
I29_01_03.png,val,3.47,0.6284987277353691,3.5139949109414763
I29_01_04.png,val,1.87,0.2213740458015267,1.885496183206107
I29_01_05.png,val,1.23,0.0585241730279898,1.2340966921119594
I29_02_01.png,val,4.2,0.8142493638676845,4.256997455470739
I29_02_02.png,val,3.13,0.5419847328244275,3.16793893129771
I29_02_03.png,val,1.73,0.1857506361323155,1.7430025445292625
I29_02_04.png,val,1.33,0.0839694656488549,1.33587786259542
I29_02_05.png,val,1.17,0.0432569974554707,1.173027989821883
I29_03_01.png,val,4.77,0.9592875318066156,4.837150127226463
I29_03_02.png,val,4.4,0.8651399491094149,4.46055979643766
I29_03_03.png,val,3.5,0.6361323155216285,3.544529262086514
I29_03_04.png,val,2.33,0.3384223918575064,2.3536895674300258
I29_03_05.png,val,2.03,0.2620865139949109,2.048346055979644
I29_04_01.png,val,4.5,0.89058524173028,4.56234096692112
I29_04_02.png,val,1.97,0.2468193384223918,1.987277353689568
I29_04_03.png,val,1.27,0.0687022900763358,1.2748091603053435
I29_04_04.png,val,1.17,0.0432569974554707,1.173027989821883
I29_04_05.png,val,1.03,0.0076335877862595,1.0305343511450382
I29_05_01.png,val,4.13,0.796437659033079,4.185750636132315
I29_05_02.png,val,2.87,0.4758269720101782,2.903307888040713
I29_05_03.png,val,1.73,0.1857506361323155,1.7430025445292625
I29_05_04.png,val,1.57,0.1450381679389313,1.5801526717557253
I29_05_05.png,val,1.63,0.1603053435114503,1.6412213740458017
I29_06_01.png,val,3.83,0.7201017811704835,3.880407124681934
I29_06_02.png,val,3.47,0.6284987277353691,3.5139949109414763
I29_06_03.png,val,3.47,0.6284987277353691,3.5139949109414763
I29_06_04.png,val,3.1,0.534351145038168,3.137404580152672
I29_06_05.png,val,2.87,0.4758269720101782,2.903307888040713
I29_07_01.png,val,2.6,0.4071246819338422,2.6284987277353693
I29_07_02.png,val,2.2,0.3053435114503817,2.221374045801527
I29_07_03.png,val,2.37,0.3486005089058525,2.39440203562341
I29_07_04.png,val,2.43,0.3638676844783716,2.4554707379134864
I29_07_05.png,val,1.93,0.2366412213740458,1.9465648854961832
I29_08_01.png,val,4.57,0.9083969465648856,4.633587786259543
I29_08_02.png,val,2.77,0.450381679389313,2.801526717557252
I29_08_03.png,val,1.93,0.2366412213740458,1.9465648854961832
I29_08_04.png,val,1.3,0.0763358778625954,1.3053435114503815
I29_08_05.png,val,1.13,0.0330788804071246,1.1323155216284986
I29_09_01.png,val,4.67,0.9338422391857508,4.735368956743002
I29_09_02.png,val,4.77,0.9592875318066156,4.837150127226463
I29_09_03.png,val,4.57,0.9083969465648856,4.633587786259543
I29_09_04.png,val,4.23,0.8218829516539442,4.287531806615776
I29_09_05.png,val,2.73,0.4402035623409669,2.760814249363868
I29_10_01.png,val,4.53,0.8982188295165395,4.592875318066158
I29_10_02.png,val,4.33,0.8473282442748092,4.389312977099237
I29_10_03.png,val,3.63,0.6692111959287532,3.676844783715013
I29_10_04.png,val,2.0,0.2544529262086514,2.017811704834606
I29_10_05.png,val,1.3,0.0763358778625954,1.3053435114503815
I29_11_01.png,val,3.8,0.712468193384224,3.849872773536896
I29_11_02.png,val,3.37,0.6030534351145039,3.412213740458016
I29_11_03.png,val,3.2,0.5597964376590332,3.239185750636133
I29_11_04.png,val,2.9,0.4834605597964376,2.9338422391857506
I29_11_05.png,val,2.37,0.3486005089058525,2.39440203562341
I29_12_01.png,val,4.57,0.9083969465648856,4.633587786259543
I29_12_02.png,val,3.87,0.7302798982188295,3.921119592875318
I29_12_03.png,val,3.33,0.5928753180661578,3.371501272264631
I29_12_04.png,val,2.67,0.4249363867684478,2.699745547073792
I29_12_05.png,val,2.23,0.3129770992366412,2.2519083969465647
I29_13_01.png,val,3.23,0.5674300254452926,3.2697201017811706
I29_13_02.png,val,2.83,0.4656488549618321,2.862595419847328
I29_13_03.png,val,2.63,0.4147582697201017,2.659033078880407
I29_13_04.png,val,2.27,0.3231552162849873,2.2926208651399493
I29_13_05.png,val,2.07,0.272264631043257,2.089058524173028
I29_14_01.png,val,4.63,0.9236641221374048,4.694656488549619
I29_14_02.png,val,4.43,0.8727735368956743,4.491094147582697
I29_14_03.png,val,3.7,0.6870229007633589,3.748091603053436
I29_14_04.png,val,3.07,0.5267175572519084,3.106870229007633
I29_14_05.png,val,2.17,0.2977099236641221,2.1908396946564883
I29_15_01.png,val,3.87,0.7302798982188295,3.921119592875318
I29_15_02.png,val,2.73,0.4402035623409669,2.760814249363868
I29_15_03.png,val,2.3,0.3307888040712468,2.323155216284987
I29_15_04.png,val,1.67,0.1704834605597964,1.681933842239186
I29_15_05.png,val,1.58,0.1475826972010178,1.5903307888040714
I29_16_01.png,val,4.6,0.916030534351145,4.66412213740458
I29_16_02.png,val,4.4,0.8651399491094149,4.46055979643766
I29_16_03.png,val,3.57,0.6539440203562341,3.615776081424937
I29_16_04.png,val,2.97,0.5012722646310434,3.0050890585241734
I29_16_05.png,val,1.87,0.2213740458015267,1.885496183206107
I29_17_01.png,val,4.77,0.9592875318066156,4.837150127226463
I29_17_02.png,val,4.57,0.9083969465648856,4.633587786259543
I29_17_03.png,val,4.3,0.8396946564885497,4.358778625954199
I29_17_04.png,val,3.57,0.6539440203562341,3.615776081424937
I29_17_05.png,val,2.17,0.2977099236641221,2.1908396946564883
I29_18_01.png,val,4.13,0.796437659033079,4.185750636132315
I29_18_02.png,val,4.53,0.8982188295165395,4.592875318066158
I29_18_03.png,val,4.83,0.974554707379135,4.89821882951654
I29_18_04.png,val,4.37,0.8575063613231553,4.430025445292621
I29_18_05.png,val,3.83,0.7201017811704835,3.880407124681934
I29_19_01.png,val,4.71,0.9440203562340967,4.776081424936387
I29_19_02.png,val,4.23,0.8218829516539442,4.287531806615776
I29_19_03.png,val,4.0,0.7633587786259542,4.0534351145038165
I29_19_04.png,val,2.1,0.2798982188295166,2.1195928753180664
I29_19_05.png,val,1.27,0.0687022900763358,1.2748091603053435
I29_20_01.png,val,4.53,0.8982188295165395,4.592875318066158
I29_20_02.png,val,2.37,0.3486005089058525,2.39440203562341
I29_20_03.png,val,3.03,0.5165394402035624,3.0661577608142494
I29_20_04.png,val,2.3,0.3307888040712468,2.323155216284987
I29_20_05.png,val,4.03,0.7709923664122139,4.083969465648856
I29_21_01.png,val,3.9,0.7379134860050891,3.951653944020357
I29_21_02.png,val,3.4,0.6106870229007634,3.442748091603053
I29_21_03.png,val,3.0,0.5089058524173028,3.035623409669211
I29_21_04.png,val,3.4,0.6106870229007634,3.442748091603053
I29_21_05.png,val,1.8,0.2035623409669211,1.8142493638676849
I29_22_01.png,val,3.5,0.6361323155216285,3.544529262086514
I29_22_02.png,val,2.73,0.4402035623409669,2.760814249363868
I29_22_03.png,val,2.5,0.3816793893129771,2.5267175572519083
I29_22_04.png,val,2.47,0.3740458015267176,2.4961832061068705
I29_22_05.png,val,1.97,0.2468193384223918,1.987277353689568
I29_23_01.png,val,2.67,0.4249363867684478,2.699745547073792
I29_23_02.png,val,1.8,0.2035623409669211,1.8142493638676849
I29_23_03.png,val,2.3,0.3307888040712468,2.323155216284987
I29_23_04.png,val,2.3,0.3307888040712468,2.323155216284987
I29_23_05.png,val,2.33,0.3384223918575064,2.3536895674300258
I29_24_01.png,val,4.0,0.7633587786259542,4.0534351145038165
I29_24_02.png,val,2.77,0.450381679389313,2.801526717557252
I29_24_03.png,val,2.1,0.2798982188295166,2.1195928753180664
I29_24_04.png,val,1.53,0.1348600508905852,1.5394402035623411
I29_24_05.png,val,1.53,0.1348600508905852,1.5394402035623411
I29_25_01.png,val,3.2,0.5597964376590332,3.239185750636133
I29_25_02.png,val,3.74,0.697201017811705,3.78880407124682
I29_25_03.png,val,4.17,0.806615776081425,4.2264631043257
I29_25_04.png,val,4.07,0.78117048346056,4.12468193384224
I29_25_05.png,val,2.63,0.4147582697201017,2.659033078880407
I30_01_01.png,test,4.6,0.916030534351145,4.66412213740458
I30_01_02.png,test,4.6,0.916030534351145,4.66412213740458
I30_01_03.png,test,3.93,0.7455470737913487,3.982188295165394
I30_01_04.png,test,2.63,0.4147582697201017,2.659033078880407
I30_01_05.png,test,1.26,0.0661577608142493,1.2646310432569976
I30_02_01.png,test,4.67,0.9338422391857508,4.735368956743002
I30_02_02.png,test,3.71,0.6895674300254453,3.758269720101781
I30_02_03.png,test,2.2,0.3053435114503817,2.221374045801527
I30_02_04.png,test,1.77,0.1959287531806616,1.7837150127226464
I30_02_05.png,test,1.5,0.1272264631043257,1.508905852417303
I30_03_01.png,test,4.67,0.9338422391857508,4.735368956743002
I30_03_02.png,test,4.7,0.9414758269720104,4.765903307888041
I30_03_03.png,test,3.7,0.6870229007633589,3.748091603053436
I30_03_04.png,test,3.0,0.5089058524173028,3.035623409669211
I30_03_05.png,test,2.33,0.3384223918575064,2.3536895674300258
I30_04_01.png,test,4.63,0.9236641221374048,4.694656488549619
I30_04_02.png,test,3.3,0.5852417302798982,3.340966921119593
I30_04_03.png,test,1.9,0.2290076335877862,1.916030534351145
I30_04_04.png,test,1.5,0.1272264631043257,1.508905852417303
I30_04_05.png,test,1.07,0.0178117048346056,1.0712468193384224
I30_05_01.png,test,4.77,0.9592875318066156,4.837150127226463
I30_05_02.png,test,3.83,0.7201017811704835,3.880407124681934
I30_05_03.png,test,2.9,0.4834605597964376,2.9338422391857506
I30_05_04.png,test,2.8,0.4580152671755725,2.83206106870229
I30_05_05.png,test,2.5,0.3816793893129771,2.5267175572519083
I30_06_01.png,test,4.4,0.8651399491094149,4.46055979643766
I30_06_02.png,test,4.37,0.8575063613231553,4.430025445292621
I30_06_03.png,test,3.87,0.7302798982188295,3.921119592875318
I30_06_04.png,test,3.83,0.7201017811704835,3.880407124681934
I30_06_05.png,test,3.13,0.5419847328244275,3.16793893129771
I30_07_01.png,test,3.4,0.6106870229007634,3.442748091603053
I30_07_02.png,test,2.07,0.272264631043257,2.089058524173028
I30_07_03.png,test,2.2,0.3053435114503817,2.221374045801527
I30_07_04.png,test,2.19,0.3027989821882951,2.2111959287531806
I30_07_05.png,test,1.93,0.2366412213740458,1.9465648854961832
I30_08_01.png,test,4.67,0.9338422391857508,4.735368956743002
I30_08_02.png,test,4.3,0.8396946564885497,4.358778625954199
I30_08_03.png,test,3.33,0.5928753180661578,3.371501272264631
I30_08_04.png,test,2.6,0.4071246819338422,2.6284987277353693
I30_08_05.png,test,1.43,0.1094147582697201,1.4376590330788803
I30_09_01.png,test,4.68,0.9363867684478372,4.745547073791348
I30_09_02.png,test,4.6,0.916030534351145,4.66412213740458
I30_09_03.png,test,4.73,0.94910941475827,4.79643765903308
I30_09_04.png,test,3.7,0.6870229007633589,3.748091603053436
I30_09_05.png,test,1.73,0.1857506361323155,1.7430025445292625
I30_10_01.png,test,4.53,0.8982188295165395,4.592875318066158
I30_10_02.png,test,4.47,0.8829516539440203,4.531806615776081
I30_10_03.png,test,4.37,0.8575063613231553,4.430025445292621
I30_10_04.png,test,1.77,0.1959287531806616,1.7837150127226464
I30_10_05.png,test,1.23,0.0585241730279898,1.2340966921119594
I30_11_01.png,test,3.67,0.6793893129770993,3.717557251908397
I30_11_02.png,test,3.2,0.5597964376590332,3.239185750636133
I30_11_03.png,test,2.97,0.5012722646310434,3.0050890585241734
I30_11_04.png,test,2.73,0.4402035623409669,2.760814249363868
I30_11_05.png,test,2.32,0.3358778625954198,2.3435114503816794
I30_12_01.png,test,4.43,0.8727735368956743,4.491094147582697
I30_12_02.png,test,3.4,0.6106870229007634,3.442748091603053
I30_12_03.png,test,3.03,0.5165394402035624,3.0661577608142494
I30_12_04.png,test,2.77,0.450381679389313,2.801526717557252
I30_12_05.png,test,2.23,0.3129770992366412,2.2519083969465647
I30_13_01.png,test,3.77,0.7048346055979644,3.8193384223918576
I30_13_02.png,test,2.97,0.5012722646310434,3.0050890585241734
I30_13_03.png,test,2.53,0.3893129770992366,2.5572519083969465
I30_13_04.png,test,2.63,0.4147582697201017,2.659033078880407
I30_13_05.png,test,2.26,0.3206106870229007,2.282442748091603
I30_14_01.png,test,4.4,0.8651399491094149,4.46055979643766
I30_14_02.png,test,3.17,0.5521628498727735,3.208651399491094
I30_14_03.png,test,2.83,0.4656488549618321,2.862595419847328
I30_14_04.png,test,2.3,0.3307888040712468,2.323155216284987
I30_14_05.png,test,2.1,0.2798982188295166,2.1195928753180664
I30_15_01.png,test,3.87,0.7302798982188295,3.921119592875318
I30_15_02.png,test,2.6,0.4071246819338422,2.6284987277353693
I30_15_03.png,test,2.13,0.2875318066157761,2.1501272264631046
I30_15_04.png,test,1.33,0.0839694656488549,1.33587786259542
I30_15_05.png,test,1.3,0.0763358778625954,1.3053435114503815
I30_16_01.png,test,4.63,0.9236641221374048,4.694656488549619
I30_16_02.png,test,4.2,0.8142493638676845,4.256997455470739
I30_16_03.png,test,3.6,0.6615776081424937,3.646310432569975
I30_16_04.png,test,2.5,0.3816793893129771,2.5267175572519083
I30_16_05.png,test,1.48,0.1221374045801526,1.4885496183206106
I30_17_01.png,test,4.73,0.94910941475827,4.79643765903308
I30_17_02.png,test,4.5,0.89058524173028,4.56234096692112
I30_17_03.png,test,4.4,0.8651399491094149,4.46055979643766
I30_17_04.png,test,3.67,0.6793893129770993,3.717557251908397
I30_17_05.png,test,2.67,0.4249363867684478,2.699745547073792
I30_18_01.png,test,4.0,0.7633587786259542,4.0534351145038165
I30_18_02.png,test,4.53,0.8982188295165395,4.592875318066158
I30_18_03.png,test,4.83,0.974554707379135,4.89821882951654
I30_18_04.png,test,4.61,0.9185750636132316,4.674300254452927
I30_18_05.png,test,4.3,0.8396946564885497,4.358778625954199
I30_19_01.png,test,4.9,0.9923664122137408,4.969465648854962
I30_19_02.png,test,4.6,0.916030534351145,4.66412213740458
I30_19_03.png,test,4.27,0.83206106870229,4.32824427480916
I30_19_04.png,test,2.53,0.3893129770992366,2.5572519083969465
I30_19_05.png,test,1.83,0.2111959287531807,1.8447837150127229
I30_20_01.png,test,4.33,0.8473282442748092,4.389312977099237
I30_20_02.png,test,3.67,0.6793893129770993,3.717557251908397
I30_20_03.png,test,3.8,0.712468193384224,3.849872773536896
I30_20_04.png,test,3.81,0.7150127226463106,3.860050890585242
I30_20_05.png,test,3.03,0.5165394402035624,3.0661577608142494
I30_21_01.png,test,4.27,0.83206106870229,4.32824427480916
I30_21_02.png,test,3.73,0.6946564885496184,3.7786259541984735
I30_21_03.png,test,3.68,0.6819338422391859,3.727735368956744
I30_21_04.png,test,3.73,0.6946564885496184,3.7786259541984735
I30_21_05.png,test,2.0,0.2544529262086514,2.017811704834606
I30_22_01.png,test,4.3,0.8396946564885497,4.358778625954199
I30_22_02.png,test,3.67,0.6793893129770993,3.717557251908397
I30_22_03.png,test,3.27,0.5776081424936387,3.3104325699745547
I30_22_04.png,test,2.77,0.450381679389313,2.801526717557252
I30_22_05.png,test,2.57,0.3994910941475826,2.59796437659033
I30_23_01.png,test,2.33,0.3384223918575064,2.3536895674300258
I30_23_02.png,test,2.13,0.2875318066157761,2.1501272264631046
I30_23_03.png,test,2.27,0.3231552162849873,2.2926208651399493
I30_23_04.png,test,2.13,0.2875318066157761,2.1501272264631046
I30_23_05.png,test,2.4,0.356234096692112,2.424936386768448
I30_24_01.png,test,4.33,0.8473282442748092,4.389312977099237
I30_24_02.png,test,3.7,0.6870229007633589,3.748091603053436
I30_24_03.png,test,3.07,0.5267175572519084,3.106870229007633
I30_24_04.png,test,2.2,0.3053435114503817,2.221374045801527
I30_24_05.png,test,1.57,0.1450381679389313,1.5801526717557253
I30_25_01.png,test,3.63,0.6692111959287532,3.676844783715013
I30_25_02.png,test,4.4,0.8651399491094149,4.46055979643766
I30_25_03.png,test,4.8,0.9669211195928752,4.867684478371501
I30_25_04.png,test,4.4,0.8651399491094149,4.46055979643766
I30_25_05.png,test,3.73,0.6946564885496184,3.7786259541984735
I31_01_01.png,val,4.83,0.974554707379135,4.89821882951654
I31_01_02.png,val,4.63,0.9236641221374048,4.694656488549619
I31_01_03.png,val,3.03,0.5165394402035624,3.0661577608142494
I31_01_04.png,val,1.83,0.2111959287531807,1.8447837150127229
I31_01_05.png,val,1.27,0.0687022900763358,1.2748091603053435
I31_02_01.png,val,4.2,0.8142493638676845,4.256997455470739
I31_02_02.png,val,3.23,0.5674300254452926,3.2697201017811706
I31_02_03.png,val,1.87,0.2213740458015267,1.885496183206107
I31_02_04.png,val,1.5,0.1272264631043257,1.508905852417303
I31_02_05.png,val,1.37,0.094147582697201,1.376590330788804
I31_03_01.png,val,4.63,0.9236641221374048,4.694656488549619
I31_03_02.png,val,4.23,0.8218829516539442,4.287531806615776
I31_03_03.png,val,3.13,0.5419847328244275,3.16793893129771
I31_03_04.png,val,2.33,0.3384223918575064,2.3536895674300258
I31_03_05.png,val,1.57,0.1450381679389313,1.5801526717557253
I31_04_01.png,val,4.63,0.9236641221374048,4.694656488549619
I31_04_02.png,val,2.97,0.5012722646310434,3.0050890585241734
I31_04_03.png,val,2.53,0.3893129770992366,2.5572519083969465
I31_04_04.png,val,1.8,0.2035623409669211,1.8142493638676849
I31_04_05.png,val,1.5,0.1272264631043257,1.508905852417303
I31_05_01.png,val,4.67,0.9338422391857508,4.735368956743002
I31_05_02.png,val,2.7,0.4325699745547074,2.73027989821883
I31_05_03.png,val,2.2,0.3053435114503817,2.221374045801527
I31_05_04.png,val,1.9,0.2290076335877862,1.916030534351145
I31_05_05.png,val,1.7,0.178117048346056,1.712468193384224
I31_06_01.png,val,4.5,0.89058524173028,4.56234096692112
I31_06_02.png,val,4.1,0.7888040712468193,4.155216284987278
I31_06_03.png,val,3.63,0.6692111959287532,3.676844783715013
I31_06_04.png,val,3.4,0.6106870229007634,3.442748091603053
I31_06_05.png,val,2.4,0.356234096692112,2.424936386768448
I31_07_01.png,val,2.4,0.356234096692112,2.424936386768448
I31_07_02.png,val,2.53,0.3893129770992366,2.5572519083969465
I31_07_03.png,val,2.4,0.356234096692112,2.424936386768448
I31_07_04.png,val,2.57,0.3994910941475826,2.59796437659033
I31_07_05.png,val,2.33,0.3384223918575064,2.3536895674300258
I31_08_01.png,val,4.61,0.9185750636132316,4.674300254452927
I31_08_02.png,val,3.63,0.6692111959287532,3.676844783715013
I31_08_03.png,val,3.23,0.5674300254452926,3.2697201017811706
I31_08_04.png,val,2.03,0.2620865139949109,2.048346055979644
I31_08_05.png,val,1.83,0.2111959287531807,1.8447837150127229
I31_09_01.png,val,4.47,0.8829516539440203,4.531806615776081
I31_09_02.png,val,4.23,0.8218829516539442,4.287531806615776
I31_09_03.png,val,3.97,0.7557251908396948,4.022900763358779
I31_09_04.png,val,2.47,0.3740458015267176,2.4961832061068705
I31_09_05.png,val,1.5,0.1272264631043257,1.508905852417303
I31_10_01.png,val,4.63,0.9236641221374048,4.694656488549619
I31_10_02.png,val,4.63,0.9236641221374048,4.694656488549619
I31_10_03.png,val,4.27,0.83206106870229,4.32824427480916
I31_10_04.png,val,2.03,0.2620865139949109,2.048346055979644
I31_10_05.png,val,1.67,0.1704834605597964,1.681933842239186
I31_11_01.png,val,3.87,0.7302798982188295,3.921119592875318
I31_11_02.png,val,3.57,0.6539440203562341,3.615776081424937
I31_11_03.png,val,3.13,0.5419847328244275,3.16793893129771
I31_11_04.png,val,2.87,0.4758269720101782,2.903307888040713
I31_11_05.png,val,2.43,0.3638676844783716,2.4554707379134864
I31_12_01.png,val,4.57,0.9083969465648856,4.633587786259543
I31_12_02.png,val,3.9,0.7379134860050891,3.951653944020357
I31_12_03.png,val,3.33,0.5928753180661578,3.371501272264631
I31_12_04.png,val,2.87,0.4758269720101782,2.903307888040713
I31_12_05.png,val,2.57,0.3994910941475826,2.59796437659033
I31_13_01.png,val,3.77,0.7048346055979644,3.8193384223918576
I31_13_02.png,val,3.2,0.5597964376590332,3.239185750636133
I31_13_03.png,val,2.77,0.450381679389313,2.801526717557252
I31_13_04.png,val,2.27,0.3231552162849873,2.2926208651399493
I31_13_05.png,val,2.03,0.2620865139949109,2.048346055979644
I31_14_01.png,val,4.6,0.916030534351145,4.66412213740458
I31_14_02.png,val,3.93,0.7455470737913487,3.982188295165394
I31_14_03.png,val,3.23,0.5674300254452926,3.2697201017811706
I31_14_04.png,val,2.77,0.450381679389313,2.801526717557252
I31_14_05.png,val,2.43,0.3638676844783716,2.4554707379134864
I31_15_01.png,val,4.07,0.78117048346056,4.12468193384224
I31_15_02.png,val,3.27,0.5776081424936387,3.3104325699745547
I31_15_03.png,val,3.17,0.5521628498727735,3.208651399491094
I31_15_04.png,val,2.03,0.2620865139949109,2.048346055979644
I31_15_05.png,val,1.87,0.2213740458015267,1.885496183206107
I31_16_01.png,val,4.57,0.9083969465648856,4.633587786259543
I31_16_02.png,val,4.43,0.8727735368956743,4.491094147582697
I31_16_03.png,val,3.8,0.712468193384224,3.849872773536896
I31_16_04.png,val,3.0,0.5089058524173028,3.035623409669211
I31_16_05.png,val,1.93,0.2366412213740458,1.9465648854961832
I31_17_01.png,val,4.67,0.9338422391857508,4.735368956743002
I31_17_02.png,val,4.47,0.8829516539440203,4.531806615776081
I31_17_03.png,val,4.43,0.8727735368956743,4.491094147582697
I31_17_04.png,val,3.73,0.6946564885496184,3.7786259541984735
I31_17_05.png,val,2.27,0.3231552162849873,2.2926208651399493
I31_18_01.png,val,4.6,0.916030534351145,4.66412213740458
I31_18_02.png,val,4.73,0.94910941475827,4.79643765903308
I31_18_03.png,val,4.81,0.9694656488549618,4.877862595419847
I31_18_04.png,val,4.33,0.8473282442748092,4.389312977099237
I31_18_05.png,val,3.87,0.7302798982188295,3.921119592875318
I31_19_01.png,val,4.23,0.8218829516539442,4.287531806615776
I31_19_02.png,val,4.1,0.7888040712468193,4.155216284987278
I31_19_03.png,val,3.48,0.6310432569974556,3.5241730279898222
I31_19_04.png,val,2.07,0.272264631043257,2.089058524173028
I31_19_05.png,val,1.4,0.1017811704834605,1.407124681933842
I31_20_01.png,val,4.7,0.9414758269720104,4.765903307888041
I31_20_02.png,val,3.9,0.7379134860050891,3.951653944020357
I31_20_03.png,val,4.17,0.806615776081425,4.2264631043257
I31_20_04.png,val,3.67,0.6793893129770993,3.717557251908397
I31_20_05.png,val,4.27,0.83206106870229,4.32824427480916
I31_21_01.png,val,4.5,0.89058524173028,4.56234096692112
I31_21_02.png,val,3.43,0.6183206106870229,3.473282442748092
I31_21_03.png,val,3.17,0.5521628498727735,3.208651399491094
I31_21_04.png,val,3.47,0.6284987277353691,3.5139949109414763
I31_21_05.png,val,1.6,0.1526717557251908,1.6106870229007637
I31_22_01.png,val,4.17,0.806615776081425,4.2264631043257
I31_22_02.png,val,3.5,0.6361323155216285,3.544529262086514
I31_22_03.png,val,3.3,0.5852417302798982,3.340966921119593
I31_22_04.png,val,3.03,0.5165394402035624,3.0661577608142494
I31_22_05.png,val,3.03,0.5165394402035624,3.0661577608142494
I31_23_01.png,val,2.5,0.3816793893129771,2.5267175572519083
I31_23_02.png,val,2.6,0.4071246819338422,2.6284987277353693
I31_23_03.png,val,2.4,0.356234096692112,2.424936386768448
I31_23_04.png,val,2.23,0.3129770992366412,2.2519083969465647
I31_23_05.png,val,1.77,0.1959287531806616,1.7837150127226464
I31_24_01.png,val,3.77,0.7048346055979644,3.8193384223918576
I31_24_02.png,val,3.07,0.5267175572519084,3.106870229007633
I31_24_03.png,val,2.17,0.2977099236641221,2.1908396946564883
I31_24_04.png,val,2.03,0.2620865139949109,2.048346055979644
I31_24_05.png,val,1.48,0.1221374045801526,1.4885496183206106
I31_25_01.png,val,3.6,0.6615776081424937,3.646310432569975
I31_25_02.png,val,4.1,0.7888040712468193,4.155216284987278
I31_25_03.png,val,4.4,0.8651399491094149,4.46055979643766
I31_25_04.png,val,4.3,0.8396946564885497,4.358778625954199
I31_25_05.png,val,3.27,0.5776081424936387,3.3104325699745547
I32_01_01.png,train,4.5,0.89058524173028,4.56234096692112
I32_01_02.png,train,4.39,0.8625954198473282,4.450381679389313
I32_01_03.png,train,2.73,0.4402035623409669,2.760814249363868
I32_01_04.png,train,1.6,0.1526717557251908,1.6106870229007637
I32_01_05.png,train,1.1,0.0254452926208651,1.1017811704834606
I32_02_01.png,train,3.7,0.6870229007633589,3.748091603053436
I32_02_02.png,train,2.37,0.3486005089058525,2.39440203562341
I32_02_03.png,train,1.73,0.1857506361323155,1.7430025445292625
I32_02_04.png,train,1.27,0.0687022900763358,1.2748091603053435
I32_02_05.png,train,1.27,0.0687022900763358,1.2748091603053435
I32_03_01.png,train,4.57,0.9083969465648856,4.633587786259543
I32_03_02.png,train,3.73,0.6946564885496184,3.7786259541984735
I32_03_03.png,train,2.77,0.450381679389313,2.801526717557252
I32_03_04.png,train,1.93,0.2366412213740458,1.9465648854961832
I32_03_05.png,train,1.6,0.1526717557251908,1.6106870229007637
I32_04_01.png,train,4.53,0.8982188295165395,4.592875318066158
I32_04_02.png,train,1.77,0.1959287531806616,1.7837150127226464
I32_04_03.png,train,1.57,0.1450381679389313,1.5801526717557253
I32_04_04.png,train,1.5,0.1272264631043257,1.508905852417303
I32_04_05.png,train,1.17,0.0432569974554707,1.173027989821883
I32_05_01.png,train,4.3,0.8396946564885497,4.358778625954199
I32_05_02.png,train,2.6,0.4071246819338422,2.6284987277353693
I32_05_03.png,train,1.73,0.1857506361323155,1.7430025445292625
I32_05_04.png,train,1.8,0.2035623409669211,1.8142493638676849
I32_05_05.png,train,1.6,0.1526717557251908,1.6106870229007637
I32_06_01.png,train,4.0,0.7633587786259542,4.0534351145038165
I32_06_02.png,train,3.72,0.6921119592875319,3.768447837150128
I32_06_03.png,train,3.43,0.6183206106870229,3.473282442748092
I32_06_04.png,train,3.4,0.6106870229007634,3.442748091603053
I32_06_05.png,train,2.33,0.3384223918575064,2.3536895674300258
I32_07_01.png,train,2.2,0.3053435114503817,2.221374045801527
I32_07_02.png,train,2.57,0.3994910941475826,2.59796437659033
I32_07_03.png,train,2.3,0.3307888040712468,2.323155216284987
I32_07_04.png,train,2.23,0.3129770992366412,2.2519083969465647
I32_07_05.png,train,1.9,0.2290076335877862,1.916030534351145
I32_08_01.png,train,4.23,0.8218829516539442,4.287531806615776
I32_08_02.png,train,2.3,0.3307888040712468,2.323155216284987
I32_08_03.png,train,2.33,0.3384223918575064,2.3536895674300258
I32_08_04.png,train,1.6,0.1526717557251908,1.6106870229007637
I32_08_05.png,train,1.5,0.1272264631043257,1.508905852417303
I32_09_01.png,train,4.47,0.8829516539440203,4.531806615776081
I32_09_02.png,train,4.27,0.83206106870229,4.32824427480916
I32_09_03.png,train,3.87,0.7302798982188295,3.921119592875318
I32_09_04.png,train,2.1,0.2798982188295166,2.1195928753180664
I32_09_05.png,train,1.23,0.0585241730279898,1.2340966921119594
I32_10_01.png,train,4.03,0.7709923664122139,4.083969465648856
I32_10_02.png,train,3.97,0.7557251908396948,4.022900763358779
I32_10_03.png,train,3.27,0.5776081424936387,3.3104325699745547
I32_10_04.png,train,1.7,0.178117048346056,1.712468193384224
I32_10_05.png,train,1.23,0.0585241730279898,1.2340966921119594
I32_11_01.png,train,3.27,0.5776081424936387,3.3104325699745547
I32_11_02.png,train,2.73,0.4402035623409669,2.760814249363868
I32_11_03.png,train,2.5,0.3816793893129771,2.5267175572519083
I32_11_04.png,train,2.3,0.3307888040712468,2.323155216284987
I32_11_05.png,train,1.9,0.2290076335877862,1.916030534351145
I32_12_01.png,train,3.97,0.7557251908396948,4.022900763358779
I32_12_02.png,train,3.03,0.5165394402035624,3.0661577608142494
I32_12_03.png,train,2.47,0.3740458015267176,2.4961832061068705
I32_12_04.png,train,2.2,0.3053435114503817,2.221374045801527
I32_12_05.png,train,2.1,0.2798982188295166,2.1195928753180664
I32_13_01.png,train,2.9,0.4834605597964376,2.9338422391857506
I32_13_02.png,train,2.8,0.4580152671755725,2.83206106870229
I32_13_03.png,train,2.5,0.3816793893129771,2.5267175572519083
I32_13_04.png,train,2.33,0.3384223918575064,2.3536895674300258
I32_13_05.png,train,2.0,0.2544529262086514,2.017811704834606
I32_14_01.png,train,3.8,0.712468193384224,3.849872773536896
I32_14_02.png,train,2.43,0.3638676844783716,2.4554707379134864
I32_14_03.png,train,2.27,0.3231552162849873,2.2926208651399493
I32_14_04.png,train,2.0,0.2544529262086514,2.017811704834606
I32_14_05.png,train,1.5,0.1272264631043257,1.508905852417303
I32_15_01.png,train,2.6,0.4071246819338422,2.6284987277353693
I32_15_02.png,train,1.83,0.2111959287531807,1.8447837150127229
I32_15_03.png,train,1.39,0.099236641221374,1.3969465648854962
I32_15_04.png,train,1.07,0.0178117048346056,1.0712468193384224
I32_15_05.png,train,1.3,0.0763358778625954,1.3053435114503815
I32_16_01.png,train,4.2,0.8142493638676845,4.256997455470739
I32_16_02.png,train,3.57,0.6539440203562341,3.615776081424937
I32_16_03.png,train,3.1,0.534351145038168,3.137404580152672
I32_16_04.png,train,1.8,0.2035623409669211,1.8142493638676849
I32_16_05.png,train,1.03,0.0076335877862595,1.0305343511450382
I32_17_01.png,train,4.6,0.916030534351145,4.66412213740458
I32_17_02.png,train,4.33,0.8473282442748092,4.389312977099237
I32_17_03.png,train,4.07,0.78117048346056,4.12468193384224
I32_17_04.png,train,3.63,0.6692111959287532,3.676844783715013
I32_17_05.png,train,2.57,0.3994910941475826,2.59796437659033
I32_18_01.png,train,3.5,0.6361323155216285,3.544529262086514
I32_18_02.png,train,4.3,0.8396946564885497,4.358778625954199
I32_18_03.png,train,4.73,0.94910941475827,4.79643765903308
I32_18_04.png,train,4.07,0.78117048346056,4.12468193384224
I32_18_05.png,train,3.8,0.712468193384224,3.849872773536896
I32_19_01.png,train,4.57,0.9083969465648856,4.633587786259543
I32_19_02.png,train,4.1,0.7888040712468193,4.155216284987278
I32_19_03.png,train,3.4,0.6106870229007634,3.442748091603053
I32_19_04.png,train,2.0,0.2544529262086514,2.017811704834606
I32_19_05.png,train,1.32,0.0814249363867684,1.3256997455470738
I32_20_01.png,train,3.2,0.5597964376590332,3.239185750636133
I32_20_02.png,train,3.87,0.7302798982188295,3.921119592875318
I32_20_03.png,train,4.1,0.7888040712468193,4.155216284987278
I32_20_04.png,train,2.33,0.3384223918575064,2.3536895674300258
I32_20_05.png,train,3.63,0.6692111959287532,3.676844783715013
I32_21_01.png,train,3.37,0.6030534351145039,3.412213740458016
I32_21_02.png,train,2.71,0.4351145038167939,2.740458015267176
I32_21_03.png,train,3.03,0.5165394402035624,3.0661577608142494
I32_21_04.png,train,2.42,0.361323155216285,2.44529262086514
I32_21_05.png,train,1.4,0.1017811704834605,1.407124681933842
I32_22_01.png,train,4.3,0.8396946564885497,4.358778625954199
I32_22_02.png,train,4.13,0.796437659033079,4.185750636132315
I32_22_03.png,train,3.7,0.6870229007633589,3.748091603053436
I32_22_04.png,train,2.97,0.5012722646310434,3.0050890585241734
I32_22_05.png,train,1.7,0.178117048346056,1.712468193384224
I32_23_01.png,train,2.53,0.3893129770992366,2.5572519083969465
I32_23_02.png,train,2.17,0.2977099236641221,2.1908396946564883
I32_23_03.png,train,1.83,0.2111959287531807,1.8447837150127229
I32_23_04.png,train,2.33,0.3384223918575064,2.3536895674300258
I32_23_05.png,train,1.7,0.178117048346056,1.712468193384224
I32_24_01.png,train,3.83,0.7201017811704835,3.880407124681934
I32_24_02.png,train,2.9,0.4834605597964376,2.9338422391857506
I32_24_03.png,train,2.6,0.4071246819338422,2.6284987277353693
I32_24_04.png,train,1.6,0.1526717557251908,1.6106870229007637
I32_24_05.png,train,1.43,0.1094147582697201,1.4376590330788803
I32_25_01.png,train,3.23,0.5674300254452926,3.2697201017811706
I32_25_02.png,train,3.47,0.6284987277353691,3.5139949109414763
I32_25_03.png,train,3.84,0.72264631043257,3.89058524173028
I32_25_04.png,train,3.2,0.5597964376590332,3.239185750636133
I32_25_05.png,train,2.27,0.3231552162849873,2.2926208651399493
I33_01_01.png,train,4.4,0.8651399491094149,4.46055979643766
I33_01_02.png,train,3.9,0.7379134860050891,3.951653944020357
I33_01_03.png,train,2.33,0.3384223918575064,2.3536895674300258
I33_01_04.png,train,1.57,0.1450381679389313,1.5801526717557253
I33_01_05.png,train,1.3,0.0763358778625954,1.3053435114503815
I33_02_01.png,train,3.4,0.6106870229007634,3.442748091603053
I33_02_02.png,train,2.47,0.3740458015267176,2.4961832061068705
I33_02_03.png,train,1.47,0.1195928753180661,1.478371501272265
I33_02_04.png,train,1.33,0.0839694656488549,1.33587786259542
I33_02_05.png,train,1.17,0.0432569974554707,1.173027989821883
I33_03_01.png,train,4.57,0.9083969465648856,4.633587786259543
I33_03_02.png,train,3.7,0.6870229007633589,3.748091603053436
I33_03_03.png,train,2.33,0.3384223918575064,2.3536895674300258
I33_03_04.png,train,1.97,0.2468193384223918,1.987277353689568
I33_03_05.png,train,1.6,0.1526717557251908,1.6106870229007637
I33_04_01.png,train,4.57,0.9083969465648856,4.633587786259543
I33_04_02.png,train,2.7,0.4325699745547074,2.73027989821883
I33_04_03.png,train,1.8,0.2035623409669211,1.8142493638676849
I33_04_04.png,train,1.47,0.1195928753180661,1.478371501272265
I33_04_05.png,train,1.4,0.1017811704834605,1.407124681933842
I33_05_01.png,train,4.07,0.78117048346056,4.12468193384224
I33_05_02.png,train,2.0,0.2544529262086514,2.017811704834606
I33_05_03.png,train,1.73,0.1857506361323155,1.7430025445292625
I33_05_04.png,train,1.33,0.0839694656488549,1.33587786259542
I33_05_05.png,train,1.37,0.094147582697201,1.376590330788804
I33_06_01.png,train,4.1,0.7888040712468193,4.155216284987278
I33_06_02.png,train,4.03,0.7709923664122139,4.083969465648856
I33_06_03.png,train,3.97,0.7557251908396948,4.022900763358779
I33_06_04.png,train,3.1,0.534351145038168,3.137404580152672
I33_06_05.png,train,2.83,0.4656488549618321,2.862595419847328
I33_07_01.png,train,2.77,0.450381679389313,2.801526717557252
I33_07_02.png,train,2.4,0.356234096692112,2.424936386768448
I33_07_03.png,train,2.67,0.4249363867684478,2.699745547073792
I33_07_04.png,train,2.27,0.3231552162849873,2.2926208651399493
I33_07_05.png,train,1.9,0.2290076335877862,1.916030534351145
I33_08_01.png,train,4.43,0.8727735368956743,4.491094147582697
I33_08_02.png,train,3.37,0.6030534351145039,3.412213740458016
I33_08_03.png,train,2.23,0.3129770992366412,2.2519083969465647
I33_08_04.png,train,2.13,0.2875318066157761,2.1501272264631046
I33_08_05.png,train,1.47,0.1195928753180661,1.478371501272265
I33_09_01.png,train,4.5,0.89058524173028,4.56234096692112
I33_09_02.png,train,3.97,0.7557251908396948,4.022900763358779
I33_09_03.png,train,3.87,0.7302798982188295,3.921119592875318
I33_09_04.png,train,1.83,0.2111959287531807,1.8447837150127229
I33_09_05.png,train,1.33,0.0839694656488549,1.33587786259542
I33_10_01.png,train,3.9,0.7379134860050891,3.951653944020357
I33_10_02.png,train,4.1,0.7888040712468193,4.155216284987278
I33_10_03.png,train,3.6,0.6615776081424937,3.646310432569975
I33_10_04.png,train,1.47,0.1195928753180661,1.478371501272265
I33_10_05.png,train,1.3,0.0763358778625954,1.3053435114503815
I33_11_01.png,train,3.47,0.6284987277353691,3.5139949109414763
I33_11_02.png,train,2.77,0.450381679389313,2.801526717557252
I33_11_03.png,train,2.87,0.4758269720101782,2.903307888040713
I33_11_04.png,train,2.27,0.3231552162849873,2.2926208651399493
I33_11_05.png,train,2.2,0.3053435114503817,2.221374045801527
I33_12_01.png,train,3.83,0.7201017811704835,3.880407124681934
I33_12_02.png,train,3.07,0.5267175572519084,3.106870229007633
I33_12_03.png,train,2.77,0.450381679389313,2.801526717557252
I33_12_04.png,train,2.63,0.4147582697201017,2.659033078880407
I33_12_05.png,train,1.93,0.2366412213740458,1.9465648854961832
I33_13_01.png,train,3.57,0.6539440203562341,3.615776081424937
I33_13_02.png,train,2.87,0.4758269720101782,2.903307888040713
I33_13_03.png,train,2.3,0.3307888040712468,2.323155216284987
I33_13_04.png,train,2.33,0.3384223918575064,2.3536895674300258
I33_13_05.png,train,1.93,0.2366412213740458,1.9465648854961832
I33_14_01.png,train,3.77,0.7048346055979644,3.8193384223918576
I33_14_02.png,train,3.17,0.5521628498727735,3.208651399491094
I33_14_03.png,train,2.07,0.272264631043257,2.089058524173028
I33_14_04.png,train,2.03,0.2620865139949109,2.048346055979644
I33_14_05.png,train,1.7,0.178117048346056,1.712468193384224
I33_15_01.png,train,3.5,0.6361323155216285,3.544529262086514
I33_15_02.png,train,2.23,0.3129770992366412,2.2519083969465647
I33_15_03.png,train,1.93,0.2366412213740458,1.9465648854961832
I33_15_04.png,train,1.3,0.0763358778625954,1.3053435114503815
I33_15_05.png,train,1.33,0.0839694656488549,1.33587786259542
I33_16_01.png,train,4.4,0.8651399491094149,4.46055979643766
I33_16_02.png,train,3.83,0.7201017811704835,3.880407124681934
I33_16_03.png,train,3.17,0.5521628498727735,3.208651399491094
I33_16_04.png,train,2.33,0.3384223918575064,2.3536895674300258
I33_16_05.png,train,1.4,0.1017811704834605,1.407124681933842
I33_17_01.png,train,4.37,0.8575063613231553,4.430025445292621
I33_17_02.png,train,4.43,0.8727735368956743,4.491094147582697
I33_17_03.png,train,4.23,0.8218829516539442,4.287531806615776
I33_17_04.png,train,3.77,0.7048346055979644,3.8193384223918576
I33_17_05.png,train,2.23,0.3129770992366412,2.2519083969465647
I33_18_01.png,train,3.7,0.6870229007633589,3.748091603053436
I33_18_02.png,train,4.23,0.8218829516539442,4.287531806615776
I33_18_03.png,train,4.6,0.916030534351145,4.66412213740458
I33_18_04.png,train,4.23,0.8218829516539442,4.287531806615776
I33_18_05.png,train,4.03,0.7709923664122139,4.083969465648856
I33_19_01.png,train,4.3,0.8396946564885497,4.358778625954199
I33_19_02.png,train,3.9,0.7379134860050891,3.951653944020357
I33_19_03.png,train,3.0,0.5089058524173028,3.035623409669211
I33_19_04.png,train,1.43,0.1094147582697201,1.4376590330788803
I33_19_05.png,train,1.13,0.0330788804071246,1.1323155216284986
I33_20_01.png,train,4.37,0.8575063613231553,4.430025445292621
I33_20_02.png,train,4.33,0.8473282442748092,4.389312977099237
I33_20_03.png,train,2.6,0.4071246819338422,2.6284987277353693
I33_20_04.png,train,3.3,0.5852417302798982,3.340966921119593
I33_20_05.png,train,3.67,0.6793893129770993,3.717557251908397
I33_21_01.png,train,4.27,0.83206106870229,4.32824427480916
I33_21_02.png,train,3.27,0.5776081424936387,3.3104325699745547
I33_21_03.png,train,3.07,0.5267175572519084,3.106870229007633
I33_21_04.png,train,2.6,0.4071246819338422,2.6284987277353693
I33_21_05.png,train,1.33,0.0839694656488549,1.33587786259542
I33_22_01.png,train,3.73,0.6946564885496184,3.7786259541984735
I33_22_02.png,train,3.17,0.5521628498727735,3.208651399491094
I33_22_03.png,train,2.87,0.4758269720101782,2.903307888040713
I33_22_04.png,train,3.23,0.5674300254452926,3.2697201017811706
I33_22_05.png,train,1.9,0.2290076335877862,1.916030534351145
I33_23_01.png,train,2.9,0.4834605597964376,2.9338422391857506
I33_23_02.png,train,2.2,0.3053435114503817,2.221374045801527
I33_23_03.png,train,2.53,0.3893129770992366,2.5572519083969465
I33_23_04.png,train,1.93,0.2366412213740458,1.9465648854961832
I33_23_05.png,train,2.37,0.3486005089058525,2.39440203562341
I33_24_01.png,train,2.6,0.4071246819338422,2.6284987277353693
I33_24_02.png,train,2.42,0.361323155216285,2.44529262086514
I33_24_03.png,train,1.7,0.178117048346056,1.712468193384224
I33_24_04.png,train,1.47,0.1195928753180661,1.478371501272265
I33_24_05.png,train,1.17,0.0432569974554707,1.173027989821883
I33_25_01.png,train,3.2,0.5597964376590332,3.239185750636133
I33_25_02.png,train,4.0,0.7633587786259542,4.0534351145038165
I33_25_03.png,train,4.37,0.8575063613231553,4.430025445292621
I33_25_04.png,train,4.23,0.8218829516539442,4.287531806615776
I33_25_05.png,train,3.3,0.5852417302798982,3.340966921119593
I34_01_01.png,train,4.6,0.916030534351145,4.66412213740458
I34_01_02.png,train,4.37,0.8575063613231553,4.430025445292621
I34_01_03.png,train,2.97,0.5012722646310434,3.0050890585241734
I34_01_04.png,train,1.7,0.178117048346056,1.712468193384224
I34_01_05.png,train,1.3,0.0763358778625954,1.3053435114503815
I34_02_01.png,train,3.83,0.7201017811704835,3.880407124681934
I34_02_02.png,train,2.67,0.4249363867684478,2.699745547073792
I34_02_03.png,train,1.8,0.2035623409669211,1.8142493638676849
I34_02_04.png,train,1.37,0.094147582697201,1.376590330788804
I34_02_05.png,train,1.33,0.0839694656488549,1.33587786259542
I34_03_01.png,train,4.43,0.8727735368956743,4.491094147582697
I34_03_02.png,train,4.03,0.7709923664122139,4.083969465648856
I34_03_03.png,train,2.9,0.4834605597964376,2.9338422391857506
I34_03_04.png,train,2.17,0.2977099236641221,2.1908396946564883
I34_03_05.png,train,1.7,0.178117048346056,1.712468193384224
I34_04_01.png,train,4.6,0.916030534351145,4.66412213740458
I34_04_02.png,train,2.57,0.3994910941475826,2.59796437659033
I34_04_03.png,train,1.83,0.2111959287531807,1.8447837150127229
I34_04_04.png,train,2.17,0.2977099236641221,2.1908396946564883
I34_04_05.png,train,1.23,0.0585241730279898,1.2340966921119594
I34_05_01.png,train,4.1,0.7888040712468193,4.155216284987278
I34_05_02.png,train,2.93,0.4910941475826972,2.9643765903307893
I34_05_03.png,train,1.67,0.1704834605597964,1.681933842239186
I34_05_04.png,train,1.63,0.1603053435114503,1.6412213740458017
I34_05_05.png,train,1.4,0.1017811704834605,1.407124681933842
I34_06_01.png,train,4.23,0.8218829516539442,4.287531806615776
I34_06_02.png,train,4.0,0.7633587786259542,4.0534351145038165
I34_06_03.png,train,3.97,0.7557251908396948,4.022900763358779
I34_06_04.png,train,3.87,0.7302798982188295,3.921119592875318
I34_06_05.png,train,2.4,0.356234096692112,2.424936386768448
I34_07_01.png,train,2.87,0.4758269720101782,2.903307888040713
I34_07_02.png,train,2.57,0.3994910941475826,2.59796437659033
I34_07_03.png,train,2.23,0.3129770992366412,2.2519083969465647
I34_07_04.png,train,2.17,0.2977099236641221,2.1908396946564883
I34_07_05.png,train,2.81,0.4605597964376591,2.8422391857506364
I34_08_01.png,train,4.67,0.9338422391857508,4.735368956743002
I34_08_02.png,train,3.03,0.5165394402035624,3.0661577608142494
I34_08_03.png,train,2.6,0.4071246819338422,2.6284987277353693
I34_08_04.png,train,1.8,0.2035623409669211,1.8142493638676849
I34_08_05.png,train,1.37,0.094147582697201,1.376590330788804
I34_09_01.png,train,4.6,0.916030534351145,4.66412213740458
I34_09_02.png,train,4.23,0.8218829516539442,4.287531806615776
I34_09_03.png,train,3.9,0.7379134860050891,3.951653944020357
I34_09_04.png,train,2.58,0.4020356234096692,2.608142493638677
I34_09_05.png,train,1.2,0.0508905852417302,1.2035623409669212
I34_10_01.png,train,4.5,0.89058524173028,4.56234096692112
I34_10_02.png,train,4.5,0.89058524173028,4.56234096692112
I34_10_03.png,train,3.8,0.712468193384224,3.849872773536896
I34_10_04.png,train,1.53,0.1348600508905852,1.5394402035623411
I34_10_05.png,train,1.17,0.0432569974554707,1.173027989821883
I34_11_01.png,train,4.07,0.78117048346056,4.12468193384224
I34_11_02.png,train,3.17,0.5521628498727735,3.208651399491094
I34_11_03.png,train,3.23,0.5674300254452926,3.2697201017811706
I34_11_04.png,train,2.53,0.3893129770992366,2.5572519083969465
I34_11_05.png,train,2.0,0.2544529262086514,2.017811704834606
I34_12_01.png,train,4.43,0.8727735368956743,4.491094147582697
I34_12_02.png,train,3.83,0.7201017811704835,3.880407124681934
I34_12_03.png,train,2.97,0.5012722646310434,3.0050890585241734
I34_12_04.png,train,2.8,0.4580152671755725,2.83206106870229
I34_12_05.png,train,2.33,0.3384223918575064,2.3536895674300258
I34_13_01.png,train,3.5,0.6361323155216285,3.544529262086514
I34_13_02.png,train,2.57,0.3994910941475826,2.59796437659033
I34_13_03.png,train,2.63,0.4147582697201017,2.659033078880407
I34_13_04.png,train,2.07,0.272264631043257,2.089058524173028
I34_13_05.png,train,2.16,0.2951653944020357,2.180661577608143
I34_14_01.png,train,4.2,0.8142493638676845,4.256997455470739
I34_14_02.png,train,3.27,0.5776081424936387,3.3104325699745547
I34_14_03.png,train,2.7,0.4325699745547074,2.73027989821883
I34_14_04.png,train,2.63,0.4147582697201017,2.659033078880407
I34_14_05.png,train,2.23,0.3129770992366412,2.2519083969465647
I34_15_01.png,train,3.13,0.5419847328244275,3.16793893129771
I34_15_02.png,train,2.47,0.3740458015267176,2.4961832061068705
I34_15_03.png,train,1.87,0.2213740458015267,1.885496183206107
I34_15_04.png,train,1.6,0.1526717557251908,1.6106870229007637
I34_15_05.png,train,1.4,0.1017811704834605,1.407124681933842
I34_16_01.png,train,4.47,0.8829516539440203,4.531806615776081
I34_16_02.png,train,4.2,0.8142493638676845,4.256997455470739
I34_16_03.png,train,3.1,0.534351145038168,3.137404580152672
I34_16_04.png,train,2.13,0.2875318066157761,2.1501272264631046
I34_16_05.png,train,1.57,0.1450381679389313,1.5801526717557253
I34_17_01.png,train,4.63,0.9236641221374048,4.694656488549619
I34_17_02.png,train,4.6,0.916030534351145,4.66412213740458
I34_17_03.png,train,3.8,0.712468193384224,3.849872773536896
I34_17_04.png,train,3.43,0.6183206106870229,3.473282442748092
I34_17_05.png,train,2.0,0.2544529262086514,2.017811704834606
I34_18_01.png,train,3.83,0.7201017811704835,3.880407124681934
I34_18_02.png,train,4.63,0.9236641221374048,4.694656488549619
I34_18_03.png,train,4.66,0.9312977099236642,4.7251908396946565
I34_18_04.png,train,4.33,0.8473282442748092,4.389312977099237
I34_18_05.png,train,3.67,0.6793893129770993,3.717557251908397
I34_19_01.png,train,4.4,0.8651399491094149,4.46055979643766
I34_19_02.png,train,4.2,0.8142493638676845,4.256997455470739
I34_19_03.png,train,3.65,0.6743002544529262,3.6972010178117047
I34_19_04.png,train,1.77,0.1959287531806616,1.7837150127226464
I34_19_05.png,train,1.37,0.094147582697201,1.376590330788804
I34_20_01.png,train,4.5,0.89058524173028,4.56234096692112
I34_20_02.png,train,3.93,0.7455470737913487,3.982188295165394
I34_20_03.png,train,4.07,0.78117048346056,4.12468193384224
I34_20_04.png,train,3.4,0.6106870229007634,3.442748091603053
I34_20_05.png,train,3.4,0.6106870229007634,3.442748091603053
I34_21_01.png,train,4.17,0.806615776081425,4.2264631043257
I34_21_02.png,train,3.4,0.6106870229007634,3.442748091603053
I34_21_03.png,train,2.83,0.4656488549618321,2.862595419847328
I34_21_04.png,train,2.67,0.4249363867684478,2.699745547073792
I34_21_05.png,train,1.5,0.1272264631043257,1.508905852417303
I34_22_01.png,train,4.37,0.8575063613231553,4.430025445292621
I34_22_02.png,train,4.47,0.8829516539440203,4.531806615776081
I34_22_03.png,train,3.87,0.7302798982188295,3.921119592875318
I34_22_04.png,train,3.43,0.6183206106870229,3.473282442748092
I34_22_05.png,train,2.23,0.3129770992366412,2.2519083969465647
I34_23_01.png,train,2.3,0.3307888040712468,2.323155216284987
I34_23_02.png,train,2.33,0.3384223918575064,2.3536895674300258
I34_23_03.png,train,2.37,0.3486005089058525,2.39440203562341
I34_23_04.png,train,2.07,0.272264631043257,2.089058524173028
I34_23_05.png,train,1.63,0.1603053435114503,1.6412213740458017
I34_24_01.png,train,3.7,0.6870229007633589,3.748091603053436
I34_24_02.png,train,2.83,0.4656488549618321,2.862595419847328
I34_24_03.png,train,2.43,0.3638676844783716,2.4554707379134864
I34_24_04.png,train,1.6,0.1526717557251908,1.6106870229007637
I34_24_05.png,train,1.27,0.0687022900763358,1.2748091603053435
I34_25_01.png,train,3.03,0.5165394402035624,3.0661577608142494
I34_25_02.png,train,3.43,0.6183206106870229,3.473282442748092
I34_25_03.png,train,4.27,0.83206106870229,4.32824427480916
I34_25_04.png,train,4.0,0.7633587786259542,4.0534351145038165
I34_25_05.png,train,2.63,0.4147582697201017,2.659033078880407
I35_01_01.png,train,4.53,0.8982188295165395,4.592875318066158
I35_01_02.png,train,4.5,0.89058524173028,4.56234096692112
I35_01_03.png,train,3.2,0.5597964376590332,3.239185750636133
I35_01_04.png,train,1.97,0.2468193384223918,1.987277353689568
I35_01_05.png,train,1.33,0.0839694656488549,1.33587786259542
I35_02_01.png,train,4.33,0.8473282442748092,4.389312977099237
I35_02_02.png,train,3.03,0.5165394402035624,3.0661577608142494
I35_02_03.png,train,1.9,0.2290076335877862,1.916030534351145
I35_02_04.png,train,1.37,0.094147582697201,1.376590330788804
I35_02_05.png,train,1.5,0.1272264631043257,1.508905852417303
I35_03_01.png,train,4.7,0.9414758269720104,4.765903307888041
I35_03_02.png,train,4.53,0.8982188295165395,4.592875318066158
I35_03_03.png,train,2.97,0.5012722646310434,3.0050890585241734
I35_03_04.png,train,2.47,0.3740458015267176,2.4961832061068705
I35_03_05.png,train,1.9,0.2290076335877862,1.916030534351145
I35_04_01.png,train,4.63,0.9236641221374048,4.694656488549619
I35_04_02.png,train,2.43,0.3638676844783716,2.4554707379134864
I35_04_03.png,train,1.8,0.2035623409669211,1.8142493638676849
I35_04_04.png,train,1.97,0.2468193384223918,1.987277353689568
I35_04_05.png,train,1.77,0.1959287531806616,1.7837150127226464
I35_05_01.png,train,4.23,0.8218829516539442,4.287531806615776
I35_05_02.png,train,3.4,0.6106870229007634,3.442748091603053
I35_05_03.png,train,2.3,0.3307888040712468,2.323155216284987
I35_05_04.png,train,2.63,0.4147582697201017,2.659033078880407
I35_05_05.png,train,2.8,0.4580152671755725,2.83206106870229
I35_06_01.png,train,4.17,0.806615776081425,4.2264631043257
I35_06_02.png,train,3.93,0.7455470737913487,3.982188295165394
I35_06_03.png,train,3.47,0.6284987277353691,3.5139949109414763
I35_06_04.png,train,2.97,0.5012722646310434,3.0050890585241734
I35_06_05.png,train,2.7,0.4325699745547074,2.73027989821883
I35_07_01.png,train,2.93,0.4910941475826972,2.9643765903307893
I35_07_02.png,train,2.27,0.3231552162849873,2.2926208651399493
I35_07_03.png,train,2.07,0.272264631043257,2.089058524173028
I35_07_04.png,train,2.43,0.3638676844783716,2.4554707379134864
I35_07_05.png,train,2.47,0.3740458015267176,2.4961832061068705
I35_08_01.png,train,4.5,0.89058524173028,4.56234096692112
I35_08_02.png,train,3.83,0.7201017811704835,3.880407124681934
I35_08_03.png,train,2.87,0.4758269720101782,2.903307888040713
I35_08_04.png,train,2.43,0.3638676844783716,2.4554707379134864
I35_08_05.png,train,1.47,0.1195928753180661,1.478371501272265
I35_09_01.png,train,4.77,0.9592875318066156,4.837150127226463
I35_09_02.png,train,4.73,0.94910941475827,4.79643765903308
I35_09_03.png,train,4.0,0.7633587786259542,4.0534351145038165
I35_09_04.png,train,2.53,0.3893129770992366,2.5572519083969465
I35_09_05.png,train,1.3,0.0763358778625954,1.3053435114503815
I35_10_01.png,train,4.53,0.8982188295165395,4.592875318066158
I35_10_02.png,train,4.43,0.8727735368956743,4.491094147582697
I35_10_03.png,train,4.07,0.78117048346056,4.12468193384224
I35_10_04.png,train,1.8,0.2035623409669211,1.8142493638676849
I35_10_05.png,train,1.47,0.1195928753180661,1.478371501272265
I35_11_01.png,train,3.8,0.712468193384224,3.849872773536896
I35_11_02.png,train,3.23,0.5674300254452926,3.2697201017811706
I35_11_03.png,train,3.2,0.5597964376590332,3.239185750636133
I35_11_04.png,train,2.47,0.3740458015267176,2.4961832061068705
I35_11_05.png,train,2.4,0.356234096692112,2.424936386768448
I35_12_01.png,train,4.47,0.8829516539440203,4.531806615776081
I35_12_02.png,train,3.63,0.6692111959287532,3.676844783715013
I35_12_03.png,train,2.7,0.4325699745547074,2.73027989821883
I35_12_04.png,train,2.6,0.4071246819338422,2.6284987277353693
I35_12_05.png,train,2.17,0.2977099236641221,2.1908396946564883
I35_13_01.png,train,3.53,0.6437659033078881,3.5750636132315523
I35_13_02.png,train,3.03,0.5165394402035624,3.0661577608142494
I35_13_03.png,train,2.73,0.4402035623409669,2.760814249363868
I35_13_04.png,train,2.2,0.3053435114503817,2.221374045801527
I35_13_05.png,train,2.3,0.3307888040712468,2.323155216284987
I35_14_01.png,train,4.27,0.83206106870229,4.32824427480916
I35_14_02.png,train,3.23,0.5674300254452926,3.2697201017811706
I35_14_03.png,train,2.77,0.450381679389313,2.801526717557252
I35_14_04.png,train,2.6,0.4071246819338422,2.6284987277353693
I35_14_05.png,train,2.0,0.2544529262086514,2.017811704834606
I35_15_01.png,train,4.27,0.83206106870229,4.32824427480916
I35_15_02.png,train,3.13,0.5419847328244275,3.16793893129771
I35_15_03.png,train,2.53,0.3893129770992366,2.5572519083969465
I35_15_04.png,train,2.1,0.2798982188295166,2.1195928753180664
I35_15_05.png,train,1.63,0.1603053435114503,1.6412213740458017
I35_16_01.png,train,4.73,0.94910941475827,4.79643765903308
I35_16_02.png,train,4.7,0.9414758269720104,4.765903307888041
I35_16_03.png,train,3.8,0.712468193384224,3.849872773536896
I35_16_04.png,train,2.57,0.3994910941475826,2.59796437659033
I35_16_05.png,train,1.73,0.1857506361323155,1.7430025445292625
I35_17_01.png,train,4.8,0.9669211195928752,4.867684478371501
I35_17_02.png,train,4.77,0.9592875318066156,4.837150127226463
I35_17_03.png,train,4.63,0.9236641221374048,4.694656488549619
I35_17_04.png,train,4.13,0.796437659033079,4.185750636132315
I35_17_05.png,train,2.57,0.3994910941475826,2.59796437659033
I35_18_01.png,train,4.23,0.8218829516539442,4.287531806615776
I35_18_02.png,train,4.7,0.9414758269720104,4.765903307888041
I35_18_03.png,train,4.73,0.94910941475827,4.79643765903308
I35_18_04.png,train,4.6,0.916030534351145,4.66412213740458
I35_18_05.png,train,4.4,0.8651399491094149,4.46055979643766
I35_19_01.png,train,4.67,0.9338422391857508,4.735368956743002
I35_19_02.png,train,4.43,0.8727735368956743,4.491094147582697
I35_19_03.png,train,3.47,0.6284987277353691,3.5139949109414763
I35_19_04.png,train,2.17,0.2977099236641221,2.1908396946564883
I35_19_05.png,train,1.53,0.1348600508905852,1.5394402035623411
I35_20_01.png,train,4.67,0.9338422391857508,4.735368956743002
I35_20_02.png,train,3.87,0.7302798982188295,3.921119592875318
I35_20_03.png,train,3.81,0.7150127226463106,3.860050890585242
I35_20_04.png,train,3.67,0.6793893129770993,3.717557251908397
I35_20_05.png,train,3.13,0.5419847328244275,3.16793893129771
I35_21_01.png,train,4.37,0.8575063613231553,4.430025445292621
I35_21_02.png,train,3.37,0.6030534351145039,3.412213740458016
I35_21_03.png,train,3.43,0.6183206106870229,3.473282442748092
I35_21_04.png,train,2.93,0.4910941475826972,2.9643765903307893
I35_21_05.png,train,1.55,0.1399491094147583,1.5597964376590332
I35_22_01.png,train,3.83,0.7201017811704835,3.880407124681934
I35_22_02.png,train,3.93,0.7455470737913487,3.982188295165394
I35_22_03.png,train,3.13,0.5419847328244275,3.16793893129771
I35_22_04.png,train,3.0,0.5089058524173028,3.035623409669211
I35_22_05.png,train,2.37,0.3486005089058525,2.39440203562341
I35_23_01.png,train,2.6,0.4071246819338422,2.6284987277353693
I35_23_02.png,train,3.17,0.5521628498727735,3.208651399491094
I35_23_03.png,train,2.63,0.4147582697201017,2.659033078880407
I35_23_04.png,train,2.57,0.3994910941475826,2.59796437659033
I35_23_05.png,train,2.3,0.3307888040712468,2.323155216284987
I35_24_01.png,train,3.63,0.6692111959287532,3.676844783715013
I35_24_02.png,train,3.03,0.5165394402035624,3.0661577608142494
I35_24_03.png,train,2.17,0.2977099236641221,2.1908396946564883
I35_24_04.png,train,1.67,0.1704834605597964,1.681933842239186
I35_24_05.png,train,1.4,0.1017811704834605,1.407124681933842
I35_25_01.png,train,3.53,0.6437659033078881,3.5750636132315523
I35_25_02.png,train,4.37,0.8575063613231553,4.430025445292621
I35_25_03.png,train,4.6,0.916030534351145,4.66412213740458
I35_25_04.png,train,4.47,0.8829516539440203,4.531806615776081
I35_25_05.png,train,3.8,0.712468193384224,3.849872773536896
I36_01_01.png,train,4.63,0.9236641221374048,4.694656488549619
I36_01_02.png,train,4.53,0.8982188295165395,4.592875318066158
I36_01_03.png,train,3.5,0.6361323155216285,3.544529262086514
I36_01_04.png,train,2.1,0.2798982188295166,2.1195928753180664
I36_01_05.png,train,1.27,0.0687022900763358,1.2748091603053435
I36_02_01.png,train,4.23,0.8218829516539442,4.287531806615776
I36_02_02.png,train,3.07,0.5267175572519084,3.106870229007633
I36_02_03.png,train,2.07,0.272264631043257,2.089058524173028
I36_02_04.png,train,1.57,0.1450381679389313,1.5801526717557253
I36_02_05.png,train,1.26,0.0661577608142493,1.2646310432569976
I36_03_01.png,train,4.7,0.9414758269720104,4.765903307888041
I36_03_02.png,train,4.5,0.89058524173028,4.56234096692112
I36_03_03.png,train,3.13,0.5419847328244275,3.16793893129771
I36_03_04.png,train,2.07,0.272264631043257,2.089058524173028
I36_03_05.png,train,2.03,0.2620865139949109,2.048346055979644
I36_04_01.png,train,4.53,0.8982188295165395,4.592875318066158
I36_04_02.png,train,1.9,0.2290076335877862,1.916030534351145
I36_04_03.png,train,1.29,0.0737913486005089,1.2951653944020358
I36_04_04.png,train,1.13,0.0330788804071246,1.1323155216284986
I36_04_05.png,train,1.2,0.0508905852417302,1.2035623409669212
I36_05_01.png,train,4.7,0.9414758269720104,4.765903307888041
I36_05_02.png,train,3.87,0.7302798982188295,3.921119592875318
I36_05_03.png,train,2.7,0.4325699745547074,2.73027989821883
I36_05_04.png,train,2.87,0.4758269720101782,2.903307888040713
I36_05_05.png,train,2.8,0.4580152671755725,2.83206106870229
I36_06_01.png,train,4.2,0.8142493638676845,4.256997455470739
I36_06_02.png,train,4.23,0.8218829516539442,4.287531806615776
I36_06_03.png,train,4.03,0.7709923664122139,4.083969465648856
I36_06_04.png,train,3.23,0.5674300254452926,3.2697201017811706
I36_06_05.png,train,2.87,0.4758269720101782,2.903307888040713
I36_07_01.png,train,2.47,0.3740458015267176,2.4961832061068705
I36_07_02.png,train,1.93,0.2366412213740458,1.9465648854961832
I36_07_03.png,train,2.03,0.2620865139949109,2.048346055979644
I36_07_04.png,train,2.4,0.356234096692112,2.424936386768448
I36_07_05.png,train,2.1,0.2798982188295166,2.1195928753180664
I36_08_01.png,train,4.73,0.94910941475827,4.79643765903308
I36_08_02.png,train,3.23,0.5674300254452926,3.2697201017811706
I36_08_03.png,train,2.3,0.3307888040712468,2.323155216284987
I36_08_04.png,train,1.8,0.2035623409669211,1.8142493638676849
I36_08_05.png,train,1.73,0.1857506361323155,1.7430025445292625
I36_09_01.png,train,4.8,0.9669211195928752,4.867684478371501
I36_09_02.png,train,4.27,0.83206106870229,4.32824427480916
I36_09_03.png,train,3.67,0.6793893129770993,3.717557251908397
I36_09_04.png,train,1.97,0.2468193384223918,1.987277353689568
I36_09_05.png,train,1.43,0.1094147582697201,1.4376590330788803
I36_10_01.png,train,4.33,0.8473282442748092,4.389312977099237
I36_10_02.png,train,4.43,0.8727735368956743,4.491094147582697
I36_10_03.png,train,4.17,0.806615776081425,4.2264631043257
I36_10_04.png,train,2.07,0.272264631043257,2.089058524173028
I36_10_05.png,train,1.43,0.1094147582697201,1.4376590330788803
I36_11_01.png,train,4.5,0.89058524173028,4.56234096692112
I36_11_02.png,train,3.43,0.6183206106870229,3.473282442748092
I36_11_03.png,train,2.97,0.5012722646310434,3.0050890585241734
I36_11_04.png,train,3.1,0.534351145038168,3.137404580152672
I36_11_05.png,train,2.27,0.3231552162849873,2.2926208651399493
I36_12_01.png,train,4.73,0.94910941475827,4.79643765903308
I36_12_02.png,train,4.03,0.7709923664122139,4.083969465648856
I36_12_03.png,train,3.4,0.6106870229007634,3.442748091603053
I36_12_04.png,train,2.57,0.3994910941475826,2.59796437659033
I36_12_05.png,train,2.53,0.3893129770992366,2.5572519083969465
I36_13_01.png,train,3.5,0.6361323155216285,3.544529262086514
I36_13_02.png,train,2.67,0.4249363867684478,2.699745547073792
I36_13_03.png,train,2.47,0.3740458015267176,2.4961832061068705
I36_13_04.png,train,2.23,0.3129770992366412,2.2519083969465647
I36_13_05.png,train,1.94,0.2391857506361323,1.9567430025445292
I36_14_01.png,train,4.73,0.94910941475827,4.79643765903308
I36_14_02.png,train,3.93,0.7455470737913487,3.982188295165394
I36_14_03.png,train,3.33,0.5928753180661578,3.371501272264631
I36_14_04.png,train,3.17,0.5521628498727735,3.208651399491094
I36_14_05.png,train,2.2,0.3053435114503817,2.221374045801527
I36_15_01.png,train,4.23,0.8218829516539442,4.287531806615776
I36_15_02.png,train,3.23,0.5674300254452926,3.2697201017811706
I36_15_03.png,train,2.43,0.3638676844783716,2.4554707379134864
I36_15_04.png,train,1.43,0.1094147582697201,1.4376590330788803
I36_15_05.png,train,1.42,0.1068702290076335,1.4274809160305342
I36_16_01.png,train,4.77,0.9592875318066156,4.837150127226463
I36_16_02.png,train,4.67,0.9338422391857508,4.735368956743002
I36_16_03.png,train,4.17,0.806615776081425,4.2264631043257
I36_16_04.png,train,3.53,0.6437659033078881,3.5750636132315523
I36_16_05.png,train,2.5,0.3816793893129771,2.5267175572519083
I36_17_01.png,train,4.77,0.9592875318066156,4.837150127226463
I36_17_02.png,train,4.63,0.9236641221374048,4.694656488549619
I36_17_03.png,train,4.5,0.89058524173028,4.56234096692112
I36_17_04.png,train,3.5,0.6361323155216285,3.544529262086514
I36_17_05.png,train,1.93,0.2366412213740458,1.9465648854961832
I36_18_01.png,train,4.57,0.9083969465648856,4.633587786259543
I36_18_02.png,train,4.77,0.9592875318066156,4.837150127226463
I36_18_03.png,train,4.67,0.9338422391857508,4.735368956743002
I36_18_04.png,train,4.3,0.8396946564885497,4.358778625954199
I36_18_05.png,train,4.27,0.83206106870229,4.32824427480916
I36_19_01.png,train,4.77,0.9592875318066156,4.837150127226463
I36_19_02.png,train,3.8,0.712468193384224,3.849872773536896
I36_19_03.png,train,3.07,0.5267175572519084,3.106870229007633
I36_19_04.png,train,1.7,0.178117048346056,1.712468193384224
I36_19_05.png,train,1.37,0.094147582697201,1.376590330788804
I36_20_01.png,train,4.67,0.9338422391857508,4.735368956743002
I36_20_02.png,train,4.2,0.8142493638676845,4.256997455470739
I36_20_03.png,train,4.6,0.916030534351145,4.66412213740458
I36_20_04.png,train,3.63,0.6692111959287532,3.676844783715013
I36_20_05.png,train,3.63,0.6692111959287532,3.676844783715013
I36_21_01.png,train,4.27,0.83206106870229,4.32824427480916
I36_21_02.png,train,3.67,0.6793893129770993,3.717557251908397
I36_21_03.png,train,3.1,0.534351145038168,3.137404580152672
I36_21_04.png,train,3.07,0.5267175572519084,3.106870229007633
I36_21_05.png,train,1.5,0.1272264631043257,1.508905852417303
I36_22_01.png,train,4.6,0.916030534351145,4.66412213740458
I36_22_02.png,train,4.6,0.916030534351145,4.66412213740458
I36_22_03.png,train,4.67,0.9338422391857508,4.735368956743002
I36_22_04.png,train,4.37,0.8575063613231553,4.430025445292621
I36_22_05.png,train,3.5,0.6361323155216285,3.544529262086514
I36_23_01.png,train,2.7,0.4325699745547074,2.73027989821883
I36_23_02.png,train,2.37,0.3486005089058525,2.39440203562341
I36_23_03.png,train,2.83,0.4656488549618321,2.862595419847328
I36_23_04.png,train,1.83,0.2111959287531807,1.8447837150127229
I36_23_05.png,train,2.13,0.2875318066157761,2.1501272264631046
I36_24_01.png,train,3.9,0.7379134860050891,3.951653944020357
I36_24_02.png,train,2.9,0.4834605597964376,2.9338422391857506
I36_24_03.png,train,2.47,0.3740458015267176,2.4961832061068705
I36_24_04.png,train,1.4,0.1017811704834605,1.407124681933842
I36_24_05.png,train,1.33,0.0839694656488549,1.33587786259542
I36_25_01.png,train,3.87,0.7302798982188295,3.921119592875318
I36_25_02.png,train,4.2,0.8142493638676845,4.256997455470739
I36_25_03.png,train,4.6,0.916030534351145,4.66412213740458
I36_25_04.png,train,4.4,0.8651399491094149,4.46055979643766
I36_25_05.png,train,4.1,0.7888040712468193,4.155216284987278
I37_01_01.png,test,4.77,0.9592875318066156,4.837150127226463
I37_01_02.png,test,4.1,0.7888040712468193,4.155216284987278
I37_01_03.png,test,2.87,0.4758269720101782,2.903307888040713
I37_01_04.png,test,1.53,0.1348600508905852,1.5394402035623411
I37_01_05.png,test,1.33,0.0839694656488549,1.33587786259542
I37_02_01.png,test,3.77,0.7048346055979644,3.8193384223918576
I37_02_02.png,test,2.03,0.2620865139949109,2.048346055979644
I37_02_03.png,test,1.4,0.1017811704834605,1.407124681933842
I37_02_04.png,test,1.23,0.0585241730279898,1.2340966921119594
I37_02_05.png,test,1.37,0.094147582697201,1.376590330788804
I37_03_01.png,test,4.57,0.9083969465648856,4.633587786259543
I37_03_02.png,test,4.23,0.8218829516539442,4.287531806615776
I37_03_03.png,test,2.9,0.4834605597964376,2.9338422391857506
I37_03_04.png,test,2.13,0.2875318066157761,2.1501272264631046
I37_03_05.png,test,1.6,0.1526717557251908,1.6106870229007637
I37_04_01.png,test,4.43,0.8727735368956743,4.491094147582697
I37_04_02.png,test,2.87,0.4758269720101782,2.903307888040713
I37_04_03.png,test,1.93,0.2366412213740458,1.9465648854961832
I37_04_04.png,test,1.83,0.2111959287531807,1.8447837150127229
I37_04_05.png,test,1.4,0.1017811704834605,1.407124681933842
I37_05_01.png,test,4.3,0.8396946564885497,4.358778625954199
I37_05_02.png,test,2.37,0.3486005089058525,2.39440203562341
I37_05_03.png,test,1.63,0.1603053435114503,1.6412213740458017
I37_05_04.png,test,1.8,0.2035623409669211,1.8142493638676849
I37_05_05.png,test,1.83,0.2111959287531807,1.8447837150127229
I37_06_01.png,test,4.03,0.7709923664122139,4.083969465648856
I37_06_02.png,test,3.97,0.7557251908396948,4.022900763358779
I37_06_03.png,test,4.27,0.83206106870229,4.32824427480916
I37_06_04.png,test,3.23,0.5674300254452926,3.2697201017811706
I37_06_05.png,test,2.97,0.5012722646310434,3.0050890585241734
I37_07_01.png,test,3.07,0.5267175572519084,3.106870229007633
I37_07_02.png,test,2.47,0.3740458015267176,2.4961832061068705
I37_07_03.png,test,2.13,0.2875318066157761,2.1501272264631046
I37_07_04.png,test,2.17,0.2977099236641221,2.1908396946564883
I37_07_05.png,test,1.83,0.2111959287531807,1.8447837150127229
I37_08_01.png,test,4.67,0.9338422391857508,4.735368956743002
I37_08_02.png,test,3.58,0.6564885496183207,3.625954198473283
I37_08_03.png,test,2.93,0.4910941475826972,2.9643765903307893
I37_08_04.png,test,1.93,0.2366412213740458,1.9465648854961832
I37_08_05.png,test,1.83,0.2111959287531807,1.8447837150127229
I37_09_01.png,test,4.47,0.8829516539440203,4.531806615776081
I37_09_02.png,test,3.93,0.7455470737913487,3.982188295165394
I37_09_03.png,test,3.3,0.5852417302798982,3.340966921119593
I37_09_04.png,test,2.23,0.3129770992366412,2.2519083969465647
I37_09_05.png,test,1.17,0.0432569974554707,1.173027989821883
I37_10_01.png,test,4.03,0.7709923664122139,4.083969465648856
I37_10_02.png,test,3.9,0.7379134860050891,3.951653944020357
I37_10_03.png,test,3.53,0.6437659033078881,3.5750636132315523
I37_10_04.png,test,1.77,0.1959287531806616,1.7837150127226464
I37_10_05.png,test,1.13,0.0330788804071246,1.1323155216284986
I37_11_01.png,test,3.07,0.5267175572519084,3.106870229007633
I37_11_02.png,test,3.0,0.5089058524173028,3.035623409669211
I37_11_03.png,test,2.83,0.4656488549618321,2.862595419847328
I37_11_04.png,test,2.37,0.3486005089058525,2.39440203562341
I37_11_05.png,test,1.83,0.2111959287531807,1.8447837150127229
I37_12_01.png,test,4.25,0.8269720101781171,4.307888040712468
I37_12_02.png,test,3.27,0.5776081424936387,3.3104325699745547
I37_12_03.png,test,2.87,0.4758269720101782,2.903307888040713
I37_12_04.png,test,2.3,0.3307888040712468,2.323155216284987
I37_12_05.png,test,2.0,0.2544529262086514,2.017811704834606
I37_13_01.png,test,3.47,0.6284987277353691,3.5139949109414763
I37_13_02.png,test,2.97,0.5012722646310434,3.0050890585241734
I37_13_03.png,test,2.3,0.3307888040712468,2.323155216284987
I37_13_04.png,test,2.33,0.3384223918575064,2.3536895674300258
I37_13_05.png,test,2.1,0.2798982188295166,2.1195928753180664
I37_14_01.png,test,3.63,0.6692111959287532,3.676844783715013
I37_14_02.png,test,2.67,0.4249363867684478,2.699745547073792
I37_14_03.png,test,2.67,0.4249363867684478,2.699745547073792
I37_14_04.png,test,2.03,0.2620865139949109,2.048346055979644
I37_14_05.png,test,1.6,0.1526717557251908,1.6106870229007637
I37_15_01.png,test,3.9,0.7379134860050891,3.951653944020357
I37_15_02.png,test,2.5,0.3816793893129771,2.5267175572519083
I37_15_03.png,test,1.87,0.2213740458015267,1.885496183206107
I37_15_04.png,test,1.37,0.094147582697201,1.376590330788804
I37_15_05.png,test,1.23,0.0585241730279898,1.2340966921119594
I37_16_01.png,test,4.43,0.8727735368956743,4.491094147582697
I37_16_02.png,test,4.27,0.83206106870229,4.32824427480916
I37_16_03.png,test,3.1,0.534351145038168,3.137404580152672
I37_16_04.png,test,2.43,0.3638676844783716,2.4554707379134864
I37_16_05.png,test,1.23,0.0585241730279898,1.2340966921119594
I37_17_01.png,test,4.67,0.9338422391857508,4.735368956743002
I37_17_02.png,test,4.27,0.83206106870229,4.32824427480916
I37_17_03.png,test,4.2,0.8142493638676845,4.256997455470739
I37_17_04.png,test,3.27,0.5776081424936387,3.3104325699745547
I37_17_05.png,test,2.63,0.4147582697201017,2.659033078880407
I37_18_01.png,test,4.17,0.806615776081425,4.2264631043257
I37_18_02.png,test,4.53,0.8982188295165395,4.592875318066158
I37_18_03.png,test,4.5,0.89058524173028,4.56234096692112
I37_18_04.png,test,4.6,0.916030534351145,4.66412213740458
I37_18_05.png,test,4.3,0.8396946564885497,4.358778625954199
I37_19_01.png,test,4.5,0.89058524173028,4.56234096692112
I37_19_02.png,test,4.3,0.8396946564885497,4.358778625954199
I37_19_03.png,test,3.17,0.5521628498727735,3.208651399491094
I37_19_04.png,test,1.53,0.1348600508905852,1.5394402035623411
I37_19_05.png,test,1.2,0.0508905852417302,1.2035623409669212
I37_20_01.png,test,4.5,0.89058524173028,4.56234096692112
I37_20_02.png,test,3.97,0.7557251908396948,4.022900763358779
I37_20_03.png,test,3.53,0.6437659033078881,3.5750636132315523
I37_20_04.png,test,4.1,0.7888040712468193,4.155216284987278
I37_20_05.png,test,3.77,0.7048346055979644,3.8193384223918576
I37_21_01.png,test,3.27,0.5776081424936387,3.3104325699745547
I37_21_02.png,test,2.27,0.3231552162849873,2.2926208651399493
I37_21_03.png,test,2.33,0.3384223918575064,2.3536895674300258
I37_21_04.png,test,2.67,0.4249363867684478,2.699745547073792
I37_21_05.png,test,1.33,0.0839694656488549,1.33587786259542
I37_22_01.png,test,3.43,0.6183206106870229,3.473282442748092
I37_22_02.png,test,3.07,0.5267175572519084,3.106870229007633
I37_22_03.png,test,2.87,0.4758269720101782,2.903307888040713
I37_22_04.png,test,2.53,0.3893129770992366,2.5572519083969465
I37_22_05.png,test,2.23,0.3129770992366412,2.2519083969465647
I37_23_01.png,test,2.73,0.4402035623409669,2.760814249363868
I37_23_02.png,test,2.37,0.3486005089058525,2.39440203562341
I37_23_03.png,test,2.2,0.3053435114503817,2.221374045801527
I37_23_04.png,test,2.17,0.2977099236641221,2.1908396946564883
I37_23_05.png,test,2.1,0.2798982188295166,2.1195928753180664
I37_24_01.png,test,3.77,0.7048346055979644,3.8193384223918576
I37_24_02.png,test,3.03,0.5165394402035624,3.0661577608142494
I37_24_03.png,test,2.47,0.3740458015267176,2.4961832061068705
I37_24_04.png,test,2.0,0.2544529262086514,2.017811704834606
I37_24_05.png,test,1.35,0.089058524173028,1.356234096692112
I37_25_01.png,test,3.9,0.7379134860050891,3.951653944020357
I37_25_02.png,test,4.17,0.806615776081425,4.2264631043257
I37_25_03.png,test,4.63,0.9236641221374048,4.694656488549619
I37_25_04.png,test,4.17,0.806615776081425,4.2264631043257
I37_25_05.png,test,2.97,0.5012722646310434,3.0050890585241734
I38_01_01.png,train,4.7,0.9414758269720104,4.765903307888041
I38_01_02.png,train,4.63,0.9236641221374048,4.694656488549619
I38_01_03.png,train,3.4,0.6106870229007634,3.442748091603053
I38_01_04.png,train,1.87,0.2213740458015267,1.885496183206107
I38_01_05.png,train,1.43,0.1094147582697201,1.4376590330788803
I38_02_01.png,train,3.93,0.7455470737913487,3.982188295165394
I38_02_02.png,train,2.43,0.3638676844783716,2.4554707379134864
I38_02_03.png,train,1.93,0.2366412213740458,1.9465648854961832
I38_02_04.png,train,1.4,0.1017811704834605,1.407124681933842
I38_02_05.png,train,1.27,0.0687022900763358,1.2748091603053435
I38_03_01.png,train,4.67,0.9338422391857508,4.735368956743002
I38_03_02.png,train,4.2,0.8142493638676845,4.256997455470739
I38_03_03.png,train,3.23,0.5674300254452926,3.2697201017811706
I38_03_04.png,train,2.3,0.3307888040712468,2.323155216284987
I38_03_05.png,train,1.77,0.1959287531806616,1.7837150127226464
I38_04_01.png,train,4.57,0.9083969465648856,4.633587786259543
I38_04_02.png,train,3.17,0.5521628498727735,3.208651399491094
I38_04_03.png,train,1.87,0.2213740458015267,1.885496183206107
I38_04_04.png,train,1.87,0.2213740458015267,1.885496183206107
I38_04_05.png,train,1.53,0.1348600508905852,1.5394402035623411
I38_05_01.png,train,4.0,0.7633587786259542,4.0534351145038165
I38_05_02.png,train,1.93,0.2366412213740458,1.9465648854961832
I38_05_03.png,train,1.7,0.178117048346056,1.712468193384224
I38_05_04.png,train,1.57,0.1450381679389313,1.5801526717557253
I38_05_05.png,train,1.57,0.1450381679389313,1.5801526717557253
I38_06_01.png,train,4.5,0.89058524173028,4.56234096692112
I38_06_02.png,train,4.43,0.8727735368956743,4.491094147582697
I38_06_03.png,train,4.0,0.7633587786259542,4.0534351145038165
I38_06_04.png,train,3.7,0.6870229007633589,3.748091603053436
I38_06_05.png,train,2.37,0.3486005089058525,2.39440203562341
I38_07_01.png,train,3.67,0.6793893129770993,3.717557251908397
I38_07_02.png,train,2.35,0.3435114503816794,2.3740458015267176
I38_07_03.png,train,2.67,0.4249363867684478,2.699745547073792
I38_07_04.png,train,2.8,0.4580152671755725,2.83206106870229
I38_07_05.png,train,2.37,0.3486005089058525,2.39440203562341
I38_08_01.png,train,4.67,0.9338422391857508,4.735368956743002
I38_08_02.png,train,3.57,0.6539440203562341,3.615776081424937
I38_08_03.png,train,2.77,0.450381679389313,2.801526717557252
I38_08_04.png,train,2.17,0.2977099236641221,2.1908396946564883
I38_08_05.png,train,1.43,0.1094147582697201,1.4376590330788803
I38_09_01.png,train,4.77,0.9592875318066156,4.837150127226463
I38_09_02.png,train,4.77,0.9592875318066156,4.837150127226463
I38_09_03.png,train,4.53,0.8982188295165395,4.592875318066158
I38_09_04.png,train,3.7,0.6870229007633589,3.748091603053436
I38_09_05.png,train,1.83,0.2111959287531807,1.8447837150127229
I38_10_01.png,train,4.2,0.8142493638676845,4.256997455470739
I38_10_02.png,train,4.32,0.8447837150127228,4.379134860050892
I38_10_03.png,train,3.2,0.5597964376590332,3.239185750636133
I38_10_04.png,train,1.77,0.1959287531806616,1.7837150127226464
I38_10_05.png,train,1.17,0.0432569974554707,1.173027989821883
I38_11_01.png,train,3.47,0.6284987277353691,3.5139949109414763
I38_11_02.png,train,2.97,0.5012722646310434,3.0050890585241734
I38_11_03.png,train,2.77,0.450381679389313,2.801526717557252
I38_11_04.png,train,2.5,0.3816793893129771,2.5267175572519083
I38_11_05.png,train,2.03,0.2620865139949109,2.048346055979644
I38_12_01.png,train,4.3,0.8396946564885497,4.358778625954199
I38_12_02.png,train,3.23,0.5674300254452926,3.2697201017811706
I38_12_03.png,train,2.6,0.4071246819338422,2.6284987277353693
I38_12_04.png,train,2.33,0.3384223918575064,2.3536895674300258
I38_12_05.png,train,2.2,0.3053435114503817,2.221374045801527
I38_13_01.png,train,3.2,0.5597964376590332,3.239185750636133
I38_13_02.png,train,2.67,0.4249363867684478,2.699745547073792
I38_13_03.png,train,2.27,0.3231552162849873,2.2926208651399493
I38_13_04.png,train,2.23,0.3129770992366412,2.2519083969465647
I38_13_05.png,train,2.1,0.2798982188295166,2.1195928753180664
I38_14_01.png,train,4.37,0.8575063613231553,4.430025445292621
I38_14_02.png,train,3.27,0.5776081424936387,3.3104325699745547
I38_14_03.png,train,2.9,0.4834605597964376,2.9338422391857506
I38_14_04.png,train,2.43,0.3638676844783716,2.4554707379134864
I38_14_05.png,train,1.73,0.1857506361323155,1.7430025445292625
I38_15_01.png,train,3.33,0.5928753180661578,3.371501272264631
I38_15_02.png,train,2.0,0.2544529262086514,2.017811704834606
I38_15_03.png,train,1.83,0.2111959287531807,1.8447837150127229
I38_15_04.png,train,1.35,0.089058524173028,1.356234096692112
I38_15_05.png,train,1.17,0.0432569974554707,1.173027989821883
I38_16_01.png,train,4.55,0.9033078880407124,4.6132315521628495
I38_16_02.png,train,4.2,0.8142493638676845,4.256997455470739
I38_16_03.png,train,3.53,0.6437659033078881,3.5750636132315523
I38_16_04.png,train,3.0,0.5089058524173028,3.035623409669211
I38_16_05.png,train,2.0,0.2544529262086514,2.017811704834606
I38_17_01.png,train,4.47,0.8829516539440203,4.531806615776081
I38_17_02.png,train,4.47,0.8829516539440203,4.531806615776081
I38_17_03.png,train,3.87,0.7302798982188295,3.921119592875318
I38_17_04.png,train,2.93,0.4910941475826972,2.9643765903307893
I38_17_05.png,train,1.7,0.178117048346056,1.712468193384224
I38_18_01.png,train,4.07,0.78117048346056,4.12468193384224
I38_18_02.png,train,4.65,0.9287531806615776,4.715012722646311
I38_18_03.png,train,4.73,0.94910941475827,4.79643765903308
I38_18_04.png,train,4.03,0.7709923664122139,4.083969465648856
I38_18_05.png,train,4.1,0.7888040712468193,4.155216284987278
I38_19_01.png,train,4.5,0.89058524173028,4.56234096692112
I38_19_02.png,train,4.23,0.8218829516539442,4.287531806615776
I38_19_03.png,train,3.17,0.5521628498727735,3.208651399491094
I38_19_04.png,train,1.67,0.1704834605597964,1.681933842239186
I38_19_05.png,train,1.23,0.0585241730279898,1.2340966921119594
I38_20_01.png,train,4.53,0.8982188295165395,4.592875318066158
I38_20_02.png,train,4.03,0.7709923664122139,4.083969465648856
I38_20_03.png,train,4.27,0.83206106870229,4.32824427480916
I38_20_04.png,train,4.3,0.8396946564885497,4.358778625954199
I38_20_05.png,train,3.4,0.6106870229007634,3.442748091603053
I38_21_01.png,train,2.53,0.3893129770992366,2.5572519083969465
I38_21_02.png,train,2.27,0.3231552162849873,2.2926208651399493
I38_21_03.png,train,2.3,0.3307888040712468,2.323155216284987
I38_21_04.png,train,2.73,0.4402035623409669,2.760814249363868
I38_21_05.png,train,1.57,0.1450381679389313,1.5801526717557253
I38_22_01.png,train,4.0,0.7633587786259542,4.0534351145038165
I38_22_02.png,train,2.9,0.4834605597964376,2.9338422391857506
I38_22_03.png,train,3.1,0.534351145038168,3.137404580152672
I38_22_04.png,train,2.77,0.450381679389313,2.801526717557252
I38_22_05.png,train,2.2,0.3053435114503817,2.221374045801527
I38_23_01.png,train,2.87,0.4758269720101782,2.903307888040713
I38_23_02.png,train,2.47,0.3740458015267176,2.4961832061068705
I38_23_03.png,train,2.13,0.2875318066157761,2.1501272264631046
I38_23_04.png,train,2.07,0.272264631043257,2.089058524173028
I38_23_05.png,train,2.33,0.3384223918575064,2.3536895674300258
I38_24_01.png,train,3.7,0.6870229007633589,3.748091603053436
I38_24_02.png,train,2.73,0.4402035623409669,2.760814249363868
I38_24_03.png,train,1.87,0.2213740458015267,1.885496183206107
I38_24_04.png,train,1.6,0.1526717557251908,1.6106870229007637
I38_24_05.png,train,1.27,0.0687022900763358,1.2748091603053435
I38_25_01.png,train,3.6,0.6615776081424937,3.646310432569975
I38_25_02.png,train,3.73,0.6946564885496184,3.7786259541984735
I38_25_03.png,train,4.3,0.8396946564885497,4.358778625954199
I38_25_04.png,train,3.97,0.7557251908396948,4.022900763358779
I38_25_05.png,train,3.1,0.534351145038168,3.137404580152672
I39_01_01.png,train,4.73,0.94910941475827,4.79643765903308
I39_01_02.png,train,4.43,0.8727735368956743,4.491094147582697
I39_01_03.png,train,2.97,0.5012722646310434,3.0050890585241734
I39_01_04.png,train,1.8,0.2035623409669211,1.8142493638676849
I39_01_05.png,train,1.32,0.0814249363867684,1.3256997455470738
I39_02_01.png,train,4.13,0.796437659033079,4.185750636132315
I39_02_02.png,train,2.4,0.356234096692112,2.424936386768448
I39_02_03.png,train,1.73,0.1857506361323155,1.7430025445292625
I39_02_04.png,train,1.37,0.094147582697201,1.376590330788804
I39_02_05.png,train,1.2,0.0508905852417302,1.2035623409669212
I39_03_01.png,train,4.77,0.9592875318066156,4.837150127226463
I39_03_02.png,train,4.33,0.8473282442748092,4.389312977099237
I39_03_03.png,train,2.77,0.450381679389313,2.801526717557252
I39_03_04.png,train,1.97,0.2468193384223918,1.987277353689568
I39_03_05.png,train,1.47,0.1195928753180661,1.478371501272265
I39_04_01.png,train,4.63,0.9236641221374048,4.694656488549619
I39_04_02.png,train,1.67,0.1704834605597964,1.681933842239186
I39_04_03.png,train,1.3,0.0763358778625954,1.3053435114503815
I39_04_04.png,train,1.2,0.0508905852417302,1.2035623409669212
I39_04_05.png,train,1.17,0.0432569974554707,1.173027989821883
I39_05_01.png,train,4.23,0.8218829516539442,4.287531806615776
I39_05_02.png,train,2.63,0.4147582697201017,2.659033078880407
I39_05_03.png,train,1.53,0.1348600508905852,1.5394402035623411
I39_05_04.png,train,1.47,0.1195928753180661,1.478371501272265
I39_05_05.png,train,1.5,0.1272264631043257,1.508905852417303
I39_06_01.png,train,4.37,0.8575063613231553,4.430025445292621
I39_06_02.png,train,4.33,0.8473282442748092,4.389312977099237
I39_06_03.png,train,4.33,0.8473282442748092,4.389312977099237
I39_06_04.png,train,3.53,0.6437659033078881,3.5750636132315523
I39_06_05.png,train,3.03,0.5165394402035624,3.0661577608142494
I39_07_01.png,train,2.39,0.3536895674300255,2.414758269720102
I39_07_02.png,train,2.07,0.272264631043257,2.089058524173028
I39_07_03.png,train,1.7,0.178117048346056,1.712468193384224
I39_07_04.png,train,2.27,0.3231552162849873,2.2926208651399493
I39_07_05.png,train,1.9,0.2290076335877862,1.916030534351145
I39_08_01.png,train,4.63,0.9236641221374048,4.694656488549619
I39_08_02.png,train,2.83,0.4656488549618321,2.862595419847328
I39_08_03.png,train,1.74,0.188295165394402,1.7531806615776082
I39_08_04.png,train,1.33,0.0839694656488549,1.33587786259542
I39_08_05.png,train,1.13,0.0330788804071246,1.1323155216284986
I39_09_01.png,train,4.74,0.9516539440203564,4.806615776081426
I39_09_02.png,train,4.27,0.83206106870229,4.32824427480916
I39_09_03.png,train,4.0,0.7633587786259542,4.0534351145038165
I39_09_04.png,train,2.13,0.2875318066157761,2.1501272264631046
I39_09_05.png,train,1.27,0.0687022900763358,1.2748091603053435
I39_10_01.png,train,4.5,0.89058524173028,4.56234096692112
I39_10_02.png,train,4.53,0.8982188295165395,4.592875318066158
I39_10_03.png,train,4.07,0.78117048346056,4.12468193384224
I39_10_04.png,train,2.13,0.2875318066157761,2.1501272264631046
I39_10_05.png,train,1.43,0.1094147582697201,1.4376590330788803
I39_11_01.png,train,4.53,0.8982188295165395,4.592875318066158
I39_11_02.png,train,4.07,0.78117048346056,4.12468193384224
I39_11_03.png,train,3.73,0.6946564885496184,3.7786259541984735
I39_11_04.png,train,3.17,0.5521628498727735,3.208651399491094
I39_11_05.png,train,2.47,0.3740458015267176,2.4961832061068705
I39_12_01.png,train,4.73,0.94910941475827,4.79643765903308
I39_12_02.png,train,4.33,0.8473282442748092,4.389312977099237
I39_12_03.png,train,3.8,0.712468193384224,3.849872773536896
I39_12_04.png,train,3.27,0.5776081424936387,3.3104325699745547
I39_12_05.png,train,2.7,0.4325699745547074,2.73027989821883
I39_13_01.png,train,3.23,0.5674300254452926,3.2697201017811706
I39_13_02.png,train,3.03,0.5165394402035624,3.0661577608142494
I39_13_03.png,train,2.77,0.450381679389313,2.801526717557252
I39_13_04.png,train,2.43,0.3638676844783716,2.4554707379134864
I39_13_05.png,train,2.07,0.272264631043257,2.089058524173028
I39_14_01.png,train,4.6,0.916030534351145,4.66412213740458
I39_14_02.png,train,4.52,0.8956743002544529,4.582697201017812
I39_14_03.png,train,3.33,0.5928753180661578,3.371501272264631
I39_14_04.png,train,3.07,0.5267175572519084,3.106870229007633
I39_14_05.png,train,2.07,0.272264631043257,2.089058524173028
I39_15_01.png,train,4.13,0.796437659033079,4.185750636132315
I39_15_02.png,train,3.4,0.6106870229007634,3.442748091603053
I39_15_03.png,train,2.57,0.3994910941475826,2.59796437659033
I39_15_04.png,train,1.77,0.1959287531806616,1.7837150127226464
I39_15_05.png,train,1.47,0.1195928753180661,1.478371501272265
I39_16_01.png,train,4.53,0.8982188295165395,4.592875318066158
I39_16_02.png,train,4.53,0.8982188295165395,4.592875318066158
I39_16_03.png,train,4.3,0.8396946564885497,4.358778625954199
I39_16_04.png,train,3.1,0.534351145038168,3.137404580152672
I39_16_05.png,train,1.5,0.1272264631043257,1.508905852417303
I39_17_01.png,train,4.63,0.9236641221374048,4.694656488549619
I39_17_02.png,train,4.77,0.9592875318066156,4.837150127226463
I39_17_03.png,train,4.6,0.916030534351145,4.66412213740458
I39_17_04.png,train,3.77,0.7048346055979644,3.8193384223918576
I39_17_05.png,train,2.1,0.2798982188295166,2.1195928753180664
I39_18_01.png,train,4.53,0.8982188295165395,4.592875318066158
I39_18_02.png,train,4.57,0.9083969465648856,4.633587786259543
I39_18_03.png,train,4.63,0.9236641221374048,4.694656488549619
I39_18_04.png,train,4.47,0.8829516539440203,4.531806615776081
I39_18_05.png,train,4.03,0.7709923664122139,4.083969465648856
I39_19_01.png,train,4.43,0.8727735368956743,4.491094147582697
I39_19_02.png,train,3.7,0.6870229007633589,3.748091603053436
I39_19_03.png,train,2.43,0.3638676844783716,2.4554707379134864
I39_19_04.png,train,1.5,0.1272264631043257,1.508905852417303
I39_19_05.png,train,1.07,0.0178117048346056,1.0712468193384224
I39_20_01.png,train,4.4,0.8651399491094149,4.46055979643766
I39_20_02.png,train,4.23,0.8218829516539442,4.287531806615776
I39_20_03.png,train,3.8,0.712468193384224,3.849872773536896
I39_20_04.png,train,3.23,0.5674300254452926,3.2697201017811706
I39_20_05.png,train,2.52,0.3867684478371501,2.547073791348601
I39_21_01.png,train,4.0,0.7633587786259542,4.0534351145038165
I39_21_02.png,train,2.7,0.4325699745547074,2.73027989821883
I39_21_03.png,train,2.17,0.2977099236641221,2.1908396946564883
I39_21_04.png,train,2.27,0.3231552162849873,2.2926208651399493
I39_21_05.png,train,1.1,0.0254452926208651,1.1017811704834606
I39_22_01.png,train,4.53,0.8982188295165395,4.592875318066158
I39_22_02.png,train,4.63,0.9236641221374048,4.694656488549619
I39_22_03.png,train,4.63,0.9236641221374048,4.694656488549619
I39_22_04.png,train,4.57,0.9083969465648856,4.633587786259543
I39_22_05.png,train,4.37,0.8575063613231553,4.430025445292621
I39_23_01.png,train,2.5,0.3816793893129771,2.5267175572519083
I39_23_02.png,train,2.39,0.3536895674300255,2.414758269720102
I39_23_03.png,train,2.33,0.3384223918575064,2.3536895674300258
I39_23_04.png,train,2.1,0.2798982188295166,2.1195928753180664
I39_23_05.png,train,1.97,0.2468193384223918,1.987277353689568
I39_24_01.png,train,3.63,0.6692111959287532,3.676844783715013
I39_24_02.png,train,2.7,0.4325699745547074,2.73027989821883
I39_24_03.png,train,1.77,0.1959287531806616,1.7837150127226464
I39_24_04.png,train,1.2,0.0508905852417302,1.2035623409669212
I39_24_05.png,train,1.17,0.0432569974554707,1.173027989821883
I39_25_01.png,train,3.77,0.7048346055979644,3.8193384223918576
I39_25_02.png,train,4.23,0.8218829516539442,4.287531806615776
I39_25_03.png,train,4.67,0.9338422391857508,4.735368956743002
I39_25_04.png,train,4.37,0.8575063613231553,4.430025445292621
I39_25_05.png,train,3.77,0.7048346055979644,3.8193384223918576
I40_01_01.png,train,4.27,0.83206106870229,4.32824427480916
I40_01_02.png,train,3.83,0.7201017811704835,3.880407124681934
I40_01_03.png,train,2.17,0.2977099236641221,2.1908396946564883
I40_01_04.png,train,1.57,0.1450381679389313,1.5801526717557253
I40_01_05.png,train,1.1,0.0254452926208651,1.1017811704834606
I40_02_01.png,train,2.83,0.4656488549618321,2.862595419847328
I40_02_02.png,train,2.0,0.2544529262086514,2.017811704834606
I40_02_03.png,train,1.5,0.1272264631043257,1.508905852417303
I40_02_04.png,train,1.4,0.1017811704834605,1.407124681933842
I40_02_05.png,train,1.1,0.0254452926208651,1.1017811704834606
I40_03_01.png,train,4.3,0.8396946564885497,4.358778625954199
I40_03_02.png,train,3.27,0.5776081424936387,3.3104325699745547
I40_03_03.png,train,2.23,0.3129770992366412,2.2519083969465647
I40_03_04.png,train,1.37,0.094147582697201,1.376590330788804
I40_03_05.png,train,1.17,0.0432569974554707,1.173027989821883
I40_04_01.png,train,4.13,0.796437659033079,4.185750636132315
I40_04_02.png,train,2.37,0.3486005089058525,2.39440203562341
I40_04_03.png,train,1.73,0.1857506361323155,1.7430025445292625
I40_04_04.png,train,1.47,0.1195928753180661,1.478371501272265
I40_04_05.png,train,1.43,0.1094147582697201,1.4376590330788803
I40_05_01.png,train,3.7,0.6870229007633589,3.748091603053436
I40_05_02.png,train,1.73,0.1857506361323155,1.7430025445292625
I40_05_03.png,train,1.53,0.1348600508905852,1.5394402035623411
I40_05_04.png,train,1.33,0.0839694656488549,1.33587786259542
I40_05_05.png,train,1.37,0.094147582697201,1.376590330788804
I40_06_01.png,train,4.13,0.796437659033079,4.185750636132315
I40_06_02.png,train,4.27,0.83206106870229,4.32824427480916
I40_06_03.png,train,3.77,0.7048346055979644,3.8193384223918576
I40_06_04.png,train,3.97,0.7557251908396948,4.022900763358779
I40_06_05.png,train,2.68,0.4274809160305344,2.7099236641221376
I40_07_01.png,train,2.6,0.4071246819338422,2.6284987277353693
I40_07_02.png,train,2.23,0.3129770992366412,2.2519083969465647
I40_07_03.png,train,2.0,0.2544529262086514,2.017811704834606
I40_07_04.png,train,2.0,0.2544529262086514,2.017811704834606
I40_07_05.png,train,1.87,0.2213740458015267,1.885496183206107
I40_08_01.png,train,4.47,0.8829516539440203,4.531806615776081
I40_08_02.png,train,3.23,0.5674300254452926,3.2697201017811706
I40_08_03.png,train,2.27,0.3231552162849873,2.2926208651399493
I40_08_04.png,train,1.67,0.1704834605597964,1.681933842239186
I40_08_05.png,train,1.37,0.094147582697201,1.376590330788804
I40_09_01.png,train,4.2,0.8142493638676845,4.256997455470739
I40_09_02.png,train,3.33,0.5928753180661578,3.371501272264631
I40_09_03.png,train,3.0,0.5089058524173028,3.035623409669211
I40_09_04.png,train,1.5,0.1272264631043257,1.508905852417303
I40_09_05.png,train,1.23,0.0585241730279898,1.2340966921119594
I40_10_01.png,train,4.2,0.8142493638676845,4.256997455470739
I40_10_02.png,train,4.2,0.8142493638676845,4.256997455470739
I40_10_03.png,train,3.97,0.7557251908396948,4.022900763358779
I40_10_04.png,train,2.5,0.3816793893129771,2.5267175572519083
I40_10_05.png,train,1.57,0.1450381679389313,1.5801526717557253
I40_11_01.png,train,4.43,0.8727735368956743,4.491094147582697
I40_11_02.png,train,4.43,0.8727735368956743,4.491094147582697
I40_11_03.png,train,3.83,0.7201017811704835,3.880407124681934
I40_11_04.png,train,3.77,0.7048346055979644,3.8193384223918576
I40_11_05.png,train,3.33,0.5928753180661578,3.371501272264631
I40_12_01.png,train,4.57,0.9083969465648856,4.633587786259543
I40_12_02.png,train,4.5,0.89058524173028,4.56234096692112
I40_12_03.png,train,3.77,0.7048346055979644,3.8193384223918576
I40_12_04.png,train,3.6,0.6615776081424937,3.646310432569975
I40_12_05.png,train,3.43,0.6183206106870229,3.473282442748092
I40_13_01.png,train,4.23,0.8218829516539442,4.287531806615776
I40_13_02.png,train,3.27,0.5776081424936387,3.3104325699745547
I40_13_03.png,train,2.8,0.4580152671755725,2.83206106870229
I40_13_04.png,train,2.6,0.4071246819338422,2.6284987277353693
I40_13_05.png,train,2.17,0.2977099236641221,2.1908396946564883
I40_14_01.png,train,4.33,0.8473282442748092,4.389312977099237
I40_14_02.png,train,4.3,0.8396946564885497,4.358778625954199
I40_14_03.png,train,4.33,0.8473282442748092,4.389312977099237
I40_14_04.png,train,3.8,0.712468193384224,3.849872773536896
I40_14_05.png,train,3.07,0.5267175572519084,3.106870229007633
I40_15_01.png,train,3.1,0.534351145038168,3.137404580152672
I40_15_02.png,train,2.23,0.3129770992366412,2.2519083969465647
I40_15_03.png,train,1.83,0.2111959287531807,1.8447837150127229
I40_15_04.png,train,1.7,0.178117048346056,1.712468193384224
I40_15_05.png,train,1.7,0.178117048346056,1.712468193384224
I40_16_01.png,train,4.26,0.8295165394402035,4.318066157760814
I40_16_02.png,train,4.0,0.7633587786259542,4.0534351145038165
I40_16_03.png,train,3.2,0.5597964376590332,3.239185750636133
I40_16_04.png,train,2.43,0.3638676844783716,2.4554707379134864
I40_16_05.png,train,1.53,0.1348600508905852,1.5394402035623411
I40_17_01.png,train,4.53,0.8982188295165395,4.592875318066158
I40_17_02.png,train,4.47,0.8829516539440203,4.531806615776081
I40_17_03.png,train,3.93,0.7455470737913487,3.982188295165394
I40_17_04.png,train,3.13,0.5419847328244275,3.16793893129771
I40_17_05.png,train,1.87,0.2213740458015267,1.885496183206107
I40_18_01.png,train,4.13,0.796437659033079,4.185750636132315
I40_18_02.png,train,4.4,0.8651399491094149,4.46055979643766
I40_18_03.png,train,4.6,0.916030534351145,4.66412213740458
I40_18_04.png,train,4.03,0.7709923664122139,4.083969465648856
I40_18_05.png,train,3.83,0.7201017811704835,3.880407124681934
I40_19_01.png,train,4.1,0.7888040712468193,4.155216284987278
I40_19_02.png,train,3.9,0.7379134860050891,3.951653944020357
I40_19_03.png,train,2.37,0.3486005089058525,2.39440203562341
I40_19_04.png,train,1.6,0.1526717557251908,1.6106870229007637
I40_19_05.png,train,1.2,0.0508905852417302,1.2035623409669212
I40_20_01.png,train,4.47,0.8829516539440203,4.531806615776081
I40_20_02.png,train,3.03,0.5165394402035624,3.0661577608142494
I40_20_03.png,train,3.23,0.5674300254452926,3.2697201017811706
I40_20_04.png,train,3.07,0.5267175572519084,3.106870229007633
I40_20_05.png,train,3.64,0.6717557251908398,3.6870229007633593
I40_21_01.png,train,3.9,0.7379134860050891,3.951653944020357
I40_21_02.png,train,3.03,0.5165394402035624,3.0661577608142494
I40_21_03.png,train,2.67,0.4249363867684478,2.699745547073792
I40_21_04.png,train,3.0,0.5089058524173028,3.035623409669211
I40_21_05.png,train,1.33,0.0839694656488549,1.33587786259542
I40_22_01.png,train,4.53,0.8982188295165395,4.592875318066158
I40_22_02.png,train,4.33,0.8473282442748092,4.389312977099237
I40_22_03.png,train,4.07,0.78117048346056,4.12468193384224
I40_22_04.png,train,4.37,0.8575063613231553,4.430025445292621
I40_22_05.png,train,3.97,0.7557251908396948,4.022900763358779
I40_23_01.png,train,2.2,0.3053435114503817,2.221374045801527
I40_23_02.png,train,2.4,0.356234096692112,2.424936386768448
I40_23_03.png,train,1.83,0.2111959287531807,1.8447837150127229
I40_23_04.png,train,2.43,0.3638676844783716,2.4554707379134864
I40_23_05.png,train,1.9,0.2290076335877862,1.916030534351145
I40_24_01.png,train,3.23,0.5674300254452926,3.2697201017811706
I40_24_02.png,train,1.97,0.2468193384223918,1.987277353689568
I40_24_03.png,train,1.8,0.2035623409669211,1.8142493638676849
I40_24_04.png,train,1.33,0.0839694656488549,1.33587786259542
I40_24_05.png,train,1.17,0.0432569974554707,1.173027989821883
I40_25_01.png,train,3.63,0.6692111959287532,3.676844783715013
I40_25_02.png,train,3.47,0.6284987277353691,3.5139949109414763
I40_25_03.png,train,3.93,0.7455470737913487,3.982188295165394
I40_25_04.png,train,3.87,0.7302798982188295,3.921119592875318
I40_25_05.png,train,2.45,0.3689567430025446,2.4758269720101787
I41_01_01.png,val,4.57,0.9083969465648856,4.633587786259543
I41_01_02.png,val,4.43,0.8727735368956743,4.491094147582697
I41_01_03.png,val,3.17,0.5521628498727735,3.208651399491094
I41_01_04.png,val,2.07,0.272264631043257,2.089058524173028
I41_01_05.png,val,1.4,0.1017811704834605,1.407124681933842
I41_02_01.png,val,4.0,0.7633587786259542,4.0534351145038165
I41_02_02.png,val,2.81,0.4605597964376591,2.8422391857506364
I41_02_03.png,val,1.81,0.2061068702290076,1.8244274809160304
I41_02_04.png,val,1.47,0.1195928753180661,1.478371501272265
I41_02_05.png,val,1.37,0.094147582697201,1.376590330788804
I41_03_01.png,val,4.57,0.9083969465648856,4.633587786259543
I41_03_02.png,val,4.6,0.916030534351145,4.66412213740458
I41_03_03.png,val,3.47,0.6284987277353691,3.5139949109414763
I41_03_04.png,val,2.4,0.356234096692112,2.424936386768448
I41_03_05.png,val,1.77,0.1959287531806616,1.7837150127226464
I41_04_01.png,val,4.67,0.9338422391857508,4.735368956743002
I41_04_02.png,val,2.63,0.4147582697201017,2.659033078880407
I41_04_03.png,val,1.4,0.1017811704834605,1.407124681933842
I41_04_04.png,val,1.37,0.094147582697201,1.376590330788804
I41_04_05.png,val,1.2,0.0508905852417302,1.2035623409669212
I41_05_01.png,val,4.8,0.9669211195928752,4.867684478371501
I41_05_02.png,val,2.9,0.4834605597964376,2.9338422391857506
I41_05_03.png,val,2.8,0.4580152671755725,2.83206106870229
I41_05_04.png,val,2.4,0.356234096692112,2.424936386768448
I41_05_05.png,val,2.5,0.3816793893129771,2.5267175572519083
I41_06_01.png,val,4.27,0.83206106870229,4.32824427480916
I41_06_02.png,val,3.87,0.7302798982188295,3.921119592875318
I41_06_03.png,val,3.7,0.6870229007633589,3.748091603053436
I41_06_04.png,val,2.81,0.4605597964376591,2.8422391857506364
I41_06_05.png,val,1.83,0.2111959287531807,1.8447837150127229
I41_07_01.png,val,3.13,0.5419847328244275,3.16793893129771
I41_07_02.png,val,2.57,0.3994910941475826,2.59796437659033
I41_07_03.png,val,1.93,0.2366412213740458,1.9465648854961832
I41_07_04.png,val,2.0,0.2544529262086514,2.017811704834606
I41_07_05.png,val,1.7,0.178117048346056,1.712468193384224
I41_08_01.png,val,4.53,0.8982188295165395,4.592875318066158
I41_08_02.png,val,3.77,0.7048346055979644,3.8193384223918576
I41_08_03.png,val,2.5,0.3816793893129771,2.5267175572519083
I41_08_04.png,val,2.27,0.3231552162849873,2.2926208651399493
I41_08_05.png,val,1.37,0.094147582697201,1.376590330788804
I41_09_01.png,val,4.67,0.9338422391857508,4.735368956743002
I41_09_02.png,val,4.4,0.8651399491094149,4.46055979643766
I41_09_03.png,val,3.97,0.7557251908396948,4.022900763358779
I41_09_04.png,val,1.83,0.2111959287531807,1.8447837150127229
I41_09_05.png,val,1.4,0.1017811704834605,1.407124681933842
I41_10_01.png,val,4.6,0.916030534351145,4.66412213740458
I41_10_02.png,val,4.17,0.806615776081425,4.2264631043257
I41_10_03.png,val,4.03,0.7709923664122139,4.083969465648856
I41_10_04.png,val,1.77,0.1959287531806616,1.7837150127226464
I41_10_05.png,val,1.17,0.0432569974554707,1.173027989821883
I41_11_01.png,val,4.27,0.83206106870229,4.32824427480916
I41_11_02.png,val,3.63,0.6692111959287532,3.676844783715013
I41_11_03.png,val,3.07,0.5267175572519084,3.106870229007633
I41_11_04.png,val,2.67,0.4249363867684478,2.699745547073792
I41_11_05.png,val,2.4,0.356234096692112,2.424936386768448
I41_12_01.png,val,4.67,0.9338422391857508,4.735368956743002
I41_12_02.png,val,3.97,0.7557251908396948,4.022900763358779
I41_12_03.png,val,3.5,0.6361323155216285,3.544529262086514
I41_12_04.png,val,2.73,0.4402035623409669,2.760814249363868
I41_12_05.png,val,2.6,0.4071246819338422,2.6284987277353693
I41_13_01.png,val,4.2,0.8142493638676845,4.256997455470739
I41_13_02.png,val,3.07,0.5267175572519084,3.106870229007633
I41_13_03.png,val,2.9,0.4834605597964376,2.9338422391857506
I41_13_04.png,val,2.6,0.4071246819338422,2.6284987277353693
I41_13_05.png,val,2.43,0.3638676844783716,2.4554707379134864
I41_14_01.png,val,4.77,0.9592875318066156,4.837150127226463
I41_14_02.png,val,3.83,0.7201017811704835,3.880407124681934
I41_14_03.png,val,3.1,0.534351145038168,3.137404580152672
I41_14_04.png,val,2.43,0.3638676844783716,2.4554707379134864
I41_14_05.png,val,1.8,0.2035623409669211,1.8142493638676849
I41_15_01.png,val,3.32,0.5903307888040712,3.3613231552162848
I41_15_02.png,val,2.33,0.3384223918575064,2.3536895674300258
I41_15_03.png,val,2.17,0.2977099236641221,2.1908396946564883
I41_15_04.png,val,1.43,0.1094147582697201,1.4376590330788803
I41_15_05.png,val,1.43,0.1094147582697201,1.4376590330788803
I41_16_01.png,val,4.6,0.916030534351145,4.66412213740458
I41_16_02.png,val,4.53,0.8982188295165395,4.592875318066158
I41_16_03.png,val,3.33,0.5928753180661578,3.371501272264631
I41_16_04.png,val,2.3,0.3307888040712468,2.323155216284987
I41_16_05.png,val,1.4,0.1017811704834605,1.407124681933842
I41_17_01.png,val,4.5,0.89058524173028,4.56234096692112
I41_17_02.png,val,4.73,0.94910941475827,4.79643765903308
I41_17_03.png,val,4.27,0.83206106870229,4.32824427480916
I41_17_04.png,val,3.6,0.6615776081424937,3.646310432569975
I41_17_05.png,val,2.87,0.4758269720101782,2.903307888040713
I41_18_01.png,val,3.93,0.7455470737913487,3.982188295165394
I41_18_02.png,val,4.63,0.9236641221374048,4.694656488549619
I41_18_03.png,val,4.6,0.916030534351145,4.66412213740458
I41_18_04.png,val,4.6,0.916030534351145,4.66412213740458
I41_18_05.png,val,3.97,0.7557251908396948,4.022900763358779
I41_19_01.png,val,4.53,0.8982188295165395,4.592875318066158
I41_19_02.png,val,4.7,0.9414758269720104,4.765903307888041
I41_19_03.png,val,3.97,0.7557251908396948,4.022900763358779
I41_19_04.png,val,1.93,0.2366412213740458,1.9465648854961832
I41_19_05.png,val,1.4,0.1017811704834605,1.407124681933842
I41_20_01.png,val,4.2,0.8142493638676845,4.256997455470739
I41_20_02.png,val,4.4,0.8651399491094149,4.46055979643766
I41_20_03.png,val,3.73,0.6946564885496184,3.7786259541984735
I41_20_04.png,val,3.03,0.5165394402035624,3.0661577608142494
I41_20_05.png,val,2.4,0.356234096692112,2.424936386768448
I41_21_01.png,val,4.27,0.83206106870229,4.32824427480916
I41_21_02.png,val,3.48,0.6310432569974556,3.5241730279898222
I41_21_03.png,val,3.03,0.5165394402035624,3.0661577608142494
I41_21_04.png,val,3.13,0.5419847328244275,3.16793893129771
I41_21_05.png,val,1.47,0.1195928753180661,1.478371501272265
I41_22_01.png,val,4.73,0.94910941475827,4.79643765903308
I41_22_02.png,val,4.67,0.9338422391857508,4.735368956743002
I41_22_03.png,val,4.27,0.83206106870229,4.32824427480916
I41_22_04.png,val,4.07,0.78117048346056,4.12468193384224
I41_22_05.png,val,3.2,0.5597964376590332,3.239185750636133
I41_23_01.png,val,2.93,0.4910941475826972,2.9643765903307893
I41_23_02.png,val,3.13,0.5419847328244275,3.16793893129771
I41_23_03.png,val,2.33,0.3384223918575064,2.3536895674300258
I41_23_04.png,val,2.27,0.3231552162849873,2.2926208651399493
I41_23_05.png,val,2.17,0.2977099236641221,2.1908396946564883
I41_24_01.png,val,4.07,0.78117048346056,4.12468193384224
I41_24_02.png,val,3.23,0.5674300254452926,3.2697201017811706
I41_24_03.png,val,2.47,0.3740458015267176,2.4961832061068705
I41_24_04.png,val,1.87,0.2213740458015267,1.885496183206107
I41_24_05.png,val,1.47,0.1195928753180661,1.478371501272265
I41_25_01.png,val,3.73,0.6946564885496184,3.7786259541984735
I41_25_02.png,val,4.23,0.8218829516539442,4.287531806615776
I41_25_03.png,val,4.53,0.8982188295165395,4.592875318066158
I41_25_04.png,val,4.6,0.916030534351145,4.66412213740458
I41_25_05.png,val,3.97,0.7557251908396948,4.022900763358779
I42_01_01.png,test,4.57,0.9083969465648856,4.633587786259543
I42_01_02.png,test,4.63,0.9236641221374048,4.694656488549619
I42_01_03.png,test,3.23,0.5674300254452926,3.2697201017811706
I42_01_04.png,test,2.07,0.272264631043257,2.089058524173028
I42_01_05.png,test,1.4,0.1017811704834605,1.407124681933842
I42_02_01.png,test,4.07,0.78117048346056,4.12468193384224
I42_02_02.png,test,3.13,0.5419847328244275,3.16793893129771
I42_02_03.png,test,1.63,0.1603053435114503,1.6412213740458017
I42_02_04.png,test,1.6,0.1526717557251908,1.6106870229007637
I42_02_05.png,test,1.33,0.0839694656488549,1.33587786259542
I42_03_01.png,test,4.77,0.9592875318066156,4.837150127226463
I42_03_02.png,test,4.43,0.8727735368956743,4.491094147582697
I42_03_03.png,test,3.07,0.5267175572519084,3.106870229007633
I42_03_04.png,test,2.33,0.3384223918575064,2.3536895674300258
I42_03_05.png,test,1.7,0.178117048346056,1.712468193384224
I42_04_01.png,test,4.73,0.94910941475827,4.79643765903308
I42_04_02.png,test,2.33,0.3384223918575064,2.3536895674300258
I42_04_03.png,test,1.37,0.094147582697201,1.376590330788804
I42_04_04.png,test,1.27,0.0687022900763358,1.2748091603053435
I42_04_05.png,test,1.2,0.0508905852417302,1.2035623409669212
I42_05_01.png,test,4.33,0.8473282442748092,4.389312977099237
I42_05_02.png,test,3.1,0.534351145038168,3.137404580152672
I42_05_03.png,test,2.47,0.3740458015267176,2.4961832061068705
I42_05_04.png,test,2.03,0.2620865139949109,2.048346055979644
I42_05_05.png,test,2.27,0.3231552162849873,2.2926208651399493
I42_06_01.png,test,3.83,0.7201017811704835,3.880407124681934
I42_06_02.png,test,3.63,0.6692111959287532,3.676844783715013
I42_06_03.png,test,2.87,0.4758269720101782,2.903307888040713
I42_06_04.png,test,2.77,0.450381679389313,2.801526717557252
I42_06_05.png,test,2.13,0.2875318066157761,2.1501272264631046
I42_07_01.png,test,2.73,0.4402035623409669,2.760814249363868
I42_07_02.png,test,2.4,0.356234096692112,2.424936386768448
I42_07_03.png,test,2.03,0.2620865139949109,2.048346055979644
I42_07_04.png,test,2.13,0.2875318066157761,2.1501272264631046
I42_07_05.png,test,2.2,0.3053435114503817,2.221374045801527
I42_08_01.png,test,4.7,0.9414758269720104,4.765903307888041
I42_08_02.png,test,3.17,0.5521628498727735,3.208651399491094
I42_08_03.png,test,2.63,0.4147582697201017,2.659033078880407
I42_08_04.png,test,1.67,0.1704834605597964,1.681933842239186
I42_08_05.png,test,1.47,0.1195928753180661,1.478371501272265
I42_09_01.png,test,4.73,0.94910941475827,4.79643765903308
I42_09_02.png,test,4.23,0.8218829516539442,4.287531806615776
I42_09_03.png,test,3.83,0.7201017811704835,3.880407124681934
I42_09_04.png,test,2.39,0.3536895674300255,2.414758269720102
I42_09_05.png,test,1.23,0.0585241730279898,1.2340966921119594
I42_10_01.png,test,4.3,0.8396946564885497,4.358778625954199
I42_10_02.png,test,4.33,0.8473282442748092,4.389312977099237
I42_10_03.png,test,3.8,0.712468193384224,3.849872773536896
I42_10_04.png,test,2.3,0.3307888040712468,2.323155216284987
I42_10_05.png,test,1.43,0.1094147582697201,1.4376590330788803
I42_11_01.png,test,4.23,0.8218829516539442,4.287531806615776
I42_11_02.png,test,3.6,0.6615776081424937,3.646310432569975
I42_11_03.png,test,3.33,0.5928753180661578,3.371501272264631
I42_11_04.png,test,3.0,0.5089058524173028,3.035623409669211
I42_11_05.png,test,2.47,0.3740458015267176,2.4961832061068705
I42_12_01.png,test,4.73,0.94910941475827,4.79643765903308
I42_12_02.png,test,3.83,0.7201017811704835,3.880407124681934
I42_12_03.png,test,3.37,0.6030534351145039,3.412213740458016
I42_12_04.png,test,3.09,0.5318066157760815,3.127226463104326
I42_12_05.png,test,2.7,0.4325699745547074,2.73027989821883
I42_13_01.png,test,3.9,0.7379134860050891,3.951653944020357
I42_13_02.png,test,3.17,0.5521628498727735,3.208651399491094
I42_13_03.png,test,2.63,0.4147582697201017,2.659033078880407
I42_13_04.png,test,2.43,0.3638676844783716,2.4554707379134864
I42_13_05.png,test,2.33,0.3384223918575064,2.3536895674300258
I42_14_01.png,test,4.37,0.8575063613231553,4.430025445292621
I42_14_02.png,test,4.07,0.78117048346056,4.12468193384224
I42_14_03.png,test,3.23,0.5674300254452926,3.2697201017811706
I42_14_04.png,test,2.93,0.4910941475826972,2.9643765903307893
I42_14_05.png,test,2.33,0.3384223918575064,2.3536895674300258
I42_15_01.png,test,4.03,0.7709923664122139,4.083969465648856
I42_15_02.png,test,3.23,0.5674300254452926,3.2697201017811706
I42_15_03.png,test,2.13,0.2875318066157761,2.1501272264631046
I42_15_04.png,test,2.0,0.2544529262086514,2.017811704834606
I42_15_05.png,test,1.5,0.1272264631043257,1.508905852417303
I42_16_01.png,test,4.53,0.8982188295165395,4.592875318066158
I42_16_02.png,test,4.33,0.8473282442748092,4.389312977099237
I42_16_03.png,test,3.7,0.6870229007633589,3.748091603053436
I42_16_04.png,test,2.93,0.4910941475826972,2.9643765903307893
I42_16_05.png,test,1.9,0.2290076335877862,1.916030534351145
I42_17_01.png,test,4.73,0.94910941475827,4.79643765903308
I42_17_02.png,test,4.53,0.8982188295165395,4.592875318066158
I42_17_03.png,test,4.2,0.8142493638676845,4.256997455470739
I42_17_04.png,test,3.66,0.6768447837150128,3.707379134860051
I42_17_05.png,test,1.77,0.1959287531806616,1.7837150127226464
I42_18_01.png,test,4.5,0.89058524173028,4.56234096692112
I42_18_02.png,test,4.7,0.9414758269720104,4.765903307888041
I42_18_03.png,test,4.77,0.9592875318066156,4.837150127226463
I42_18_04.png,test,4.43,0.8727735368956743,4.491094147582697
I42_18_05.png,test,3.93,0.7455470737913487,3.982188295165394
I42_19_01.png,test,4.37,0.8575063613231553,4.430025445292621
I42_19_02.png,test,4.5,0.89058524173028,4.56234096692112
I42_19_03.png,test,3.47,0.6284987277353691,3.5139949109414763
I42_19_04.png,test,1.97,0.2468193384223918,1.987277353689568
I42_19_05.png,test,1.43,0.1094147582697201,1.4376590330788803
I42_20_01.png,test,4.37,0.8575063613231553,4.430025445292621
I42_20_02.png,test,4.17,0.806615776081425,4.2264631043257
I42_20_03.png,test,3.3,0.5852417302798982,3.340966921119593
I42_20_04.png,test,3.0,0.5089058524173028,3.035623409669211
I42_20_05.png,test,2.5,0.3816793893129771,2.5267175572519083
I42_21_01.png,test,3.42,0.6157760814249365,3.463104325699746
I42_21_02.png,test,3.06,0.5241730279898219,3.096692111959288
I42_21_03.png,test,2.77,0.450381679389313,2.801526717557252
I42_21_04.png,test,2.67,0.4249363867684478,2.699745547073792
I42_21_05.png,test,1.43,0.1094147582697201,1.4376590330788803
I42_22_01.png,test,4.7,0.9414758269720104,4.765903307888041
I42_22_02.png,test,4.77,0.9592875318066156,4.837150127226463
I42_22_03.png,test,4.61,0.9185750636132316,4.674300254452927
I42_22_04.png,test,4.2,0.8142493638676845,4.256997455470739
I42_22_05.png,test,4.0,0.7633587786259542,4.0534351145038165
I42_23_01.png,test,3.1,0.534351145038168,3.137404580152672
I42_23_02.png,test,2.37,0.3486005089058525,2.39440203562341
I42_23_03.png,test,2.4,0.356234096692112,2.424936386768448
I42_23_04.png,test,2.55,0.3944020356234096,2.577608142493639
I42_23_05.png,test,1.6,0.1526717557251908,1.6106870229007637
I42_24_01.png,test,3.23,0.5674300254452926,3.2697201017811706
I42_24_02.png,test,2.9,0.4834605597964376,2.9338422391857506
I42_24_03.png,test,2.3,0.3307888040712468,2.323155216284987
I42_24_04.png,test,1.5,0.1272264631043257,1.508905852417303
I42_24_05.png,test,1.47,0.1195928753180661,1.478371501272265
I42_25_01.png,test,3.13,0.5419847328244275,3.16793893129771
I42_25_02.png,test,3.87,0.7302798982188295,3.921119592875318
I42_25_03.png,test,4.27,0.83206106870229,4.32824427480916
I42_25_04.png,test,4.3,0.8396946564885497,4.358778625954199
I42_25_05.png,test,3.1,0.534351145038168,3.137404580152672
I43_01_01.png,train,4.8,0.9669211195928752,4.867684478371501
I43_01_02.png,train,4.47,0.8829516539440203,4.531806615776081
I43_01_03.png,train,3.67,0.6793893129770993,3.717557251908397
I43_01_04.png,train,2.47,0.3740458015267176,2.4961832061068705
I43_01_05.png,train,1.6,0.1526717557251908,1.6106870229007637
I43_02_01.png,train,4.53,0.8982188295165395,4.592875318066158
I43_02_02.png,train,3.2,0.5597964376590332,3.239185750636133
I43_02_03.png,train,2.2,0.3053435114503817,2.221374045801527
I43_02_04.png,train,1.9,0.2290076335877862,1.916030534351145
I43_02_05.png,train,1.6,0.1526717557251908,1.6106870229007637
I43_03_01.png,train,4.7,0.9414758269720104,4.765903307888041
I43_03_02.png,train,4.47,0.8829516539440203,4.531806615776081
I43_03_03.png,train,3.53,0.6437659033078881,3.5750636132315523
I43_03_04.png,train,2.83,0.4656488549618321,2.862595419847328
I43_03_05.png,train,2.3,0.3307888040712468,2.323155216284987
I43_04_01.png,train,4.87,0.984732824427481,4.9389312977099245
I43_04_02.png,train,2.83,0.4656488549618321,2.862595419847328
I43_04_03.png,train,2.9,0.4834605597964376,2.9338422391857506
I43_04_04.png,train,2.97,0.5012722646310434,3.0050890585241734
I43_04_05.png,train,2.63,0.4147582697201017,2.659033078880407
I43_05_01.png,train,4.33,0.8473282442748092,4.389312977099237
I43_05_02.png,train,3.17,0.5521628498727735,3.208651399491094
I43_05_03.png,train,1.97,0.2468193384223918,1.987277353689568
I43_05_04.png,train,2.1,0.2798982188295166,2.1195928753180664
I43_05_05.png,train,1.84,0.2137404580152672,1.8549618320610688
I43_06_01.png,train,4.57,0.9083969465648856,4.633587786259543
I43_06_02.png,train,4.61,0.9185750636132316,4.674300254452927
I43_06_03.png,train,4.67,0.9338422391857508,4.735368956743002
I43_06_04.png,train,3.93,0.7455470737913487,3.982188295165394
I43_06_05.png,train,3.37,0.6030534351145039,3.412213740458016
I43_07_01.png,train,3.1,0.534351145038168,3.137404580152672
I43_07_02.png,train,2.03,0.2620865139949109,2.048346055979644
I43_07_03.png,train,2.1,0.2798982188295166,2.1195928753180664
I43_07_04.png,train,2.53,0.3893129770992366,2.5572519083969465
I43_07_05.png,train,1.87,0.2213740458015267,1.885496183206107
I43_08_01.png,train,4.6,0.916030534351145,4.66412213740458
I43_08_02.png,train,3.7,0.6870229007633589,3.748091603053436
I43_08_03.png,train,3.23,0.5674300254452926,3.2697201017811706
I43_08_04.png,train,2.7,0.4325699745547074,2.73027989821883
I43_08_05.png,train,3.07,0.5267175572519084,3.106870229007633
I43_09_01.png,train,4.87,0.984732824427481,4.9389312977099245
I43_09_02.png,train,4.73,0.94910941475827,4.79643765903308
I43_09_03.png,train,4.37,0.8575063613231553,4.430025445292621
I43_09_04.png,train,3.3,0.5852417302798982,3.340966921119593
I43_09_05.png,train,1.53,0.1348600508905852,1.5394402035623411
I43_10_01.png,train,4.67,0.9338422391857508,4.735368956743002
I43_10_02.png,train,4.6,0.916030534351145,4.66412213740458
I43_10_03.png,train,4.33,0.8473282442748092,4.389312977099237
I43_10_04.png,train,2.07,0.272264631043257,2.089058524173028
I43_10_05.png,train,1.67,0.1704834605597964,1.681933842239186
I43_11_01.png,train,3.87,0.7302798982188295,3.921119592875318
I43_11_02.png,train,3.63,0.6692111959287532,3.676844783715013
I43_11_03.png,train,3.53,0.6437659033078881,3.5750636132315523
I43_11_04.png,train,3.2,0.5597964376590332,3.239185750636133
I43_11_05.png,train,2.7,0.4325699745547074,2.73027989821883
I43_12_01.png,train,4.8,0.9669211195928752,4.867684478371501
I43_12_02.png,train,3.73,0.6946564885496184,3.7786259541984735
I43_12_03.png,train,3.87,0.7302798982188295,3.921119592875318
I43_12_04.png,train,2.9,0.4834605597964376,2.9338422391857506
I43_12_05.png,train,2.9,0.4834605597964376,2.9338422391857506
I43_13_01.png,train,3.4,0.6106870229007634,3.442748091603053
I43_13_02.png,train,3.1,0.534351145038168,3.137404580152672
I43_13_03.png,train,2.6,0.4071246819338422,2.6284987277353693
I43_13_04.png,train,2.47,0.3740458015267176,2.4961832061068705
I43_13_05.png,train,2.3,0.3307888040712468,2.323155216284987
I43_14_01.png,train,4.87,0.984732824427481,4.9389312977099245
I43_14_02.png,train,4.5,0.89058524173028,4.56234096692112
I43_14_03.png,train,3.97,0.7557251908396948,4.022900763358779
I43_14_04.png,train,3.03,0.5165394402035624,3.0661577608142494
I43_14_05.png,train,2.35,0.3435114503816794,2.3740458015267176
I43_15_01.png,train,3.63,0.6692111959287532,3.676844783715013
I43_15_02.png,train,3.0,0.5089058524173028,3.035623409669211
I43_15_03.png,train,2.13,0.2875318066157761,2.1501272264631046
I43_15_04.png,train,1.73,0.1857506361323155,1.7430025445292625
I43_15_05.png,train,1.7,0.178117048346056,1.712468193384224
I43_16_01.png,train,4.42,0.8702290076335878,4.480916030534351
I43_16_02.png,train,3.97,0.7557251908396948,4.022900763358779
I43_16_03.png,train,3.67,0.6793893129770993,3.717557251908397
I43_16_04.png,train,2.3,0.3307888040712468,2.323155216284987
I43_16_05.png,train,1.63,0.1603053435114503,1.6412213740458017
I43_17_01.png,train,4.47,0.8829516539440203,4.531806615776081
I43_17_02.png,train,4.67,0.9338422391857508,4.735368956743002
I43_17_03.png,train,4.4,0.8651399491094149,4.46055979643766
I43_17_04.png,train,3.9,0.7379134860050891,3.951653944020357
I43_17_05.png,train,3.2,0.5597964376590332,3.239185750636133
I43_18_01.png,train,4.2,0.8142493638676845,4.256997455470739
I43_18_02.png,train,4.6,0.916030534351145,4.66412213740458
I43_18_03.png,train,4.67,0.9338422391857508,4.735368956743002
I43_18_04.png,train,4.5,0.89058524173028,4.56234096692112
I43_18_05.png,train,4.33,0.8473282442748092,4.389312977099237
I43_19_01.png,train,4.67,0.9338422391857508,4.735368956743002
I43_19_02.png,train,4.57,0.9083969465648856,4.633587786259543
I43_19_03.png,train,3.97,0.7557251908396948,4.022900763358779
I43_19_04.png,train,2.8,0.4580152671755725,2.83206106870229
I43_19_05.png,train,1.9,0.2290076335877862,1.916030534351145
I43_20_01.png,train,4.5,0.89058524173028,4.56234096692112
I43_20_02.png,train,4.53,0.8982188295165395,4.592875318066158
I43_20_03.png,train,4.5,0.89058524173028,4.56234096692112
I43_20_04.png,train,4.07,0.78117048346056,4.12468193384224
I43_20_05.png,train,3.67,0.6793893129770993,3.717557251908397
I43_21_01.png,train,4.57,0.9083969465648856,4.633587786259543
I43_21_02.png,train,4.17,0.806615776081425,4.2264631043257
I43_21_03.png,train,4.03,0.7709923664122139,4.083969465648856
I43_21_04.png,train,4.07,0.78117048346056,4.12468193384224
I43_21_05.png,train,2.13,0.2875318066157761,2.1501272264631046
I43_22_01.png,train,3.57,0.6539440203562341,3.615776081424937
I43_22_02.png,train,3.47,0.6284987277353691,3.5139949109414763
I43_22_03.png,train,3.23,0.5674300254452926,3.2697201017811706
I43_22_04.png,train,3.07,0.5267175572519084,3.106870229007633
I43_22_05.png,train,3.0,0.5089058524173028,3.035623409669211
I43_23_01.png,train,2.43,0.3638676844783716,2.4554707379134864
I43_23_02.png,train,2.13,0.2875318066157761,2.1501272264631046
I43_23_03.png,train,2.53,0.3893129770992366,2.5572519083969465
I43_23_04.png,train,2.07,0.272264631043257,2.089058524173028
I43_23_05.png,train,2.33,0.3384223918575064,2.3536895674300258
I43_24_01.png,train,4.43,0.8727735368956743,4.491094147582697
I43_24_02.png,train,3.73,0.6946564885496184,3.7786259541984735
I43_24_03.png,train,2.8,0.4580152671755725,2.83206106870229
I43_24_04.png,train,2.23,0.3129770992366412,2.2519083969465647
I43_24_05.png,train,1.81,0.2061068702290076,1.8244274809160304
I43_25_01.png,train,3.8,0.712468193384224,3.849872773536896
I43_25_02.png,train,4.2,0.8142493638676845,4.256997455470739
I43_25_03.png,train,4.53,0.8982188295165395,4.592875318066158
I43_25_04.png,train,4.13,0.796437659033079,4.185750636132315
I43_25_05.png,train,3.1,0.534351145038168,3.137404580152672
I44_01_01.png,val,4.43,0.8727735368956743,4.491094147582697
I44_01_02.png,val,4.07,0.78117048346056,4.12468193384224
I44_01_03.png,val,3.63,0.6692111959287532,3.676844783715013
I44_01_04.png,val,1.87,0.2213740458015267,1.885496183206107
I44_01_05.png,val,1.13,0.0330788804071246,1.1323155216284986
I44_02_01.png,val,4.33,0.8473282442748092,4.389312977099237
I44_02_02.png,val,2.93,0.4910941475826972,2.9643765903307893
I44_02_03.png,val,1.67,0.1704834605597964,1.681933842239186
I44_02_04.png,val,1.3,0.0763358778625954,1.3053435114503815
I44_02_05.png,val,1.13,0.0330788804071246,1.1323155216284986
I44_03_01.png,val,4.47,0.8829516539440203,4.531806615776081
I44_03_02.png,val,4.47,0.8829516539440203,4.531806615776081
I44_03_03.png,val,3.37,0.6030534351145039,3.412213740458016
I44_03_04.png,val,2.0,0.2544529262086514,2.017811704834606
I44_03_05.png,val,1.57,0.1450381679389313,1.5801526717557253
I44_04_01.png,val,4.57,0.9083969465648856,4.633587786259543
I44_04_02.png,val,2.2,0.3053435114503817,2.221374045801527
I44_04_03.png,val,1.43,0.1094147582697201,1.4376590330788803
I44_04_04.png,val,1.48,0.1221374045801526,1.4885496183206106
I44_04_05.png,val,1.17,0.0432569974554707,1.173027989821883
I44_05_01.png,val,4.73,0.94910941475827,4.79643765903308
I44_05_02.png,val,2.52,0.3867684478371501,2.547073791348601
I44_05_03.png,val,1.93,0.2366412213740458,1.9465648854961832
I44_05_04.png,val,1.53,0.1348600508905852,1.5394402035623411
I44_05_05.png,val,1.37,0.094147582697201,1.376590330788804
I44_06_01.png,val,4.23,0.8218829516539442,4.287531806615776
I44_06_02.png,val,4.2,0.8142493638676845,4.256997455470739
I44_06_03.png,val,3.9,0.7379134860050891,3.951653944020357
I44_06_04.png,val,3.87,0.7302798982188295,3.921119592875318
I44_06_05.png,val,2.93,0.4910941475826972,2.9643765903307893
I44_07_01.png,val,2.57,0.3994910941475826,2.59796437659033
I44_07_02.png,val,1.9,0.2290076335877862,1.916030534351145
I44_07_03.png,val,1.94,0.2391857506361323,1.9567430025445292
I44_07_04.png,val,2.13,0.2875318066157761,2.1501272264631046
I44_07_05.png,val,2.0,0.2544529262086514,2.017811704834606
I44_08_01.png,val,4.6,0.916030534351145,4.66412213740458
I44_08_02.png,val,3.23,0.5674300254452926,3.2697201017811706
I44_08_03.png,val,2.2,0.3053435114503817,2.221374045801527
I44_08_04.png,val,1.37,0.094147582697201,1.376590330788804
I44_08_05.png,val,1.27,0.0687022900763358,1.2748091603053435
I44_09_01.png,val,4.73,0.94910941475827,4.79643765903308
I44_09_02.png,val,4.57,0.9083969465648856,4.633587786259543
I44_09_03.png,val,4.4,0.8651399491094149,4.46055979643766
I44_09_04.png,val,3.1,0.534351145038168,3.137404580152672
I44_09_05.png,val,1.33,0.0839694656488549,1.33587786259542
I44_10_01.png,val,4.53,0.8982188295165395,4.592875318066158
I44_10_02.png,val,4.4,0.8651399491094149,4.46055979643766
I44_10_03.png,val,3.87,0.7302798982188295,3.921119592875318
I44_10_04.png,val,2.33,0.3384223918575064,2.3536895674300258
I44_10_05.png,val,1.37,0.094147582697201,1.376590330788804
I44_11_01.png,val,4.07,0.78117048346056,4.12468193384224
I44_11_02.png,val,3.57,0.6539440203562341,3.615776081424937
I44_11_03.png,val,3.2,0.5597964376590332,3.239185750636133
I44_11_04.png,val,2.77,0.450381679389313,2.801526717557252
I44_11_05.png,val,2.33,0.3384223918575064,2.3536895674300258
I44_12_01.png,val,4.37,0.8575063613231553,4.430025445292621
I44_12_02.png,val,4.03,0.7709923664122139,4.083969465648856
I44_12_03.png,val,3.27,0.5776081424936387,3.3104325699745547
I44_12_04.png,val,2.84,0.4681933842239186,2.872773536895674
I44_12_05.png,val,2.23,0.3129770992366412,2.2519083969465647
I44_13_01.png,val,3.7,0.6870229007633589,3.748091603053436
I44_13_02.png,val,3.0,0.5089058524173028,3.035623409669211
I44_13_03.png,val,2.53,0.3893129770992366,2.5572519083969465
I44_13_04.png,val,2.47,0.3740458015267176,2.4961832061068705
I44_13_05.png,val,2.3,0.3307888040712468,2.323155216284987
I44_14_01.png,val,4.4,0.8651399491094149,4.46055979643766
I44_14_02.png,val,3.87,0.7302798982188295,3.921119592875318
I44_14_03.png,val,3.07,0.5267175572519084,3.106870229007633
I44_14_04.png,val,2.8,0.4580152671755725,2.83206106870229
I44_14_05.png,val,2.27,0.3231552162849873,2.2926208651399493
I44_15_01.png,val,3.77,0.7048346055979644,3.8193384223918576
I44_15_02.png,val,2.97,0.5012722646310434,3.0050890585241734
I44_15_03.png,val,2.23,0.3129770992366412,2.2519083969465647
I44_15_04.png,val,1.63,0.1603053435114503,1.6412213740458017
I44_15_05.png,val,1.2,0.0508905852417302,1.2035623409669212
I44_16_01.png,val,4.23,0.8218829516539442,4.287531806615776
I44_16_02.png,val,4.13,0.796437659033079,4.185750636132315
I44_16_03.png,val,3.47,0.6284987277353691,3.5139949109414763
I44_16_04.png,val,2.3,0.3307888040712468,2.323155216284987
I44_16_05.png,val,1.47,0.1195928753180661,1.478371501272265
I44_17_01.png,val,4.6,0.916030534351145,4.66412213740458
I44_17_02.png,val,4.5,0.89058524173028,4.56234096692112
I44_17_03.png,val,3.9,0.7379134860050891,3.951653944020357
I44_17_04.png,val,3.57,0.6539440203562341,3.615776081424937
I44_17_05.png,val,1.7,0.178117048346056,1.712468193384224
I44_18_01.png,val,4.03,0.7709923664122139,4.083969465648856
I44_18_02.png,val,4.43,0.8727735368956743,4.491094147582697
I44_18_03.png,val,4.4,0.8651399491094149,4.46055979643766
I44_18_04.png,val,4.26,0.8295165394402035,4.318066157760814
I44_18_05.png,val,3.67,0.6793893129770993,3.717557251908397
I44_19_01.png,val,4.47,0.8829516539440203,4.531806615776081
I44_19_02.png,val,4.23,0.8218829516539442,4.287531806615776
I44_19_03.png,val,3.8,0.712468193384224,3.849872773536896
I44_19_04.png,val,2.2,0.3053435114503817,2.221374045801527
I44_19_05.png,val,1.43,0.1094147582697201,1.4376590330788803
I44_20_01.png,val,4.23,0.8218829516539442,4.287531806615776
I44_20_02.png,val,3.67,0.6793893129770993,3.717557251908397
I44_20_03.png,val,4.2,0.8142493638676845,4.256997455470739
I44_20_04.png,val,3.53,0.6437659033078881,3.5750636132315523
I44_20_05.png,val,3.27,0.5776081424936387,3.3104325699745547
I44_21_01.png,val,4.07,0.78117048346056,4.12468193384224
I44_21_02.png,val,3.13,0.5419847328244275,3.16793893129771
I44_21_03.png,val,3.03,0.5165394402035624,3.0661577608142494
I44_21_04.png,val,3.52,0.6412213740458016,3.5648854961832064
I44_21_05.png,val,1.43,0.1094147582697201,1.4376590330788803
I44_22_01.png,val,4.53,0.8982188295165395,4.592875318066158
I44_22_02.png,val,4.33,0.8473282442748092,4.389312977099237
I44_22_03.png,val,4.2,0.8142493638676845,4.256997455470739
I44_22_04.png,val,3.22,0.5648854961832062,3.2595419847328246
I44_22_05.png,val,2.33,0.3384223918575064,2.3536895674300258
I44_23_01.png,val,2.73,0.4402035623409669,2.760814249363868
I44_23_02.png,val,2.57,0.3994910941475826,2.59796437659033
I44_23_03.png,val,2.23,0.3129770992366412,2.2519083969465647
I44_23_04.png,val,1.97,0.2468193384223918,1.987277353689568
I44_23_05.png,val,1.97,0.2468193384223918,1.987277353689568
I44_24_01.png,val,3.6,0.6615776081424937,3.646310432569975
I44_24_02.png,val,2.45,0.3689567430025446,2.4758269720101787
I44_24_03.png,val,2.0,0.2544529262086514,2.017811704834606
I44_24_04.png,val,1.73,0.1857506361323155,1.7430025445292625
I44_24_05.png,val,1.2,0.0508905852417302,1.2035623409669212
I44_25_01.png,val,3.17,0.5521628498727735,3.208651399491094
I44_25_02.png,val,3.57,0.6539440203562341,3.615776081424937
I44_25_03.png,val,4.17,0.806615776081425,4.2264631043257
I44_25_04.png,val,3.4,0.6106870229007634,3.442748091603053
I44_25_05.png,val,2.97,0.5012722646310434,3.0050890585241734
I45_01_01.png,train,4.57,0.9083969465648856,4.633587786259543
I45_01_02.png,train,4.3,0.8396946564885497,4.358778625954199
I45_01_03.png,train,2.63,0.4147582697201017,2.659033078880407
I45_01_04.png,train,1.45,0.1145038167938931,1.4580152671755724
I45_01_05.png,train,1.23,0.0585241730279898,1.2340966921119594
I45_02_01.png,train,3.63,0.6692111959287532,3.676844783715013
I45_02_02.png,train,2.13,0.2875318066157761,2.1501272264631046
I45_02_03.png,train,1.5,0.1272264631043257,1.508905852417303
I45_02_04.png,train,1.4,0.1017811704834605,1.407124681933842
I45_02_05.png,train,1.17,0.0432569974554707,1.173027989821883
I45_03_01.png,train,4.6,0.916030534351145,4.66412213740458
I45_03_02.png,train,3.8,0.712468193384224,3.849872773536896
I45_03_03.png,train,2.53,0.3893129770992366,2.5572519083969465
I45_03_04.png,train,1.9,0.2290076335877862,1.916030534351145
I45_03_05.png,train,1.6,0.1526717557251908,1.6106870229007637
I45_04_01.png,train,4.7,0.9414758269720104,4.765903307888041
I45_04_02.png,train,2.8,0.4580152671755725,2.83206106870229
I45_04_03.png,train,1.5,0.1272264631043257,1.508905852417303
I45_04_04.png,train,1.6,0.1526717557251908,1.6106870229007637
I45_04_05.png,train,1.3,0.0763358778625954,1.3053435114503815
I45_05_01.png,train,3.8,0.712468193384224,3.849872773536896
I45_05_02.png,train,2.69,0.4300254452926209,2.7201017811704835
I45_05_03.png,train,1.63,0.1603053435114503,1.6412213740458017
I45_05_04.png,train,1.53,0.1348600508905852,1.5394402035623411
I45_05_05.png,train,1.63,0.1603053435114503,1.6412213740458017
I45_06_01.png,train,3.33,0.5928753180661578,3.371501272264631
I45_06_02.png,train,3.0,0.5089058524173028,3.035623409669211
I45_06_03.png,train,2.5,0.3816793893129771,2.5267175572519083
I45_06_04.png,train,2.47,0.3740458015267176,2.4961832061068705
I45_06_05.png,train,1.53,0.1348600508905852,1.5394402035623411
I45_07_01.png,train,2.93,0.4910941475826972,2.9643765903307893
I45_07_02.png,train,2.67,0.4249363867684478,2.699745547073792
I45_07_03.png,train,2.3,0.3307888040712468,2.323155216284987
I45_07_04.png,train,2.57,0.3994910941475826,2.59796437659033
I45_07_05.png,train,1.93,0.2366412213740458,1.9465648854961832
I45_08_01.png,train,4.53,0.8982188295165395,4.592875318066158
I45_08_02.png,train,3.4,0.6106870229007634,3.442748091603053
I45_08_03.png,train,2.63,0.4147582697201017,2.659033078880407
I45_08_04.png,train,1.37,0.094147582697201,1.376590330788804
I45_08_05.png,train,1.3,0.0763358778625954,1.3053435114503815
I45_09_01.png,train,4.5,0.89058524173028,4.56234096692112
I45_09_02.png,train,4.47,0.8829516539440203,4.531806615776081
I45_09_03.png,train,3.23,0.5674300254452926,3.2697201017811706
I45_09_04.png,train,2.03,0.2620865139949109,2.048346055979644
I45_09_05.png,train,1.13,0.0330788804071246,1.1323155216284986
I45_10_01.png,train,4.1,0.7888040712468193,4.155216284987278
I45_10_02.png,train,4.06,0.7786259541984732,4.114503816793893
I45_10_03.png,train,3.58,0.6564885496183207,3.625954198473283
I45_10_04.png,train,1.53,0.1348600508905852,1.5394402035623411
I45_10_05.png,train,1.13,0.0330788804071246,1.1323155216284986
I45_11_01.png,train,3.97,0.7557251908396948,4.022900763358779
I45_11_02.png,train,3.17,0.5521628498727735,3.208651399491094
I45_11_03.png,train,2.67,0.4249363867684478,2.699745547073792
I45_11_04.png,train,2.4,0.356234096692112,2.424936386768448
I45_11_05.png,train,2.33,0.3384223918575064,2.3536895674300258
I45_12_01.png,train,4.47,0.8829516539440203,4.531806615776081
I45_12_02.png,train,3.43,0.6183206106870229,3.473282442748092
I45_12_03.png,train,2.94,0.4936386768447837,2.974554707379135
I45_12_04.png,train,2.27,0.3231552162849873,2.2926208651399493
I45_12_05.png,train,2.23,0.3129770992366412,2.2519083969465647
I45_13_01.png,train,3.37,0.6030534351145039,3.412213740458016
I45_13_02.png,train,2.8,0.4580152671755725,2.83206106870229
I45_13_03.png,train,2.71,0.4351145038167939,2.740458015267176
I45_13_04.png,train,2.37,0.3486005089058525,2.39440203562341
I45_13_05.png,train,2.03,0.2620865139949109,2.048346055979644
I45_14_01.png,train,4.27,0.83206106870229,4.32824427480916
I45_14_02.png,train,3.23,0.5674300254452926,3.2697201017811706
I45_14_03.png,train,2.77,0.450381679389313,2.801526717557252
I45_14_04.png,train,2.3,0.3307888040712468,2.323155216284987
I45_14_05.png,train,1.73,0.1857506361323155,1.7430025445292625
I45_15_01.png,train,3.6,0.6615776081424937,3.646310432569975
I45_15_02.png,train,2.27,0.3231552162849873,2.2926208651399493
I45_15_03.png,train,1.63,0.1603053435114503,1.6412213740458017
I45_15_04.png,train,1.47,0.1195928753180661,1.478371501272265
I45_15_05.png,train,1.3,0.0763358778625954,1.3053435114503815
I45_16_01.png,train,4.63,0.9236641221374048,4.694656488549619
I45_16_02.png,train,4.4,0.8651399491094149,4.46055979643766
I45_16_03.png,train,3.7,0.6870229007633589,3.748091603053436
I45_16_04.png,train,2.3,0.3307888040712468,2.323155216284987
I45_16_05.png,train,1.47,0.1195928753180661,1.478371501272265
I45_17_01.png,train,4.67,0.9338422391857508,4.735368956743002
I45_17_02.png,train,4.63,0.9236641221374048,4.694656488549619
I45_17_03.png,train,4.17,0.806615776081425,4.2264631043257
I45_17_04.png,train,3.97,0.7557251908396948,4.022900763358779
I45_17_05.png,train,2.87,0.4758269720101782,2.903307888040713
I45_18_01.png,train,4.3,0.8396946564885497,4.358778625954199
I45_18_02.png,train,4.43,0.8727735368956743,4.491094147582697
I45_18_03.png,train,4.53,0.8982188295165395,4.592875318066158
I45_18_04.png,train,4.43,0.8727735368956743,4.491094147582697
I45_18_05.png,train,4.03,0.7709923664122139,4.083969465648856
I45_19_01.png,train,4.4,0.8651399491094149,4.46055979643766
I45_19_02.png,train,4.3,0.8396946564885497,4.358778625954199
I45_19_03.png,train,2.9,0.4834605597964376,2.9338422391857506
I45_19_04.png,train,1.57,0.1450381679389313,1.5801526717557253
I45_19_05.png,train,1.4,0.1017811704834605,1.407124681933842
I45_20_01.png,train,4.27,0.83206106870229,4.32824427480916
I45_20_02.png,train,3.27,0.5776081424936387,3.3104325699745547
I45_20_03.png,train,2.67,0.4249363867684478,2.699745547073792
I45_20_04.png,train,3.13,0.5419847328244275,3.16793893129771
I45_20_05.png,train,2.07,0.272264631043257,2.089058524173028
I45_21_01.png,train,3.77,0.7048346055979644,3.8193384223918576
I45_21_02.png,train,2.43,0.3638676844783716,2.4554707379134864
I45_21_03.png,train,2.6,0.4071246819338422,2.6284987277353693
I45_21_04.png,train,2.4,0.356234096692112,2.424936386768448
I45_21_05.png,train,1.23,0.0585241730279898,1.2340966921119594
I45_22_01.png,train,4.23,0.8218829516539442,4.287531806615776
I45_22_02.png,train,4.1,0.7888040712468193,4.155216284987278
I45_22_03.png,train,3.73,0.6946564885496184,3.7786259541984735
I45_22_04.png,train,3.3,0.5852417302798982,3.340966921119593
I45_22_05.png,train,2.47,0.3740458015267176,2.4961832061068705
I45_23_01.png,train,4.03,0.7709923664122139,4.083969465648856
I45_23_02.png,train,2.77,0.450381679389313,2.801526717557252
I45_23_03.png,train,2.4,0.356234096692112,2.424936386768448
I45_23_04.png,train,1.97,0.2468193384223918,1.987277353689568
I45_23_05.png,train,1.97,0.2468193384223918,1.987277353689568
I45_24_01.png,train,3.4,0.6106870229007634,3.442748091603053
I45_24_02.png,train,2.53,0.3893129770992366,2.5572519083969465
I45_24_03.png,train,2.1,0.2798982188295166,2.1195928753180664
I45_24_04.png,train,1.53,0.1348600508905852,1.5394402035623411
I45_24_05.png,train,1.37,0.094147582697201,1.376590330788804
I45_25_01.png,train,3.4,0.6106870229007634,3.442748091603053
I45_25_02.png,train,3.8,0.712468193384224,3.849872773536896
I45_25_03.png,train,4.27,0.83206106870229,4.32824427480916
I45_25_04.png,train,4.27,0.83206106870229,4.32824427480916
I45_25_05.png,train,3.2,0.5597964376590332,3.239185750636133
I46_01_01.png,train,4.65,0.9287531806615776,4.715012722646311
I46_01_02.png,train,4.33,0.8473282442748092,4.389312977099237
I46_01_03.png,train,2.97,0.5012722646310434,3.0050890585241734
I46_01_04.png,train,1.63,0.1603053435114503,1.6412213740458017
I46_01_05.png,train,1.17,0.0432569974554707,1.173027989821883
I46_02_01.png,train,4.03,0.7709923664122139,4.083969465648856
I46_02_02.png,train,2.5,0.3816793893129771,2.5267175572519083
I46_02_03.png,train,1.73,0.1857506361323155,1.7430025445292625
I46_02_04.png,train,1.33,0.0839694656488549,1.33587786259542
I46_02_05.png,train,1.2,0.0508905852417302,1.2035623409669212
I46_03_01.png,train,4.67,0.9338422391857508,4.735368956743002
I46_03_02.png,train,4.1,0.7888040712468193,4.155216284987278
I46_03_03.png,train,3.3,0.5852417302798982,3.340966921119593
I46_03_04.png,train,2.0,0.2544529262086514,2.017811704834606
I46_03_05.png,train,1.53,0.1348600508905852,1.5394402035623411
I46_04_01.png,train,4.53,0.8982188295165395,4.592875318066158
I46_04_02.png,train,2.47,0.3740458015267176,2.4961832061068705
I46_04_03.png,train,1.73,0.1857506361323155,1.7430025445292625
I46_04_04.png,train,1.45,0.1145038167938931,1.4580152671755724
I46_04_05.png,train,1.5,0.1272264631043257,1.508905852417303
I46_05_01.png,train,4.53,0.8982188295165395,4.592875318066158
I46_05_02.png,train,2.8,0.4580152671755725,2.83206106870229
I46_05_03.png,train,2.37,0.3486005089058525,2.39440203562341
I46_05_04.png,train,2.43,0.3638676844783716,2.4554707379134864
I46_05_05.png,train,2.67,0.4249363867684478,2.699745547073792
I46_06_01.png,train,4.07,0.78117048346056,4.12468193384224
I46_06_02.png,train,3.9,0.7379134860050891,3.951653944020357
I46_06_03.png,train,3.67,0.6793893129770993,3.717557251908397
I46_06_04.png,train,3.1,0.534351145038168,3.137404580152672
I46_06_05.png,train,2.37,0.3486005089058525,2.39440203562341
I46_07_01.png,train,2.35,0.3435114503816794,2.3740458015267176
I46_07_02.png,train,2.57,0.3994910941475826,2.59796437659033
I46_07_03.png,train,2.13,0.2875318066157761,2.1501272264631046
I46_07_04.png,train,1.7,0.178117048346056,1.712468193384224
I46_07_05.png,train,1.63,0.1603053435114503,1.6412213740458017
I46_08_01.png,train,4.6,0.916030534351145,4.66412213740458
I46_08_02.png,train,3.33,0.5928753180661578,3.371501272264631
I46_08_03.png,train,2.47,0.3740458015267176,2.4961832061068705
I46_08_04.png,train,1.37,0.094147582697201,1.376590330788804
I46_08_05.png,train,1.3,0.0763358778625954,1.3053435114503815
I46_09_01.png,train,4.53,0.8982188295165395,4.592875318066158
I46_09_02.png,train,4.1,0.7888040712468193,4.155216284987278
I46_09_03.png,train,3.67,0.6793893129770993,3.717557251908397
I46_09_04.png,train,1.97,0.2468193384223918,1.987277353689568
I46_09_05.png,train,1.17,0.0432569974554707,1.173027989821883
I46_10_01.png,train,4.67,0.9338422391857508,4.735368956743002
I46_10_02.png,train,4.43,0.8727735368956743,4.491094147582697
I46_10_03.png,train,4.13,0.796437659033079,4.185750636132315
I46_10_04.png,train,2.03,0.2620865139949109,2.048346055979644
I46_10_05.png,train,1.4,0.1017811704834605,1.407124681933842
I46_11_01.png,train,4.23,0.8218829516539442,4.287531806615776
I46_11_02.png,train,3.8,0.712468193384224,3.849872773536896
I46_11_03.png,train,3.6,0.6615776081424937,3.646310432569975
I46_11_04.png,train,3.03,0.5165394402035624,3.0661577608142494
I46_11_05.png,train,2.3,0.3307888040712468,2.323155216284987
I46_12_01.png,train,4.63,0.9236641221374048,4.694656488549619
I46_12_02.png,train,4.17,0.806615776081425,4.2264631043257
I46_12_03.png,train,3.7,0.6870229007633589,3.748091603053436
I46_12_04.png,train,3.13,0.5419847328244275,3.16793893129771
I46_12_05.png,train,2.77,0.450381679389313,2.801526717557252
I46_13_01.png,train,4.4,0.8651399491094149,4.46055979643766
I46_13_02.png,train,3.6,0.6615776081424937,3.646310432569975
I46_13_03.png,train,3.37,0.6030534351145039,3.412213740458016
I46_13_04.png,train,2.73,0.4402035623409669,2.760814249363868
I46_13_05.png,train,2.3,0.3307888040712468,2.323155216284987
I46_14_01.png,train,4.53,0.8982188295165395,4.592875318066158
I46_14_02.png,train,3.77,0.7048346055979644,3.8193384223918576
I46_14_03.png,train,3.07,0.5267175572519084,3.106870229007633
I46_14_04.png,train,2.5,0.3816793893129771,2.5267175572519083
I46_14_05.png,train,1.87,0.2213740458015267,1.885496183206107
I46_15_01.png,train,4.23,0.8218829516539442,4.287531806615776
I46_15_02.png,train,3.3,0.5852417302798982,3.340966921119593
I46_15_03.png,train,2.8,0.4580152671755725,2.83206106870229
I46_15_04.png,train,1.72,0.183206106870229,1.732824427480916
I46_15_05.png,train,1.3,0.0763358778625954,1.3053435114503815
I46_16_01.png,train,4.63,0.9236641221374048,4.694656488549619
I46_16_02.png,train,4.4,0.8651399491094149,4.46055979643766
I46_16_03.png,train,3.67,0.6793893129770993,3.717557251908397
I46_16_04.png,train,2.43,0.3638676844783716,2.4554707379134864
I46_16_05.png,train,1.67,0.1704834605597964,1.681933842239186
I46_17_01.png,train,4.67,0.9338422391857508,4.735368956743002
I46_17_02.png,train,4.63,0.9236641221374048,4.694656488549619
I46_17_03.png,train,4.27,0.83206106870229,4.32824427480916
I46_17_04.png,train,3.6,0.6615776081424937,3.646310432569975
I46_17_05.png,train,2.33,0.3384223918575064,2.3536895674300258
I46_18_01.png,train,3.97,0.7557251908396948,4.022900763358779
I46_18_02.png,train,4.57,0.9083969465648856,4.633587786259543
I46_18_03.png,train,4.73,0.94910941475827,4.79643765903308
I46_18_04.png,train,4.67,0.9338422391857508,4.735368956743002
I46_18_05.png,train,3.97,0.7557251908396948,4.022900763358779
I46_19_01.png,train,4.53,0.8982188295165395,4.592875318066158
I46_19_02.png,train,4.1,0.7888040712468193,4.155216284987278
I46_19_03.png,train,3.33,0.5928753180661578,3.371501272264631
I46_19_04.png,train,1.87,0.2213740458015267,1.885496183206107
I46_19_05.png,train,1.33,0.0839694656488549,1.33587786259542
I46_20_01.png,train,4.6,0.916030534351145,4.66412213740458
I46_20_02.png,train,4.5,0.89058524173028,4.56234096692112
I46_20_03.png,train,4.43,0.8727735368956743,4.491094147582697
I46_20_04.png,train,4.23,0.8218829516539442,4.287531806615776
I46_20_05.png,train,4.37,0.8575063613231553,4.430025445292621
I46_21_01.png,train,3.7,0.6870229007633589,3.748091603053436
I46_21_02.png,train,2.9,0.4834605597964376,2.9338422391857506
I46_21_03.png,train,2.43,0.3638676844783716,2.4554707379134864
I46_21_04.png,train,2.47,0.3740458015267176,2.4961832061068705
I46_21_05.png,train,1.6,0.1526717557251908,1.6106870229007637
I46_22_01.png,train,4.57,0.9083969465648856,4.633587786259543
I46_22_02.png,train,4.67,0.9338422391857508,4.735368956743002
I46_22_03.png,train,4.43,0.8727735368956743,4.491094147582697
I46_22_04.png,train,4.5,0.89058524173028,4.56234096692112
I46_22_05.png,train,3.93,0.7455470737913487,3.982188295165394
I46_23_01.png,train,2.83,0.4656488549618321,2.862595419847328
I46_23_02.png,train,2.57,0.3994910941475826,2.59796437659033
I46_23_03.png,train,2.1,0.2798982188295166,2.1195928753180664
I46_23_04.png,train,2.17,0.2977099236641221,2.1908396946564883
I46_23_05.png,train,1.87,0.2213740458015267,1.885496183206107
I46_24_01.png,train,3.1,0.534351145038168,3.137404580152672
I46_24_02.png,train,2.33,0.3384223918575064,2.3536895674300258
I46_24_03.png,train,1.9,0.2290076335877862,1.916030534351145
I46_24_04.png,train,1.43,0.1094147582697201,1.4376590330788803
I46_24_05.png,train,1.3,0.0763358778625954,1.3053435114503815
I46_25_01.png,train,3.53,0.6437659033078881,3.5750636132315523
I46_25_02.png,train,4.23,0.8218829516539442,4.287531806615776
I46_25_03.png,train,4.57,0.9083969465648856,4.633587786259543
I46_25_04.png,train,4.33,0.8473282442748092,4.389312977099237
I46_25_05.png,train,3.47,0.6284987277353691,3.5139949109414763
I47_01_01.png,test,4.5,0.89058524173028,4.56234096692112
I47_01_02.png,test,4.27,0.83206106870229,4.32824427480916
I47_01_03.png,test,3.13,0.5419847328244275,3.16793893129771
I47_01_04.png,test,2.07,0.272264631043257,2.089058524173028
I47_01_05.png,test,1.47,0.1195928753180661,1.478371501272265
I47_02_01.png,test,4.27,0.83206106870229,4.32824427480916
I47_02_02.png,test,3.13,0.5419847328244275,3.16793893129771
I47_02_03.png,test,2.33,0.3384223918575064,2.3536895674300258
I47_02_04.png,test,1.5,0.1272264631043257,1.508905852417303
I47_02_05.png,test,1.37,0.094147582697201,1.376590330788804
I47_03_01.png,test,4.63,0.9236641221374048,4.694656488549619
I47_03_02.png,test,4.27,0.83206106870229,4.32824427480916
I47_03_03.png,test,3.17,0.5521628498727735,3.208651399491094
I47_03_04.png,test,2.4,0.356234096692112,2.424936386768448
I47_03_05.png,test,1.7,0.178117048346056,1.712468193384224
I47_04_01.png,test,4.67,0.9338422391857508,4.735368956743002
I47_04_02.png,test,2.57,0.3994910941475826,2.59796437659033
I47_04_03.png,test,1.6,0.1526717557251908,1.6106870229007637
I47_04_04.png,test,1.23,0.0585241730279898,1.2340966921119594
I47_04_05.png,test,1.2,0.0508905852417302,1.2035623409669212
I47_05_01.png,test,4.47,0.8829516539440203,4.531806615776081
I47_05_02.png,test,2.47,0.3740458015267176,2.4961832061068705
I47_05_03.png,test,1.93,0.2366412213740458,1.9465648854961832
I47_05_04.png,test,1.68,0.1730279898218829,1.6921119592875318
I47_05_05.png,test,1.63,0.1603053435114503,1.6412213740458017
I47_06_01.png,test,3.83,0.7201017811704835,3.880407124681934
I47_06_02.png,test,3.4,0.6106870229007634,3.442748091603053
I47_06_03.png,test,3.13,0.5419847328244275,3.16793893129771
I47_06_04.png,test,3.0,0.5089058524173028,3.035623409669211
I47_06_05.png,test,2.33,0.3384223918575064,2.3536895674300258
I47_07_01.png,test,2.47,0.3740458015267176,2.4961832061068705
I47_07_02.png,test,2.0,0.2544529262086514,2.017811704834606
I47_07_03.png,test,1.93,0.2366412213740458,1.9465648854961832
I47_07_04.png,test,2.27,0.3231552162849873,2.2926208651399493
I47_07_05.png,test,1.73,0.1857506361323155,1.7430025445292625
I47_08_01.png,test,4.6,0.916030534351145,4.66412213740458
I47_08_02.png,test,3.23,0.5674300254452926,3.2697201017811706
I47_08_03.png,test,2.53,0.3893129770992366,2.5572519083969465
I47_08_04.png,test,1.23,0.0585241730279898,1.2340966921119594
I47_08_05.png,test,1.03,0.0076335877862595,1.0305343511450382
I47_09_01.png,test,4.67,0.9338422391857508,4.735368956743002
I47_09_02.png,test,4.2,0.8142493638676845,4.256997455470739
I47_09_03.png,test,4.4,0.8651399491094149,4.46055979643766
I47_09_04.png,test,3.13,0.5419847328244275,3.16793893129771
I47_09_05.png,test,1.47,0.1195928753180661,1.478371501272265
I47_10_01.png,test,4.37,0.8575063613231553,4.430025445292621
I47_10_02.png,test,4.3,0.8396946564885497,4.358778625954199
I47_10_03.png,test,3.87,0.7302798982188295,3.921119592875318
I47_10_04.png,test,1.93,0.2366412213740458,1.9465648854961832
I47_10_05.png,test,1.3,0.0763358778625954,1.3053435114503815
I47_11_01.png,test,3.9,0.7379134860050891,3.951653944020357
I47_11_02.png,test,3.5,0.6361323155216285,3.544529262086514
I47_11_03.png,test,3.17,0.5521628498727735,3.208651399491094
I47_11_04.png,test,2.63,0.4147582697201017,2.659033078880407
I47_11_05.png,test,2.1,0.2798982188295166,2.1195928753180664
I47_12_01.png,test,4.73,0.94910941475827,4.79643765903308
I47_12_02.png,test,3.73,0.6946564885496184,3.7786259541984735
I47_12_03.png,test,3.17,0.5521628498727735,3.208651399491094
I47_12_04.png,test,2.67,0.4249363867684478,2.699745547073792
I47_12_05.png,test,2.39,0.3536895674300255,2.414758269720102
I47_13_01.png,test,3.67,0.6793893129770993,3.717557251908397
I47_13_02.png,test,2.8,0.4580152671755725,2.83206106870229
I47_13_03.png,test,2.47,0.3740458015267176,2.4961832061068705
I47_13_04.png,test,2.1,0.2798982188295166,2.1195928753180664
I47_13_05.png,test,1.83,0.2111959287531807,1.8447837150127229
I47_14_01.png,test,4.83,0.974554707379135,4.89821882951654
I47_14_02.png,test,3.73,0.6946564885496184,3.7786259541984735
I47_14_03.png,test,2.7,0.4325699745547074,2.73027989821883
I47_14_04.png,test,2.7,0.4325699745547074,2.73027989821883
I47_14_05.png,test,1.87,0.2213740458015267,1.885496183206107
I47_15_01.png,test,3.73,0.6946564885496184,3.7786259541984735
I47_15_02.png,test,2.77,0.450381679389313,2.801526717557252
I47_15_03.png,test,2.13,0.2875318066157761,2.1501272264631046
I47_15_04.png,test,1.6,0.1526717557251908,1.6106870229007637
I47_15_05.png,test,1.23,0.0585241730279898,1.2340966921119594
I47_16_01.png,test,4.65,0.9287531806615776,4.715012722646311
I47_16_02.png,test,4.53,0.8982188295165395,4.592875318066158
I47_16_03.png,test,3.73,0.6946564885496184,3.7786259541984735
I47_16_04.png,test,2.17,0.2977099236641221,2.1908396946564883
I47_16_05.png,test,1.9,0.2290076335877862,1.916030534351145
I47_17_01.png,test,4.67,0.9338422391857508,4.735368956743002
I47_17_02.png,test,4.4,0.8651399491094149,4.46055979643766
I47_17_03.png,test,4.3,0.8396946564885497,4.358778625954199
I47_17_04.png,test,3.8,0.712468193384224,3.849872773536896
I47_17_05.png,test,2.57,0.3994910941475826,2.59796437659033
I47_18_01.png,test,4.53,0.8982188295165395,4.592875318066158
I47_18_02.png,test,4.53,0.8982188295165395,4.592875318066158
I47_18_03.png,test,4.63,0.9236641221374048,4.694656488549619
I47_18_04.png,test,4.5,0.89058524173028,4.56234096692112
I47_18_05.png,test,4.3,0.8396946564885497,4.358778625954199
I47_19_01.png,test,4.53,0.8982188295165395,4.592875318066158
I47_19_02.png,test,4.33,0.8473282442748092,4.389312977099237
I47_19_03.png,test,3.2,0.5597964376590332,3.239185750636133
I47_19_04.png,test,1.97,0.2468193384223918,1.987277353689568
I47_19_05.png,test,1.27,0.0687022900763358,1.2748091603053435
I47_20_01.png,test,4.43,0.8727735368956743,4.491094147582697
I47_20_02.png,test,3.81,0.7150127226463106,3.860050890585242
I47_20_03.png,test,3.43,0.6183206106870229,3.473282442748092
I47_20_04.png,test,3.57,0.6539440203562341,3.615776081424937
I47_20_05.png,test,3.07,0.5267175572519084,3.106870229007633
I47_21_01.png,test,3.8,0.712468193384224,3.849872773536896
I47_21_02.png,test,2.97,0.5012722646310434,3.0050890585241734
I47_21_03.png,test,3.53,0.6437659033078881,3.5750636132315523
I47_21_04.png,test,2.93,0.4910941475826972,2.9643765903307893
I47_21_05.png,test,1.83,0.2111959287531807,1.8447837150127229
I47_22_01.png,test,4.17,0.806615776081425,4.2264631043257
I47_22_02.png,test,4.39,0.8625954198473282,4.450381679389313
I47_22_03.png,test,3.63,0.6692111959287532,3.676844783715013
I47_22_04.png,test,3.43,0.6183206106870229,3.473282442748092
I47_22_05.png,test,2.37,0.3486005089058525,2.39440203562341
I47_23_01.png,test,2.47,0.3740458015267176,2.4961832061068705
I47_23_02.png,test,2.1,0.2798982188295166,2.1195928753180664
I47_23_03.png,test,2.47,0.3740458015267176,2.4961832061068705
I47_23_04.png,test,1.8,0.2035623409669211,1.8142493638676849
I47_23_05.png,test,1.8,0.2035623409669211,1.8142493638676849
I47_24_01.png,test,4.0,0.7633587786259542,4.0534351145038165
I47_24_02.png,test,2.83,0.4656488549618321,2.862595419847328
I47_24_03.png,test,2.6,0.4071246819338422,2.6284987277353693
I47_24_04.png,test,1.5,0.1272264631043257,1.508905852417303
I47_24_05.png,test,1.3,0.0763358778625954,1.3053435114503815
I47_25_01.png,test,3.63,0.6692111959287532,3.676844783715013
I47_25_02.png,test,4.13,0.796437659033079,4.185750636132315
I47_25_03.png,test,4.6,0.916030534351145,4.66412213740458
I47_25_04.png,test,4.2,0.8142493638676845,4.256997455470739
I47_25_05.png,test,2.97,0.5012722646310434,3.0050890585241734
I48_01_01.png,train,4.53,0.8982188295165395,4.592875318066158
I48_01_02.png,train,4.75,0.9541984732824428,4.816793893129772
I48_01_03.png,train,3.5,0.6361323155216285,3.544529262086514
I48_01_04.png,train,2.2,0.3053435114503817,2.221374045801527
I48_01_05.png,train,1.23,0.0585241730279898,1.2340966921119594
I48_02_01.png,train,4.13,0.796437659033079,4.185750636132315
I48_02_02.png,train,3.03,0.5165394402035624,3.0661577608142494
I48_02_03.png,train,1.87,0.2213740458015267,1.885496183206107
I48_02_04.png,train,1.7,0.178117048346056,1.712468193384224
I48_02_05.png,train,1.23,0.0585241730279898,1.2340966921119594
I48_03_01.png,train,4.53,0.8982188295165395,4.592875318066158
I48_03_02.png,train,4.27,0.83206106870229,4.32824427480916
I48_03_03.png,train,3.23,0.5674300254452926,3.2697201017811706
I48_03_04.png,train,2.48,0.3765903307888041,2.5063613231552164
I48_03_05.png,train,2.13,0.2875318066157761,2.1501272264631046
I48_04_01.png,train,4.63,0.9236641221374048,4.694656488549619
I48_04_02.png,train,2.27,0.3231552162849873,2.2926208651399493
I48_04_03.png,train,1.57,0.1450381679389313,1.5801526717557253
I48_04_04.png,train,1.43,0.1094147582697201,1.4376590330788803
I48_04_05.png,train,1.5,0.1272264631043257,1.508905852417303
I48_05_01.png,train,4.53,0.8982188295165395,4.592875318066158
I48_05_02.png,train,2.7,0.4325699745547074,2.73027989821883
I48_05_03.png,train,1.8,0.2035623409669211,1.8142493638676849
I48_05_04.png,train,1.77,0.1959287531806616,1.7837150127226464
I48_05_05.png,train,1.9,0.2290076335877862,1.916030534351145
I48_06_01.png,train,4.07,0.78117048346056,4.12468193384224
I48_06_02.png,train,4.1,0.7888040712468193,4.155216284987278
I48_06_03.png,train,3.57,0.6539440203562341,3.615776081424937
I48_06_04.png,train,3.03,0.5165394402035624,3.0661577608142494
I48_06_05.png,train,2.07,0.272264631043257,2.089058524173028
I48_07_01.png,train,2.77,0.450381679389313,2.801526717557252
I48_07_02.png,train,2.6,0.4071246819338422,2.6284987277353693
I48_07_03.png,train,2.13,0.2875318066157761,2.1501272264631046
I48_07_04.png,train,2.27,0.3231552162849873,2.2926208651399493
I48_07_05.png,train,2.37,0.3486005089058525,2.39440203562341
I48_08_01.png,train,4.47,0.8829516539440203,4.531806615776081
I48_08_02.png,train,3.0,0.5089058524173028,3.035623409669211
I48_08_03.png,train,2.63,0.4147582697201017,2.659033078880407
I48_08_04.png,train,1.57,0.1450381679389313,1.5801526717557253
I48_08_05.png,train,1.2,0.0508905852417302,1.2035623409669212
I48_09_01.png,train,4.5,0.89058524173028,4.56234096692112
I48_09_02.png,train,4.57,0.9083969465648856,4.633587786259543
I48_09_03.png,train,4.63,0.9236641221374048,4.694656488549619
I48_09_04.png,train,3.55,0.648854961832061,3.595419847328244
I48_09_05.png,train,1.47,0.1195928753180661,1.478371501272265
I48_10_01.png,train,4.7,0.9414758269720104,4.765903307888041
I48_10_02.png,train,4.5,0.89058524173028,4.56234096692112
I48_10_03.png,train,4.17,0.806615776081425,4.2264631043257
I48_10_04.png,train,1.8,0.2035623409669211,1.8142493638676849
I48_10_05.png,train,1.17,0.0432569974554707,1.173027989821883
I48_11_01.png,train,3.77,0.7048346055979644,3.8193384223918576
I48_11_02.png,train,3.07,0.5267175572519084,3.106870229007633
I48_11_03.png,train,2.9,0.4834605597964376,2.9338422391857506
I48_11_04.png,train,2.67,0.4249363867684478,2.699745547073792
I48_11_05.png,train,2.1,0.2798982188295166,2.1195928753180664
I48_12_01.png,train,4.5,0.89058524173028,4.56234096692112
I48_12_02.png,train,3.67,0.6793893129770993,3.717557251908397
I48_12_03.png,train,2.93,0.4910941475826972,2.9643765903307893
I48_12_04.png,train,2.77,0.450381679389313,2.801526717557252
I48_12_05.png,train,2.27,0.3231552162849873,2.2926208651399493
I48_13_01.png,train,3.13,0.5419847328244275,3.16793893129771
I48_13_02.png,train,2.8,0.4580152671755725,2.83206106870229
I48_13_03.png,train,2.47,0.3740458015267176,2.4961832061068705
I48_13_04.png,train,2.06,0.2697201017811705,2.0788804071246823
I48_13_05.png,train,2.27,0.3231552162849873,2.2926208651399493
I48_14_01.png,train,4.5,0.89058524173028,4.56234096692112
I48_14_02.png,train,2.97,0.5012722646310434,3.0050890585241734
I48_14_03.png,train,2.9,0.4834605597964376,2.9338422391857506
I48_14_04.png,train,2.33,0.3384223918575064,2.3536895674300258
I48_14_05.png,train,2.06,0.2697201017811705,2.0788804071246823
I48_15_01.png,train,3.3,0.5852417302798982,3.340966921119593
I48_15_02.png,train,2.63,0.4147582697201017,2.659033078880407
I48_15_03.png,train,2.03,0.2620865139949109,2.048346055979644
I48_15_04.png,train,1.63,0.1603053435114503,1.6412213740458017
I48_15_05.png,train,1.73,0.1857506361323155,1.7430025445292625
I48_16_01.png,train,4.43,0.8727735368956743,4.491094147582697
I48_16_02.png,train,4.6,0.916030534351145,4.66412213740458
I48_16_03.png,train,3.9,0.7379134860050891,3.951653944020357
I48_16_04.png,train,2.6,0.4071246819338422,2.6284987277353693
I48_16_05.png,train,1.7,0.178117048346056,1.712468193384224
I48_17_01.png,train,4.47,0.8829516539440203,4.531806615776081
I48_17_02.png,train,4.77,0.9592875318066156,4.837150127226463
I48_17_03.png,train,4.47,0.8829516539440203,4.531806615776081
I48_17_04.png,train,3.37,0.6030534351145039,3.412213740458016
I48_17_05.png,train,2.4,0.356234096692112,2.424936386768448
I48_18_01.png,train,4.53,0.8982188295165395,4.592875318066158
I48_18_02.png,train,4.63,0.9236641221374048,4.694656488549619
I48_18_03.png,train,4.53,0.8982188295165395,4.592875318066158
I48_18_04.png,train,4.3,0.8396946564885497,4.358778625954199
I48_18_05.png,train,3.87,0.7302798982188295,3.921119592875318
I48_19_01.png,train,4.7,0.9414758269720104,4.765903307888041
I48_19_02.png,train,4.5,0.89058524173028,4.56234096692112
I48_19_03.png,train,3.6,0.6615776081424937,3.646310432569975
I48_19_04.png,train,2.3,0.3307888040712468,2.323155216284987
I48_19_05.png,train,1.5,0.1272264631043257,1.508905852417303
I48_20_01.png,train,4.33,0.8473282442748092,4.389312977099237
I48_20_02.png,train,3.17,0.5521628498727735,3.208651399491094
I48_20_03.png,train,2.73,0.4402035623409669,2.760814249363868
I48_20_04.png,train,2.4,0.356234096692112,2.424936386768448
I48_20_05.png,train,2.67,0.4249363867684478,2.699745547073792
I48_21_01.png,train,3.87,0.7302798982188295,3.921119592875318
I48_21_02.png,train,3.5,0.6361323155216285,3.544529262086514
I48_21_03.png,train,2.93,0.4910941475826972,2.9643765903307893
I48_21_04.png,train,3.44,0.6208651399491094,3.4834605597964376
I48_21_05.png,train,1.6,0.1526717557251908,1.6106870229007637
I48_22_01.png,train,3.23,0.5674300254452926,3.2697201017811706
I48_22_02.png,train,3.03,0.5165394402035624,3.0661577608142494
I48_22_03.png,train,2.7,0.4325699745547074,2.73027989821883
I48_22_04.png,train,2.3,0.3307888040712468,2.323155216284987
I48_22_05.png,train,1.97,0.2468193384223918,1.987277353689568
I48_23_01.png,train,3.23,0.5674300254452926,3.2697201017811706
I48_23_02.png,train,2.47,0.3740458015267176,2.4961832061068705
I48_23_03.png,train,2.3,0.3307888040712468,2.323155216284987
I48_23_04.png,train,2.1,0.2798982188295166,2.1195928753180664
I48_23_05.png,train,1.97,0.2468193384223918,1.987277353689568
I48_24_01.png,train,3.57,0.6539440203562341,3.615776081424937
I48_24_02.png,train,2.55,0.3944020356234096,2.577608142493639
I48_24_03.png,train,2.37,0.3486005089058525,2.39440203562341
I48_24_04.png,train,1.4,0.1017811704834605,1.407124681933842
I48_24_05.png,train,1.5,0.1272264631043257,1.508905852417303
I48_25_01.png,train,3.1,0.534351145038168,3.137404580152672
I48_25_02.png,train,3.67,0.6793893129770993,3.717557251908397
I48_25_03.png,train,4.13,0.796437659033079,4.185750636132315
I48_25_04.png,train,4.5,0.89058524173028,4.56234096692112
I48_25_05.png,train,3.9,0.7379134860050891,3.951653944020357
I49_01_01.png,test,4.63,0.9236641221374048,4.694656488549619
I49_01_02.png,test,4.63,0.9236641221374048,4.694656488549619
I49_01_03.png,test,3.3,0.5852417302798982,3.340966921119593
I49_01_04.png,test,2.47,0.3740458015267176,2.4961832061068705
I49_01_05.png,test,1.37,0.094147582697201,1.376590330788804
I49_02_01.png,test,4.27,0.83206106870229,4.32824427480916
I49_02_02.png,test,3.27,0.5776081424936387,3.3104325699745547
I49_02_03.png,test,2.26,0.3206106870229007,2.282442748091603
I49_02_04.png,test,1.6,0.1526717557251908,1.6106870229007637
I49_02_05.png,test,1.77,0.1959287531806616,1.7837150127226464
I49_03_01.png,test,4.73,0.94910941475827,4.79643765903308
I49_03_02.png,test,4.47,0.8829516539440203,4.531806615776081
I49_03_03.png,test,3.0,0.5089058524173028,3.035623409669211
I49_03_04.png,test,2.5,0.3816793893129771,2.5267175572519083
I49_03_05.png,test,1.8,0.2035623409669211,1.8142493638676849
I49_04_01.png,test,4.77,0.9592875318066156,4.837150127226463
I49_04_02.png,test,3.13,0.5419847328244275,3.16793893129771
I49_04_03.png,test,1.93,0.2366412213740458,1.9465648854961832
I49_04_04.png,test,2.23,0.3129770992366412,2.2519083969465647
I49_04_05.png,test,2.33,0.3384223918575064,2.3536895674300258
I49_05_01.png,test,4.5,0.89058524173028,4.56234096692112
I49_05_02.png,test,3.4,0.6106870229007634,3.442748091603053
I49_05_03.png,test,2.43,0.3638676844783716,2.4554707379134864
I49_05_04.png,test,2.7,0.4325699745547074,2.73027989821883
I49_05_05.png,test,2.63,0.4147582697201017,2.659033078880407
I49_06_01.png,test,4.53,0.8982188295165395,4.592875318066158
I49_06_02.png,test,4.6,0.916030534351145,4.66412213740458
I49_06_03.png,test,4.4,0.8651399491094149,4.46055979643766
I49_06_04.png,test,3.9,0.7379134860050891,3.951653944020357
I49_06_05.png,test,2.93,0.4910941475826972,2.9643765903307893
I49_07_01.png,test,3.27,0.5776081424936387,3.3104325699745547
I49_07_02.png,test,2.97,0.5012722646310434,3.0050890585241734
I49_07_03.png,test,3.23,0.5674300254452926,3.2697201017811706
I49_07_04.png,test,2.73,0.4402035623409669,2.760814249363868
I49_07_05.png,test,2.83,0.4656488549618321,2.862595419847328
I49_08_01.png,test,4.53,0.8982188295165395,4.592875318066158
I49_08_02.png,test,3.83,0.7201017811704835,3.880407124681934
I49_08_03.png,test,3.0,0.5089058524173028,3.035623409669211
I49_08_04.png,test,2.5,0.3816793893129771,2.5267175572519083
I49_08_05.png,test,2.1,0.2798982188295166,2.1195928753180664
I49_09_01.png,test,4.7,0.9414758269720104,4.765903307888041
I49_09_02.png,test,4.63,0.9236641221374048,4.694656488549619
I49_09_03.png,test,4.52,0.8956743002544529,4.582697201017812
I49_09_04.png,test,3.63,0.6692111959287532,3.676844783715013
I49_09_05.png,test,1.67,0.1704834605597964,1.681933842239186
I49_10_01.png,test,4.57,0.9083969465648856,4.633587786259543
I49_10_02.png,test,4.47,0.8829516539440203,4.531806615776081
I49_10_03.png,test,4.3,0.8396946564885497,4.358778625954199
I49_10_04.png,test,1.8,0.2035623409669211,1.8142493638676849
I49_10_05.png,test,1.37,0.094147582697201,1.376590330788804
I49_11_01.png,test,3.8,0.712468193384224,3.849872773536896
I49_11_02.png,test,3.27,0.5776081424936387,3.3104325699745547
I49_11_03.png,test,3.0,0.5089058524173028,3.035623409669211
I49_11_04.png,test,2.8,0.4580152671755725,2.83206106870229
I49_11_05.png,test,2.63,0.4147582697201017,2.659033078880407
I49_12_01.png,test,4.57,0.9083969465648856,4.633587786259543
I49_12_02.png,test,3.9,0.7379134860050891,3.951653944020357
I49_12_03.png,test,3.17,0.5521628498727735,3.208651399491094
I49_12_04.png,test,2.73,0.4402035623409669,2.760814249363868
I49_12_05.png,test,2.5,0.3816793893129771,2.5267175572519083
I49_13_01.png,test,2.97,0.5012722646310434,3.0050890585241734
I49_13_02.png,test,2.52,0.3867684478371501,2.547073791348601
I49_13_03.png,test,2.37,0.3486005089058525,2.39440203562341
I49_13_04.png,test,1.83,0.2111959287531807,1.8447837150127229
I49_13_05.png,test,1.97,0.2468193384223918,1.987277353689568
I49_14_01.png,test,4.83,0.974554707379135,4.89821882951654
I49_14_02.png,test,4.47,0.8829516539440203,4.531806615776081
I49_14_03.png,test,4.1,0.7888040712468193,4.155216284987278
I49_14_04.png,test,3.77,0.7048346055979644,3.8193384223918576
I49_14_05.png,test,3.13,0.5419847328244275,3.16793893129771
I49_15_01.png,test,3.5,0.6361323155216285,3.544529262086514
I49_15_02.png,test,2.6,0.4071246819338422,2.6284987277353693
I49_15_03.png,test,1.8,0.2035623409669211,1.8142493638676849
I49_15_04.png,test,1.23,0.0585241730279898,1.2340966921119594
I49_15_05.png,test,1.37,0.094147582697201,1.376590330788804
I49_16_01.png,test,4.57,0.9083969465648856,4.633587786259543
I49_16_02.png,test,4.7,0.9414758269720104,4.765903307888041
I49_16_03.png,test,3.93,0.7455470737913487,3.982188295165394
I49_16_04.png,test,3.5,0.6361323155216285,3.544529262086514
I49_16_05.png,test,3.2,0.5597964376590332,3.239185750636133
I49_17_01.png,test,4.63,0.9236641221374048,4.694656488549619
I49_17_02.png,test,4.67,0.9338422391857508,4.735368956743002
I49_17_03.png,test,4.47,0.8829516539440203,4.531806615776081
I49_17_04.png,test,3.3,0.5852417302798982,3.340966921119593
I49_17_05.png,test,1.63,0.1603053435114503,1.6412213740458017
I49_18_01.png,test,4.6,0.916030534351145,4.66412213740458
I49_18_02.png,test,4.63,0.9236641221374048,4.694656488549619
I49_18_03.png,test,4.7,0.9414758269720104,4.765903307888041
I49_18_04.png,test,4.1,0.7888040712468193,4.155216284987278
I49_18_05.png,test,3.73,0.6946564885496184,3.7786259541984735
I49_19_01.png,test,4.57,0.9083969465648856,4.633587786259543
I49_19_02.png,test,4.2,0.8142493638676845,4.256997455470739
I49_19_03.png,test,3.7,0.6870229007633589,3.748091603053436
I49_19_04.png,test,1.87,0.2213740458015267,1.885496183206107
I49_19_05.png,test,1.3,0.0763358778625954,1.3053435114503815
I49_20_01.png,test,4.33,0.8473282442748092,4.389312977099237
I49_20_02.png,test,3.8,0.712468193384224,3.849872773536896
I49_20_03.png,test,3.77,0.7048346055979644,3.8193384223918576
I49_20_04.png,test,3.57,0.6539440203562341,3.615776081424937
I49_20_05.png,test,3.23,0.5674300254452926,3.2697201017811706
I49_21_01.png,test,4.13,0.796437659033079,4.185750636132315
I49_21_02.png,test,3.47,0.6284987277353691,3.5139949109414763
I49_21_03.png,test,3.07,0.5267175572519084,3.106870229007633
I49_21_04.png,test,2.9,0.4834605597964376,2.9338422391857506
I49_21_05.png,test,1.43,0.1094147582697201,1.4376590330788803
I49_22_01.png,test,4.3,0.8396946564885497,4.358778625954199
I49_22_02.png,test,3.57,0.6539440203562341,3.615776081424937
I49_22_03.png,test,3.53,0.6437659033078881,3.5750636132315523
I49_22_04.png,test,2.83,0.4656488549618321,2.862595419847328
I49_22_05.png,test,2.47,0.3740458015267176,2.4961832061068705
I49_23_01.png,test,3.33,0.5928753180661578,3.371501272264631
I49_23_02.png,test,2.47,0.3740458015267176,2.4961832061068705
I49_23_03.png,test,2.4,0.356234096692112,2.424936386768448
I49_23_04.png,test,2.13,0.2875318066157761,2.1501272264631046
I49_23_05.png,test,2.07,0.272264631043257,2.089058524173028
I49_24_01.png,test,4.1,0.7888040712468193,4.155216284987278
I49_24_02.png,test,3.5,0.6361323155216285,3.544529262086514
I49_24_03.png,test,2.93,0.4910941475826972,2.9643765903307893
I49_24_04.png,test,2.07,0.272264631043257,2.089058524173028
I49_24_05.png,test,1.6,0.1526717557251908,1.6106870229007637
I49_25_01.png,test,3.63,0.6692111959287532,3.676844783715013
I49_25_02.png,test,4.0,0.7633587786259542,4.0534351145038165
I49_25_03.png,test,4.47,0.8829516539440203,4.531806615776081
I49_25_04.png,test,4.07,0.78117048346056,4.12468193384224
I49_25_05.png,test,3.97,0.7557251908396948,4.022900763358779
I50_01_01.png,val,4.57,0.9083969465648856,4.633587786259543
I50_01_02.png,val,4.13,0.796437659033079,4.185750636132315
I50_01_03.png,val,2.73,0.4402035623409669,2.760814249363868
I50_01_04.png,val,1.83,0.2111959287531807,1.8447837150127229
I50_01_05.png,val,1.2,0.0508905852417302,1.2035623409669212
I50_02_01.png,val,3.9,0.7379134860050891,3.951653944020357
I50_02_02.png,val,2.6,0.4071246819338422,2.6284987277353693
I50_02_03.png,val,1.8,0.2035623409669211,1.8142493638676849
I50_02_04.png,val,1.33,0.0839694656488549,1.33587786259542
I50_02_05.png,val,1.17,0.0432569974554707,1.173027989821883
I50_03_01.png,val,4.6,0.916030534351145,4.66412213740458
I50_03_02.png,val,3.8,0.712468193384224,3.849872773536896
I50_03_03.png,val,2.77,0.450381679389313,2.801526717557252
I50_03_04.png,val,2.2,0.3053435114503817,2.221374045801527
I50_03_05.png,val,1.53,0.1348600508905852,1.5394402035623411
I50_04_01.png,val,4.52,0.8956743002544529,4.582697201017812
I50_04_02.png,val,2.57,0.3994910941475826,2.59796437659033
I50_04_03.png,val,1.93,0.2366412213740458,1.9465648854961832
I50_04_04.png,val,1.53,0.1348600508905852,1.5394402035623411
I50_04_05.png,val,1.47,0.1195928753180661,1.478371501272265
I50_05_01.png,val,3.83,0.7201017811704835,3.880407124681934
I50_05_02.png,val,2.1,0.2798982188295166,2.1195928753180664
I50_05_03.png,val,1.7,0.178117048346056,1.712468193384224
I50_05_04.png,val,1.47,0.1195928753180661,1.478371501272265
I50_05_05.png,val,1.67,0.1704834605597964,1.681933842239186
I50_06_01.png,val,3.7,0.6870229007633589,3.748091603053436
I50_06_02.png,val,3.83,0.7201017811704835,3.880407124681934
I50_06_03.png,val,3.43,0.6183206106870229,3.473282442748092
I50_06_04.png,val,3.07,0.5267175572519084,3.106870229007633
I50_06_05.png,val,2.67,0.4249363867684478,2.699745547073792
I50_07_01.png,val,2.6,0.4071246819338422,2.6284987277353693
I50_07_02.png,val,2.27,0.3231552162849873,2.2926208651399493
I50_07_03.png,val,1.93,0.2366412213740458,1.9465648854961832
I50_07_04.png,val,2.2,0.3053435114503817,2.221374045801527
I50_07_05.png,val,2.03,0.2620865139949109,2.048346055979644
I50_08_01.png,val,4.47,0.8829516539440203,4.531806615776081
I50_08_02.png,val,3.13,0.5419847328244275,3.16793893129771
I50_08_03.png,val,2.63,0.4147582697201017,2.659033078880407
I50_08_04.png,val,1.63,0.1603053435114503,1.6412213740458017
I50_08_05.png,val,1.27,0.0687022900763358,1.2748091603053435
I50_09_01.png,val,4.43,0.8727735368956743,4.491094147582697
I50_09_02.png,val,4.3,0.8396946564885497,4.358778625954199
I50_09_03.png,val,3.83,0.7201017811704835,3.880407124681934
I50_09_04.png,val,2.63,0.4147582697201017,2.659033078880407
I50_09_05.png,val,1.27,0.0687022900763358,1.2748091603053435
I50_10_01.png,val,4.17,0.806615776081425,4.2264631043257
I50_10_02.png,val,4.4,0.8651399491094149,4.46055979643766
I50_10_03.png,val,4.03,0.7709923664122139,4.083969465648856
I50_10_04.png,val,2.27,0.3231552162849873,2.2926208651399493
I50_10_05.png,val,1.1,0.0254452926208651,1.1017811704834606
I50_11_01.png,val,3.9,0.7379134860050891,3.951653944020357
I50_11_02.png,val,3.43,0.6183206106870229,3.473282442748092
I50_11_03.png,val,3.17,0.5521628498727735,3.208651399491094
I50_11_04.png,val,2.53,0.3893129770992366,2.5572519083969465
I50_11_05.png,val,2.37,0.3486005089058525,2.39440203562341
I50_12_01.png,val,4.4,0.8651399491094149,4.46055979643766
I50_12_02.png,val,3.17,0.5521628498727735,3.208651399491094
I50_12_03.png,val,3.27,0.5776081424936387,3.3104325699745547
I50_12_04.png,val,2.3,0.3307888040712468,2.323155216284987
I50_12_05.png,val,2.2,0.3053435114503817,2.221374045801527
I50_13_01.png,val,3.63,0.6692111959287532,3.676844783715013
I50_13_02.png,val,2.93,0.4910941475826972,2.9643765903307893
I50_13_03.png,val,2.87,0.4758269720101782,2.903307888040713
I50_13_04.png,val,2.07,0.272264631043257,2.089058524173028
I50_13_05.png,val,2.03,0.2620865139949109,2.048346055979644
I50_14_01.png,val,4.07,0.78117048346056,4.12468193384224
I50_14_02.png,val,3.16,0.549618320610687,3.198473282442748
I50_14_03.png,val,2.67,0.4249363867684478,2.699745547073792
I50_14_04.png,val,2.13,0.2875318066157761,2.1501272264631046
I50_14_05.png,val,1.9,0.2290076335877862,1.916030534351145
I50_15_01.png,val,3.6,0.6615776081424937,3.646310432569975
I50_15_02.png,val,2.77,0.450381679389313,2.801526717557252
I50_15_03.png,val,2.23,0.3129770992366412,2.2519083969465647
I50_15_04.png,val,1.8,0.2035623409669211,1.8142493638676849
I50_15_05.png,val,1.53,0.1348600508905852,1.5394402035623411
I50_16_01.png,val,4.47,0.8829516539440203,4.531806615776081
I50_16_02.png,val,4.23,0.8218829516539442,4.287531806615776
I50_16_03.png,val,3.3,0.5852417302798982,3.340966921119593
I50_16_04.png,val,1.7,0.178117048346056,1.712468193384224
I50_16_05.png,val,1.5,0.1272264631043257,1.508905852417303
I50_17_01.png,val,4.33,0.8473282442748092,4.389312977099237
I50_17_02.png,val,4.2,0.8142493638676845,4.256997455470739
I50_17_03.png,val,4.13,0.796437659033079,4.185750636132315
I50_17_04.png,val,3.63,0.6692111959287532,3.676844783715013
I50_17_05.png,val,2.57,0.3994910941475826,2.59796437659033
I50_18_01.png,val,4.27,0.83206106870229,4.32824427480916
I50_18_02.png,val,4.17,0.806615776081425,4.2264631043257
I50_18_03.png,val,4.57,0.9083969465648856,4.633587786259543
I50_18_04.png,val,4.27,0.83206106870229,4.32824427480916
I50_18_05.png,val,3.67,0.6793893129770993,3.717557251908397
I50_19_01.png,val,4.57,0.9083969465648856,4.633587786259543
I50_19_02.png,val,4.37,0.8575063613231553,4.430025445292621
I50_19_03.png,val,3.83,0.7201017811704835,3.880407124681934
I50_19_04.png,val,2.27,0.3231552162849873,2.2926208651399493
I50_19_05.png,val,1.37,0.094147582697201,1.376590330788804
I50_20_01.png,val,3.87,0.7302798982188295,3.921119592875318
I50_20_02.png,val,3.87,0.7302798982188295,3.921119592875318
I50_20_03.png,val,3.33,0.5928753180661578,3.371501272264631
I50_20_04.png,val,2.37,0.3486005089058525,2.39440203562341
I50_20_05.png,val,2.17,0.2977099236641221,2.1908396946564883
I50_21_01.png,val,4.37,0.8575063613231553,4.430025445292621
I50_21_02.png,val,3.47,0.6284987277353691,3.5139949109414763
I50_21_03.png,val,3.53,0.6437659033078881,3.5750636132315523
I50_21_04.png,val,3.03,0.5165394402035624,3.0661577608142494
I50_21_05.png,val,1.52,0.1323155216284987,1.529262086513995
I50_22_01.png,val,3.87,0.7302798982188295,3.921119592875318
I50_22_02.png,val,3.93,0.7455470737913487,3.982188295165394
I50_22_03.png,val,3.83,0.7201017811704835,3.880407124681934
I50_22_04.png,val,3.73,0.6946564885496184,3.7786259541984735
I50_22_05.png,val,2.73,0.4402035623409669,2.760814249363868
I50_23_01.png,val,2.57,0.3994910941475826,2.59796437659033
I50_23_02.png,val,2.23,0.3129770992366412,2.2519083969465647
I50_23_03.png,val,2.2,0.3053435114503817,2.221374045801527
I50_23_04.png,val,1.53,0.1348600508905852,1.5394402035623411
I50_23_05.png,val,1.87,0.2213740458015267,1.885496183206107
I50_24_01.png,val,3.33,0.5928753180661578,3.371501272264631
I50_24_02.png,val,2.6,0.4071246819338422,2.6284987277353693
I50_24_03.png,val,2.16,0.2951653944020357,2.180661577608143
I50_24_04.png,val,1.35,0.089058524173028,1.356234096692112
I50_24_05.png,val,1.23,0.0585241730279898,1.2340966921119594
I50_25_01.png,val,3.0,0.5089058524173028,3.035623409669211
I50_25_02.png,val,3.6,0.6615776081424937,3.646310432569975
I50_25_03.png,val,4.17,0.806615776081425,4.2264631043257
I50_25_04.png,val,4.33,0.8473282442748092,4.389312977099237
I50_25_05.png,val,3.57,0.6539440203562341,3.615776081424937
I51_01_01.png,train,4.53,0.8982188295165395,4.592875318066158
I51_01_02.png,train,4.37,0.8575063613231553,4.430025445292621
I51_01_03.png,train,2.5,0.3816793893129771,2.5267175572519083
I51_01_04.png,train,1.53,0.1348600508905852,1.5394402035623411
I51_01_05.png,train,1.33,0.0839694656488549,1.33587786259542
I51_02_01.png,train,4.03,0.7709923664122139,4.083969465648856
I51_02_02.png,train,2.48,0.3765903307888041,2.5063613231552164
I51_02_03.png,train,1.73,0.1857506361323155,1.7430025445292625
I51_02_04.png,train,1.37,0.094147582697201,1.376590330788804
I51_02_05.png,train,1.13,0.0330788804071246,1.1323155216284986
I51_03_01.png,train,4.77,0.9592875318066156,4.837150127226463
I51_03_02.png,train,4.03,0.7709923664122139,4.083969465648856
I51_03_03.png,train,1.93,0.2366412213740458,1.9465648854961832
I51_03_04.png,train,2.0,0.2544529262086514,2.017811704834606
I51_03_05.png,train,1.23,0.0585241730279898,1.2340966921119594
I51_04_01.png,train,4.7,0.9414758269720104,4.765903307888041
I51_04_02.png,train,2.97,0.5012722646310434,3.0050890585241734
I51_04_03.png,train,1.7,0.178117048346056,1.712468193384224
I51_04_04.png,train,1.4,0.1017811704834605,1.407124681933842
I51_04_05.png,train,1.17,0.0432569974554707,1.173027989821883
I51_05_01.png,train,3.87,0.7302798982188295,3.921119592875318
I51_05_02.png,train,2.23,0.3129770992366412,2.2519083969465647
I51_05_03.png,train,1.53,0.1348600508905852,1.5394402035623411
I51_05_04.png,train,1.5,0.1272264631043257,1.508905852417303
I51_05_05.png,train,1.77,0.1959287531806616,1.7837150127226464
I51_06_01.png,train,3.93,0.7455470737913487,3.982188295165394
I51_06_02.png,train,3.9,0.7379134860050891,3.951653944020357
I51_06_03.png,train,3.77,0.7048346055979644,3.8193384223918576
I51_06_04.png,train,3.3,0.5852417302798982,3.340966921119593
I51_06_05.png,train,2.63,0.4147582697201017,2.659033078880407
I51_07_01.png,train,2.87,0.4758269720101782,2.903307888040713
I51_07_02.png,train,2.27,0.3231552162849873,2.2926208651399493
I51_07_03.png,train,2.3,0.3307888040712468,2.323155216284987
I51_07_04.png,train,2.43,0.3638676844783716,2.4554707379134864
I51_07_05.png,train,2.03,0.2620865139949109,2.048346055979644
I51_08_01.png,train,4.67,0.9338422391857508,4.735368956743002
I51_08_02.png,train,3.3,0.5852417302798982,3.340966921119593
I51_08_03.png,train,2.97,0.5012722646310434,3.0050890585241734
I51_08_04.png,train,2.07,0.272264631043257,2.089058524173028
I51_08_05.png,train,1.5,0.1272264631043257,1.508905852417303
I51_09_01.png,train,4.8,0.9669211195928752,4.867684478371501
I51_09_02.png,train,4.47,0.8829516539440203,4.531806615776081
I51_09_03.png,train,3.77,0.7048346055979644,3.8193384223918576
I51_09_04.png,train,1.93,0.2366412213740458,1.9465648854961832
I51_09_05.png,train,1.37,0.094147582697201,1.376590330788804
I51_10_01.png,train,4.2,0.8142493638676845,4.256997455470739
I51_10_02.png,train,4.13,0.796437659033079,4.185750636132315
I51_10_03.png,train,3.67,0.6793893129770993,3.717557251908397
I51_10_04.png,train,1.7,0.178117048346056,1.712468193384224
I51_10_05.png,train,1.23,0.0585241730279898,1.2340966921119594
I51_11_01.png,train,3.6,0.6615776081424937,3.646310432569975
I51_11_02.png,train,2.93,0.4910941475826972,2.9643765903307893
I51_11_03.png,train,3.03,0.5165394402035624,3.0661577608142494
I51_11_04.png,train,2.53,0.3893129770992366,2.5572519083969465
I51_11_05.png,train,2.23,0.3129770992366412,2.2519083969465647
I51_12_01.png,train,4.43,0.8727735368956743,4.491094147582697
I51_12_02.png,train,3.3,0.5852417302798982,3.340966921119593
I51_12_03.png,train,2.57,0.3994910941475826,2.59796437659033
I51_12_04.png,train,2.4,0.356234096692112,2.424936386768448
I51_12_05.png,train,2.27,0.3231552162849873,2.2926208651399493
I51_13_01.png,train,3.73,0.6946564885496184,3.7786259541984735
I51_13_02.png,train,2.53,0.3893129770992366,2.5572519083969465
I51_13_03.png,train,2.3,0.3307888040712468,2.323155216284987
I51_13_04.png,train,2.2,0.3053435114503817,2.221374045801527
I51_13_05.png,train,2.2,0.3053435114503817,2.221374045801527
I51_14_01.png,train,4.4,0.8651399491094149,4.46055979643766
I51_14_02.png,train,3.0,0.5089058524173028,3.035623409669211
I51_14_03.png,train,2.97,0.5012722646310434,3.0050890585241734
I51_14_04.png,train,2.63,0.4147582697201017,2.659033078880407
I51_14_05.png,train,1.93,0.2366412213740458,1.9465648854961832
I51_15_01.png,train,3.97,0.7557251908396948,4.022900763358779
I51_15_02.png,train,3.0,0.5089058524173028,3.035623409669211
I51_15_03.png,train,2.2,0.3053435114503817,2.221374045801527
I51_15_04.png,train,1.69,0.1755725190839694,1.7022900763358777
I51_15_05.png,train,1.33,0.0839694656488549,1.33587786259542
I51_16_01.png,train,4.4,0.8651399491094149,4.46055979643766
I51_16_02.png,train,4.27,0.83206106870229,4.32824427480916
I51_16_03.png,train,3.7,0.6870229007633589,3.748091603053436
I51_16_04.png,train,2.73,0.4402035623409669,2.760814249363868
I51_16_05.png,train,2.07,0.272264631043257,2.089058524173028
I51_17_01.png,train,4.63,0.9236641221374048,4.694656488549619
I51_17_02.png,train,4.67,0.9338422391857508,4.735368956743002
I51_17_03.png,train,4.37,0.8575063613231553,4.430025445292621
I51_17_04.png,train,3.77,0.7048346055979644,3.8193384223918576
I51_17_05.png,train,2.07,0.272264631043257,2.089058524173028
I51_18_01.png,train,4.3,0.8396946564885497,4.358778625954199
I51_18_02.png,train,4.45,0.8778625954198475,4.51145038167939
I51_18_03.png,train,4.43,0.8727735368956743,4.491094147582697
I51_18_04.png,train,4.48,0.885496183206107,4.541984732824428
I51_18_05.png,train,4.03,0.7709923664122139,4.083969465648856
I51_19_01.png,train,4.43,0.8727735368956743,4.491094147582697
I51_19_02.png,train,4.13,0.796437659033079,4.185750636132315
I51_19_03.png,train,2.93,0.4910941475826972,2.9643765903307893
I51_19_04.png,train,1.57,0.1450381679389313,1.5801526717557253
I51_19_05.png,train,1.37,0.094147582697201,1.376590330788804
I51_20_01.png,train,4.27,0.83206106870229,4.32824427480916
I51_20_02.png,train,3.83,0.7201017811704835,3.880407124681934
I51_20_03.png,train,4.13,0.796437659033079,4.185750636132315
I51_20_04.png,train,3.67,0.6793893129770993,3.717557251908397
I51_20_05.png,train,2.67,0.4249363867684478,2.699745547073792
I51_21_01.png,train,4.0,0.7633587786259542,4.0534351145038165
I51_21_02.png,train,3.0,0.5089058524173028,3.035623409669211
I51_21_03.png,train,2.47,0.3740458015267176,2.4961832061068705
I51_21_04.png,train,2.47,0.3740458015267176,2.4961832061068705
I51_21_05.png,train,1.23,0.0585241730279898,1.2340966921119594
I51_22_01.png,train,4.07,0.78117048346056,4.12468193384224
I51_22_02.png,train,3.53,0.6437659033078881,3.5750636132315523
I51_22_03.png,train,3.45,0.623409669211196,3.493638676844784
I51_22_04.png,train,3.03,0.5165394402035624,3.0661577608142494
I51_22_05.png,train,2.33,0.3384223918575064,2.3536895674300258
I51_23_01.png,train,2.53,0.3893129770992366,2.5572519083969465
I51_23_02.png,train,2.43,0.3638676844783716,2.4554707379134864
I51_23_03.png,train,2.53,0.3893129770992366,2.5572519083969465
I51_23_04.png,train,2.2,0.3053435114503817,2.221374045801527
I51_23_05.png,train,2.07,0.272264631043257,2.089058524173028
I51_24_01.png,train,3.2,0.5597964376590332,3.239185750636133
I51_24_02.png,train,2.17,0.2977099236641221,2.1908396946564883
I51_24_03.png,train,1.43,0.1094147582697201,1.4376590330788803
I51_24_04.png,train,1.43,0.1094147582697201,1.4376590330788803
I51_24_05.png,train,1.17,0.0432569974554707,1.173027989821883
I51_25_01.png,train,3.67,0.6793893129770993,3.717557251908397
I51_25_02.png,train,4.13,0.796437659033079,4.185750636132315
I51_25_03.png,train,4.5,0.89058524173028,4.56234096692112
I51_25_04.png,train,4.07,0.78117048346056,4.12468193384224
I51_25_05.png,train,3.57,0.6539440203562341,3.615776081424937
I52_01_01.png,train,4.77,0.9592875318066156,4.837150127226463
I52_01_02.png,train,4.47,0.8829516539440203,4.531806615776081
I52_01_03.png,train,2.73,0.4402035623409669,2.760814249363868
I52_01_04.png,train,1.87,0.2213740458015267,1.885496183206107
I52_01_05.png,train,1.27,0.0687022900763358,1.2748091603053435
I52_02_01.png,train,4.07,0.78117048346056,4.12468193384224
I52_02_02.png,train,2.94,0.4936386768447837,2.974554707379135
I52_02_03.png,train,1.8,0.2035623409669211,1.8142493638676849
I52_02_04.png,train,1.37,0.094147582697201,1.376590330788804
I52_02_05.png,train,1.26,0.0661577608142493,1.2646310432569976
I52_03_01.png,train,4.7,0.9414758269720104,4.765903307888041
I52_03_02.png,train,4.2,0.8142493638676845,4.256997455470739
I52_03_03.png,train,2.67,0.4249363867684478,2.699745547073792
I52_03_04.png,train,1.77,0.1959287531806616,1.7837150127226464
I52_03_05.png,train,1.6,0.1526717557251908,1.6106870229007637
I52_04_01.png,train,4.33,0.8473282442748092,4.389312977099237
I52_04_02.png,train,2.97,0.5012722646310434,3.0050890585241734
I52_04_03.png,train,1.93,0.2366412213740458,1.9465648854961832
I52_04_04.png,train,1.5,0.1272264631043257,1.508905852417303
I52_04_05.png,train,1.37,0.094147582697201,1.376590330788804
I52_05_01.png,train,4.63,0.9236641221374048,4.694656488549619
I52_05_02.png,train,2.83,0.4656488549618321,2.862595419847328
I52_05_03.png,train,2.37,0.3486005089058525,2.39440203562341
I52_05_04.png,train,2.53,0.3893129770992366,2.5572519083969465
I52_05_05.png,train,3.03,0.5165394402035624,3.0661577608142494
I52_06_01.png,train,4.23,0.8218829516539442,4.287531806615776
I52_06_02.png,train,4.2,0.8142493638676845,4.256997455470739
I52_06_03.png,train,3.9,0.7379134860050891,3.951653944020357
I52_06_04.png,train,2.93,0.4910941475826972,2.9643765903307893
I52_06_05.png,train,2.53,0.3893129770992366,2.5572519083969465
I52_07_01.png,train,2.43,0.3638676844783716,2.4554707379134864
I52_07_02.png,train,2.2,0.3053435114503817,2.221374045801527
I52_07_03.png,train,1.93,0.2366412213740458,1.9465648854961832
I52_07_04.png,train,2.0,0.2544529262086514,2.017811704834606
I52_07_05.png,train,1.83,0.2111959287531807,1.8447837150127229
I52_08_01.png,train,4.7,0.9414758269720104,4.765903307888041
I52_08_02.png,train,3.93,0.7455470737913487,3.982188295165394
I52_08_03.png,train,3.73,0.6946564885496184,3.7786259541984735
I52_08_04.png,train,2.2,0.3053435114503817,2.221374045801527
I52_08_05.png,train,1.9,0.2290076335877862,1.916030534351145
I52_09_01.png,train,4.53,0.8982188295165395,4.592875318066158
I52_09_02.png,train,3.5,0.6361323155216285,3.544529262086514
I52_09_03.png,train,2.53,0.3893129770992366,2.5572519083969465
I52_09_04.png,train,1.5,0.1272264631043257,1.508905852417303
I52_09_05.png,train,1.23,0.0585241730279898,1.2340966921119594
I52_10_01.png,train,3.93,0.7455470737913487,3.982188295165394
I52_10_02.png,train,3.7,0.6870229007633589,3.748091603053436
I52_10_03.png,train,3.37,0.6030534351145039,3.412213740458016
I52_10_04.png,train,1.7,0.178117048346056,1.712468193384224
I52_10_05.png,train,1.2,0.0508905852417302,1.2035623409669212
I52_11_01.png,train,3.63,0.6692111959287532,3.676844783715013
I52_11_02.png,train,3.1,0.534351145038168,3.137404580152672
I52_11_03.png,train,2.7,0.4325699745547074,2.73027989821883
I52_11_04.png,train,2.43,0.3638676844783716,2.4554707379134864
I52_11_05.png,train,2.07,0.272264631043257,2.089058524173028
I52_12_01.png,train,4.5,0.89058524173028,4.56234096692112
I52_12_02.png,train,3.27,0.5776081424936387,3.3104325699745547
I52_12_03.png,train,2.8,0.4580152671755725,2.83206106870229
I52_12_04.png,train,2.47,0.3740458015267176,2.4961832061068705
I52_12_05.png,train,2.42,0.361323155216285,2.44529262086514
I52_13_01.png,train,3.2,0.5597964376590332,3.239185750636133
I52_13_02.png,train,2.77,0.450381679389313,2.801526717557252
I52_13_03.png,train,2.67,0.4249363867684478,2.699745547073792
I52_13_04.png,train,2.17,0.2977099236641221,2.1908396946564883
I52_13_05.png,train,2.0,0.2544529262086514,2.017811704834606
I52_14_01.png,train,4.33,0.8473282442748092,4.389312977099237
I52_14_02.png,train,3.47,0.6284987277353691,3.5139949109414763
I52_14_03.png,train,2.8,0.4580152671755725,2.83206106870229
I52_14_04.png,train,2.3,0.3307888040712468,2.323155216284987
I52_14_05.png,train,2.27,0.3231552162849873,2.2926208651399493
I52_15_01.png,train,3.8,0.712468193384224,3.849872773536896
I52_15_02.png,train,2.67,0.4249363867684478,2.699745547073792
I52_15_03.png,train,1.8,0.2035623409669211,1.8142493638676849
I52_15_04.png,train,1.4,0.1017811704834605,1.407124681933842
I52_15_05.png,train,1.33,0.0839694656488549,1.33587786259542
I52_16_01.png,train,4.67,0.9338422391857508,4.735368956743002
I52_16_02.png,train,4.4,0.8651399491094149,4.46055979643766
I52_16_03.png,train,3.87,0.7302798982188295,3.921119592875318
I52_16_04.png,train,3.1,0.534351145038168,3.137404580152672
I52_16_05.png,train,1.7,0.178117048346056,1.712468193384224
I52_17_01.png,train,4.67,0.9338422391857508,4.735368956743002
I52_17_02.png,train,4.7,0.9414758269720104,4.765903307888041
I52_17_03.png,train,4.67,0.9338422391857508,4.735368956743002
I52_17_04.png,train,3.57,0.6539440203562341,3.615776081424937
I52_17_05.png,train,2.5,0.3816793893129771,2.5267175572519083
I52_18_01.png,train,4.63,0.9236641221374048,4.694656488549619
I52_18_02.png,train,4.83,0.974554707379135,4.89821882951654
I52_18_03.png,train,4.6,0.916030534351145,4.66412213740458
I52_18_04.png,train,4.73,0.94910941475827,4.79643765903308
I52_18_05.png,train,4.23,0.8218829516539442,4.287531806615776
I52_19_01.png,train,4.5,0.89058524173028,4.56234096692112
I52_19_02.png,train,4.33,0.8473282442748092,4.389312977099237
I52_19_03.png,train,2.7,0.4325699745547074,2.73027989821883
I52_19_04.png,train,1.53,0.1348600508905852,1.5394402035623411
I52_19_05.png,train,1.13,0.0330788804071246,1.1323155216284986
I52_20_01.png,train,4.53,0.8982188295165395,4.592875318066158
I52_20_02.png,train,3.67,0.6793893129770993,3.717557251908397
I52_20_03.png,train,3.43,0.6183206106870229,3.473282442748092
I52_20_04.png,train,3.3,0.5852417302798982,3.340966921119593
I52_20_05.png,train,2.9,0.4834605597964376,2.9338422391857506
I52_21_01.png,train,3.83,0.7201017811704835,3.880407124681934
I52_21_02.png,train,2.93,0.4910941475826972,2.9643765903307893
I52_21_03.png,train,2.6,0.4071246819338422,2.6284987277353693
I52_21_04.png,train,2.3,0.3307888040712468,2.323155216284987
I52_21_05.png,train,1.53,0.1348600508905852,1.5394402035623411
I52_22_01.png,train,4.23,0.8218829516539442,4.287531806615776
I52_22_02.png,train,3.43,0.6183206106870229,3.473282442748092
I52_22_03.png,train,3.23,0.5674300254452926,3.2697201017811706
I52_22_04.png,train,3.37,0.6030534351145039,3.412213740458016
I52_22_05.png,train,2.67,0.4249363867684478,2.699745547073792
I52_23_01.png,train,2.43,0.3638676844783716,2.4554707379134864
I52_23_02.png,train,2.53,0.3893129770992366,2.5572519083969465
I52_23_03.png,train,2.27,0.3231552162849873,2.2926208651399493
I52_23_04.png,train,1.93,0.2366412213740458,1.9465648854961832
I52_23_05.png,train,2.2,0.3053435114503817,2.221374045801527
I52_24_01.png,train,3.83,0.7201017811704835,3.880407124681934
I52_24_02.png,train,2.83,0.4656488549618321,2.862595419847328
I52_24_03.png,train,2.1,0.2798982188295166,2.1195928753180664
I52_24_04.png,train,1.67,0.1704834605597964,1.681933842239186
I52_24_05.png,train,1.47,0.1195928753180661,1.478371501272265
I52_25_01.png,train,4.03,0.7709923664122139,4.083969465648856
I52_25_02.png,train,4.3,0.8396946564885497,4.358778625954199
I52_25_03.png,train,4.37,0.8575063613231553,4.430025445292621
I52_25_04.png,train,4.4,0.8651399491094149,4.46055979643766
I52_25_05.png,train,3.57,0.6539440203562341,3.615776081424937
I53_01_01.png,train,4.7,0.9414758269720104,4.765903307888041
I53_01_02.png,train,4.63,0.9236641221374048,4.694656488549619
I53_01_03.png,train,3.3,0.5852417302798982,3.340966921119593
I53_01_04.png,train,2.0,0.2544529262086514,2.017811704834606
I53_01_05.png,train,1.27,0.0687022900763358,1.2748091603053435
I53_02_01.png,train,4.39,0.8625954198473282,4.450381679389313
I53_02_02.png,train,2.73,0.4402035623409669,2.760814249363868
I53_02_03.png,train,2.07,0.272264631043257,2.089058524173028
I53_02_04.png,train,1.47,0.1195928753180661,1.478371501272265
I53_02_05.png,train,1.39,0.099236641221374,1.3969465648854962
I53_03_01.png,train,4.73,0.94910941475827,4.79643765903308
I53_03_02.png,train,4.3,0.8396946564885497,4.358778625954199
I53_03_03.png,train,3.4,0.6106870229007634,3.442748091603053
I53_03_04.png,train,2.53,0.3893129770992366,2.5572519083969465
I53_03_05.png,train,1.77,0.1959287531806616,1.7837150127226464
I53_04_01.png,train,4.5,0.89058524173028,4.56234096692112
I53_04_02.png,train,2.3,0.3307888040712468,2.323155216284987
I53_04_03.png,train,1.53,0.1348600508905852,1.5394402035623411
I53_04_04.png,train,1.32,0.0814249363867684,1.3256997455470738
I53_04_05.png,train,1.06,0.015267175572519,1.0610687022900764
I53_05_01.png,train,4.13,0.796437659033079,4.185750636132315
I53_05_02.png,train,2.57,0.3994910941475826,2.59796437659033
I53_05_03.png,train,1.57,0.1450381679389313,1.5801526717557253
I53_05_04.png,train,1.7,0.178117048346056,1.712468193384224
I53_05_05.png,train,1.5,0.1272264631043257,1.508905852417303
I53_06_01.png,train,3.9,0.7379134860050891,3.951653944020357
I53_06_02.png,train,3.67,0.6793893129770993,3.717557251908397
I53_06_03.png,train,3.52,0.6412213740458016,3.5648854961832064
I53_06_04.png,train,2.87,0.4758269720101782,2.903307888040713
I53_06_05.png,train,2.03,0.2620865139949109,2.048346055979644
I53_07_01.png,train,2.33,0.3384223918575064,2.3536895674300258
I53_07_02.png,train,2.63,0.4147582697201017,2.659033078880407
I53_07_03.png,train,2.57,0.3994910941475826,2.59796437659033
I53_07_04.png,train,2.47,0.3740458015267176,2.4961832061068705
I53_07_05.png,train,1.67,0.1704834605597964,1.681933842239186
I53_08_01.png,train,4.77,0.9592875318066156,4.837150127226463
I53_08_02.png,train,3.43,0.6183206106870229,3.473282442748092
I53_08_03.png,train,2.43,0.3638676844783716,2.4554707379134864
I53_08_04.png,train,1.33,0.0839694656488549,1.33587786259542
I53_08_05.png,train,1.43,0.1094147582697201,1.4376590330788803
I53_09_01.png,train,4.53,0.8982188295165395,4.592875318066158
I53_09_02.png,train,4.77,0.9592875318066156,4.837150127226463
I53_09_03.png,train,4.6,0.916030534351145,4.66412213740458
I53_09_04.png,train,3.6,0.6615776081424937,3.646310432569975
I53_09_05.png,train,1.73,0.1857506361323155,1.7430025445292625
I53_10_01.png,train,4.57,0.9083969465648856,4.633587786259543
I53_10_02.png,train,4.53,0.8982188295165395,4.592875318066158
I53_10_03.png,train,3.53,0.6437659033078881,3.5750636132315523
I53_10_04.png,train,1.83,0.2111959287531807,1.8447837150127229
I53_10_05.png,train,1.27,0.0687022900763358,1.2748091603053435
I53_11_01.png,train,3.4,0.6106870229007634,3.442748091603053
I53_11_02.png,train,2.97,0.5012722646310434,3.0050890585241734
I53_11_03.png,train,2.9,0.4834605597964376,2.9338422391857506
I53_11_04.png,train,2.57,0.3994910941475826,2.59796437659033
I53_11_05.png,train,2.03,0.2620865139949109,2.048346055979644
I53_12_01.png,train,4.37,0.8575063613231553,4.430025445292621
I53_12_02.png,train,3.27,0.5776081424936387,3.3104325699745547
I53_12_03.png,train,2.83,0.4656488549618321,2.862595419847328
I53_12_04.png,train,2.3,0.3307888040712468,2.323155216284987
I53_12_05.png,train,2.2,0.3053435114503817,2.221374045801527
I53_13_01.png,train,3.43,0.6183206106870229,3.473282442748092
I53_13_02.png,train,2.47,0.3740458015267176,2.4961832061068705
I53_13_03.png,train,2.53,0.3893129770992366,2.5572519083969465
I53_13_04.png,train,2.3,0.3307888040712468,2.323155216284987
I53_13_05.png,train,2.07,0.272264631043257,2.089058524173028
I53_14_01.png,train,4.47,0.8829516539440203,4.531806615776081
I53_14_02.png,train,3.23,0.5674300254452926,3.2697201017811706
I53_14_03.png,train,3.07,0.5267175572519084,3.106870229007633
I53_14_04.png,train,2.67,0.4249363867684478,2.699745547073792
I53_14_05.png,train,1.97,0.2468193384223918,1.987277353689568
I53_15_01.png,train,3.7,0.6870229007633589,3.748091603053436
I53_15_02.png,train,2.63,0.4147582697201017,2.659033078880407
I53_15_03.png,train,1.93,0.2366412213740458,1.9465648854961832
I53_15_04.png,train,1.57,0.1450381679389313,1.5801526717557253
I53_15_05.png,train,1.57,0.1450381679389313,1.5801526717557253
I53_16_01.png,train,4.6,0.916030534351145,4.66412213740458
I53_16_02.png,train,4.37,0.8575063613231553,4.430025445292621
I53_16_03.png,train,3.6,0.6615776081424937,3.646310432569975
I53_16_04.png,train,2.63,0.4147582697201017,2.659033078880407
I53_16_05.png,train,1.73,0.1857506361323155,1.7430025445292625
I53_17_01.png,train,4.83,0.974554707379135,4.89821882951654
I53_17_02.png,train,4.6,0.916030534351145,4.66412213740458
I53_17_03.png,train,4.53,0.8982188295165395,4.592875318066158
I53_17_04.png,train,3.93,0.7455470737913487,3.982188295165394
I53_17_05.png,train,2.4,0.356234096692112,2.424936386768448
I53_18_01.png,train,4.2,0.8142493638676845,4.256997455470739
I53_18_02.png,train,4.67,0.9338422391857508,4.735368956743002
I53_18_03.png,train,4.8,0.9669211195928752,4.867684478371501
I53_18_04.png,train,4.57,0.9083969465648856,4.633587786259543
I53_18_05.png,train,3.87,0.7302798982188295,3.921119592875318
I53_19_01.png,train,4.59,0.9134860050890584,4.653944020356234
I53_19_02.png,train,4.27,0.83206106870229,4.32824427480916
I53_19_03.png,train,3.33,0.5928753180661578,3.371501272264631
I53_19_04.png,train,1.83,0.2111959287531807,1.8447837150127229
I53_19_05.png,train,1.33,0.0839694656488549,1.33587786259542
I53_20_01.png,train,3.77,0.7048346055979644,3.8193384223918576
I53_20_02.png,train,4.13,0.796437659033079,4.185750636132315
I53_20_03.png,train,3.47,0.6284987277353691,3.5139949109414763
I53_20_04.png,train,2.8,0.4580152671755725,2.83206106870229
I53_20_05.png,train,2.77,0.450381679389313,2.801526717557252
I53_21_01.png,train,3.37,0.6030534351145039,3.412213740458016
I53_21_02.png,train,3.07,0.5267175572519084,3.106870229007633
I53_21_03.png,train,2.93,0.4910941475826972,2.9643765903307893
I53_21_04.png,train,2.9,0.4834605597964376,2.9338422391857506
I53_21_05.png,train,1.47,0.1195928753180661,1.478371501272265
I53_22_01.png,train,3.47,0.6284987277353691,3.5139949109414763
I53_22_02.png,train,3.27,0.5776081424936387,3.3104325699745547
I53_22_03.png,train,2.87,0.4758269720101782,2.903307888040713
I53_22_04.png,train,2.83,0.4656488549618321,2.862595419847328
I53_22_05.png,train,2.47,0.3740458015267176,2.4961832061068705
I53_23_01.png,train,3.33,0.5928753180661578,3.371501272264631
I53_23_02.png,train,2.07,0.272264631043257,2.089058524173028
I53_23_03.png,train,2.57,0.3994910941475826,2.59796437659033
I53_23_04.png,train,2.37,0.3486005089058525,2.39440203562341
I53_23_05.png,train,1.9,0.2290076335877862,1.916030534351145
I53_24_01.png,train,3.93,0.7455470737913487,3.982188295165394
I53_24_02.png,train,2.6,0.4071246819338422,2.6284987277353693
I53_24_03.png,train,2.53,0.3893129770992366,2.5572519083969465
I53_24_04.png,train,1.43,0.1094147582697201,1.4376590330788803
I53_24_05.png,train,1.27,0.0687022900763358,1.2748091603053435
I53_25_01.png,train,3.83,0.7201017811704835,3.880407124681934
I53_25_02.png,train,3.97,0.7557251908396948,4.022900763358779
I53_25_03.png,train,4.43,0.8727735368956743,4.491094147582697
I53_25_04.png,train,4.47,0.8829516539440203,4.531806615776081
I53_25_05.png,train,3.47,0.6284987277353691,3.5139949109414763
I54_01_01.png,train,4.84,0.9770992366412214,4.908396946564886
I54_01_02.png,train,4.48,0.885496183206107,4.541984732824428
I54_01_03.png,train,2.53,0.3893129770992366,2.5572519083969465
I54_01_04.png,train,1.67,0.1704834605597964,1.681933842239186
I54_01_05.png,train,1.1,0.0254452926208651,1.1017811704834606
I54_02_01.png,train,3.61,0.6641221374045801,3.6564885496183206
I54_02_02.png,train,2.23,0.3129770992366412,2.2519083969465647
I54_02_03.png,train,1.7,0.178117048346056,1.712468193384224
I54_02_04.png,train,1.2,0.0508905852417302,1.2035623409669212
I54_02_05.png,train,1.2,0.0508905852417302,1.2035623409669212
I54_03_01.png,train,4.5,0.89058524173028,4.56234096692112
I54_03_02.png,train,3.6,0.6615776081424937,3.646310432569975
I54_03_03.png,train,2.1,0.2798982188295166,2.1195928753180664
I54_03_04.png,train,1.6,0.1526717557251908,1.6106870229007637
I54_03_05.png,train,1.43,0.1094147582697201,1.4376590330788803
I54_04_01.png,train,4.65,0.9287531806615776,4.715012722646311
I54_04_02.png,train,3.23,0.5674300254452926,3.2697201017811706
I54_04_03.png,train,1.53,0.1348600508905852,1.5394402035623411
I54_04_04.png,train,1.73,0.1857506361323155,1.7430025445292625
I54_04_05.png,train,1.33,0.0839694656488549,1.33587786259542
I54_05_01.png,train,4.37,0.8575063613231553,4.430025445292621
I54_05_02.png,train,1.67,0.1704834605597964,1.681933842239186
I54_05_03.png,train,1.47,0.1195928753180661,1.478371501272265
I54_05_04.png,train,1.42,0.1068702290076335,1.4274809160305342
I54_05_05.png,train,1.47,0.1195928753180661,1.478371501272265
I54_06_01.png,train,4.27,0.83206106870229,4.32824427480916
I54_06_02.png,train,4.1,0.7888040712468193,4.155216284987278
I54_06_03.png,train,4.07,0.78117048346056,4.12468193384224
I54_06_04.png,train,2.83,0.4656488549618321,2.862595419847328
I54_06_05.png,train,2.4,0.356234096692112,2.424936386768448
I54_07_01.png,train,2.87,0.4758269720101782,2.903307888040713
I54_07_02.png,train,2.13,0.2875318066157761,2.1501272264631046
I54_07_03.png,train,1.94,0.2391857506361323,1.9567430025445292
I54_07_04.png,train,2.23,0.3129770992366412,2.2519083969465647
I54_07_05.png,train,1.73,0.1857506361323155,1.7430025445292625
I54_08_01.png,train,4.77,0.9592875318066156,4.837150127226463
I54_08_02.png,train,3.53,0.6437659033078881,3.5750636132315523
I54_08_03.png,train,2.83,0.4656488549618321,2.862595419847328
I54_08_04.png,train,1.6,0.1526717557251908,1.6106870229007637
I54_08_05.png,train,1.3,0.0763358778625954,1.3053435114503815
I54_09_01.png,train,4.3,0.8396946564885497,4.358778625954199
I54_09_02.png,train,4.03,0.7709923664122139,4.083969465648856
I54_09_03.png,train,3.9,0.7379134860050891,3.951653944020357
I54_09_04.png,train,2.6,0.4071246819338422,2.6284987277353693
I54_09_05.png,train,1.17,0.0432569974554707,1.173027989821883
I54_10_01.png,train,4.23,0.8218829516539442,4.287531806615776
I54_10_02.png,train,4.3,0.8396946564885497,4.358778625954199
I54_10_03.png,train,3.6,0.6615776081424937,3.646310432569975
I54_10_04.png,train,2.0,0.2544529262086514,2.017811704834606
I54_10_05.png,train,1.27,0.0687022900763358,1.2748091603053435
I54_11_01.png,train,3.43,0.6183206106870229,3.473282442748092
I54_11_02.png,train,2.73,0.4402035623409669,2.760814249363868
I54_11_03.png,train,2.83,0.4656488549618321,2.862595419847328
I54_11_04.png,train,2.43,0.3638676844783716,2.4554707379134864
I54_11_05.png,train,2.33,0.3384223918575064,2.3536895674300258
I54_12_01.png,train,4.38,0.8600508905852418,4.440203562340967
I54_12_02.png,train,3.37,0.6030534351145039,3.412213740458016
I54_12_03.png,train,2.8,0.4580152671755725,2.83206106870229
I54_12_04.png,train,2.27,0.3231552162849873,2.2926208651399493
I54_12_05.png,train,2.1,0.2798982188295166,2.1195928753180664
I54_13_01.png,train,3.37,0.6030534351145039,3.412213740458016
I54_13_02.png,train,2.8,0.4580152671755725,2.83206106870229
I54_13_03.png,train,2.5,0.3816793893129771,2.5267175572519083
I54_13_04.png,train,2.43,0.3638676844783716,2.4554707379134864
I54_13_05.png,train,1.9,0.2290076335877862,1.916030534351145
I54_14_01.png,train,4.63,0.9236641221374048,4.694656488549619
I54_14_02.png,train,3.47,0.6284987277353691,3.5139949109414763
I54_14_03.png,train,3.17,0.5521628498727735,3.208651399491094
I54_14_04.png,train,2.6,0.4071246819338422,2.6284987277353693
I54_14_05.png,train,2.17,0.2977099236641221,2.1908396946564883
I54_15_01.png,train,3.6,0.6615776081424937,3.646310432569975
I54_15_02.png,train,2.63,0.4147582697201017,2.659033078880407
I54_15_03.png,train,1.9,0.2290076335877862,1.916030534351145
I54_15_04.png,train,1.6,0.1526717557251908,1.6106870229007637
I54_15_05.png,train,1.27,0.0687022900763358,1.2748091603053435
I54_16_01.png,train,4.47,0.8829516539440203,4.531806615776081
I54_16_02.png,train,4.17,0.806615776081425,4.2264631043257
I54_16_03.png,train,3.8,0.712468193384224,3.849872773536896
I54_16_04.png,train,2.57,0.3994910941475826,2.59796437659033
I54_16_05.png,train,1.63,0.1603053435114503,1.6412213740458017
I54_17_01.png,train,4.6,0.916030534351145,4.66412213740458
I54_17_02.png,train,4.6,0.916030534351145,4.66412213740458
I54_17_03.png,train,4.23,0.8218829516539442,4.287531806615776
I54_17_04.png,train,3.27,0.5776081424936387,3.3104325699745547
I54_17_05.png,train,1.97,0.2468193384223918,1.987277353689568
I54_18_01.png,train,4.27,0.83206106870229,4.32824427480916
I54_18_02.png,train,4.53,0.8982188295165395,4.592875318066158
I54_18_03.png,train,4.5,0.89058524173028,4.56234096692112
I54_18_04.png,train,4.45,0.8778625954198475,4.51145038167939
I54_18_05.png,train,3.53,0.6437659033078881,3.5750636132315523
I54_19_01.png,train,4.5,0.89058524173028,4.56234096692112
I54_19_02.png,train,4.1,0.7888040712468193,4.155216284987278
I54_19_03.png,train,3.33,0.5928753180661578,3.371501272264631
I54_19_04.png,train,1.73,0.1857506361323155,1.7430025445292625
I54_19_05.png,train,1.43,0.1094147582697201,1.4376590330788803
I54_20_01.png,train,4.4,0.8651399491094149,4.46055979643766
I54_20_02.png,train,3.87,0.7302798982188295,3.921119592875318
I54_20_03.png,train,3.97,0.7557251908396948,4.022900763358779
I54_20_04.png,train,4.07,0.78117048346056,4.12468193384224
I54_20_05.png,train,3.37,0.6030534351145039,3.412213740458016
I54_21_01.png,train,4.67,0.9338422391857508,4.735368956743002
I54_21_02.png,train,3.9,0.7379134860050891,3.951653944020357
I54_21_03.png,train,3.1,0.534351145038168,3.137404580152672
I54_21_04.png,train,2.93,0.4910941475826972,2.9643765903307893
I54_21_05.png,train,1.63,0.1603053435114503,1.6412213740458017
I54_22_01.png,train,3.13,0.5419847328244275,3.16793893129771
I54_22_02.png,train,2.94,0.4936386768447837,2.974554707379135
I54_22_03.png,train,3.07,0.5267175572519084,3.106870229007633
I54_22_04.png,train,2.73,0.4402035623409669,2.760814249363868
I54_22_05.png,train,2.6,0.4071246819338422,2.6284987277353693
I54_23_01.png,train,2.7,0.4325699745547074,2.73027989821883
I54_23_02.png,train,2.0,0.2544529262086514,2.017811704834606
I54_23_03.png,train,2.07,0.272264631043257,2.089058524173028
I54_23_04.png,train,1.67,0.1704834605597964,1.681933842239186
I54_23_05.png,train,1.91,0.2315521628498727,1.9262086513994912
I54_24_01.png,train,3.1,0.534351145038168,3.137404580152672
I54_24_02.png,train,2.1,0.2798982188295166,2.1195928753180664
I54_24_03.png,train,1.9,0.2290076335877862,1.916030534351145
I54_24_04.png,train,1.47,0.1195928753180661,1.478371501272265
I54_24_05.png,train,1.37,0.094147582697201,1.376590330788804
I54_25_01.png,train,3.87,0.7302798982188295,3.921119592875318
I54_25_02.png,train,4.2,0.8142493638676845,4.256997455470739
I54_25_03.png,train,4.27,0.83206106870229,4.32824427480916
I54_25_04.png,train,4.0,0.7633587786259542,4.0534351145038165
I54_25_05.png,train,3.4,0.6106870229007634,3.442748091603053
I55_01_01.png,train,4.47,0.8829516539440203,4.531806615776081
I55_01_02.png,train,4.5,0.89058524173028,4.56234096692112
I55_01_03.png,train,2.87,0.4758269720101782,2.903307888040713
I55_01_04.png,train,1.8,0.2035623409669211,1.8142493638676849
I55_01_05.png,train,1.23,0.0585241730279898,1.2340966921119594
I55_02_01.png,train,3.77,0.7048346055979644,3.8193384223918576
I55_02_02.png,train,2.43,0.3638676844783716,2.4554707379134864
I55_02_03.png,train,1.63,0.1603053435114503,1.6412213740458017
I55_02_04.png,train,1.42,0.1068702290076335,1.4274809160305342
I55_02_05.png,train,1.23,0.0585241730279898,1.2340966921119594
I55_03_01.png,train,4.63,0.9236641221374048,4.694656488549619
I55_03_02.png,train,4.0,0.7633587786259542,4.0534351145038165
I55_03_03.png,train,2.4,0.356234096692112,2.424936386768448
I55_03_04.png,train,2.0,0.2544529262086514,2.017811704834606
I55_03_05.png,train,1.57,0.1450381679389313,1.5801526717557253
I55_04_01.png,train,4.61,0.9185750636132316,4.674300254452927
I55_04_02.png,train,2.52,0.3867684478371501,2.547073791348601
I55_04_03.png,train,2.1,0.2798982188295166,2.1195928753180664
I55_04_04.png,train,1.93,0.2366412213740458,1.9465648854961832
I55_04_05.png,train,1.5,0.1272264631043257,1.508905852417303
I55_05_01.png,train,4.5,0.89058524173028,4.56234096692112
I55_05_02.png,train,2.33,0.3384223918575064,2.3536895674300258
I55_05_03.png,train,1.6,0.1526717557251908,1.6106870229007637
I55_05_04.png,train,1.5,0.1272264631043257,1.508905852417303
I55_05_05.png,train,1.6,0.1526717557251908,1.6106870229007637
I55_06_01.png,train,4.65,0.9287531806615776,4.715012722646311
I55_06_02.png,train,4.23,0.8218829516539442,4.287531806615776
I55_06_03.png,train,3.87,0.7302798982188295,3.921119592875318
I55_06_04.png,train,3.33,0.5928753180661578,3.371501272264631
I55_06_05.png,train,2.26,0.3206106870229007,2.282442748091603
I55_07_01.png,train,3.17,0.5521628498727735,3.208651399491094
I55_07_02.png,train,2.67,0.4249363867684478,2.699745547073792
I55_07_03.png,train,2.27,0.3231552162849873,2.2926208651399493
I55_07_04.png,train,2.57,0.3994910941475826,2.59796437659033
I55_07_05.png,train,2.07,0.272264631043257,2.089058524173028
I55_08_01.png,train,4.67,0.9338422391857508,4.735368956743002
I55_08_02.png,train,3.37,0.6030534351145039,3.412213740458016
I55_08_03.png,train,2.37,0.3486005089058525,2.39440203562341
I55_08_04.png,train,1.73,0.1857506361323155,1.7430025445292625
I55_08_05.png,train,1.87,0.2213740458015267,1.885496183206107
I55_09_01.png,train,4.43,0.8727735368956743,4.491094147582697
I55_09_02.png,train,3.77,0.7048346055979644,3.8193384223918576
I55_09_03.png,train,3.6,0.6615776081424937,3.646310432569975
I55_09_04.png,train,2.07,0.272264631043257,2.089058524173028
I55_09_05.png,train,1.23,0.0585241730279898,1.2340966921119594
I55_10_01.png,train,4.23,0.8218829516539442,4.287531806615776
I55_10_02.png,train,4.37,0.8575063613231553,4.430025445292621
I55_10_03.png,train,4.27,0.83206106870229,4.32824427480916
I55_10_04.png,train,1.87,0.2213740458015267,1.885496183206107
I55_10_05.png,train,1.23,0.0585241730279898,1.2340966921119594
I55_11_01.png,train,4.6,0.916030534351145,4.66412213740458
I55_11_02.png,train,4.2,0.8142493638676845,4.256997455470739
I55_11_03.png,train,3.87,0.7302798982188295,3.921119592875318
I55_11_04.png,train,3.0,0.5089058524173028,3.035623409669211
I55_11_05.png,train,2.83,0.4656488549618321,2.862595419847328
I55_12_01.png,train,4.4,0.8651399491094149,4.46055979643766
I55_12_02.png,train,4.53,0.8982188295165395,4.592875318066158
I55_12_03.png,train,4.3,0.8396946564885497,4.358778625954199
I55_12_04.png,train,3.17,0.5521628498727735,3.208651399491094
I55_12_05.png,train,2.9,0.4834605597964376,2.9338422391857506
I55_13_01.png,train,3.6,0.6615776081424937,3.646310432569975
I55_13_02.png,train,2.87,0.4758269720101782,2.903307888040713
I55_13_03.png,train,2.77,0.450381679389313,2.801526717557252
I55_13_04.png,train,2.37,0.3486005089058525,2.39440203562341
I55_13_05.png,train,2.17,0.2977099236641221,2.1908396946564883
I55_14_01.png,train,4.47,0.8829516539440203,4.531806615776081
I55_14_02.png,train,4.1,0.7888040712468193,4.155216284987278
I55_14_03.png,train,4.3,0.8396946564885497,4.358778625954199
I55_14_04.png,train,3.2,0.5597964376590332,3.239185750636133
I55_14_05.png,train,2.73,0.4402035623409669,2.760814249363868
I55_15_01.png,train,3.83,0.7201017811704835,3.880407124681934
I55_15_02.png,train,2.6,0.4071246819338422,2.6284987277353693
I55_15_03.png,train,2.23,0.3129770992366412,2.2519083969465647
I55_15_04.png,train,1.87,0.2213740458015267,1.885496183206107
I55_15_05.png,train,1.67,0.1704834605597964,1.681933842239186
I55_16_01.png,train,4.57,0.9083969465648856,4.633587786259543
I55_16_02.png,train,4.5,0.89058524173028,4.56234096692112
I55_16_03.png,train,3.8,0.712468193384224,3.849872773536896
I55_16_04.png,train,2.97,0.5012722646310434,3.0050890585241734
I55_16_05.png,train,1.87,0.2213740458015267,1.885496183206107
I55_17_01.png,train,4.53,0.8982188295165395,4.592875318066158
I55_17_02.png,train,4.43,0.8727735368956743,4.491094147582697
I55_17_03.png,train,4.13,0.796437659033079,4.185750636132315
I55_17_04.png,train,3.5,0.6361323155216285,3.544529262086514
I55_17_05.png,train,1.6,0.1526717557251908,1.6106870229007637
I55_18_01.png,train,4.43,0.8727735368956743,4.491094147582697
I55_18_02.png,train,4.5,0.89058524173028,4.56234096692112
I55_18_03.png,train,4.53,0.8982188295165395,4.592875318066158
I55_18_04.png,train,4.5,0.89058524173028,4.56234096692112
I55_18_05.png,train,3.42,0.6157760814249365,3.463104325699746
I55_19_01.png,train,4.19,0.8117048346055982,4.246819338422393
I55_19_02.png,train,3.8,0.712468193384224,3.849872773536896
I55_19_03.png,train,3.13,0.5419847328244275,3.16793893129771
I55_19_04.png,train,1.68,0.1730279898218829,1.6921119592875318
I55_19_05.png,train,1.16,0.0407124681933842,1.1628498727735368
I55_20_01.png,train,4.43,0.8727735368956743,4.491094147582697
I55_20_02.png,train,4.23,0.8218829516539442,4.287531806615776
I55_20_03.png,train,4.17,0.806615776081425,4.2264631043257
I55_20_04.png,train,4.13,0.796437659033079,4.185750636132315
I55_20_05.png,train,3.43,0.6183206106870229,3.473282442748092
I55_21_01.png,train,3.83,0.7201017811704835,3.880407124681934
I55_21_02.png,train,2.93,0.4910941475826972,2.9643765903307893
I55_21_03.png,train,2.37,0.3486005089058525,2.39440203562341
I55_21_04.png,train,2.4,0.356234096692112,2.424936386768448
I55_21_05.png,train,1.4,0.1017811704834605,1.407124681933842
I55_22_01.png,train,4.6,0.916030534351145,4.66412213740458
I55_22_02.png,train,4.77,0.9592875318066156,4.837150127226463
I55_22_03.png,train,4.33,0.8473282442748092,4.389312977099237
I55_22_04.png,train,3.93,0.7455470737913487,3.982188295165394
I55_22_05.png,train,3.47,0.6284987277353691,3.5139949109414763
I55_23_01.png,train,2.27,0.3231552162849873,2.2926208651399493
I55_23_02.png,train,2.4,0.356234096692112,2.424936386768448
I55_23_03.png,train,2.27,0.3231552162849873,2.2926208651399493
I55_23_04.png,train,1.87,0.2213740458015267,1.885496183206107
I55_23_05.png,train,2.53,0.3893129770992366,2.5572519083969465
I55_24_01.png,train,3.03,0.5165394402035624,3.0661577608142494
I55_24_02.png,train,2.1,0.2798982188295166,2.1195928753180664
I55_24_03.png,train,1.73,0.1857506361323155,1.7430025445292625
I55_24_04.png,train,1.53,0.1348600508905852,1.5394402035623411
I55_24_05.png,train,1.1,0.0254452926208651,1.1017811704834606
I55_25_01.png,train,2.8,0.4580152671755725,2.83206106870229
I55_25_02.png,train,3.67,0.6793893129770993,3.717557251908397
I55_25_03.png,train,4.0,0.7633587786259542,4.0534351145038165
I55_25_04.png,train,4.3,0.8396946564885497,4.358778625954199
I55_25_05.png,train,3.47,0.6284987277353691,3.5139949109414763
I56_01_01.png,train,4.6,0.916030534351145,4.66412213740458
I56_01_02.png,train,4.63,0.9236641221374048,4.694656488549619
I56_01_03.png,train,2.87,0.4758269720101782,2.903307888040713
I56_01_04.png,train,1.87,0.2213740458015267,1.885496183206107
I56_01_05.png,train,1.2,0.0508905852417302,1.2035623409669212
I56_02_01.png,train,3.5,0.6361323155216285,3.544529262086514
I56_02_02.png,train,2.5,0.3816793893129771,2.5267175572519083
I56_02_03.png,train,1.9,0.2290076335877862,1.916030534351145
I56_02_04.png,train,1.53,0.1348600508905852,1.5394402035623411
I56_02_05.png,train,1.23,0.0585241730279898,1.2340966921119594
I56_03_01.png,train,4.63,0.9236641221374048,4.694656488549619
I56_03_02.png,train,4.27,0.83206106870229,4.32824427480916
I56_03_03.png,train,2.43,0.3638676844783716,2.4554707379134864
I56_03_04.png,train,1.97,0.2468193384223918,1.987277353689568
I56_03_05.png,train,1.6,0.1526717557251908,1.6106870229007637
I56_04_01.png,train,4.63,0.9236641221374048,4.694656488549619
I56_04_02.png,train,2.4,0.356234096692112,2.424936386768448
I56_04_03.png,train,1.83,0.2111959287531807,1.8447837150127229
I56_04_04.png,train,1.83,0.2111959287531807,1.8447837150127229
I56_04_05.png,train,1.43,0.1094147582697201,1.4376590330788803
I56_05_01.png,train,4.37,0.8575063613231553,4.430025445292621
I56_05_02.png,train,2.87,0.4758269720101782,2.903307888040713
I56_05_03.png,train,2.07,0.272264631043257,2.089058524173028
I56_05_04.png,train,1.87,0.2213740458015267,1.885496183206107
I56_05_05.png,train,2.13,0.2875318066157761,2.1501272264631046
I56_06_01.png,train,4.0,0.7633587786259542,4.0534351145038165
I56_06_02.png,train,3.6,0.6615776081424937,3.646310432569975
I56_06_03.png,train,3.17,0.5521628498727735,3.208651399491094
I56_06_04.png,train,2.57,0.3994910941475826,2.59796437659033
I56_06_05.png,train,2.0,0.2544529262086514,2.017811704834606
I56_07_01.png,train,2.2,0.3053435114503817,2.221374045801527
I56_07_02.png,train,1.8,0.2035623409669211,1.8142493638676849
I56_07_03.png,train,2.43,0.3638676844783716,2.4554707379134864
I56_07_04.png,train,2.5,0.3816793893129771,2.5267175572519083
I56_07_05.png,train,2.37,0.3486005089058525,2.39440203562341
I56_08_01.png,train,4.73,0.94910941475827,4.79643765903308
I56_08_02.png,train,2.8,0.4580152671755725,2.83206106870229
I56_08_03.png,train,2.33,0.3384223918575064,2.3536895674300258
I56_08_04.png,train,1.6,0.1526717557251908,1.6106870229007637
I56_08_05.png,train,1.87,0.2213740458015267,1.885496183206107
I56_09_01.png,train,4.4,0.8651399491094149,4.46055979643766
I56_09_02.png,train,4.67,0.9338422391857508,4.735368956743002
I56_09_03.png,train,4.67,0.9338422391857508,4.735368956743002
I56_09_04.png,train,3.07,0.5267175572519084,3.106870229007633
I56_09_05.png,train,1.57,0.1450381679389313,1.5801526717557253
I56_10_01.png,train,4.55,0.9033078880407124,4.6132315521628495
I56_10_02.png,train,4.13,0.796437659033079,4.185750636132315
I56_10_03.png,train,3.83,0.7201017811704835,3.880407124681934
I56_10_04.png,train,1.67,0.1704834605597964,1.681933842239186
I56_10_05.png,train,1.2,0.0508905852417302,1.2035623409669212
I56_11_01.png,train,3.67,0.6793893129770993,3.717557251908397
I56_11_02.png,train,3.4,0.6106870229007634,3.442748091603053
I56_11_03.png,train,2.8,0.4580152671755725,2.83206106870229
I56_11_04.png,train,2.43,0.3638676844783716,2.4554707379134864
I56_11_05.png,train,2.03,0.2620865139949109,2.048346055979644
I56_12_01.png,train,4.63,0.9236641221374048,4.694656488549619
I56_12_02.png,train,3.8,0.712468193384224,3.849872773536896
I56_12_03.png,train,2.9,0.4834605597964376,2.9338422391857506
I56_12_04.png,train,2.67,0.4249363867684478,2.699745547073792
I56_12_05.png,train,2.13,0.2875318066157761,2.1501272264631046
I56_13_01.png,train,3.17,0.5521628498727735,3.208651399491094
I56_13_02.png,train,2.33,0.3384223918575064,2.3536895674300258
I56_13_03.png,train,2.53,0.3893129770992366,2.5572519083969465
I56_13_04.png,train,2.03,0.2620865139949109,2.048346055979644
I56_13_05.png,train,2.27,0.3231552162849873,2.2926208651399493
I56_14_01.png,train,4.47,0.8829516539440203,4.531806615776081
I56_14_02.png,train,3.5,0.6361323155216285,3.544529262086514
I56_14_03.png,train,2.9,0.4834605597964376,2.9338422391857506
I56_14_04.png,train,2.47,0.3740458015267176,2.4961832061068705
I56_14_05.png,train,2.0,0.2544529262086514,2.017811704834606
I56_15_01.png,train,3.77,0.7048346055979644,3.8193384223918576
I56_15_02.png,train,2.63,0.4147582697201017,2.659033078880407
I56_15_03.png,train,1.97,0.2468193384223918,1.987277353689568
I56_15_04.png,train,1.5,0.1272264631043257,1.508905852417303
I56_15_05.png,train,1.43,0.1094147582697201,1.4376590330788803
I56_16_01.png,train,4.53,0.8982188295165395,4.592875318066158
I56_16_02.png,train,4.35,0.8524173027989822,4.409669211195929
I56_16_03.png,train,3.5,0.6361323155216285,3.544529262086514
I56_16_04.png,train,3.23,0.5674300254452926,3.2697201017811706
I56_16_05.png,train,1.97,0.2468193384223918,1.987277353689568
I56_17_01.png,train,4.58,0.910941475826972,4.643765903307888
I56_17_02.png,train,4.3,0.8396946564885497,4.358778625954199
I56_17_03.png,train,4.07,0.78117048346056,4.12468193384224
I56_17_04.png,train,3.13,0.5419847328244275,3.16793893129771
I56_17_05.png,train,1.94,0.2391857506361323,1.9567430025445292
I56_18_01.png,train,4.37,0.8575063613231553,4.430025445292621
I56_18_02.png,train,4.47,0.8829516539440203,4.531806615776081
I56_18_03.png,train,4.2,0.8142493638676845,4.256997455470739
I56_18_04.png,train,4.3,0.8396946564885497,4.358778625954199
I56_18_05.png,train,3.57,0.6539440203562341,3.615776081424937
I56_19_01.png,train,4.53,0.8982188295165395,4.592875318066158
I56_19_02.png,train,4.07,0.78117048346056,4.12468193384224
I56_19_03.png,train,3.67,0.6793893129770993,3.717557251908397
I56_19_04.png,train,1.77,0.1959287531806616,1.7837150127226464
I56_19_05.png,train,1.53,0.1348600508905852,1.5394402035623411
I56_20_01.png,train,4.37,0.8575063613231553,4.430025445292621
I56_20_02.png,train,3.43,0.6183206106870229,3.473282442748092
I56_20_03.png,train,3.93,0.7455470737913487,3.982188295165394
I56_20_04.png,train,2.73,0.4402035623409669,2.760814249363868
I56_20_05.png,train,2.6,0.4071246819338422,2.6284987277353693
I56_21_01.png,train,4.03,0.7709923664122139,4.083969465648856
I56_21_02.png,train,3.43,0.6183206106870229,3.473282442748092
I56_21_03.png,train,2.5,0.3816793893129771,2.5267175572519083
I56_21_04.png,train,3.07,0.5267175572519084,3.106870229007633
I56_21_05.png,train,1.53,0.1348600508905852,1.5394402035623411
I56_22_01.png,train,4.2,0.8142493638676845,4.256997455470739
I56_22_02.png,train,3.97,0.7557251908396948,4.022900763358779
I56_22_03.png,train,2.8,0.4580152671755725,2.83206106870229
I56_22_04.png,train,2.63,0.4147582697201017,2.659033078880407
I56_22_05.png,train,1.9,0.2290076335877862,1.916030534351145
I56_23_01.png,train,2.67,0.4249363867684478,2.699745547073792
I56_23_02.png,train,2.07,0.272264631043257,2.089058524173028
I56_23_03.png,train,2.1,0.2798982188295166,2.1195928753180664
I56_23_04.png,train,2.33,0.3384223918575064,2.3536895674300258
I56_23_05.png,train,2.03,0.2620865139949109,2.048346055979644
I56_24_01.png,train,3.23,0.5674300254452926,3.2697201017811706
I56_24_02.png,train,2.27,0.3231552162849873,2.2926208651399493
I56_24_03.png,train,1.87,0.2213740458015267,1.885496183206107
I56_24_04.png,train,1.43,0.1094147582697201,1.4376590330788803
I56_24_05.png,train,1.27,0.0687022900763358,1.2748091603053435
I56_25_01.png,train,3.13,0.5419847328244275,3.16793893129771
I56_25_02.png,train,3.47,0.6284987277353691,3.5139949109414763
I56_25_03.png,train,4.1,0.7888040712468193,4.155216284987278
I56_25_04.png,train,3.7,0.6870229007633589,3.748091603053436
I56_25_05.png,train,2.7,0.4325699745547074,2.73027989821883
I57_01_01.png,test,4.43,0.8727735368956743,4.491094147582697
I57_01_02.png,test,3.93,0.7455470737913487,3.982188295165394
I57_01_03.png,test,2.23,0.3129770992366412,2.2519083969465647
I57_01_04.png,test,1.7,0.178117048346056,1.712468193384224
I57_01_05.png,test,1.07,0.0178117048346056,1.0712468193384224
I57_02_01.png,test,3.1,0.534351145038168,3.137404580152672
I57_02_02.png,test,2.13,0.2875318066157761,2.1501272264631046
I57_02_03.png,test,1.27,0.0687022900763358,1.2748091603053435
I57_02_04.png,test,1.2,0.0508905852417302,1.2035623409669212
I57_02_05.png,test,1.26,0.0661577608142493,1.2646310432569976
I57_03_01.png,test,4.6,0.916030534351145,4.66412213740458
I57_03_02.png,test,3.8,0.712468193384224,3.849872773536896
I57_03_03.png,test,2.37,0.3486005089058525,2.39440203562341
I57_03_04.png,test,1.87,0.2213740458015267,1.885496183206107
I57_03_05.png,test,1.4,0.1017811704834605,1.407124681933842
I57_04_01.png,test,3.9,0.7379134860050891,3.951653944020357
I57_04_02.png,test,2.57,0.3994910941475826,2.59796437659033
I57_04_03.png,test,1.87,0.2213740458015267,1.885496183206107
I57_04_04.png,test,1.7,0.178117048346056,1.712468193384224
I57_04_05.png,test,1.37,0.094147582697201,1.376590330788804
I57_05_01.png,test,3.1,0.534351145038168,3.137404580152672
I57_05_02.png,test,1.77,0.1959287531806616,1.7837150127226464
I57_05_03.png,test,1.63,0.1603053435114503,1.6412213740458017
I57_05_04.png,test,1.43,0.1094147582697201,1.4376590330788803
I57_05_05.png,test,1.23,0.0585241730279898,1.2340966921119594
I57_06_01.png,test,3.73,0.6946564885496184,3.7786259541984735
I57_06_02.png,test,3.73,0.6946564885496184,3.7786259541984735
I57_06_03.png,test,3.67,0.6793893129770993,3.717557251908397
I57_06_04.png,test,2.47,0.3740458015267176,2.4961832061068705
I57_06_05.png,test,1.47,0.1195928753180661,1.478371501272265
I57_07_01.png,test,2.5,0.3816793893129771,2.5267175572519083
I57_07_02.png,test,2.1,0.2798982188295166,2.1195928753180664
I57_07_03.png,test,2.2,0.3053435114503817,2.221374045801527
I57_07_04.png,test,2.47,0.3740458015267176,2.4961832061068705
I57_07_05.png,test,2.03,0.2620865139949109,2.048346055979644
I57_08_01.png,test,4.43,0.8727735368956743,4.491094147582697
I57_08_02.png,test,3.17,0.5521628498727735,3.208651399491094
I57_08_03.png,test,2.0,0.2544529262086514,2.017811704834606
I57_08_04.png,test,1.4,0.1017811704834605,1.407124681933842
I57_08_05.png,test,1.17,0.0432569974554707,1.173027989821883
I57_09_01.png,test,4.58,0.910941475826972,4.643765903307888
I57_09_02.png,test,3.6,0.6615776081424937,3.646310432569975
I57_09_03.png,test,3.3,0.5852417302798982,3.340966921119593
I57_09_04.png,test,2.23,0.3129770992366412,2.2519083969465647
I57_09_05.png,test,1.23,0.0585241730279898,1.2340966921119594
I57_10_01.png,test,4.23,0.8218829516539442,4.287531806615776
I57_10_02.png,test,4.23,0.8218829516539442,4.287531806615776
I57_10_03.png,test,3.83,0.7201017811704835,3.880407124681934
I57_10_04.png,test,2.23,0.3129770992366412,2.2519083969465647
I57_10_05.png,test,1.37,0.094147582697201,1.376590330788804
I57_11_01.png,test,4.1,0.7888040712468193,4.155216284987278
I57_11_02.png,test,4.17,0.806615776081425,4.2264631043257
I57_11_03.png,test,3.43,0.6183206106870229,3.473282442748092
I57_11_04.png,test,2.93,0.4910941475826972,2.9643765903307893
I57_11_05.png,test,2.23,0.3129770992366412,2.2519083969465647
I57_12_01.png,test,4.5,0.89058524173028,4.56234096692112
I57_12_02.png,test,4.27,0.83206106870229,4.32824427480916
I57_12_03.png,test,3.73,0.6946564885496184,3.7786259541984735
I57_12_04.png,test,2.8,0.4580152671755725,2.83206106870229
I57_12_05.png,test,2.47,0.3740458015267176,2.4961832061068705
I57_13_01.png,test,4.0,0.7633587786259542,4.0534351145038165
I57_13_02.png,test,3.53,0.6437659033078881,3.5750636132315523
I57_13_03.png,test,3.1,0.534351145038168,3.137404580152672
I57_13_04.png,test,2.37,0.3486005089058525,2.39440203562341
I57_13_05.png,test,2.3,0.3307888040712468,2.323155216284987
I57_14_01.png,test,4.43,0.8727735368956743,4.491094147582697
I57_14_02.png,test,4.13,0.796437659033079,4.185750636132315
I57_14_03.png,test,3.23,0.5674300254452926,3.2697201017811706
I57_14_04.png,test,2.73,0.4402035623409669,2.760814249363868
I57_14_05.png,test,1.9,0.2290076335877862,1.916030534351145
I57_15_01.png,test,3.8,0.712468193384224,3.849872773536896
I57_15_02.png,test,3.23,0.5674300254452926,3.2697201017811706
I57_15_03.png,test,2.3,0.3307888040712468,2.323155216284987
I57_15_04.png,test,1.67,0.1704834605597964,1.681933842239186
I57_15_05.png,test,1.4,0.1017811704834605,1.407124681933842
I57_16_01.png,test,4.32,0.8447837150127228,4.379134860050892
I57_16_02.png,test,4.4,0.8651399491094149,4.46055979643766
I57_16_03.png,test,3.0,0.5089058524173028,3.035623409669211
I57_16_04.png,test,1.8,0.2035623409669211,1.8142493638676849
I57_16_05.png,test,1.33,0.0839694656488549,1.33587786259542
I57_17_01.png,test,4.27,0.83206106870229,4.32824427480916
I57_17_02.png,test,4.47,0.8829516539440203,4.531806615776081
I57_17_03.png,test,4.0,0.7633587786259542,4.0534351145038165
I57_17_04.png,test,3.47,0.6284987277353691,3.5139949109414763
I57_17_05.png,test,2.2,0.3053435114503817,2.221374045801527
I57_18_01.png,test,3.77,0.7048346055979644,3.8193384223918576
I57_18_02.png,test,4.3,0.8396946564885497,4.358778625954199
I57_18_03.png,test,4.43,0.8727735368956743,4.491094147582697
I57_18_04.png,test,4.3,0.8396946564885497,4.358778625954199
I57_18_05.png,test,3.9,0.7379134860050891,3.951653944020357
I57_19_01.png,test,4.23,0.8218829516539442,4.287531806615776
I57_19_02.png,test,3.8,0.712468193384224,3.849872773536896
I57_19_03.png,test,2.47,0.3740458015267176,2.4961832061068705
I57_19_04.png,test,1.63,0.1603053435114503,1.6412213740458017
I57_19_05.png,test,1.37,0.094147582697201,1.376590330788804
I57_20_01.png,test,4.33,0.8473282442748092,4.389312977099237
I57_20_02.png,test,4.13,0.796437659033079,4.185750636132315
I57_20_03.png,test,3.9,0.7379134860050891,3.951653944020357
I57_20_04.png,test,3.97,0.7557251908396948,4.022900763358779
I57_20_05.png,test,4.0,0.7633587786259542,4.0534351145038165
I57_21_01.png,test,3.5,0.6361323155216285,3.544529262086514
I57_21_02.png,test,2.67,0.4249363867684478,2.699745547073792
I57_21_03.png,test,2.5,0.3816793893129771,2.5267175572519083
I57_21_04.png,test,2.57,0.3994910941475826,2.59796437659033
I57_21_05.png,test,1.4,0.1017811704834605,1.407124681933842
I57_22_01.png,test,4.47,0.8829516539440203,4.531806615776081
I57_22_02.png,test,4.43,0.8727735368956743,4.491094147582697
I57_22_03.png,test,4.17,0.806615776081425,4.2264631043257
I57_22_04.png,test,4.13,0.796437659033079,4.185750636132315
I57_22_05.png,test,3.97,0.7557251908396948,4.022900763358779
I57_23_01.png,test,2.5,0.3816793893129771,2.5267175572519083
I57_23_02.png,test,2.37,0.3486005089058525,2.39440203562341
I57_23_03.png,test,2.03,0.2620865139949109,2.048346055979644
I57_23_04.png,test,2.0,0.2544529262086514,2.017811704834606
I57_23_05.png,test,1.8,0.2035623409669211,1.8142493638676849
I57_24_01.png,test,2.67,0.4249363867684478,2.699745547073792
I57_24_02.png,test,1.7,0.178117048346056,1.712468193384224
I57_24_03.png,test,1.43,0.1094147582697201,1.4376590330788803
I57_24_04.png,test,1.27,0.0687022900763358,1.2748091603053435
I57_24_05.png,test,1.1,0.0254452926208651,1.1017811704834606
I57_25_01.png,test,2.97,0.5012722646310434,3.0050890585241734
I57_25_02.png,test,3.57,0.6539440203562341,3.615776081424937
I57_25_03.png,test,3.57,0.6539440203562341,3.615776081424937
I57_25_04.png,test,3.83,0.7201017811704835,3.880407124681934
I57_25_05.png,test,3.07,0.5267175572519084,3.106870229007633
I58_01_01.png,val,4.73,0.94910941475827,4.79643765903308
I58_01_02.png,val,4.43,0.8727735368956743,4.491094147582697
I58_01_03.png,val,3.9,0.7379134860050891,3.951653944020357
I58_01_04.png,val,2.6,0.4071246819338422,2.6284987277353693
I58_01_05.png,val,1.53,0.1348600508905852,1.5394402035623411
I58_02_01.png,val,4.27,0.83206106870229,4.32824427480916
I58_02_02.png,val,3.6,0.6615776081424937,3.646310432569975
I58_02_03.png,val,2.47,0.3740458015267176,2.4961832061068705
I58_02_04.png,val,1.97,0.2468193384223918,1.987277353689568
I58_02_05.png,val,1.6,0.1526717557251908,1.6106870229007637
I58_03_01.png,val,4.57,0.9083969465648856,4.633587786259543
I58_03_02.png,val,4.47,0.8829516539440203,4.531806615776081
I58_03_03.png,val,3.4,0.6106870229007634,3.442748091603053
I58_03_04.png,val,2.93,0.4910941475826972,2.9643765903307893
I58_03_05.png,val,2.27,0.3231552162849873,2.2926208651399493
I58_04_01.png,val,4.17,0.806615776081425,4.2264631043257
I58_04_02.png,val,2.5,0.3816793893129771,2.5267175572519083
I58_04_03.png,val,1.43,0.1094147582697201,1.4376590330788803
I58_04_04.png,val,1.07,0.0178117048346056,1.0712468193384224
I58_04_05.png,val,1.0,0.0,1.0
I58_05_01.png,val,4.63,0.9236641221374048,4.694656488549619
I58_05_02.png,val,3.97,0.7557251908396948,4.022900763358779
I58_05_03.png,val,2.43,0.3638676844783716,2.4554707379134864
I58_05_04.png,val,2.47,0.3740458015267176,2.4961832061068705
I58_05_05.png,val,3.4,0.6106870229007634,3.442748091603053
I58_06_01.png,val,4.35,0.8524173027989822,4.409669211195929
I58_06_02.png,val,4.2,0.8142493638676845,4.256997455470739
I58_06_03.png,val,3.3,0.5852417302798982,3.340966921119593
I58_06_04.png,val,2.6,0.4071246819338422,2.6284987277353693
I58_06_05.png,val,2.3,0.3307888040712468,2.323155216284987
I58_07_01.png,val,2.4,0.356234096692112,2.424936386768448
I58_07_02.png,val,2.13,0.2875318066157761,2.1501272264631046
I58_07_03.png,val,2.2,0.3053435114503817,2.221374045801527
I58_07_04.png,val,2.2,0.3053435114503817,2.221374045801527
I58_07_05.png,val,2.27,0.3231552162849873,2.2926208651399493
I58_08_01.png,val,4.73,0.94910941475827,4.79643765903308
I58_08_02.png,val,4.03,0.7709923664122139,4.083969465648856
I58_08_03.png,val,3.35,0.5979643765903309,3.3918575063613234
I58_08_04.png,val,1.67,0.1704834605597964,1.681933842239186
I58_08_05.png,val,1.3,0.0763358778625954,1.3053435114503815
I58_09_01.png,val,4.63,0.9236641221374048,4.694656488549619
I58_09_02.png,val,4.5,0.89058524173028,4.56234096692112
I58_09_03.png,val,4.63,0.9236641221374048,4.694656488549619
I58_09_04.png,val,3.52,0.6412213740458016,3.5648854961832064
I58_09_05.png,val,1.8,0.2035623409669211,1.8142493638676849
I58_10_01.png,val,4.03,0.7709923664122139,4.083969465648856
I58_10_02.png,val,4.17,0.806615776081425,4.2264631043257
I58_10_03.png,val,3.3,0.5852417302798982,3.340966921119593
I58_10_04.png,val,1.8,0.2035623409669211,1.8142493638676849
I58_10_05.png,val,1.53,0.1348600508905852,1.5394402035623411
I58_11_01.png,val,3.77,0.7048346055979644,3.8193384223918576
I58_11_02.png,val,3.2,0.5597964376590332,3.239185750636133
I58_11_03.png,val,2.9,0.4834605597964376,2.9338422391857506
I58_11_04.png,val,2.9,0.4834605597964376,2.9338422391857506
I58_11_05.png,val,2.3,0.3307888040712468,2.323155216284987
I58_12_01.png,val,4.37,0.8575063613231553,4.430025445292621
I58_12_02.png,val,3.43,0.6183206106870229,3.473282442748092
I58_12_03.png,val,2.93,0.4910941475826972,2.9643765903307893
I58_12_04.png,val,2.5,0.3816793893129771,2.5267175572519083
I58_12_05.png,val,2.17,0.2977099236641221,2.1908396946564883
I58_13_01.png,val,3.1,0.534351145038168,3.137404580152672
I58_13_02.png,val,2.33,0.3384223918575064,2.3536895674300258
I58_13_03.png,val,2.6,0.4071246819338422,2.6284987277353693
I58_13_04.png,val,2.13,0.2875318066157761,2.1501272264631046
I58_13_05.png,val,1.83,0.2111959287531807,1.8447837150127229
I58_14_01.png,val,4.37,0.8575063613231553,4.430025445292621
I58_14_02.png,val,3.53,0.6437659033078881,3.5750636132315523
I58_14_03.png,val,3.37,0.6030534351145039,3.412213740458016
I58_14_04.png,val,2.8,0.4580152671755725,2.83206106870229
I58_14_05.png,val,2.27,0.3231552162849873,2.2926208651399493
I58_15_01.png,val,3.77,0.7048346055979644,3.8193384223918576
I58_15_02.png,val,2.77,0.450381679389313,2.801526717557252
I58_15_03.png,val,2.4,0.356234096692112,2.424936386768448
I58_15_04.png,val,1.77,0.1959287531806616,1.7837150127226464
I58_15_05.png,val,1.47,0.1195928753180661,1.478371501272265
I58_16_01.png,val,4.83,0.974554707379135,4.89821882951654
I58_16_02.png,val,4.57,0.9083969465648856,4.633587786259543
I58_16_03.png,val,4.17,0.806615776081425,4.2264631043257
I58_16_04.png,val,3.5,0.6361323155216285,3.544529262086514
I58_16_05.png,val,2.33,0.3384223918575064,2.3536895674300258
I58_17_01.png,val,4.77,0.9592875318066156,4.837150127226463
I58_17_02.png,val,4.57,0.9083969465648856,4.633587786259543
I58_17_03.png,val,4.03,0.7709923664122139,4.083969465648856
I58_17_04.png,val,3.5,0.6361323155216285,3.544529262086514
I58_17_05.png,val,2.17,0.2977099236641221,2.1908396946564883
I58_18_01.png,val,4.37,0.8575063613231553,4.430025445292621
I58_18_02.png,val,4.77,0.9592875318066156,4.837150127226463
I58_18_03.png,val,4.83,0.974554707379135,4.89821882951654
I58_18_04.png,val,4.27,0.83206106870229,4.32824427480916
I58_18_05.png,val,3.73,0.6946564885496184,3.7786259541984735
I58_19_01.png,val,4.43,0.8727735368956743,4.491094147582697
I58_19_02.png,val,4.3,0.8396946564885497,4.358778625954199
I58_19_03.png,val,3.4,0.6106870229007634,3.442748091603053
I58_19_04.png,val,1.97,0.2468193384223918,1.987277353689568
I58_19_05.png,val,1.67,0.1704834605597964,1.681933842239186
I58_20_01.png,val,4.07,0.78117048346056,4.12468193384224
I58_20_02.png,val,4.5,0.89058524173028,4.56234096692112
I58_20_03.png,val,3.07,0.5267175572519084,3.106870229007633
I58_20_04.png,val,3.23,0.5674300254452926,3.2697201017811706
I58_20_05.png,val,3.03,0.5165394402035624,3.0661577608142494
I58_21_01.png,val,4.23,0.8218829516539442,4.287531806615776
I58_21_02.png,val,3.5,0.6361323155216285,3.544529262086514
I58_21_03.png,val,3.33,0.5928753180661578,3.371501272264631
I58_21_04.png,val,3.29,0.5826972010178118,3.330788804071247
I58_21_05.png,val,1.97,0.2468193384223918,1.987277353689568
I58_22_01.png,val,2.9,0.4834605597964376,2.9338422391857506
I58_22_02.png,val,2.1,0.2798982188295166,2.1195928753180664
I58_22_03.png,val,2.3,0.3307888040712468,2.323155216284987
I58_22_04.png,val,2.03,0.2620865139949109,2.048346055979644
I58_22_05.png,val,2.0,0.2544529262086514,2.017811704834606
I58_23_01.png,val,2.9,0.4834605597964376,2.9338422391857506
I58_23_02.png,val,2.4,0.356234096692112,2.424936386768448
I58_23_03.png,val,2.33,0.3384223918575064,2.3536895674300258
I58_23_04.png,val,2.33,0.3384223918575064,2.3536895674300258
I58_23_05.png,val,1.97,0.2468193384223918,1.987277353689568
I58_24_01.png,val,4.3,0.8396946564885497,4.358778625954199
I58_24_02.png,val,3.57,0.6539440203562341,3.615776081424937
I58_24_03.png,val,3.13,0.5419847328244275,3.16793893129771
I58_24_04.png,val,2.17,0.2977099236641221,2.1908396946564883
I58_24_05.png,val,1.7,0.178117048346056,1.712468193384224
I58_25_01.png,val,3.5,0.6361323155216285,3.544529262086514
I58_25_02.png,val,4.07,0.78117048346056,4.12468193384224
I58_25_03.png,val,4.45,0.8778625954198475,4.51145038167939
I58_25_04.png,val,4.1,0.7888040712468193,4.155216284987278
I58_25_05.png,val,3.53,0.6437659033078881,3.5750636132315523
I59_01_01.png,val,4.8,0.9669211195928752,4.867684478371501
I59_01_02.png,val,4.3,0.8396946564885497,4.358778625954199
I59_01_03.png,val,3.2,0.5597964376590332,3.239185750636133
I59_01_04.png,val,1.8,0.2035623409669211,1.8142493638676849
I59_01_05.png,val,1.37,0.094147582697201,1.376590330788804
I59_02_01.png,val,4.37,0.8575063613231553,4.430025445292621
I59_02_02.png,val,3.03,0.5165394402035624,3.0661577608142494
I59_02_03.png,val,1.73,0.1857506361323155,1.7430025445292625
I59_02_04.png,val,1.47,0.1195928753180661,1.478371501272265
I59_02_05.png,val,1.2,0.0508905852417302,1.2035623409669212
I59_03_01.png,val,4.83,0.974554707379135,4.89821882951654
I59_03_02.png,val,4.27,0.83206106870229,4.32824427480916
I59_03_03.png,val,3.43,0.6183206106870229,3.473282442748092
I59_03_04.png,val,2.3,0.3307888040712468,2.323155216284987
I59_03_05.png,val,1.47,0.1195928753180661,1.478371501272265
I59_04_01.png,val,4.6,0.916030534351145,4.66412213740458
I59_04_02.png,val,3.17,0.5521628498727735,3.208651399491094
I59_04_03.png,val,2.33,0.3384223918575064,2.3536895674300258
I59_04_04.png,val,2.43,0.3638676844783716,2.4554707379134864
I59_04_05.png,val,2.07,0.272264631043257,2.089058524173028
I59_05_01.png,val,4.67,0.9338422391857508,4.735368956743002
I59_05_02.png,val,2.6,0.4071246819338422,2.6284987277353693
I59_05_03.png,val,1.9,0.2290076335877862,1.916030534351145
I59_05_04.png,val,1.27,0.0687022900763358,1.2748091603053435
I59_05_05.png,val,1.4,0.1017811704834605,1.407124681933842
I59_06_01.png,val,4.27,0.83206106870229,4.32824427480916
I59_06_02.png,val,3.97,0.7557251908396948,4.022900763358779
I59_06_03.png,val,3.87,0.7302798982188295,3.921119592875318
I59_06_04.png,val,3.37,0.6030534351145039,3.412213740458016
I59_06_05.png,val,2.83,0.4656488549618321,2.862595419847328
I59_07_01.png,val,3.13,0.5419847328244275,3.16793893129771
I59_07_02.png,val,2.4,0.356234096692112,2.424936386768448
I59_07_03.png,val,2.8,0.4580152671755725,2.83206106870229
I59_07_04.png,val,2.52,0.3867684478371501,2.547073791348601
I59_07_05.png,val,2.19,0.3027989821882951,2.2111959287531806
I59_08_01.png,val,4.7,0.9414758269720104,4.765903307888041
I59_08_02.png,val,3.27,0.5776081424936387,3.3104325699745547
I59_08_03.png,val,2.87,0.4758269720101782,2.903307888040713
I59_08_04.png,val,2.4,0.356234096692112,2.424936386768448
I59_08_05.png,val,1.87,0.2213740458015267,1.885496183206107
I59_09_01.png,val,4.63,0.9236641221374048,4.694656488549619
I59_09_02.png,val,4.6,0.916030534351145,4.66412213740458
I59_09_03.png,val,4.4,0.8651399491094149,4.46055979643766
I59_09_04.png,val,3.1,0.534351145038168,3.137404580152672
I59_09_05.png,val,1.3,0.0763358778625954,1.3053435114503815
I59_10_01.png,val,4.77,0.9592875318066156,4.837150127226463
I59_10_02.png,val,4.77,0.9592875318066156,4.837150127226463
I59_10_03.png,val,4.5,0.89058524173028,4.56234096692112
I59_10_04.png,val,2.5,0.3816793893129771,2.5267175572519083
I59_10_05.png,val,1.47,0.1195928753180661,1.478371501272265
I59_11_01.png,val,4.29,0.8371501272264632,4.348600508905853
I59_11_02.png,val,3.77,0.7048346055979644,3.8193384223918576
I59_11_03.png,val,3.43,0.6183206106870229,3.473282442748092
I59_11_04.png,val,3.0,0.5089058524173028,3.035623409669211
I59_11_05.png,val,2.3,0.3307888040712468,2.323155216284987
I59_12_01.png,val,4.5,0.89058524173028,4.56234096692112
I59_12_02.png,val,4.03,0.7709923664122139,4.083969465648856
I59_12_03.png,val,3.6,0.6615776081424937,3.646310432569975
I59_12_04.png,val,2.97,0.5012722646310434,3.0050890585241734
I59_12_05.png,val,2.6,0.4071246819338422,2.6284987277353693
I59_13_01.png,val,4.27,0.83206106870229,4.32824427480916
I59_13_02.png,val,3.2,0.5597964376590332,3.239185750636133
I59_13_03.png,val,2.77,0.450381679389313,2.801526717557252
I59_13_04.png,val,2.33,0.3384223918575064,2.3536895674300258
I59_13_05.png,val,2.3,0.3307888040712468,2.323155216284987
I59_14_01.png,val,4.87,0.984732824427481,4.9389312977099245
I59_14_02.png,val,4.13,0.796437659033079,4.185750636132315
I59_14_03.png,val,3.03,0.5165394402035624,3.0661577608142494
I59_14_04.png,val,2.77,0.450381679389313,2.801526717557252
I59_14_05.png,val,2.23,0.3129770992366412,2.2519083969465647
I59_15_01.png,val,4.13,0.796437659033079,4.185750636132315
I59_15_02.png,val,3.03,0.5165394402035624,3.0661577608142494
I59_15_03.png,val,2.53,0.3893129770992366,2.5572519083969465
I59_15_04.png,val,1.8,0.2035623409669211,1.8142493638676849
I59_15_05.png,val,1.5,0.1272264631043257,1.508905852417303
I59_16_01.png,val,4.73,0.94910941475827,4.79643765903308
I59_16_02.png,val,4.47,0.8829516539440203,4.531806615776081
I59_16_03.png,val,3.83,0.7201017811704835,3.880407124681934
I59_16_04.png,val,2.9,0.4834605597964376,2.9338422391857506
I59_16_05.png,val,1.53,0.1348600508905852,1.5394402035623411
I59_17_01.png,val,4.83,0.974554707379135,4.89821882951654
I59_17_02.png,val,4.39,0.8625954198473282,4.450381679389313
I59_17_03.png,val,4.3,0.8396946564885497,4.358778625954199
I59_17_04.png,val,3.7,0.6870229007633589,3.748091603053436
I59_17_05.png,val,2.37,0.3486005089058525,2.39440203562341
I59_18_01.png,val,4.43,0.8727735368956743,4.491094147582697
I59_18_02.png,val,4.7,0.9414758269720104,4.765903307888041
I59_18_03.png,val,4.67,0.9338422391857508,4.735368956743002
I59_18_04.png,val,4.43,0.8727735368956743,4.491094147582697
I59_18_05.png,val,3.93,0.7455470737913487,3.982188295165394
I59_19_01.png,val,4.53,0.8982188295165395,4.592875318066158
I59_19_02.png,val,4.27,0.83206106870229,4.32824427480916
I59_19_03.png,val,3.7,0.6870229007633589,3.748091603053436
I59_19_04.png,val,2.0,0.2544529262086514,2.017811704834606
I59_19_05.png,val,1.13,0.0330788804071246,1.1323155216284986
I59_20_01.png,val,4.47,0.8829516539440203,4.531806615776081
I59_20_02.png,val,4.57,0.9083969465648856,4.633587786259543
I59_20_03.png,val,4.07,0.78117048346056,4.12468193384224
I59_20_04.png,val,4.23,0.8218829516539442,4.287531806615776
I59_20_05.png,val,3.6,0.6615776081424937,3.646310432569975
I59_21_01.png,val,4.5,0.89058524173028,4.56234096692112
I59_21_02.png,val,3.67,0.6793893129770993,3.717557251908397
I59_21_03.png,val,3.8,0.712468193384224,3.849872773536896
I59_21_04.png,val,3.1,0.534351145038168,3.137404580152672
I59_21_05.png,val,1.53,0.1348600508905852,1.5394402035623411
I59_22_01.png,val,4.4,0.8651399491094149,4.46055979643766
I59_22_02.png,val,4.48,0.885496183206107,4.541984732824428
I59_22_03.png,val,3.7,0.6870229007633589,3.748091603053436
I59_22_04.png,val,3.73,0.6946564885496184,3.7786259541984735
I59_22_05.png,val,3.4,0.6106870229007634,3.442748091603053
I59_23_01.png,val,2.87,0.4758269720101782,2.903307888040713
I59_23_02.png,val,2.47,0.3740458015267176,2.4961832061068705
I59_23_03.png,val,2.5,0.3816793893129771,2.5267175572519083
I59_23_04.png,val,2.4,0.356234096692112,2.424936386768448
I59_23_05.png,val,2.3,0.3307888040712468,2.323155216284987
I59_24_01.png,val,3.93,0.7455470737913487,3.982188295165394
I59_24_02.png,val,2.93,0.4910941475826972,2.9643765903307893
I59_24_03.png,val,2.4,0.356234096692112,2.424936386768448
I59_24_04.png,val,1.8,0.2035623409669211,1.8142493638676849
I59_24_05.png,val,1.4,0.1017811704834605,1.407124681933842
I59_25_01.png,val,4.0,0.7633587786259542,4.0534351145038165
I59_25_02.png,val,3.87,0.7302798982188295,3.921119592875318
I59_25_03.png,val,4.39,0.8625954198473282,4.450381679389313
I59_25_04.png,val,4.1,0.7888040712468193,4.155216284987278
I59_25_05.png,val,2.93,0.4910941475826972,2.9643765903307893
I60_01_01.png,train,4.47,0.8829516539440203,4.531806615776081
I60_01_02.png,train,4.6,0.916030534351145,4.66412213740458
I60_01_03.png,train,3.33,0.5928753180661578,3.371501272264631
I60_01_04.png,train,1.97,0.2468193384223918,1.987277353689568
I60_01_05.png,train,1.57,0.1450381679389313,1.5801526717557253
I60_02_01.png,train,4.16,0.8040712468193385,4.216284987277354
I60_02_02.png,train,3.03,0.5165394402035624,3.0661577608142494
I60_02_03.png,train,1.8,0.2035623409669211,1.8142493638676849
I60_02_04.png,train,1.23,0.0585241730279898,1.2340966921119594
I60_02_05.png,train,1.2,0.0508905852417302,1.2035623409669212
I60_03_01.png,train,4.63,0.9236641221374048,4.694656488549619
I60_03_02.png,train,4.7,0.9414758269720104,4.765903307888041
I60_03_03.png,train,3.13,0.5419847328244275,3.16793893129771
I60_03_04.png,train,2.77,0.450381679389313,2.801526717557252
I60_03_05.png,train,1.97,0.2468193384223918,1.987277353689568
I60_04_01.png,train,4.57,0.9083969465648856,4.633587786259543
I60_04_02.png,train,1.97,0.2468193384223918,1.987277353689568
I60_04_03.png,train,1.33,0.0839694656488549,1.33587786259542
I60_04_04.png,train,1.2,0.0508905852417302,1.2035623409669212
I60_04_05.png,train,1.13,0.0330788804071246,1.1323155216284986
I60_05_01.png,train,4.7,0.9414758269720104,4.765903307888041
I60_05_02.png,train,2.87,0.4758269720101782,2.903307888040713
I60_05_03.png,train,2.3,0.3307888040712468,2.323155216284987
I60_05_04.png,train,2.5,0.3816793893129771,2.5267175572519083
I60_05_05.png,train,2.67,0.4249363867684478,2.699745547073792
I60_06_01.png,train,4.03,0.7709923664122139,4.083969465648856
I60_06_02.png,train,3.9,0.7379134860050891,3.951653944020357
I60_06_03.png,train,3.63,0.6692111959287532,3.676844783715013
I60_06_04.png,train,3.1,0.534351145038168,3.137404580152672
I60_06_05.png,train,2.53,0.3893129770992366,2.5572519083969465
I60_07_01.png,train,2.8,0.4580152671755725,2.83206106870229
I60_07_02.png,train,2.63,0.4147582697201017,2.659033078880407
I60_07_03.png,train,1.87,0.2213740458015267,1.885496183206107
I60_07_04.png,train,1.8,0.2035623409669211,1.8142493638676849
I60_07_05.png,train,1.8,0.2035623409669211,1.8142493638676849
I60_08_01.png,train,4.6,0.916030534351145,4.66412213740458
I60_08_02.png,train,3.03,0.5165394402035624,3.0661577608142494
I60_08_03.png,train,1.87,0.2213740458015267,1.885496183206107
I60_08_04.png,train,1.6,0.1526717557251908,1.6106870229007637
I60_08_05.png,train,1.47,0.1195928753180661,1.478371501272265
I60_09_01.png,train,4.53,0.8982188295165395,4.592875318066158
I60_09_02.png,train,4.13,0.796437659033079,4.185750636132315
I60_09_03.png,train,4.33,0.8473282442748092,4.389312977099237
I60_09_04.png,train,2.33,0.3384223918575064,2.3536895674300258
I60_09_05.png,train,1.4,0.1017811704834605,1.407124681933842
I60_10_01.png,train,4.57,0.9083969465648856,4.633587786259543
I60_10_02.png,train,4.37,0.8575063613231553,4.430025445292621
I60_10_03.png,train,4.16,0.8040712468193385,4.216284987277354
I60_10_04.png,train,2.43,0.3638676844783716,2.4554707379134864
I60_10_05.png,train,1.47,0.1195928753180661,1.478371501272265
I60_11_01.png,train,3.53,0.6437659033078881,3.5750636132315523
I60_11_02.png,train,3.47,0.6284987277353691,3.5139949109414763
I60_11_03.png,train,3.07,0.5267175572519084,3.106870229007633
I60_11_04.png,train,2.7,0.4325699745547074,2.73027989821883
I60_11_05.png,train,2.6,0.4071246819338422,2.6284987277353693
I60_12_01.png,train,4.53,0.8982188295165395,4.592875318066158
I60_12_02.png,train,4.0,0.7633587786259542,4.0534351145038165
I60_12_03.png,train,3.57,0.6539440203562341,3.615776081424937
I60_12_04.png,train,2.87,0.4758269720101782,2.903307888040713
I60_12_05.png,train,2.45,0.3689567430025446,2.4758269720101787
I60_13_01.png,train,3.67,0.6793893129770993,3.717557251908397
I60_13_02.png,train,2.93,0.4910941475826972,2.9643765903307893
I60_13_03.png,train,2.63,0.4147582697201017,2.659033078880407
I60_13_04.png,train,2.57,0.3994910941475826,2.59796437659033
I60_13_05.png,train,2.27,0.3231552162849873,2.2926208651399493
I60_14_01.png,train,4.47,0.8829516539440203,4.531806615776081
I60_14_02.png,train,3.63,0.6692111959287532,3.676844783715013
I60_14_03.png,train,3.2,0.5597964376590332,3.239185750636133
I60_14_04.png,train,2.73,0.4402035623409669,2.760814249363868
I60_14_05.png,train,1.97,0.2468193384223918,1.987277353689568
I60_15_01.png,train,4.2,0.8142493638676845,4.256997455470739
I60_15_02.png,train,2.97,0.5012722646310434,3.0050890585241734
I60_15_03.png,train,2.3,0.3307888040712468,2.323155216284987
I60_15_04.png,train,1.87,0.2213740458015267,1.885496183206107
I60_15_05.png,train,1.57,0.1450381679389313,1.5801526717557253
I60_16_01.png,train,4.57,0.9083969465648856,4.633587786259543
I60_16_02.png,train,4.53,0.8982188295165395,4.592875318066158
I60_16_03.png,train,3.43,0.6183206106870229,3.473282442748092
I60_16_04.png,train,3.1,0.534351145038168,3.137404580152672
I60_16_05.png,train,1.93,0.2366412213740458,1.9465648854961832
I60_17_01.png,train,4.47,0.8829516539440203,4.531806615776081
I60_17_02.png,train,4.5,0.89058524173028,4.56234096692112
I60_17_03.png,train,4.33,0.8473282442748092,4.389312977099237
I60_17_04.png,train,3.47,0.6284987277353691,3.5139949109414763
I60_17_05.png,train,2.4,0.356234096692112,2.424936386768448
I60_18_01.png,train,4.5,0.89058524173028,4.56234096692112
I60_18_02.png,train,4.8,0.9669211195928752,4.867684478371501
I60_18_03.png,train,4.65,0.9287531806615776,4.715012722646311
I60_18_04.png,train,4.63,0.9236641221374048,4.694656488549619
I60_18_05.png,train,4.13,0.796437659033079,4.185750636132315
I60_19_01.png,train,4.5,0.89058524173028,4.56234096692112
I60_19_02.png,train,3.73,0.6946564885496184,3.7786259541984735
I60_19_03.png,train,3.6,0.6615776081424937,3.646310432569975
I60_19_04.png,train,2.13,0.2875318066157761,2.1501272264631046
I60_19_05.png,train,1.37,0.094147582697201,1.376590330788804
I60_20_01.png,train,4.27,0.83206106870229,4.32824427480916
I60_20_02.png,train,3.8,0.712468193384224,3.849872773536896
I60_20_03.png,train,3.6,0.6615776081424937,3.646310432569975
I60_20_04.png,train,3.63,0.6692111959287532,3.676844783715013
I60_20_05.png,train,3.33,0.5928753180661578,3.371501272264631
I60_21_01.png,train,3.93,0.7455470737913487,3.982188295165394
I60_21_02.png,train,3.5,0.6361323155216285,3.544529262086514
I60_21_03.png,train,3.37,0.6030534351145039,3.412213740458016
I60_21_04.png,train,3.13,0.5419847328244275,3.16793893129771
I60_21_05.png,train,1.93,0.2366412213740458,1.9465648854961832
I60_22_01.png,train,4.27,0.83206106870229,4.32824427480916
I60_22_02.png,train,4.2,0.8142493638676845,4.256997455470739
I60_22_03.png,train,3.83,0.7201017811704835,3.880407124681934
I60_22_04.png,train,3.4,0.6106870229007634,3.442748091603053
I60_22_05.png,train,3.17,0.5521628498727735,3.208651399491094
I60_23_01.png,train,3.03,0.5165394402035624,3.0661577608142494
I60_23_02.png,train,2.81,0.4605597964376591,2.8422391857506364
I60_23_03.png,train,2.3,0.3307888040712468,2.323155216284987
I60_23_04.png,train,1.8,0.2035623409669211,1.8142493638676849
I60_23_05.png,train,2.13,0.2875318066157761,2.1501272264631046
I60_24_01.png,train,3.6,0.6615776081424937,3.646310432569975
I60_24_02.png,train,2.9,0.4834605597964376,2.9338422391857506
I60_24_03.png,train,2.13,0.2875318066157761,2.1501272264631046
I60_24_04.png,train,1.47,0.1195928753180661,1.478371501272265
I60_24_05.png,train,1.57,0.1450381679389313,1.5801526717557253
I60_25_01.png,train,3.13,0.5419847328244275,3.16793893129771
I60_25_02.png,train,3.93,0.7455470737913487,3.982188295165394
I60_25_03.png,train,4.43,0.8727735368956743,4.491094147582697
I60_25_04.png,train,4.1,0.7888040712468193,4.155216284987278
I60_25_05.png,train,3.8,0.712468193384224,3.849872773536896
I61_01_01.png,train,4.47,0.8829516539440203,4.531806615776081
I61_01_02.png,train,4.63,0.9236641221374048,4.694656488549619
I61_01_03.png,train,2.73,0.4402035623409669,2.760814249363868
I61_01_04.png,train,1.97,0.2468193384223918,1.987277353689568
I61_01_05.png,train,1.13,0.0330788804071246,1.1323155216284986
I61_02_01.png,train,3.67,0.6793893129770993,3.717557251908397
I61_02_02.png,train,2.87,0.4758269720101782,2.903307888040713
I61_02_03.png,train,1.67,0.1704834605597964,1.681933842239186
I61_02_04.png,train,1.27,0.0687022900763358,1.2748091603053435
I61_02_05.png,train,1.3,0.0763358778625954,1.3053435114503815
I61_03_01.png,train,4.43,0.8727735368956743,4.491094147582697
I61_03_02.png,train,4.03,0.7709923664122139,4.083969465648856
I61_03_03.png,train,2.37,0.3486005089058525,2.39440203562341
I61_03_04.png,train,2.0,0.2544529262086514,2.017811704834606
I61_03_05.png,train,1.45,0.1145038167938931,1.4580152671755724
I61_04_01.png,train,4.27,0.83206106870229,4.32824427480916
I61_04_02.png,train,2.7,0.4325699745547074,2.73027989821883
I61_04_03.png,train,1.73,0.1857506361323155,1.7430025445292625
I61_04_04.png,train,1.5,0.1272264631043257,1.508905852417303
I61_04_05.png,train,1.23,0.0585241730279898,1.2340966921119594
I61_05_01.png,train,4.47,0.8829516539440203,4.531806615776081
I61_05_02.png,train,2.17,0.2977099236641221,2.1908396946564883
I61_05_03.png,train,1.77,0.1959287531806616,1.7837150127226464
I61_05_04.png,train,1.83,0.2111959287531807,1.8447837150127229
I61_05_05.png,train,1.63,0.1603053435114503,1.6412213740458017
I61_06_01.png,train,4.6,0.916030534351145,4.66412213740458
I61_06_02.png,train,4.17,0.806615776081425,4.2264631043257
I61_06_03.png,train,4.33,0.8473282442748092,4.389312977099237
I61_06_04.png,train,3.73,0.6946564885496184,3.7786259541984735
I61_06_05.png,train,2.4,0.356234096692112,2.424936386768448
I61_07_01.png,train,2.9,0.4834605597964376,2.9338422391857506
I61_07_02.png,train,2.47,0.3740458015267176,2.4961832061068705
I61_07_03.png,train,2.33,0.3384223918575064,2.3536895674300258
I61_07_04.png,train,2.8,0.4580152671755725,2.83206106870229
I61_07_05.png,train,1.87,0.2213740458015267,1.885496183206107
I61_08_01.png,train,4.6,0.916030534351145,4.66412213740458
I61_08_02.png,train,3.57,0.6539440203562341,3.615776081424937
I61_08_03.png,train,3.1,0.534351145038168,3.137404580152672
I61_08_04.png,train,2.1,0.2798982188295166,2.1195928753180664
I61_08_05.png,train,1.7,0.178117048346056,1.712468193384224
I61_09_01.png,train,4.67,0.9338422391857508,4.735368956743002
I61_09_02.png,train,3.4,0.6106870229007634,3.442748091603053
I61_09_03.png,train,3.4,0.6106870229007634,3.442748091603053
I61_09_04.png,train,1.6,0.1526717557251908,1.6106870229007637
I61_09_05.png,train,1.23,0.0585241730279898,1.2340966921119594
I61_10_01.png,train,4.27,0.83206106870229,4.32824427480916
I61_10_02.png,train,4.1,0.7888040712468193,4.155216284987278
I61_10_03.png,train,3.63,0.6692111959287532,3.676844783715013
I61_10_04.png,train,1.93,0.2366412213740458,1.9465648854961832
I61_10_05.png,train,1.47,0.1195928753180661,1.478371501272265
I61_11_01.png,train,4.17,0.806615776081425,4.2264631043257
I61_11_02.png,train,3.3,0.5852417302798982,3.340966921119593
I61_11_03.png,train,2.9,0.4834605597964376,2.9338422391857506
I61_11_04.png,train,2.6,0.4071246819338422,2.6284987277353693
I61_11_05.png,train,2.37,0.3486005089058525,2.39440203562341
I61_12_01.png,train,4.63,0.9236641221374048,4.694656488549619
I61_12_02.png,train,3.83,0.7201017811704835,3.880407124681934
I61_12_03.png,train,3.23,0.5674300254452926,3.2697201017811706
I61_12_04.png,train,2.8,0.4580152671755725,2.83206106870229
I61_12_05.png,train,2.63,0.4147582697201017,2.659033078880407
I61_13_01.png,train,3.87,0.7302798982188295,3.921119592875318
I61_13_02.png,train,2.83,0.4656488549618321,2.862595419847328
I61_13_03.png,train,2.73,0.4402035623409669,2.760814249363868
I61_13_04.png,train,2.47,0.3740458015267176,2.4961832061068705
I61_13_05.png,train,2.1,0.2798982188295166,2.1195928753180664
I61_14_01.png,train,4.47,0.8829516539440203,4.531806615776081
I61_14_02.png,train,3.32,0.5903307888040712,3.3613231552162848
I61_14_03.png,train,2.67,0.4249363867684478,2.699745547073792
I61_14_04.png,train,2.43,0.3638676844783716,2.4554707379134864
I61_14_05.png,train,2.3,0.3307888040712468,2.323155216284987
I61_15_01.png,train,3.6,0.6615776081424937,3.646310432569975
I61_15_02.png,train,3.2,0.5597964376590332,3.239185750636133
I61_15_03.png,train,2.67,0.4249363867684478,2.699745547073792
I61_15_04.png,train,1.8,0.2035623409669211,1.8142493638676849
I61_15_05.png,train,1.53,0.1348600508905852,1.5394402035623411
I61_16_01.png,train,4.67,0.9338422391857508,4.735368956743002
I61_16_02.png,train,4.3,0.8396946564885497,4.358778625954199
I61_16_03.png,train,3.57,0.6539440203562341,3.615776081424937
I61_16_04.png,train,3.0,0.5089058524173028,3.035623409669211
I61_16_05.png,train,1.9,0.2290076335877862,1.916030534351145
I61_17_01.png,train,4.53,0.8982188295165395,4.592875318066158
I61_17_02.png,train,4.5,0.89058524173028,4.56234096692112
I61_17_03.png,train,4.1,0.7888040712468193,4.155216284987278
I61_17_04.png,train,2.83,0.4656488549618321,2.862595419847328
I61_17_05.png,train,1.93,0.2366412213740458,1.9465648854961832
I61_18_01.png,train,4.1,0.7888040712468193,4.155216284987278
I61_18_02.png,train,4.43,0.8727735368956743,4.491094147582697
I61_18_03.png,train,4.7,0.9414758269720104,4.765903307888041
I61_18_04.png,train,4.1,0.7888040712468193,4.155216284987278
I61_18_05.png,train,3.63,0.6692111959287532,3.676844783715013
I61_19_01.png,train,4.48,0.885496183206107,4.541984732824428
I61_19_02.png,train,3.5,0.6361323155216285,3.544529262086514
I61_19_03.png,train,2.5,0.3816793893129771,2.5267175572519083
I61_19_04.png,train,1.57,0.1450381679389313,1.5801526717557253
I61_19_05.png,train,1.03,0.0076335877862595,1.0305343511450382
I61_20_01.png,train,4.47,0.8829516539440203,4.531806615776081
I61_20_02.png,train,4.57,0.9083969465648856,4.633587786259543
I61_20_03.png,train,4.43,0.8727735368956743,4.491094147582697
I61_20_04.png,train,4.03,0.7709923664122139,4.083969465648856
I61_20_05.png,train,4.33,0.8473282442748092,4.389312977099237
I61_21_01.png,train,4.0,0.7633587786259542,4.0534351145038165
I61_21_02.png,train,3.27,0.5776081424936387,3.3104325699745547
I61_21_03.png,train,2.63,0.4147582697201017,2.659033078880407
I61_21_04.png,train,2.27,0.3231552162849873,2.2926208651399493
I61_21_05.png,train,1.13,0.0330788804071246,1.1323155216284986
I61_22_01.png,train,4.27,0.83206106870229,4.32824427480916
I61_22_02.png,train,4.23,0.8218829516539442,4.287531806615776
I61_22_03.png,train,4.0,0.7633587786259542,4.0534351145038165
I61_22_04.png,train,3.1,0.534351145038168,3.137404580152672
I61_22_05.png,train,2.7,0.4325699745547074,2.73027989821883
I61_23_01.png,train,2.9,0.4834605597964376,2.9338422391857506
I61_23_02.png,train,2.2,0.3053435114503817,2.221374045801527
I61_23_03.png,train,2.53,0.3893129770992366,2.5572519083969465
I61_23_04.png,train,2.23,0.3129770992366412,2.2519083969465647
I61_23_05.png,train,2.23,0.3129770992366412,2.2519083969465647
I61_24_01.png,train,3.3,0.5852417302798982,3.340966921119593
I61_24_02.png,train,2.3,0.3307888040712468,2.323155216284987
I61_24_03.png,train,1.67,0.1704834605597964,1.681933842239186
I61_24_04.png,train,1.53,0.1348600508905852,1.5394402035623411
I61_24_05.png,train,1.27,0.0687022900763358,1.2748091603053435
I61_25_01.png,train,2.67,0.4249363867684478,2.699745547073792
I61_25_02.png,train,3.67,0.6793893129770993,3.717557251908397
I61_25_03.png,train,4.17,0.806615776081425,4.2264631043257
I61_25_04.png,train,4.33,0.8473282442748092,4.389312977099237
I61_25_05.png,train,3.53,0.6437659033078881,3.5750636132315523
I62_01_01.png,train,4.63,0.9236641221374048,4.694656488549619
I62_01_02.png,train,4.03,0.7709923664122139,4.083969465648856
I62_01_03.png,train,2.6,0.4071246819338422,2.6284987277353693
I62_01_04.png,train,1.87,0.2213740458015267,1.885496183206107
I62_01_05.png,train,1.43,0.1094147582697201,1.4376590330788803
I62_02_01.png,train,3.8,0.712468193384224,3.849872773536896
I62_02_02.png,train,2.4,0.356234096692112,2.424936386768448
I62_02_03.png,train,1.8,0.2035623409669211,1.8142493638676849
I62_02_04.png,train,1.47,0.1195928753180661,1.478371501272265
I62_02_05.png,train,1.47,0.1195928753180661,1.478371501272265
I62_03_01.png,train,4.27,0.83206106870229,4.32824427480916
I62_03_02.png,train,3.47,0.6284987277353691,3.5139949109414763
I62_03_03.png,train,2.3,0.3307888040712468,2.323155216284987
I62_03_04.png,train,1.8,0.2035623409669211,1.8142493638676849
I62_03_05.png,train,1.47,0.1195928753180661,1.478371501272265
I62_04_01.png,train,4.53,0.8982188295165395,4.592875318066158
I62_04_02.png,train,2.6,0.4071246819338422,2.6284987277353693
I62_04_03.png,train,2.3,0.3307888040712468,2.323155216284987
I62_04_04.png,train,2.03,0.2620865139949109,2.048346055979644
I62_04_05.png,train,1.4,0.1017811704834605,1.407124681933842
I62_05_01.png,train,4.5,0.89058524173028,4.56234096692112
I62_05_02.png,train,2.03,0.2620865139949109,2.048346055979644
I62_05_03.png,train,1.73,0.1857506361323155,1.7430025445292625
I62_05_04.png,train,1.63,0.1603053435114503,1.6412213740458017
I62_05_05.png,train,1.57,0.1450381679389313,1.5801526717557253
I62_06_01.png,train,4.17,0.806615776081425,4.2264631043257
I62_06_02.png,train,4.23,0.8218829516539442,4.287531806615776
I62_06_03.png,train,3.94,0.7480916030534351,3.992366412213741
I62_06_04.png,train,3.3,0.5852417302798982,3.340966921119593
I62_06_05.png,train,2.4,0.356234096692112,2.424936386768448
I62_07_01.png,train,3.1,0.534351145038168,3.137404580152672
I62_07_02.png,train,2.73,0.4402035623409669,2.760814249363868
I62_07_03.png,train,2.87,0.4758269720101782,2.903307888040713
I62_07_04.png,train,2.6,0.4071246819338422,2.6284987277353693
I62_07_05.png,train,2.37,0.3486005089058525,2.39440203562341
I62_08_01.png,train,4.5,0.89058524173028,4.56234096692112
I62_08_02.png,train,3.37,0.6030534351145039,3.412213740458016
I62_08_03.png,train,2.8,0.4580152671755725,2.83206106870229
I62_08_04.png,train,1.87,0.2213740458015267,1.885496183206107
I62_08_05.png,train,1.8,0.2035623409669211,1.8142493638676849
I62_09_01.png,train,4.43,0.8727735368956743,4.491094147582697
I62_09_02.png,train,3.9,0.7379134860050891,3.951653944020357
I62_09_03.png,train,3.23,0.5674300254452926,3.2697201017811706
I62_09_04.png,train,1.73,0.1857506361323155,1.7430025445292625
I62_09_05.png,train,1.57,0.1450381679389313,1.5801526717557253
I62_10_01.png,train,4.23,0.8218829516539442,4.287531806615776
I62_10_02.png,train,4.23,0.8218829516539442,4.287531806615776
I62_10_03.png,train,3.93,0.7455470737913487,3.982188295165394
I62_10_04.png,train,1.77,0.1959287531806616,1.7837150127226464
I62_10_05.png,train,1.47,0.1195928753180661,1.478371501272265
I62_11_01.png,train,4.03,0.7709923664122139,4.083969465648856
I62_11_02.png,train,3.5,0.6361323155216285,3.544529262086514
I62_11_03.png,train,2.57,0.3994910941475826,2.59796437659033
I62_11_04.png,train,2.68,0.4274809160305344,2.7099236641221376
I62_11_05.png,train,2.27,0.3231552162849873,2.2926208651399493
I62_12_01.png,train,4.53,0.8982188295165395,4.592875318066158
I62_12_02.png,train,4.1,0.7888040712468193,4.155216284987278
I62_12_03.png,train,3.03,0.5165394402035624,3.0661577608142494
I62_12_04.png,train,2.83,0.4656488549618321,2.862595419847328
I62_12_05.png,train,2.37,0.3486005089058525,2.39440203562341
I62_13_01.png,train,3.31,0.5877862595419848,3.3511450381679397
I62_13_02.png,train,2.67,0.4249363867684478,2.699745547073792
I62_13_03.png,train,2.03,0.2620865139949109,2.048346055979644
I62_13_04.png,train,2.33,0.3384223918575064,2.3536895674300258
I62_13_05.png,train,2.13,0.2875318066157761,2.1501272264631046
I62_14_01.png,train,4.37,0.8575063613231553,4.430025445292621
I62_14_02.png,train,3.43,0.6183206106870229,3.473282442748092
I62_14_03.png,train,2.57,0.3994910941475826,2.59796437659033
I62_14_04.png,train,2.47,0.3740458015267176,2.4961832061068705
I62_14_05.png,train,2.2,0.3053435114503817,2.221374045801527
I62_15_01.png,train,3.3,0.5852417302798982,3.340966921119593
I62_15_02.png,train,2.2,0.3053435114503817,2.221374045801527
I62_15_03.png,train,2.0,0.2544529262086514,2.017811704834606
I62_15_04.png,train,1.63,0.1603053435114503,1.6412213740458017
I62_15_05.png,train,1.5,0.1272264631043257,1.508905852417303
I62_16_01.png,train,4.2,0.8142493638676845,4.256997455470739
I62_16_02.png,train,4.47,0.8829516539440203,4.531806615776081
I62_16_03.png,train,3.83,0.7201017811704835,3.880407124681934
I62_16_04.png,train,3.1,0.534351145038168,3.137404580152672
I62_16_05.png,train,2.0,0.2544529262086514,2.017811704834606
I62_17_01.png,train,4.5,0.89058524173028,4.56234096692112
I62_17_02.png,train,4.3,0.8396946564885497,4.358778625954199
I62_17_03.png,train,3.93,0.7455470737913487,3.982188295165394
I62_17_04.png,train,2.67,0.4249363867684478,2.699745547073792
I62_17_05.png,train,1.7,0.178117048346056,1.712468193384224
I62_18_01.png,train,4.38,0.8600508905852418,4.440203562340967
I62_18_02.png,train,4.43,0.8727735368956743,4.491094147582697
I62_18_03.png,train,4.37,0.8575063613231553,4.430025445292621
I62_18_04.png,train,3.87,0.7302798982188295,3.921119592875318
I62_18_05.png,train,3.07,0.5267175572519084,3.106870229007633
I62_19_01.png,train,4.13,0.796437659033079,4.185750636132315
I62_19_02.png,train,3.93,0.7455470737913487,3.982188295165394
I62_19_03.png,train,2.93,0.4910941475826972,2.9643765903307893
I62_19_04.png,train,1.83,0.2111959287531807,1.8447837150127229
I62_19_05.png,train,1.23,0.0585241730279898,1.2340966921119594
I62_20_01.png,train,3.97,0.7557251908396948,4.022900763358779
I62_20_02.png,train,4.27,0.83206106870229,4.32824427480916
I62_20_03.png,train,4.27,0.83206106870229,4.32824427480916
I62_20_04.png,train,4.07,0.78117048346056,4.12468193384224
I62_20_05.png,train,3.53,0.6437659033078881,3.5750636132315523
I62_21_01.png,train,4.13,0.796437659033079,4.185750636132315
I62_21_02.png,train,3.37,0.6030534351145039,3.412213740458016
I62_21_03.png,train,3.17,0.5521628498727735,3.208651399491094
I62_21_04.png,train,2.97,0.5012722646310434,3.0050890585241734
I62_21_05.png,train,1.37,0.094147582697201,1.376590330788804
I62_22_01.png,train,4.4,0.8651399491094149,4.46055979643766
I62_22_02.png,train,4.4,0.8651399491094149,4.46055979643766
I62_22_03.png,train,4.13,0.796437659033079,4.185750636132315
I62_22_04.png,train,3.73,0.6946564885496184,3.7786259541984735
I62_22_05.png,train,2.8,0.4580152671755725,2.83206106870229
I62_23_01.png,train,2.5,0.3816793893129771,2.5267175572519083
I62_23_02.png,train,2.4,0.356234096692112,2.424936386768448
I62_23_03.png,train,1.9,0.2290076335877862,1.916030534351145
I62_23_04.png,train,2.17,0.2977099236641221,2.1908396946564883
I62_23_05.png,train,1.67,0.1704834605597964,1.681933842239186
I62_24_01.png,train,3.23,0.5674300254452926,3.2697201017811706
I62_24_02.png,train,2.6,0.4071246819338422,2.6284987277353693
I62_24_03.png,train,2.07,0.272264631043257,2.089058524173028
I62_24_04.png,train,1.53,0.1348600508905852,1.5394402035623411
I62_24_05.png,train,1.27,0.0687022900763358,1.2748091603053435
I62_25_01.png,train,3.17,0.5521628498727735,3.208651399491094
I62_25_02.png,train,3.13,0.5419847328244275,3.16793893129771
I62_25_03.png,train,3.93,0.7455470737913487,3.982188295165394
I62_25_04.png,train,4.03,0.7709923664122139,4.083969465648856
I62_25_05.png,train,3.4,0.6106870229007634,3.442748091603053
I63_01_01.png,train,4.67,0.9338422391857508,4.735368956743002
I63_01_02.png,train,4.43,0.8727735368956743,4.491094147582697
I63_01_03.png,train,2.6,0.4071246819338422,2.6284987277353693
I63_01_04.png,train,1.87,0.2213740458015267,1.885496183206107
I63_01_05.png,train,1.3,0.0763358778625954,1.3053435114503815
I63_02_01.png,train,3.47,0.6284987277353691,3.5139949109414763
I63_02_02.png,train,2.47,0.3740458015267176,2.4961832061068705
I63_02_03.png,train,1.57,0.1450381679389313,1.5801526717557253
I63_02_04.png,train,1.27,0.0687022900763358,1.2748091603053435
I63_02_05.png,train,1.3,0.0763358778625954,1.3053435114503815
I63_03_01.png,train,4.5,0.89058524173028,4.56234096692112
I63_03_02.png,train,3.83,0.7201017811704835,3.880407124681934
I63_03_03.png,train,2.77,0.450381679389313,2.801526717557252
I63_03_04.png,train,1.83,0.2111959287531807,1.8447837150127229
I63_03_05.png,train,1.5,0.1272264631043257,1.508905852417303
I63_04_01.png,train,4.33,0.8473282442748092,4.389312977099237
I63_04_02.png,train,2.8,0.4580152671755725,2.83206106870229
I63_04_03.png,train,1.63,0.1603053435114503,1.6412213740458017
I63_04_04.png,train,1.33,0.0839694656488549,1.33587786259542
I63_04_05.png,train,1.2,0.0508905852417302,1.2035623409669212
I63_05_01.png,train,3.77,0.7048346055979644,3.8193384223918576
I63_05_02.png,train,2.33,0.3384223918575064,2.3536895674300258
I63_05_03.png,train,1.8,0.2035623409669211,1.8142493638676849
I63_05_04.png,train,1.53,0.1348600508905852,1.5394402035623411
I63_05_05.png,train,1.53,0.1348600508905852,1.5394402035623411
I63_06_01.png,train,3.63,0.6692111959287532,3.676844783715013
I63_06_02.png,train,3.48,0.6310432569974556,3.5241730279898222
I63_06_03.png,train,3.53,0.6437659033078881,3.5750636132315523
I63_06_04.png,train,2.83,0.4656488549618321,2.862595419847328
I63_06_05.png,train,1.67,0.1704834605597964,1.681933842239186
I63_07_01.png,train,2.9,0.4834605597964376,2.9338422391857506
I63_07_02.png,train,2.7,0.4325699745547074,2.73027989821883
I63_07_03.png,train,2.57,0.3994910941475826,2.59796437659033
I63_07_04.png,train,2.43,0.3638676844783716,2.4554707379134864
I63_07_05.png,train,2.4,0.356234096692112,2.424936386768448
I63_08_01.png,train,4.33,0.8473282442748092,4.389312977099237
I63_08_02.png,train,3.7,0.6870229007633589,3.748091603053436
I63_08_03.png,train,2.17,0.2977099236641221,2.1908396946564883
I63_08_04.png,train,1.4,0.1017811704834605,1.407124681933842
I63_08_05.png,train,1.57,0.1450381679389313,1.5801526717557253
I63_09_01.png,train,4.57,0.9083969465648856,4.633587786259543
I63_09_02.png,train,3.93,0.7455470737913487,3.982188295165394
I63_09_03.png,train,3.43,0.6183206106870229,3.473282442748092
I63_09_04.png,train,2.0,0.2544529262086514,2.017811704834606
I63_09_05.png,train,1.2,0.0508905852417302,1.2035623409669212
I63_10_01.png,train,4.07,0.78117048346056,4.12468193384224
I63_10_02.png,train,4.3,0.8396946564885497,4.358778625954199
I63_10_03.png,train,3.9,0.7379134860050891,3.951653944020357
I63_10_04.png,train,2.33,0.3384223918575064,2.3536895674300258
I63_10_05.png,train,1.7,0.178117048346056,1.712468193384224
I63_11_01.png,train,3.93,0.7455470737913487,3.982188295165394
I63_11_02.png,train,3.93,0.7455470737913487,3.982188295165394
I63_11_03.png,train,3.3,0.5852417302798982,3.340966921119593
I63_11_04.png,train,3.07,0.5267175572519084,3.106870229007633
I63_11_05.png,train,2.5,0.3816793893129771,2.5267175572519083
I63_12_01.png,train,4.6,0.916030534351145,4.66412213740458
I63_12_02.png,train,3.77,0.7048346055979644,3.8193384223918576
I63_12_03.png,train,3.57,0.6539440203562341,3.615776081424937
I63_12_04.png,train,2.87,0.4758269720101782,2.903307888040713
I63_12_05.png,train,2.47,0.3740458015267176,2.4961832061068705
I63_13_01.png,train,3.97,0.7557251908396948,4.022900763358779
I63_13_02.png,train,3.1,0.534351145038168,3.137404580152672
I63_13_03.png,train,2.45,0.3689567430025446,2.4758269720101787
I63_13_04.png,train,2.57,0.3994910941475826,2.59796437659033
I63_13_05.png,train,2.4,0.356234096692112,2.424936386768448
I63_14_01.png,train,4.61,0.9185750636132316,4.674300254452927
I63_14_02.png,train,3.83,0.7201017811704835,3.880407124681934
I63_14_03.png,train,3.43,0.6183206106870229,3.473282442748092
I63_14_04.png,train,2.83,0.4656488549618321,2.862595419847328
I63_14_05.png,train,2.33,0.3384223918575064,2.3536895674300258
I63_15_01.png,train,3.93,0.7455470737913487,3.982188295165394
I63_15_02.png,train,3.17,0.5521628498727735,3.208651399491094
I63_15_03.png,train,2.63,0.4147582697201017,2.659033078880407
I63_15_04.png,train,1.67,0.1704834605597964,1.681933842239186
I63_15_05.png,train,1.37,0.094147582697201,1.376590330788804
I63_16_01.png,train,4.53,0.8982188295165395,4.592875318066158
I63_16_02.png,train,4.2,0.8142493638676845,4.256997455470739
I63_16_03.png,train,3.77,0.7048346055979644,3.8193384223918576
I63_16_04.png,train,3.1,0.534351145038168,3.137404580152672
I63_16_05.png,train,2.43,0.3638676844783716,2.4554707379134864
I63_17_01.png,train,4.6,0.916030534351145,4.66412213740458
I63_17_02.png,train,4.57,0.9083969465648856,4.633587786259543
I63_17_03.png,train,4.27,0.83206106870229,4.32824427480916
I63_17_04.png,train,3.3,0.5852417302798982,3.340966921119593
I63_17_05.png,train,1.83,0.2111959287531807,1.8447837150127229
I63_18_01.png,train,4.43,0.8727735368956743,4.491094147582697
I63_18_02.png,train,4.67,0.9338422391857508,4.735368956743002
I63_18_03.png,train,4.53,0.8982188295165395,4.592875318066158
I63_18_04.png,train,4.4,0.8651399491094149,4.46055979643766
I63_18_05.png,train,3.53,0.6437659033078881,3.5750636132315523
I63_19_01.png,train,4.37,0.8575063613231553,4.430025445292621
I63_19_02.png,train,3.9,0.7379134860050891,3.951653944020357
I63_19_03.png,train,2.77,0.450381679389313,2.801526717557252
I63_19_04.png,train,1.37,0.094147582697201,1.376590330788804
I63_19_05.png,train,1.13,0.0330788804071246,1.1323155216284986
I63_20_01.png,train,4.67,0.9338422391857508,4.735368956743002
I63_20_02.png,train,4.47,0.8829516539440203,4.531806615776081
I63_20_03.png,train,4.0,0.7633587786259542,4.0534351145038165
I63_20_04.png,train,3.03,0.5165394402035624,3.0661577608142494
I63_20_05.png,train,3.9,0.7379134860050891,3.951653944020357
I63_21_01.png,train,3.93,0.7455470737913487,3.982188295165394
I63_21_02.png,train,2.77,0.450381679389313,2.801526717557252
I63_21_03.png,train,2.6,0.4071246819338422,2.6284987277353693
I63_21_04.png,train,2.5,0.3816793893129771,2.5267175572519083
I63_21_05.png,train,1.3,0.0763358778625954,1.3053435114503815
I63_22_01.png,train,4.67,0.9338422391857508,4.735368956743002
I63_22_02.png,train,4.47,0.8829516539440203,4.531806615776081
I63_22_03.png,train,4.3,0.8396946564885497,4.358778625954199
I63_22_04.png,train,3.83,0.7201017811704835,3.880407124681934
I63_22_05.png,train,3.23,0.5674300254452926,3.2697201017811706
I63_23_01.png,train,3.6,0.6615776081424937,3.646310432569975
I63_23_02.png,train,2.5,0.3816793893129771,2.5267175572519083
I63_23_03.png,train,2.1,0.2798982188295166,2.1195928753180664
I63_23_04.png,train,2.4,0.356234096692112,2.424936386768448
I63_23_05.png,train,1.97,0.2468193384223918,1.987277353689568
I63_24_01.png,train,3.37,0.6030534351145039,3.412213740458016
I63_24_02.png,train,2.67,0.4249363867684478,2.699745547073792
I63_24_03.png,train,2.23,0.3129770992366412,2.2519083969465647
I63_24_04.png,train,1.33,0.0839694656488549,1.33587786259542
I63_24_05.png,train,1.5,0.1272264631043257,1.508905852417303
I63_25_01.png,train,3.3,0.5852417302798982,3.340966921119593
I63_25_02.png,train,3.7,0.6870229007633589,3.748091603053436
I63_25_03.png,train,4.23,0.8218829516539442,4.287531806615776
I63_25_04.png,train,3.97,0.7557251908396948,4.022900763358779
I63_25_05.png,train,3.59,0.6590330788804072,3.6361323155216287
I64_01_01.png,test,4.67,0.9338422391857508,4.735368956743002
I64_01_02.png,test,4.4,0.8651399491094149,4.46055979643766
I64_01_03.png,test,3.23,0.5674300254452926,3.2697201017811706
I64_01_04.png,test,1.83,0.2111959287531807,1.8447837150127229
I64_01_05.png,test,1.23,0.0585241730279898,1.2340966921119594
I64_02_01.png,test,4.13,0.796437659033079,4.185750636132315
I64_02_02.png,test,2.5,0.3816793893129771,2.5267175572519083
I64_02_03.png,test,1.55,0.1399491094147583,1.5597964376590332
I64_02_04.png,test,1.53,0.1348600508905852,1.5394402035623411
I64_02_05.png,test,1.43,0.1094147582697201,1.4376590330788803
I64_03_01.png,test,4.67,0.9338422391857508,4.735368956743002
I64_03_02.png,test,4.07,0.78117048346056,4.12468193384224
I64_03_03.png,test,2.9,0.4834605597964376,2.9338422391857506
I64_03_04.png,test,2.17,0.2977099236641221,2.1908396946564883
I64_03_05.png,test,1.77,0.1959287531806616,1.7837150127226464
I64_04_01.png,test,4.32,0.8447837150127228,4.379134860050892
I64_04_02.png,test,3.37,0.6030534351145039,3.412213740458016
I64_04_03.png,test,2.07,0.272264631043257,2.089058524173028
I64_04_04.png,test,1.63,0.1603053435114503,1.6412213740458017
I64_04_05.png,test,1.4,0.1017811704834605,1.407124681933842
I64_05_01.png,test,4.5,0.89058524173028,4.56234096692112
I64_05_02.png,test,2.4,0.356234096692112,2.424936386768448
I64_05_03.png,test,1.57,0.1450381679389313,1.5801526717557253
I64_05_04.png,test,1.6,0.1526717557251908,1.6106870229007637
I64_05_05.png,test,1.53,0.1348600508905852,1.5394402035623411
I64_06_01.png,test,3.8,0.712468193384224,3.849872773536896
I64_06_02.png,test,3.97,0.7557251908396948,4.022900763358779
I64_06_03.png,test,3.65,0.6743002544529262,3.6972010178117047
I64_06_04.png,test,3.2,0.5597964376590332,3.239185750636133
I64_06_05.png,test,2.67,0.4249363867684478,2.699745547073792
I64_07_01.png,test,2.87,0.4758269720101782,2.903307888040713
I64_07_02.png,test,2.53,0.3893129770992366,2.5572519083969465
I64_07_03.png,test,1.9,0.2290076335877862,1.916030534351145
I64_07_04.png,test,2.3,0.3307888040712468,2.323155216284987
I64_07_05.png,test,2.03,0.2620865139949109,2.048346055979644
I64_08_01.png,test,4.4,0.8651399491094149,4.46055979643766
I64_08_02.png,test,4.03,0.7709923664122139,4.083969465648856
I64_08_03.png,test,3.07,0.5267175572519084,3.106870229007633
I64_08_04.png,test,2.07,0.272264631043257,2.089058524173028
I64_08_05.png,test,1.73,0.1857506361323155,1.7430025445292625
I64_09_01.png,test,4.33,0.8473282442748092,4.389312977099237
I64_09_02.png,test,4.1,0.7888040712468193,4.155216284987278
I64_09_03.png,test,3.67,0.6793893129770993,3.717557251908397
I64_09_04.png,test,2.1,0.2798982188295166,2.1195928753180664
I64_09_05.png,test,1.33,0.0839694656488549,1.33587786259542
I64_10_01.png,test,4.23,0.8218829516539442,4.287531806615776
I64_10_02.png,test,3.93,0.7455470737913487,3.982188295165394
I64_10_03.png,test,3.97,0.7557251908396948,4.022900763358779
I64_10_04.png,test,2.13,0.2875318066157761,2.1501272264631046
I64_10_05.png,test,1.4,0.1017811704834605,1.407124681933842
I64_11_01.png,test,3.74,0.697201017811705,3.78880407124682
I64_11_02.png,test,3.37,0.6030534351145039,3.412213740458016
I64_11_03.png,test,2.87,0.4758269720101782,2.903307888040713
I64_11_04.png,test,2.8,0.4580152671755725,2.83206106870229
I64_11_05.png,test,2.63,0.4147582697201017,2.659033078880407
I64_12_01.png,test,4.47,0.8829516539440203,4.531806615776081
I64_12_02.png,test,4.1,0.7888040712468193,4.155216284987278
I64_12_03.png,test,3.34,0.5954198473282443,3.381679389312977
I64_12_04.png,test,2.84,0.4681933842239186,2.872773536895674
I64_12_05.png,test,2.6,0.4071246819338422,2.6284987277353693
I64_13_01.png,test,3.73,0.6946564885496184,3.7786259541984735
I64_13_02.png,test,3.37,0.6030534351145039,3.412213740458016
I64_13_03.png,test,2.9,0.4834605597964376,2.9338422391857506
I64_13_04.png,test,2.53,0.3893129770992366,2.5572519083969465
I64_13_05.png,test,2.22,0.3104325699745547,2.241730279898219
I64_14_01.png,test,4.47,0.8829516539440203,4.531806615776081
I64_14_02.png,test,3.83,0.7201017811704835,3.880407124681934
I64_14_03.png,test,3.33,0.5928753180661578,3.371501272264631
I64_14_04.png,test,2.53,0.3893129770992366,2.5572519083969465
I64_14_05.png,test,2.2,0.3053435114503817,2.221374045801527
I64_15_01.png,test,3.8,0.712468193384224,3.849872773536896
I64_15_02.png,test,3.13,0.5419847328244275,3.16793893129771
I64_15_03.png,test,2.63,0.4147582697201017,2.659033078880407
I64_15_04.png,test,1.47,0.1195928753180661,1.478371501272265
I64_15_05.png,test,1.47,0.1195928753180661,1.478371501272265
I64_16_01.png,test,4.43,0.8727735368956743,4.491094147582697
I64_16_02.png,test,4.3,0.8396946564885497,4.358778625954199
I64_16_03.png,test,3.57,0.6539440203562341,3.615776081424937
I64_16_04.png,test,2.63,0.4147582697201017,2.659033078880407
I64_16_05.png,test,1.53,0.1348600508905852,1.5394402035623411
I64_17_01.png,test,4.53,0.8982188295165395,4.592875318066158
I64_17_02.png,test,4.57,0.9083969465648856,4.633587786259543
I64_17_03.png,test,4.27,0.83206106870229,4.32824427480916
I64_17_04.png,test,3.8,0.712468193384224,3.849872773536896
I64_17_05.png,test,1.93,0.2366412213740458,1.9465648854961832
I64_18_01.png,test,4.3,0.8396946564885497,4.358778625954199
I64_18_02.png,test,4.53,0.8982188295165395,4.592875318066158
I64_18_03.png,test,4.67,0.9338422391857508,4.735368956743002
I64_18_04.png,test,4.67,0.9338422391857508,4.735368956743002
I64_18_05.png,test,3.97,0.7557251908396948,4.022900763358779
I64_19_01.png,test,4.27,0.83206106870229,4.32824427480916
I64_19_02.png,test,3.8,0.712468193384224,3.849872773536896
I64_19_03.png,test,2.43,0.3638676844783716,2.4554707379134864
I64_19_04.png,test,1.32,0.0814249363867684,1.3256997455470738
I64_19_05.png,test,1.27,0.0687022900763358,1.2748091603053435
I64_20_01.png,test,4.33,0.8473282442748092,4.389312977099237
I64_20_02.png,test,4.37,0.8575063613231553,4.430025445292621
I64_20_03.png,test,3.93,0.7455470737913487,3.982188295165394
I64_20_04.png,test,3.9,0.7379134860050891,3.951653944020357
I64_20_05.png,test,3.53,0.6437659033078881,3.5750636132315523
I64_21_01.png,test,2.93,0.4910941475826972,2.9643765903307893
I64_21_02.png,test,2.39,0.3536895674300255,2.414758269720102
I64_21_03.png,test,2.7,0.4325699745547074,2.73027989821883
I64_21_04.png,test,2.07,0.272264631043257,2.089058524173028
I64_21_05.png,test,1.1,0.0254452926208651,1.1017811704834606
I64_22_01.png,test,4.37,0.8575063613231553,4.430025445292621
I64_22_02.png,test,4.33,0.8473282442748092,4.389312977099237
I64_22_03.png,test,4.07,0.78117048346056,4.12468193384224
I64_22_04.png,test,3.7,0.6870229007633589,3.748091603053436
I64_22_05.png,test,3.07,0.5267175572519084,3.106870229007633
I64_23_01.png,test,3.17,0.5521628498727735,3.208651399491094
I64_23_02.png,test,2.37,0.3486005089058525,2.39440203562341
I64_23_03.png,test,2.43,0.3638676844783716,2.4554707379134864
I64_23_04.png,test,2.0,0.2544529262086514,2.017811704834606
I64_23_05.png,test,2.43,0.3638676844783716,2.4554707379134864
I64_24_01.png,test,3.63,0.6692111959287532,3.676844783715013
I64_24_02.png,test,2.63,0.4147582697201017,2.659033078880407
I64_24_03.png,test,2.57,0.3994910941475826,2.59796437659033
I64_24_04.png,test,1.8,0.2035623409669211,1.8142493638676849
I64_24_05.png,test,1.33,0.0839694656488549,1.33587786259542
I64_25_01.png,test,3.83,0.7201017811704835,3.880407124681934
I64_25_02.png,test,4.2,0.8142493638676845,4.256997455470739
I64_25_03.png,test,4.4,0.8651399491094149,4.46055979643766
I64_25_04.png,test,4.23,0.8218829516539442,4.287531806615776
I64_25_05.png,test,3.5,0.6361323155216285,3.544529262086514
I65_01_01.png,train,4.77,0.9592875318066156,4.837150127226463
I65_01_02.png,train,4.4,0.8651399491094149,4.46055979643766
I65_01_03.png,train,2.6,0.4071246819338422,2.6284987277353693
I65_01_04.png,train,1.9,0.2290076335877862,1.916030534351145
I65_01_05.png,train,1.33,0.0839694656488549,1.33587786259542
I65_02_01.png,train,3.53,0.6437659033078881,3.5750636132315523
I65_02_02.png,train,2.17,0.2977099236641221,2.1908396946564883
I65_02_03.png,train,1.67,0.1704834605597964,1.681933842239186
I65_02_04.png,train,1.4,0.1017811704834605,1.407124681933842
I65_02_05.png,train,1.13,0.0330788804071246,1.1323155216284986
I65_03_01.png,train,4.7,0.9414758269720104,4.765903307888041
I65_03_02.png,train,4.0,0.7633587786259542,4.0534351145038165
I65_03_03.png,train,2.6,0.4071246819338422,2.6284987277353693
I65_03_04.png,train,1.87,0.2213740458015267,1.885496183206107
I65_03_05.png,train,1.5,0.1272264631043257,1.508905852417303
I65_04_01.png,train,4.7,0.9414758269720104,4.765903307888041
I65_04_02.png,train,3.2,0.5597964376590332,3.239185750636133
I65_04_03.png,train,1.83,0.2111959287531807,1.8447837150127229
I65_04_04.png,train,2.5,0.3816793893129771,2.5267175572519083
I65_04_05.png,train,1.4,0.1017811704834605,1.407124681933842
I65_05_01.png,train,3.77,0.7048346055979644,3.8193384223918576
I65_05_02.png,train,2.3,0.3307888040712468,2.323155216284987
I65_05_03.png,train,1.97,0.2468193384223918,1.987277353689568
I65_05_04.png,train,1.97,0.2468193384223918,1.987277353689568
I65_05_05.png,train,1.73,0.1857506361323155,1.7430025445292625
I65_06_01.png,train,4.2,0.8142493638676845,4.256997455470739
I65_06_02.png,train,4.0,0.7633587786259542,4.0534351145038165
I65_06_03.png,train,3.52,0.6412213740458016,3.5648854961832064
I65_06_04.png,train,3.0,0.5089058524173028,3.035623409669211
I65_06_05.png,train,2.53,0.3893129770992366,2.5572519083969465
I65_07_01.png,train,3.33,0.5928753180661578,3.371501272264631
I65_07_02.png,train,2.13,0.2875318066157761,2.1501272264631046
I65_07_03.png,train,2.33,0.3384223918575064,2.3536895674300258
I65_07_04.png,train,2.6,0.4071246819338422,2.6284987277353693
I65_07_05.png,train,2.13,0.2875318066157761,2.1501272264631046
I65_08_01.png,train,4.83,0.974554707379135,4.89821882951654
I65_08_02.png,train,3.6,0.6615776081424937,3.646310432569975
I65_08_03.png,train,2.93,0.4910941475826972,2.9643765903307893
I65_08_04.png,train,2.17,0.2977099236641221,2.1908396946564883
I65_08_05.png,train,1.63,0.1603053435114503,1.6412213740458017
I65_09_01.png,train,4.5,0.89058524173028,4.56234096692112
I65_09_02.png,train,4.4,0.8651399491094149,4.46055979643766
I65_09_03.png,train,3.4,0.6106870229007634,3.442748091603053
I65_09_04.png,train,1.9,0.2290076335877862,1.916030534351145
I65_09_05.png,train,1.3,0.0763358778625954,1.3053435114503815
I65_10_01.png,train,4.43,0.8727735368956743,4.491094147582697
I65_10_02.png,train,4.4,0.8651399491094149,4.46055979643766
I65_10_03.png,train,3.77,0.7048346055979644,3.8193384223918576
I65_10_04.png,train,1.53,0.1348600508905852,1.5394402035623411
I65_10_05.png,train,1.23,0.0585241730279898,1.2340966921119594
I65_11_01.png,train,3.5,0.6361323155216285,3.544529262086514
I65_11_02.png,train,3.17,0.5521628498727735,3.208651399491094
I65_11_03.png,train,2.73,0.4402035623409669,2.760814249363868
I65_11_04.png,train,2.33,0.3384223918575064,2.3536895674300258
I65_11_05.png,train,2.3,0.3307888040712468,2.323155216284987
I65_12_01.png,train,4.5,0.89058524173028,4.56234096692112
I65_12_02.png,train,3.47,0.6284987277353691,3.5139949109414763
I65_12_03.png,train,2.87,0.4758269720101782,2.903307888040713
I65_12_04.png,train,2.5,0.3816793893129771,2.5267175572519083
I65_12_05.png,train,1.9,0.2290076335877862,1.916030534351145
I65_13_01.png,train,3.33,0.5928753180661578,3.371501272264631
I65_13_02.png,train,3.07,0.5267175572519084,3.106870229007633
I65_13_03.png,train,2.43,0.3638676844783716,2.4554707379134864
I65_13_04.png,train,1.83,0.2111959287531807,1.8447837150127229
I65_13_05.png,train,2.3,0.3307888040712468,2.323155216284987
I65_14_01.png,train,4.0,0.7633587786259542,4.0534351145038165
I65_14_02.png,train,3.07,0.5267175572519084,3.106870229007633
I65_14_03.png,train,2.63,0.4147582697201017,2.659033078880407
I65_14_04.png,train,2.23,0.3129770992366412,2.2519083969465647
I65_14_05.png,train,1.97,0.2468193384223918,1.987277353689568
I65_15_01.png,train,3.63,0.6692111959287532,3.676844783715013
I65_15_02.png,train,2.43,0.3638676844783716,2.4554707379134864
I65_15_03.png,train,2.1,0.2798982188295166,2.1195928753180664
I65_15_04.png,train,1.43,0.1094147582697201,1.4376590330788803
I65_15_05.png,train,1.47,0.1195928753180661,1.478371501272265
I65_16_01.png,train,4.67,0.9338422391857508,4.735368956743002
I65_16_02.png,train,4.33,0.8473282442748092,4.389312977099237
I65_16_03.png,train,3.77,0.7048346055979644,3.8193384223918576
I65_16_04.png,train,3.0,0.5089058524173028,3.035623409669211
I65_16_05.png,train,1.71,0.1806615776081425,1.72264631043257
I65_17_01.png,train,4.63,0.9236641221374048,4.694656488549619
I65_17_02.png,train,4.47,0.8829516539440203,4.531806615776081
I65_17_03.png,train,4.67,0.9338422391857508,4.735368956743002
I65_17_04.png,train,3.6,0.6615776081424937,3.646310432569975
I65_17_05.png,train,2.57,0.3994910941475826,2.59796437659033
I65_18_01.png,train,4.33,0.8473282442748092,4.389312977099237
I65_18_02.png,train,4.7,0.9414758269720104,4.765903307888041
I65_18_03.png,train,4.5,0.89058524173028,4.56234096692112
I65_18_04.png,train,4.47,0.8829516539440203,4.531806615776081
I65_18_05.png,train,3.97,0.7557251908396948,4.022900763358779
I65_19_01.png,train,4.57,0.9083969465648856,4.633587786259543
I65_19_02.png,train,3.93,0.7455470737913487,3.982188295165394
I65_19_03.png,train,2.5,0.3816793893129771,2.5267175572519083
I65_19_04.png,train,1.6,0.1526717557251908,1.6106870229007637
I65_19_05.png,train,1.27,0.0687022900763358,1.2748091603053435
I65_20_01.png,train,4.6,0.916030534351145,4.66412213740458
I65_20_02.png,train,4.3,0.8396946564885497,4.358778625954199
I65_20_03.png,train,4.2,0.8142493638676845,4.256997455470739
I65_20_04.png,train,4.3,0.8396946564885497,4.358778625954199
I65_20_05.png,train,3.2,0.5597964376590332,3.239185750636133
I65_21_01.png,train,3.9,0.7379134860050891,3.951653944020357
I65_21_02.png,train,2.83,0.4656488549618321,2.862595419847328
I65_21_03.png,train,2.77,0.450381679389313,2.801526717557252
I65_21_04.png,train,2.33,0.3384223918575064,2.3536895674300258
I65_21_05.png,train,1.27,0.0687022900763358,1.2748091603053435
I65_22_01.png,train,4.5,0.89058524173028,4.56234096692112
I65_22_02.png,train,3.53,0.6437659033078881,3.5750636132315523
I65_22_03.png,train,3.2,0.5597964376590332,3.239185750636133
I65_22_04.png,train,2.83,0.4656488549618321,2.862595419847328
I65_22_05.png,train,2.17,0.2977099236641221,2.1908396946564883
I65_23_01.png,train,2.97,0.5012722646310434,3.0050890585241734
I65_23_02.png,train,3.47,0.6284987277353691,3.5139949109414763
I65_23_03.png,train,3.03,0.5165394402035624,3.0661577608142494
I65_23_04.png,train,2.2,0.3053435114503817,2.221374045801527
I65_23_05.png,train,1.9,0.2290076335877862,1.916030534351145
I65_24_01.png,train,3.67,0.6793893129770993,3.717557251908397
I65_24_02.png,train,2.97,0.5012722646310434,3.0050890585241734
I65_24_03.png,train,2.07,0.272264631043257,2.089058524173028
I65_24_04.png,train,2.0,0.2544529262086514,2.017811704834606
I65_24_05.png,train,1.37,0.094147582697201,1.376590330788804
I65_25_01.png,train,3.87,0.7302798982188295,3.921119592875318
I65_25_02.png,train,4.07,0.78117048346056,4.12468193384224
I65_25_03.png,train,4.43,0.8727735368956743,4.491094147582697
I65_25_04.png,train,4.47,0.8829516539440203,4.531806615776081
I65_25_05.png,train,3.57,0.6539440203562341,3.615776081424937
I66_01_01.png,train,4.63,0.9236641221374048,4.694656488549619
I66_01_02.png,train,4.48,0.885496183206107,4.541984732824428
I66_01_03.png,train,2.97,0.5012722646310434,3.0050890585241734
I66_01_04.png,train,1.73,0.1857506361323155,1.7430025445292625
I66_01_05.png,train,1.4,0.1017811704834605,1.407124681933842
I66_02_01.png,train,3.8,0.712468193384224,3.849872773536896
I66_02_02.png,train,2.83,0.4656488549618321,2.862595419847328
I66_02_03.png,train,1.8,0.2035623409669211,1.8142493638676849
I66_02_04.png,train,1.53,0.1348600508905852,1.5394402035623411
I66_02_05.png,train,1.37,0.094147582697201,1.376590330788804
I66_03_01.png,train,4.63,0.9236641221374048,4.694656488549619
I66_03_02.png,train,4.1,0.7888040712468193,4.155216284987278
I66_03_03.png,train,2.83,0.4656488549618321,2.862595419847328
I66_03_04.png,train,2.23,0.3129770992366412,2.2519083969465647
I66_03_05.png,train,1.5,0.1272264631043257,1.508905852417303
I66_04_01.png,train,4.4,0.8651399491094149,4.46055979643766
I66_04_02.png,train,2.57,0.3994910941475826,2.59796437659033
I66_04_03.png,train,1.7,0.178117048346056,1.712468193384224
I66_04_04.png,train,1.67,0.1704834605597964,1.681933842239186
I66_04_05.png,train,1.47,0.1195928753180661,1.478371501272265
I66_05_01.png,train,4.07,0.78117048346056,4.12468193384224
I66_05_02.png,train,2.3,0.3307888040712468,2.323155216284987
I66_05_03.png,train,1.9,0.2290076335877862,1.916030534351145
I66_05_04.png,train,1.8,0.2035623409669211,1.8142493638676849
I66_05_05.png,train,1.67,0.1704834605597964,1.681933842239186
I66_06_01.png,train,4.2,0.8142493638676845,4.256997455470739
I66_06_02.png,train,4.0,0.7633587786259542,4.0534351145038165
I66_06_03.png,train,3.77,0.7048346055979644,3.8193384223918576
I66_06_04.png,train,3.13,0.5419847328244275,3.16793893129771
I66_06_05.png,train,2.43,0.3638676844783716,2.4554707379134864
I66_07_01.png,train,2.63,0.4147582697201017,2.659033078880407
I66_07_02.png,train,2.2,0.3053435114503817,2.221374045801527
I66_07_03.png,train,2.57,0.3994910941475826,2.59796437659033
I66_07_04.png,train,2.27,0.3231552162849873,2.2926208651399493
I66_07_05.png,train,2.0,0.2544529262086514,2.017811704834606
I66_08_01.png,train,4.5,0.89058524173028,4.56234096692112
I66_08_02.png,train,3.77,0.7048346055979644,3.8193384223918576
I66_08_03.png,train,2.43,0.3638676844783716,2.4554707379134864
I66_08_04.png,train,1.97,0.2468193384223918,1.987277353689568
I66_08_05.png,train,1.73,0.1857506361323155,1.7430025445292625
I66_09_01.png,train,4.37,0.8575063613231553,4.430025445292621
I66_09_02.png,train,4.37,0.8575063613231553,4.430025445292621
I66_09_03.png,train,4.17,0.806615776081425,4.2264631043257
I66_09_04.png,train,2.23,0.3129770992366412,2.2519083969465647
I66_09_05.png,train,1.27,0.0687022900763358,1.2748091603053435
I66_10_01.png,train,4.43,0.8727735368956743,4.491094147582697
I66_10_02.png,train,4.5,0.89058524173028,4.56234096692112
I66_10_03.png,train,3.97,0.7557251908396948,4.022900763358779
I66_10_04.png,train,2.1,0.2798982188295166,2.1195928753180664
I66_10_05.png,train,1.47,0.1195928753180661,1.478371501272265
I66_11_01.png,train,4.0,0.7633587786259542,4.0534351145038165
I66_11_02.png,train,3.03,0.5165394402035624,3.0661577608142494
I66_11_03.png,train,3.03,0.5165394402035624,3.0661577608142494
I66_11_04.png,train,2.87,0.4758269720101782,2.903307888040713
I66_11_05.png,train,2.27,0.3231552162849873,2.2926208651399493
I66_12_01.png,train,4.47,0.8829516539440203,4.531806615776081
I66_12_02.png,train,3.2,0.5597964376590332,3.239185750636133
I66_12_03.png,train,3.07,0.5267175572519084,3.106870229007633
I66_12_04.png,train,2.67,0.4249363867684478,2.699745547073792
I66_12_05.png,train,2.4,0.356234096692112,2.424936386768448
I66_13_01.png,train,3.1,0.534351145038168,3.137404580152672
I66_13_02.png,train,2.57,0.3994910941475826,2.59796437659033
I66_13_03.png,train,2.4,0.356234096692112,2.424936386768448
I66_13_04.png,train,2.2,0.3053435114503817,2.221374045801527
I66_13_05.png,train,2.39,0.3536895674300255,2.414758269720102
I66_14_01.png,train,4.5,0.89058524173028,4.56234096692112
I66_14_02.png,train,3.93,0.7455470737913487,3.982188295165394
I66_14_03.png,train,3.77,0.7048346055979644,3.8193384223918576
I66_14_04.png,train,3.0,0.5089058524173028,3.035623409669211
I66_14_05.png,train,2.43,0.3638676844783716,2.4554707379134864
I66_15_01.png,train,4.06,0.7786259541984732,4.114503816793893
I66_15_02.png,train,3.2,0.5597964376590332,3.239185750636133
I66_15_03.png,train,2.43,0.3638676844783716,2.4554707379134864
I66_15_04.png,train,1.87,0.2213740458015267,1.885496183206107
I66_15_05.png,train,1.3,0.0763358778625954,1.3053435114503815
I66_16_01.png,train,4.57,0.9083969465648856,4.633587786259543
I66_16_02.png,train,4.4,0.8651399491094149,4.46055979643766
I66_16_03.png,train,3.9,0.7379134860050891,3.951653944020357
I66_16_04.png,train,3.3,0.5852417302798982,3.340966921119593
I66_16_05.png,train,2.27,0.3231552162849873,2.2926208651399493
I66_17_01.png,train,4.6,0.916030534351145,4.66412213740458
I66_17_02.png,train,4.37,0.8575063613231553,4.430025445292621
I66_17_03.png,train,4.07,0.78117048346056,4.12468193384224
I66_17_04.png,train,3.43,0.6183206106870229,3.473282442748092
I66_17_05.png,train,1.6,0.1526717557251908,1.6106870229007637
I66_18_01.png,train,4.47,0.8829516539440203,4.531806615776081
I66_18_02.png,train,4.57,0.9083969465648856,4.633587786259543
I66_18_03.png,train,4.57,0.9083969465648856,4.633587786259543
I66_18_04.png,train,4.27,0.83206106870229,4.32824427480916
I66_18_05.png,train,3.87,0.7302798982188295,3.921119592875318
I66_19_01.png,train,4.37,0.8575063613231553,4.430025445292621
I66_19_02.png,train,3.87,0.7302798982188295,3.921119592875318
I66_19_03.png,train,3.43,0.6183206106870229,3.473282442748092
I66_19_04.png,train,1.93,0.2366412213740458,1.9465648854961832
I66_19_05.png,train,1.29,0.0737913486005089,1.2951653944020358
I66_20_01.png,train,4.52,0.8956743002544529,4.582697201017812
I66_20_02.png,train,4.3,0.8396946564885497,4.358778625954199
I66_20_03.png,train,3.5,0.6361323155216285,3.544529262086514
I66_20_04.png,train,2.9,0.4834605597964376,2.9338422391857506
I66_20_05.png,train,3.8,0.712468193384224,3.849872773536896
I66_21_01.png,train,3.93,0.7455470737913487,3.982188295165394
I66_21_02.png,train,2.47,0.3740458015267176,2.4961832061068705
I66_21_03.png,train,2.63,0.4147582697201017,2.659033078880407
I66_21_04.png,train,3.27,0.5776081424936387,3.3104325699745547
I66_21_05.png,train,1.27,0.0687022900763358,1.2748091603053435
I66_22_01.png,train,4.33,0.8473282442748092,4.389312977099237
I66_22_02.png,train,4.3,0.8396946564885497,4.358778625954199
I66_22_03.png,train,3.0,0.5089058524173028,3.035623409669211
I66_22_04.png,train,3.53,0.6437659033078881,3.5750636132315523
I66_22_05.png,train,2.9,0.4834605597964376,2.9338422391857506
I66_23_01.png,train,2.3,0.3307888040712468,2.323155216284987
I66_23_02.png,train,2.61,0.4096692111959287,2.6386768447837152
I66_23_03.png,train,2.7,0.4325699745547074,2.73027989821883
I66_23_04.png,train,2.23,0.3129770992366412,2.2519083969465647
I66_23_05.png,train,2.17,0.2977099236641221,2.1908396946564883
I66_24_01.png,train,3.37,0.6030534351145039,3.412213740458016
I66_24_02.png,train,2.3,0.3307888040712468,2.323155216284987
I66_24_03.png,train,1.83,0.2111959287531807,1.8447837150127229
I66_24_04.png,train,1.77,0.1959287531806616,1.7837150127226464
I66_24_05.png,train,1.2,0.0508905852417302,1.2035623409669212
I66_25_01.png,train,3.43,0.6183206106870229,3.473282442748092
I66_25_02.png,train,3.73,0.6946564885496184,3.7786259541984735
I66_25_03.png,train,4.17,0.806615776081425,4.2264631043257
I66_25_04.png,train,4.23,0.8218829516539442,4.287531806615776
I66_25_05.png,train,3.17,0.5521628498727735,3.208651399491094
I67_01_01.png,train,4.63,0.9236641221374048,4.694656488549619
I67_01_02.png,train,4.63,0.9236641221374048,4.694656488549619
I67_01_03.png,train,3.1,0.534351145038168,3.137404580152672
I67_01_04.png,train,1.9,0.2290076335877862,1.916030534351145
I67_01_05.png,train,1.27,0.0687022900763358,1.2748091603053435
I67_02_01.png,train,3.9,0.7379134860050891,3.951653944020357
I67_02_02.png,train,2.8,0.4580152671755725,2.83206106870229
I67_02_03.png,train,1.7,0.178117048346056,1.712468193384224
I67_02_04.png,train,1.43,0.1094147582697201,1.4376590330788803
I67_02_05.png,train,1.17,0.0432569974554707,1.173027989821883
I67_03_01.png,train,4.5,0.89058524173028,4.56234096692112
I67_03_02.png,train,4.37,0.8575063613231553,4.430025445292621
I67_03_03.png,train,2.7,0.4325699745547074,2.73027989821883
I67_03_04.png,train,2.5,0.3816793893129771,2.5267175572519083
I67_03_05.png,train,1.63,0.1603053435114503,1.6412213740458017
I67_04_01.png,train,4.27,0.83206106870229,4.32824427480916
I67_04_02.png,train,1.63,0.1603053435114503,1.6412213740458017
I67_04_03.png,train,1.3,0.0763358778625954,1.3053435114503815
I67_04_04.png,train,1.16,0.0407124681933842,1.1628498727735368
I67_04_05.png,train,1.07,0.0178117048346056,1.0712468193384224
I67_05_01.png,train,4.3,0.8396946564885497,4.358778625954199
I67_05_02.png,train,2.33,0.3384223918575064,2.3536895674300258
I67_05_03.png,train,2.07,0.272264631043257,2.089058524173028
I67_05_04.png,train,2.03,0.2620865139949109,2.048346055979644
I67_05_05.png,train,2.2,0.3053435114503817,2.221374045801527
I67_06_01.png,train,3.47,0.6284987277353691,3.5139949109414763
I67_06_02.png,train,3.4,0.6106870229007634,3.442748091603053
I67_06_03.png,train,2.93,0.4910941475826972,2.9643765903307893
I67_06_04.png,train,2.47,0.3740458015267176,2.4961832061068705
I67_06_05.png,train,1.87,0.2213740458015267,1.885496183206107
I67_07_01.png,train,2.6,0.4071246819338422,2.6284987277353693
I67_07_02.png,train,1.7,0.178117048346056,1.712468193384224
I67_07_03.png,train,2.77,0.450381679389313,2.801526717557252
I67_07_04.png,train,2.1,0.2798982188295166,2.1195928753180664
I67_07_05.png,train,2.0,0.2544529262086514,2.017811704834606
I67_08_01.png,train,4.53,0.8982188295165395,4.592875318066158
I67_08_02.png,train,2.5,0.3816793893129771,2.5267175572519083
I67_08_03.png,train,1.63,0.1603053435114503,1.6412213740458017
I67_08_04.png,train,1.37,0.094147582697201,1.376590330788804
I67_08_05.png,train,1.07,0.0178117048346056,1.0712468193384224
I67_09_01.png,train,4.67,0.9338422391857508,4.735368956743002
I67_09_02.png,train,4.27,0.83206106870229,4.32824427480916
I67_09_03.png,train,3.6,0.6615776081424937,3.646310432569975
I67_09_04.png,train,2.07,0.272264631043257,2.089058524173028
I67_09_05.png,train,1.13,0.0330788804071246,1.1323155216284986
I67_10_01.png,train,4.4,0.8651399491094149,4.46055979643766
I67_10_02.png,train,4.3,0.8396946564885497,4.358778625954199
I67_10_03.png,train,3.97,0.7557251908396948,4.022900763358779
I67_10_04.png,train,1.87,0.2213740458015267,1.885496183206107
I67_10_05.png,train,1.1,0.0254452926208651,1.1017811704834606
I67_11_01.png,train,3.87,0.7302798982188295,3.921119592875318
I67_11_02.png,train,3.42,0.6157760814249365,3.463104325699746
I67_11_03.png,train,2.93,0.4910941475826972,2.9643765903307893
I67_11_04.png,train,2.6,0.4071246819338422,2.6284987277353693
I67_11_05.png,train,2.3,0.3307888040712468,2.323155216284987
I67_12_01.png,train,4.57,0.9083969465648856,4.633587786259543
I67_12_02.png,train,3.6,0.6615776081424937,3.646310432569975
I67_12_03.png,train,3.17,0.5521628498727735,3.208651399491094
I67_12_04.png,train,2.63,0.4147582697201017,2.659033078880407
I67_12_05.png,train,2.43,0.3638676844783716,2.4554707379134864
I67_13_01.png,train,3.3,0.5852417302798982,3.340966921119593
I67_13_02.png,train,3.03,0.5165394402035624,3.0661577608142494
I67_13_03.png,train,2.7,0.4325699745547074,2.73027989821883
I67_13_04.png,train,2.57,0.3994910941475826,2.59796437659033
I67_13_05.png,train,2.07,0.272264631043257,2.089058524173028
I67_14_01.png,train,4.47,0.8829516539440203,4.531806615776081
I67_14_02.png,train,3.67,0.6793893129770993,3.717557251908397
I67_14_03.png,train,3.13,0.5419847328244275,3.16793893129771
I67_14_04.png,train,2.53,0.3893129770992366,2.5572519083969465
I67_14_05.png,train,2.2,0.3053435114503817,2.221374045801527
I67_15_01.png,train,3.6,0.6615776081424937,3.646310432569975
I67_15_02.png,train,2.53,0.3893129770992366,2.5572519083969465
I67_15_03.png,train,2.0,0.2544529262086514,2.017811704834606
I67_15_04.png,train,1.67,0.1704834605597964,1.681933842239186
I67_15_05.png,train,1.5,0.1272264631043257,1.508905852417303
I67_16_01.png,train,4.2,0.8142493638676845,4.256997455470739
I67_16_02.png,train,4.0,0.7633587786259542,4.0534351145038165
I67_16_03.png,train,3.43,0.6183206106870229,3.473282442748092
I67_16_04.png,train,2.8,0.4580152671755725,2.83206106870229
I67_16_05.png,train,1.83,0.2111959287531807,1.8447837150127229
I67_17_01.png,train,4.57,0.9083969465648856,4.633587786259543
I67_17_02.png,train,4.43,0.8727735368956743,4.491094147582697
I67_17_03.png,train,3.97,0.7557251908396948,4.022900763358779
I67_17_04.png,train,3.33,0.5928753180661578,3.371501272264631
I67_17_05.png,train,2.13,0.2875318066157761,2.1501272264631046
I67_18_01.png,train,4.2,0.8142493638676845,4.256997455470739
I67_18_02.png,train,4.43,0.8727735368956743,4.491094147582697
I67_18_03.png,train,4.73,0.94910941475827,4.79643765903308
I67_18_04.png,train,4.37,0.8575063613231553,4.430025445292621
I67_18_05.png,train,3.94,0.7480916030534351,3.992366412213741
I67_19_01.png,train,4.37,0.8575063613231553,4.430025445292621
I67_19_02.png,train,3.91,0.7404580152671757,3.961832061068703
I67_19_03.png,train,3.27,0.5776081424936387,3.3104325699745547
I67_19_04.png,train,2.0,0.2544529262086514,2.017811704834606
I67_19_05.png,train,1.4,0.1017811704834605,1.407124681933842
I67_20_01.png,train,4.23,0.8218829516539442,4.287531806615776
I67_20_02.png,train,4.33,0.8473282442748092,4.389312977099237
I67_20_03.png,train,3.83,0.7201017811704835,3.880407124681934
I67_20_04.png,train,2.1,0.2798982188295166,2.1195928753180664
I67_20_05.png,train,3.13,0.5419847328244275,3.16793893129771
I67_21_01.png,train,4.07,0.78117048346056,4.12468193384224
I67_21_02.png,train,2.53,0.3893129770992366,2.5572519083969465
I67_21_03.png,train,2.47,0.3740458015267176,2.4961832061068705
I67_21_04.png,train,2.07,0.272264631043257,2.089058524173028
I67_21_05.png,train,1.2,0.0508905852417302,1.2035623409669212
I67_22_01.png,train,4.8,0.9669211195928752,4.867684478371501
I67_22_02.png,train,4.57,0.9083969465648856,4.633587786259543
I67_22_03.png,train,4.33,0.8473282442748092,4.389312977099237
I67_22_04.png,train,4.2,0.8142493638676845,4.256997455470739
I67_22_05.png,train,3.23,0.5674300254452926,3.2697201017811706
I67_23_01.png,train,3.53,0.6437659033078881,3.5750636132315523
I67_23_02.png,train,2.13,0.2875318066157761,2.1501272264631046
I67_23_03.png,train,2.53,0.3893129770992366,2.5572519083969465
I67_23_04.png,train,2.33,0.3384223918575064,2.3536895674300258
I67_23_05.png,train,2.03,0.2620865139949109,2.048346055979644
I67_24_01.png,train,3.23,0.5674300254452926,3.2697201017811706
I67_24_02.png,train,2.4,0.356234096692112,2.424936386768448
I67_24_03.png,train,1.9,0.2290076335877862,1.916030534351145
I67_24_04.png,train,1.43,0.1094147582697201,1.4376590330788803
I67_24_05.png,train,1.13,0.0330788804071246,1.1323155216284986
I67_25_01.png,train,3.23,0.5674300254452926,3.2697201017811706
I67_25_02.png,train,4.03,0.7709923664122139,4.083969465648856
I67_25_03.png,train,4.07,0.78117048346056,4.12468193384224
I67_25_04.png,train,3.77,0.7048346055979644,3.8193384223918576
I67_25_05.png,train,3.27,0.5776081424936387,3.3104325699745547
I68_01_01.png,test,4.67,0.9338422391857508,4.735368956743002
I68_01_02.png,test,4.33,0.8473282442748092,4.389312977099237
I68_01_03.png,test,2.6,0.4071246819338422,2.6284987277353693
I68_01_04.png,test,1.67,0.1704834605597964,1.681933842239186
I68_01_05.png,test,1.17,0.0432569974554707,1.173027989821883
I68_02_01.png,test,3.6,0.6615776081424937,3.646310432569975
I68_02_02.png,test,2.2,0.3053435114503817,2.221374045801527
I68_02_03.png,test,1.5,0.1272264631043257,1.508905852417303
I68_02_04.png,test,1.26,0.0661577608142493,1.2646310432569976
I68_02_05.png,test,1.06,0.015267175572519,1.0610687022900764
I68_03_01.png,test,4.57,0.9083969465648856,4.633587786259543
I68_03_02.png,test,4.1,0.7888040712468193,4.155216284987278
I68_03_03.png,test,2.43,0.3638676844783716,2.4554707379134864
I68_03_04.png,test,2.0,0.2544529262086514,2.017811704834606
I68_03_05.png,test,1.4,0.1017811704834605,1.407124681933842
I68_04_01.png,test,4.43,0.8727735368956743,4.491094147582697
I68_04_02.png,test,3.03,0.5165394402035624,3.0661577608142494
I68_04_03.png,test,1.77,0.1959287531806616,1.7837150127226464
I68_04_04.png,test,1.47,0.1195928753180661,1.478371501272265
I68_04_05.png,test,1.3,0.0763358778625954,1.3053435114503815
I68_05_01.png,test,4.07,0.78117048346056,4.12468193384224
I68_05_02.png,test,2.17,0.2977099236641221,2.1908396946564883
I68_05_03.png,test,1.5,0.1272264631043257,1.508905852417303
I68_05_04.png,test,1.77,0.1959287531806616,1.7837150127226464
I68_05_05.png,test,1.77,0.1959287531806616,1.7837150127226464
I68_06_01.png,test,3.5,0.6361323155216285,3.544529262086514
I68_06_02.png,test,3.43,0.6183206106870229,3.473282442748092
I68_06_03.png,test,3.1,0.534351145038168,3.137404580152672
I68_06_04.png,test,2.97,0.5012722646310434,3.0050890585241734
I68_06_05.png,test,2.16,0.2951653944020357,2.180661577608143
I68_07_01.png,test,2.73,0.4402035623409669,2.760814249363868
I68_07_02.png,test,2.27,0.3231552162849873,2.2926208651399493
I68_07_03.png,test,2.07,0.272264631043257,2.089058524173028
I68_07_04.png,test,1.87,0.2213740458015267,1.885496183206107
I68_07_05.png,test,1.47,0.1195928753180661,1.478371501272265
I68_08_01.png,test,4.7,0.9414758269720104,4.765903307888041
I68_08_02.png,test,3.27,0.5776081424936387,3.3104325699745547
I68_08_03.png,test,2.5,0.3816793893129771,2.5267175572519083
I68_08_04.png,test,1.8,0.2035623409669211,1.8142493638676849
I68_08_05.png,test,1.67,0.1704834605597964,1.681933842239186
I68_09_01.png,test,4.67,0.9338422391857508,4.735368956743002
I68_09_02.png,test,4.2,0.8142493638676845,4.256997455470739
I68_09_03.png,test,3.65,0.6743002544529262,3.6972010178117047
I68_09_04.png,test,2.07,0.272264631043257,2.089058524173028
I68_09_05.png,test,1.27,0.0687022900763358,1.2748091603053435
I68_10_01.png,test,4.2,0.8142493638676845,4.256997455470739
I68_10_02.png,test,4.13,0.796437659033079,4.185750636132315
I68_10_03.png,test,3.6,0.6615776081424937,3.646310432569975
I68_10_04.png,test,1.97,0.2468193384223918,1.987277353689568
I68_10_05.png,test,1.23,0.0585241730279898,1.2340966921119594
I68_11_01.png,test,3.9,0.7379134860050891,3.951653944020357
I68_11_02.png,test,3.07,0.5267175572519084,3.106870229007633
I68_11_03.png,test,2.73,0.4402035623409669,2.760814249363868
I68_11_04.png,test,2.8,0.4580152671755725,2.83206106870229
I68_11_05.png,test,2.17,0.2977099236641221,2.1908396946564883
I68_12_01.png,test,4.33,0.8473282442748092,4.389312977099237
I68_12_02.png,test,3.2,0.5597964376590332,3.239185750636133
I68_12_03.png,test,2.97,0.5012722646310434,3.0050890585241734
I68_12_04.png,test,2.5,0.3816793893129771,2.5267175572519083
I68_12_05.png,test,1.97,0.2468193384223918,1.987277353689568
I68_13_01.png,test,3.3,0.5852417302798982,3.340966921119593
I68_13_02.png,test,2.9,0.4834605597964376,2.9338422391857506
I68_13_03.png,test,2.77,0.450381679389313,2.801526717557252
I68_13_04.png,test,2.23,0.3129770992366412,2.2519083969465647
I68_13_05.png,test,2.53,0.3893129770992366,2.5572519083969465
I68_14_01.png,test,4.6,0.916030534351145,4.66412213740458
I68_14_02.png,test,3.33,0.5928753180661578,3.371501272264631
I68_14_03.png,test,2.9,0.4834605597964376,2.9338422391857506
I68_14_04.png,test,2.5,0.3816793893129771,2.5267175572519083
I68_14_05.png,test,1.87,0.2213740458015267,1.885496183206107
I68_15_01.png,test,3.63,0.6692111959287532,3.676844783715013
I68_15_02.png,test,2.35,0.3435114503816794,2.3740458015267176
I68_15_03.png,test,2.0,0.2544529262086514,2.017811704834606
I68_15_04.png,test,1.4,0.1017811704834605,1.407124681933842
I68_15_05.png,test,1.33,0.0839694656488549,1.33587786259542
I68_16_01.png,test,4.73,0.94910941475827,4.79643765903308
I68_16_02.png,test,4.43,0.8727735368956743,4.491094147582697
I68_16_03.png,test,3.3,0.5852417302798982,3.340966921119593
I68_16_04.png,test,1.7,0.178117048346056,1.712468193384224
I68_16_05.png,test,1.5,0.1272264631043257,1.508905852417303
I68_17_01.png,test,4.5,0.89058524173028,4.56234096692112
I68_17_02.png,test,4.7,0.9414758269720104,4.765903307888041
I68_17_03.png,test,4.27,0.83206106870229,4.32824427480916
I68_17_04.png,test,3.6,0.6615776081424937,3.646310432569975
I68_17_05.png,test,2.27,0.3231552162849873,2.2926208651399493
I68_18_01.png,test,4.03,0.7709923664122139,4.083969465648856
I68_18_02.png,test,4.63,0.9236641221374048,4.694656488549619
I68_18_03.png,test,4.6,0.916030534351145,4.66412213740458
I68_18_04.png,test,4.53,0.8982188295165395,4.592875318066158
I68_18_05.png,test,4.2,0.8142493638676845,4.256997455470739
I68_19_01.png,test,4.6,0.916030534351145,4.66412213740458
I68_19_02.png,test,4.2,0.8142493638676845,4.256997455470739
I68_19_03.png,test,2.77,0.450381679389313,2.801526717557252
I68_19_04.png,test,1.77,0.1959287531806616,1.7837150127226464
I68_19_05.png,test,1.2,0.0508905852417302,1.2035623409669212
I68_20_01.png,test,4.43,0.8727735368956743,4.491094147582697
I68_20_02.png,test,4.0,0.7633587786259542,4.0534351145038165
I68_20_03.png,test,4.6,0.916030534351145,4.66412213740458
I68_20_04.png,test,2.87,0.4758269720101782,2.903307888040713
I68_20_05.png,test,3.53,0.6437659033078881,3.5750636132315523
I68_21_01.png,test,4.23,0.8218829516539442,4.287531806615776
I68_21_02.png,test,2.8,0.4580152671755725,2.83206106870229
I68_21_03.png,test,2.78,0.4529262086513995,2.8117048346055977
I68_21_04.png,test,2.63,0.4147582697201017,2.659033078880407
I68_21_05.png,test,1.43,0.1094147582697201,1.4376590330788803
I68_22_01.png,test,4.27,0.83206106870229,4.32824427480916
I68_22_02.png,test,3.7,0.6870229007633589,3.748091603053436
I68_22_03.png,test,3.77,0.7048346055979644,3.8193384223918576
I68_22_04.png,test,3.33,0.5928753180661578,3.371501272264631
I68_22_05.png,test,2.9,0.4834605597964376,2.9338422391857506
I68_23_01.png,test,2.57,0.3994910941475826,2.59796437659033
I68_23_02.png,test,2.5,0.3816793893129771,2.5267175572519083
I68_23_03.png,test,2.5,0.3816793893129771,2.5267175572519083
I68_23_04.png,test,2.2,0.3053435114503817,2.221374045801527
I68_23_05.png,test,1.93,0.2366412213740458,1.9465648854961832
I68_24_01.png,test,3.17,0.5521628498727735,3.208651399491094
I68_24_02.png,test,1.93,0.2366412213740458,1.9465648854961832
I68_24_03.png,test,1.83,0.2111959287531807,1.8447837150127229
I68_24_04.png,test,1.58,0.1475826972010178,1.5903307888040714
I68_24_05.png,test,1.1,0.0254452926208651,1.1017811704834606
I68_25_01.png,test,3.5,0.6361323155216285,3.544529262086514
I68_25_02.png,test,4.23,0.8218829516539442,4.287531806615776
I68_25_03.png,test,4.47,0.8829516539440203,4.531806615776081
I68_25_04.png,test,4.03,0.7709923664122139,4.083969465648856
I68_25_05.png,test,3.4,0.6106870229007634,3.442748091603053
I69_01_01.png,train,4.48,0.885496183206107,4.541984732824428
I69_01_02.png,train,4.63,0.9236641221374048,4.694656488549619
I69_01_03.png,train,3.4,0.6106870229007634,3.442748091603053
I69_01_04.png,train,2.13,0.2875318066157761,2.1501272264631046
I69_01_05.png,train,1.4,0.1017811704834605,1.407124681933842
I69_02_01.png,train,4.03,0.7709923664122139,4.083969465648856
I69_02_02.png,train,3.23,0.5674300254452926,3.2697201017811706
I69_02_03.png,train,1.5,0.1272264631043257,1.508905852417303
I69_02_04.png,train,1.4,0.1017811704834605,1.407124681933842
I69_02_05.png,train,1.4,0.1017811704834605,1.407124681933842
I69_03_01.png,train,4.5,0.89058524173028,4.56234096692112
I69_03_02.png,train,4.1,0.7888040712468193,4.155216284987278
I69_03_03.png,train,3.3,0.5852417302798982,3.340966921119593
I69_03_04.png,train,2.4,0.356234096692112,2.424936386768448
I69_03_05.png,train,1.87,0.2213740458015267,1.885496183206107
I69_04_01.png,train,4.39,0.8625954198473282,4.450381679389313
I69_04_02.png,train,2.97,0.5012722646310434,3.0050890585241734
I69_04_03.png,train,1.57,0.1450381679389313,1.5801526717557253
I69_04_04.png,train,1.3,0.0763358778625954,1.3053435114503815
I69_04_05.png,train,1.17,0.0432569974554707,1.173027989821883
I69_05_01.png,train,4.6,0.916030534351145,4.66412213740458
I69_05_02.png,train,3.0,0.5089058524173028,3.035623409669211
I69_05_03.png,train,1.93,0.2366412213740458,1.9465648854961832
I69_05_04.png,train,2.13,0.2875318066157761,2.1501272264631046
I69_05_05.png,train,2.47,0.3740458015267176,2.4961832061068705
I69_06_01.png,train,4.27,0.83206106870229,4.32824427480916
I69_06_02.png,train,3.7,0.6870229007633589,3.748091603053436
I69_06_03.png,train,3.63,0.6692111959287532,3.676844783715013
I69_06_04.png,train,3.27,0.5776081424936387,3.3104325699745547
I69_06_05.png,train,2.73,0.4402035623409669,2.760814249363868
I69_07_01.png,train,2.47,0.3740458015267176,2.4961832061068705
I69_07_02.png,train,2.48,0.3765903307888041,2.5063613231552164
I69_07_03.png,train,2.39,0.3536895674300255,2.414758269720102
I69_07_04.png,train,2.3,0.3307888040712468,2.323155216284987
I69_07_05.png,train,2.58,0.4020356234096692,2.608142493638677
I69_08_01.png,train,4.3,0.8396946564885497,4.358778625954199
I69_08_02.png,train,3.69,0.6844783715012723,3.737913486005089
I69_08_03.png,train,3.23,0.5674300254452926,3.2697201017811706
I69_08_04.png,train,2.0,0.2544529262086514,2.017811704834606
I69_08_05.png,train,1.57,0.1450381679389313,1.5801526717557253
I69_09_01.png,train,4.3,0.8396946564885497,4.358778625954199
I69_09_02.png,train,4.67,0.9338422391857508,4.735368956743002
I69_09_03.png,train,4.2,0.8142493638676845,4.256997455470739
I69_09_04.png,train,3.1,0.534351145038168,3.137404580152672
I69_09_05.png,train,1.53,0.1348600508905852,1.5394402035623411
I69_10_01.png,train,4.07,0.78117048346056,4.12468193384224
I69_10_02.png,train,4.07,0.78117048346056,4.12468193384224
I69_10_03.png,train,4.0,0.7633587786259542,4.0534351145038165
I69_10_04.png,train,2.03,0.2620865139949109,2.048346055979644
I69_10_05.png,train,1.27,0.0687022900763358,1.2748091603053435
I69_11_01.png,train,3.8,0.712468193384224,3.849872773536896
I69_11_02.png,train,3.27,0.5776081424936387,3.3104325699745547
I69_11_03.png,train,3.27,0.5776081424936387,3.3104325699745547
I69_11_04.png,train,2.77,0.450381679389313,2.801526717557252
I69_11_05.png,train,2.23,0.3129770992366412,2.2519083969465647
I69_12_01.png,train,4.37,0.8575063613231553,4.430025445292621
I69_12_02.png,train,3.37,0.6030534351145039,3.412213740458016
I69_12_03.png,train,3.13,0.5419847328244275,3.16793893129771
I69_12_04.png,train,2.87,0.4758269720101782,2.903307888040713
I69_12_05.png,train,2.27,0.3231552162849873,2.2926208651399493
I69_13_01.png,train,3.83,0.7201017811704835,3.880407124681934
I69_13_02.png,train,2.97,0.5012722646310434,3.0050890585241734
I69_13_03.png,train,2.73,0.4402035623409669,2.760814249363868
I69_13_04.png,train,2.57,0.3994910941475826,2.59796437659033
I69_13_05.png,train,2.13,0.2875318066157761,2.1501272264631046
I69_14_01.png,train,4.6,0.916030534351145,4.66412213740458
I69_14_02.png,train,4.1,0.7888040712468193,4.155216284987278
I69_14_03.png,train,3.17,0.5521628498727735,3.208651399491094
I69_14_04.png,train,2.93,0.4910941475826972,2.9643765903307893
I69_14_05.png,train,2.47,0.3740458015267176,2.4961832061068705
I69_15_01.png,train,3.77,0.7048346055979644,3.8193384223918576
I69_15_02.png,train,2.93,0.4910941475826972,2.9643765903307893
I69_15_03.png,train,2.47,0.3740458015267176,2.4961832061068705
I69_15_04.png,train,1.59,0.1501272264631043,1.6005089058524176
I69_15_05.png,train,1.33,0.0839694656488549,1.33587786259542
I69_16_01.png,train,4.57,0.9083969465648856,4.633587786259543
I69_16_02.png,train,4.1,0.7888040712468193,4.155216284987278
I69_16_03.png,train,3.77,0.7048346055979644,3.8193384223918576
I69_16_04.png,train,3.33,0.5928753180661578,3.371501272264631
I69_16_05.png,train,2.43,0.3638676844783716,2.4554707379134864
I69_17_01.png,train,4.67,0.9338422391857508,4.735368956743002
I69_17_02.png,train,4.77,0.9592875318066156,4.837150127226463
I69_17_03.png,train,4.27,0.83206106870229,4.32824427480916
I69_17_04.png,train,3.5,0.6361323155216285,3.544529262086514
I69_17_05.png,train,1.87,0.2213740458015267,1.885496183206107
I69_18_01.png,train,4.07,0.78117048346056,4.12468193384224
I69_18_02.png,train,4.53,0.8982188295165395,4.592875318066158
I69_18_03.png,train,4.67,0.9338422391857508,4.735368956743002
I69_18_04.png,train,4.43,0.8727735368956743,4.491094147582697
I69_18_05.png,train,4.17,0.806615776081425,4.2264631043257
I69_19_01.png,train,4.27,0.83206106870229,4.32824427480916
I69_19_02.png,train,4.13,0.796437659033079,4.185750636132315
I69_19_03.png,train,3.03,0.5165394402035624,3.0661577608142494
I69_19_04.png,train,2.0,0.2544529262086514,2.017811704834606
I69_19_05.png,train,1.3,0.0763358778625954,1.3053435114503815
I69_20_01.png,train,4.5,0.89058524173028,4.56234096692112
I69_20_02.png,train,3.63,0.6692111959287532,3.676844783715013
I69_20_03.png,train,4.3,0.8396946564885497,4.358778625954199
I69_20_04.png,train,3.8,0.712468193384224,3.849872773536896
I69_20_05.png,train,3.37,0.6030534351145039,3.412213740458016
I69_21_01.png,train,3.6,0.6615776081424937,3.646310432569975
I69_21_02.png,train,3.2,0.5597964376590332,3.239185750636133
I69_21_03.png,train,3.23,0.5674300254452926,3.2697201017811706
I69_21_04.png,train,3.23,0.5674300254452926,3.2697201017811706
I69_21_05.png,train,1.57,0.1450381679389313,1.5801526717557253
I69_22_01.png,train,4.23,0.8218829516539442,4.287531806615776
I69_22_02.png,train,4.33,0.8473282442748092,4.389312977099237
I69_22_03.png,train,4.07,0.78117048346056,4.12468193384224
I69_22_04.png,train,3.77,0.7048346055979644,3.8193384223918576
I69_22_05.png,train,2.87,0.4758269720101782,2.903307888040713
I69_23_01.png,train,2.2,0.3053435114503817,2.221374045801527
I69_23_02.png,train,2.68,0.4274809160305344,2.7099236641221376
I69_23_03.png,train,2.43,0.3638676844783716,2.4554707379134864
I69_23_04.png,train,2.6,0.4071246819338422,2.6284987277353693
I69_23_05.png,train,2.07,0.272264631043257,2.089058524173028
I69_24_01.png,train,3.87,0.7302798982188295,3.921119592875318
I69_24_02.png,train,3.4,0.6106870229007634,3.442748091603053
I69_24_03.png,train,2.47,0.3740458015267176,2.4961832061068705
I69_24_04.png,train,1.5,0.1272264631043257,1.508905852417303
I69_24_05.png,train,1.37,0.094147582697201,1.376590330788804
I69_25_01.png,train,3.53,0.6437659033078881,3.5750636132315523
I69_25_02.png,train,4.07,0.78117048346056,4.12468193384224
I69_25_03.png,train,4.5,0.89058524173028,4.56234096692112
I69_25_04.png,train,3.73,0.6946564885496184,3.7786259541984735
I69_25_05.png,train,2.93,0.4910941475826972,2.9643765903307893
I70_01_01.png,train,4.73,0.94910941475827,4.79643765903308
I70_01_02.png,train,4.73,0.94910941475827,4.79643765903308
I70_01_03.png,train,2.9,0.4834605597964376,2.9338422391857506
I70_01_04.png,train,1.93,0.2366412213740458,1.9465648854961832
I70_01_05.png,train,1.23,0.0585241730279898,1.2340966921119594
I70_02_01.png,train,4.23,0.8218829516539442,4.287531806615776
I70_02_02.png,train,2.7,0.4325699745547074,2.73027989821883
I70_02_03.png,train,1.77,0.1959287531806616,1.7837150127226464
I70_02_04.png,train,1.63,0.1603053435114503,1.6412213740458017
I70_02_05.png,train,1.23,0.0585241730279898,1.2340966921119594
I70_03_01.png,train,4.63,0.9236641221374048,4.694656488549619
I70_03_02.png,train,4.5,0.89058524173028,4.56234096692112
I70_03_03.png,train,2.93,0.4910941475826972,2.9643765903307893
I70_03_04.png,train,2.17,0.2977099236641221,2.1908396946564883
I70_03_05.png,train,1.73,0.1857506361323155,1.7430025445292625
I70_04_01.png,train,4.63,0.9236641221374048,4.694656488549619
I70_04_02.png,train,2.93,0.4910941475826972,2.9643765903307893
I70_04_03.png,train,1.73,0.1857506361323155,1.7430025445292625
I70_04_04.png,train,1.33,0.0839694656488549,1.33587786259542
I70_04_05.png,train,1.33,0.0839694656488549,1.33587786259542
I70_05_01.png,train,4.23,0.8218829516539442,4.287531806615776
I70_05_02.png,train,2.1,0.2798982188295166,2.1195928753180664
I70_05_03.png,train,1.83,0.2111959287531807,1.8447837150127229
I70_05_04.png,train,1.9,0.2290076335877862,1.916030534351145
I70_05_05.png,train,1.7,0.178117048346056,1.712468193384224
I70_06_01.png,train,4.03,0.7709923664122139,4.083969465648856
I70_06_02.png,train,3.9,0.7379134860050891,3.951653944020357
I70_06_03.png,train,3.23,0.5674300254452926,3.2697201017811706
I70_06_04.png,train,2.5,0.3816793893129771,2.5267175572519083
I70_06_05.png,train,1.67,0.1704834605597964,1.681933842239186
I70_07_01.png,train,2.3,0.3307888040712468,2.323155216284987
I70_07_02.png,train,1.97,0.2468193384223918,1.987277353689568
I70_07_03.png,train,2.17,0.2977099236641221,2.1908396946564883
I70_07_04.png,train,2.3,0.3307888040712468,2.323155216284987
I70_07_05.png,train,1.77,0.1959287531806616,1.7837150127226464
I70_08_01.png,train,4.73,0.94910941475827,4.79643765903308
I70_08_02.png,train,3.8,0.712468193384224,3.849872773536896
I70_08_03.png,train,2.87,0.4758269720101782,2.903307888040713
I70_08_04.png,train,1.43,0.1094147582697201,1.4376590330788803
I70_08_05.png,train,1.23,0.0585241730279898,1.2340966921119594
I70_09_01.png,train,4.6,0.916030534351145,4.66412213740458
I70_09_02.png,train,4.53,0.8982188295165395,4.592875318066158
I70_09_03.png,train,4.07,0.78117048346056,4.12468193384224
I70_09_04.png,train,2.07,0.272264631043257,2.089058524173028
I70_09_05.png,train,1.23,0.0585241730279898,1.2340966921119594
I70_10_01.png,train,4.5,0.89058524173028,4.56234096692112
I70_10_02.png,train,4.4,0.8651399491094149,4.46055979643766
I70_10_03.png,train,3.97,0.7557251908396948,4.022900763358779
I70_10_04.png,train,2.23,0.3129770992366412,2.2519083969465647
I70_10_05.png,train,1.23,0.0585241730279898,1.2340966921119594
I70_11_01.png,train,4.4,0.8651399491094149,4.46055979643766
I70_11_02.png,train,3.5,0.6361323155216285,3.544529262086514
I70_11_03.png,train,2.83,0.4656488549618321,2.862595419847328
I70_11_04.png,train,2.7,0.4325699745547074,2.73027989821883
I70_11_05.png,train,2.03,0.2620865139949109,2.048346055979644
I70_12_01.png,train,4.63,0.9236641221374048,4.694656488549619
I70_12_02.png,train,4.03,0.7709923664122139,4.083969465648856
I70_12_03.png,train,3.1,0.534351145038168,3.137404580152672
I70_12_04.png,train,2.5,0.3816793893129771,2.5267175572519083
I70_12_05.png,train,2.53,0.3893129770992366,2.5572519083969465
I70_13_01.png,train,3.77,0.7048346055979644,3.8193384223918576
I70_13_02.png,train,2.97,0.5012722646310434,3.0050890585241734
I70_13_03.png,train,2.53,0.3893129770992366,2.5572519083969465
I70_13_04.png,train,2.23,0.3129770992366412,2.2519083969465647
I70_13_05.png,train,2.07,0.272264631043257,2.089058524173028
I70_14_01.png,train,4.57,0.9083969465648856,4.633587786259543
I70_14_02.png,train,3.73,0.6946564885496184,3.7786259541984735
I70_14_03.png,train,3.07,0.5267175572519084,3.106870229007633
I70_14_04.png,train,2.47,0.3740458015267176,2.4961832061068705
I70_14_05.png,train,2.1,0.2798982188295166,2.1195928753180664
I70_15_01.png,train,4.13,0.796437659033079,4.185750636132315
I70_15_02.png,train,2.87,0.4758269720101782,2.903307888040713
I70_15_03.png,train,2.5,0.3816793893129771,2.5267175572519083
I70_15_04.png,train,1.77,0.1959287531806616,1.7837150127226464
I70_15_05.png,train,1.6,0.1526717557251908,1.6106870229007637
I70_16_01.png,train,4.7,0.9414758269720104,4.765903307888041
I70_16_02.png,train,4.7,0.9414758269720104,4.765903307888041
I70_16_03.png,train,4.03,0.7709923664122139,4.083969465648856
I70_16_04.png,train,2.83,0.4656488549618321,2.862595419847328
I70_16_05.png,train,2.13,0.2875318066157761,2.1501272264631046
I70_17_01.png,train,4.7,0.9414758269720104,4.765903307888041
I70_17_02.png,train,4.7,0.9414758269720104,4.765903307888041
I70_17_03.png,train,4.53,0.8982188295165395,4.592875318066158
I70_17_04.png,train,3.97,0.7557251908396948,4.022900763358779
I70_17_05.png,train,2.43,0.3638676844783716,2.4554707379134864
I70_18_01.png,train,4.37,0.8575063613231553,4.430025445292621
I70_18_02.png,train,4.57,0.9083969465648856,4.633587786259543
I70_18_03.png,train,4.6,0.916030534351145,4.66412213740458
I70_18_04.png,train,4.8,0.9669211195928752,4.867684478371501
I70_18_05.png,train,4.43,0.8727735368956743,4.491094147582697
I70_19_01.png,train,4.43,0.8727735368956743,4.491094147582697
I70_19_02.png,train,3.9,0.7379134860050891,3.951653944020357
I70_19_03.png,train,3.17,0.5521628498727735,3.208651399491094
I70_19_04.png,train,1.57,0.1450381679389313,1.5801526717557253
I70_19_05.png,train,1.37,0.094147582697201,1.376590330788804
I70_20_01.png,train,3.77,0.7048346055979644,3.8193384223918576
I70_20_02.png,train,4.1,0.7888040712468193,4.155216284987278
I70_20_03.png,train,3.53,0.6437659033078881,3.5750636132315523
I70_20_04.png,train,3.17,0.5521628498727735,3.208651399491094
I70_20_05.png,train,1.74,0.188295165394402,1.7531806615776082
I70_21_01.png,train,3.47,0.6284987277353691,3.5139949109414763
I70_21_02.png,train,2.6,0.4071246819338422,2.6284987277353693
I70_21_03.png,train,2.77,0.450381679389313,2.801526717557252
I70_21_04.png,train,2.2,0.3053435114503817,2.221374045801527
I70_21_05.png,train,1.43,0.1094147582697201,1.4376590330788803
I70_22_01.png,train,4.63,0.9236641221374048,4.694656488549619
I70_22_02.png,train,4.53,0.8982188295165395,4.592875318066158
I70_22_03.png,train,4.37,0.8575063613231553,4.430025445292621
I70_22_04.png,train,3.7,0.6870229007633589,3.748091603053436
I70_22_05.png,train,2.73,0.4402035623409669,2.760814249363868
I70_23_01.png,train,3.4,0.6106870229007634,3.442748091603053
I70_23_02.png,train,2.43,0.3638676844783716,2.4554707379134864
I70_23_03.png,train,2.47,0.3740458015267176,2.4961832061068705
I70_23_04.png,train,2.67,0.4249363867684478,2.699745547073792
I70_23_05.png,train,2.33,0.3384223918575064,2.3536895674300258
I70_24_01.png,train,3.7,0.6870229007633589,3.748091603053436
I70_24_02.png,train,2.33,0.3384223918575064,2.3536895674300258
I70_24_03.png,train,2.0,0.2544529262086514,2.017811704834606
I70_24_04.png,train,2.07,0.272264631043257,2.089058524173028
I70_24_05.png,train,1.37,0.094147582697201,1.376590330788804
I70_25_01.png,train,3.8,0.712468193384224,3.849872773536896
I70_25_02.png,train,4.0,0.7633587786259542,4.0534351145038165
I70_25_03.png,train,4.63,0.9236641221374048,4.694656488549619
I70_25_04.png,train,4.23,0.8218829516539442,4.287531806615776
I70_25_05.png,train,3.0,0.5089058524173028,3.035623409669211
I71_01_01.png,test,4.63,0.9236641221374048,4.694656488549619
I71_01_02.png,test,4.34,0.8498727735368957,4.399491094147583
I71_01_03.png,test,2.7,0.4325699745547074,2.73027989821883
I71_01_04.png,test,1.4,0.1017811704834605,1.407124681933842
I71_01_05.png,test,1.23,0.0585241730279898,1.2340966921119594
I71_02_01.png,test,3.68,0.6819338422391859,3.727735368956744
I71_02_02.png,test,2.33,0.3384223918575064,2.3536895674300258
I71_02_03.png,test,1.77,0.1959287531806616,1.7837150127226464
I71_02_04.png,test,1.4,0.1017811704834605,1.407124681933842
I71_02_05.png,test,1.27,0.0687022900763358,1.2748091603053435
I71_03_01.png,test,4.47,0.8829516539440203,4.531806615776081
I71_03_02.png,test,3.3,0.5852417302798982,3.340966921119593
I71_03_03.png,test,2.87,0.4758269720101782,2.903307888040713
I71_03_04.png,test,2.03,0.2620865139949109,2.048346055979644
I71_03_05.png,test,1.5,0.1272264631043257,1.508905852417303
I71_04_01.png,test,4.1,0.7888040712468193,4.155216284987278
I71_04_02.png,test,2.57,0.3994910941475826,2.59796437659033
I71_04_03.png,test,1.37,0.094147582697201,1.376590330788804
I71_04_04.png,test,1.47,0.1195928753180661,1.478371501272265
I71_04_05.png,test,1.2,0.0508905852417302,1.2035623409669212
I71_05_01.png,test,4.5,0.89058524173028,4.56234096692112
I71_05_02.png,test,2.27,0.3231552162849873,2.2926208651399493
I71_05_03.png,test,1.87,0.2213740458015267,1.885496183206107
I71_05_04.png,test,1.87,0.2213740458015267,1.885496183206107
I71_05_05.png,test,1.77,0.1959287531806616,1.7837150127226464
I71_06_01.png,test,3.7,0.6870229007633589,3.748091603053436
I71_06_02.png,test,3.8,0.712468193384224,3.849872773536896
I71_06_03.png,test,3.33,0.5928753180661578,3.371501272264631
I71_06_04.png,test,3.23,0.5674300254452926,3.2697201017811706
I71_06_05.png,test,2.67,0.4249363867684478,2.699745547073792
I71_07_01.png,test,3.0,0.5089058524173028,3.035623409669211
I71_07_02.png,test,2.47,0.3740458015267176,2.4961832061068705
I71_07_03.png,test,2.4,0.356234096692112,2.424936386768448
I71_07_04.png,test,2.0,0.2544529262086514,2.017811704834606
I71_07_05.png,test,1.87,0.2213740458015267,1.885496183206107
I71_08_01.png,test,4.77,0.9592875318066156,4.837150127226463
I71_08_02.png,test,3.2,0.5597964376590332,3.239185750636133
I71_08_03.png,test,2.52,0.3867684478371501,2.547073791348601
I71_08_04.png,test,1.7,0.178117048346056,1.712468193384224
I71_08_05.png,test,1.27,0.0687022900763358,1.2748091603053435
I71_09_01.png,test,4.53,0.8982188295165395,4.592875318066158
I71_09_02.png,test,3.87,0.7302798982188295,3.921119592875318
I71_09_03.png,test,3.6,0.6615776081424937,3.646310432569975
I71_09_04.png,test,1.87,0.2213740458015267,1.885496183206107
I71_09_05.png,test,1.07,0.0178117048346056,1.0712468193384224
I71_10_01.png,test,4.27,0.83206106870229,4.32824427480916
I71_10_02.png,test,3.87,0.7302798982188295,3.921119592875318
I71_10_03.png,test,3.19,0.5572519083969466,3.2290076335877864
I71_10_04.png,test,1.43,0.1094147582697201,1.4376590330788803
I71_10_05.png,test,1.33,0.0839694656488549,1.33587786259542
I71_11_01.png,test,3.33,0.5928753180661578,3.371501272264631
I71_11_02.png,test,2.83,0.4656488549618321,2.862595419847328
I71_11_03.png,test,2.47,0.3740458015267176,2.4961832061068705
I71_11_04.png,test,2.47,0.3740458015267176,2.4961832061068705
I71_11_05.png,test,1.93,0.2366412213740458,1.9465648854961832
I71_12_01.png,test,4.27,0.83206106870229,4.32824427480916
I71_12_02.png,test,3.3,0.5852417302798982,3.340966921119593
I71_12_03.png,test,2.77,0.450381679389313,2.801526717557252
I71_12_04.png,test,2.33,0.3384223918575064,2.3536895674300258
I71_12_05.png,test,2.2,0.3053435114503817,2.221374045801527
I71_13_01.png,test,3.5,0.6361323155216285,3.544529262086514
I71_13_02.png,test,2.6,0.4071246819338422,2.6284987277353693
I71_13_03.png,test,2.53,0.3893129770992366,2.5572519083969465
I71_13_04.png,test,2.4,0.356234096692112,2.424936386768448
I71_13_05.png,test,2.07,0.272264631043257,2.089058524173028
I71_14_01.png,test,3.7,0.6870229007633589,3.748091603053436
I71_14_02.png,test,2.87,0.4758269720101782,2.903307888040713
I71_14_03.png,test,2.37,0.3486005089058525,2.39440203562341
I71_14_04.png,test,1.87,0.2213740458015267,1.885496183206107
I71_14_05.png,test,1.67,0.1704834605597964,1.681933842239186
I71_15_01.png,test,3.0,0.5089058524173028,3.035623409669211
I71_15_02.png,test,1.83,0.2111959287531807,1.8447837150127229
I71_15_03.png,test,1.67,0.1704834605597964,1.681933842239186
I71_15_04.png,test,1.3,0.0763358778625954,1.3053435114503815
I71_15_05.png,test,1.17,0.0432569974554707,1.173027989821883
I71_16_01.png,test,4.33,0.8473282442748092,4.389312977099237
I71_16_02.png,test,4.17,0.806615776081425,4.2264631043257
I71_16_03.png,test,3.5,0.6361323155216285,3.544529262086514
I71_16_04.png,test,2.17,0.2977099236641221,2.1908396946564883
I71_16_05.png,test,1.4,0.1017811704834605,1.407124681933842
I71_17_01.png,test,4.43,0.8727735368956743,4.491094147582697
I71_17_02.png,test,4.4,0.8651399491094149,4.46055979643766
I71_17_03.png,test,4.23,0.8218829516539442,4.287531806615776
I71_17_04.png,test,3.63,0.6692111959287532,3.676844783715013
I71_17_05.png,test,2.5,0.3816793893129771,2.5267175572519083
I71_18_01.png,test,3.73,0.6946564885496184,3.7786259541984735
I71_18_02.png,test,4.3,0.8396946564885497,4.358778625954199
I71_18_03.png,test,4.63,0.9236641221374048,4.694656488549619
I71_18_04.png,test,4.2,0.8142493638676845,4.256997455470739
I71_18_05.png,test,3.81,0.7150127226463106,3.860050890585242
I71_19_01.png,test,4.53,0.8982188295165395,4.592875318066158
I71_19_02.png,test,3.7,0.6870229007633589,3.748091603053436
I71_19_03.png,test,2.87,0.4758269720101782,2.903307888040713
I71_19_04.png,test,1.53,0.1348600508905852,1.5394402035623411
I71_19_05.png,test,1.6,0.1526717557251908,1.6106870229007637
I71_20_01.png,test,4.47,0.8829516539440203,4.531806615776081
I71_20_02.png,test,3.7,0.6870229007633589,3.748091603053436
I71_20_03.png,test,2.73,0.4402035623409669,2.760814249363868
I71_20_04.png,test,2.43,0.3638676844783716,2.4554707379134864
I71_20_05.png,test,2.63,0.4147582697201017,2.659033078880407
I71_21_01.png,test,3.43,0.6183206106870229,3.473282442748092
I71_21_02.png,test,2.93,0.4910941475826972,2.9643765903307893
I71_21_03.png,test,2.6,0.4071246819338422,2.6284987277353693
I71_21_04.png,test,2.63,0.4147582697201017,2.659033078880407
I71_21_05.png,test,1.5,0.1272264631043257,1.508905852417303
I71_22_01.png,test,4.0,0.7633587786259542,4.0534351145038165
I71_22_02.png,test,3.53,0.6437659033078881,3.5750636132315523
I71_22_03.png,test,3.5,0.6361323155216285,3.544529262086514
I71_22_04.png,test,3.17,0.5521628498727735,3.208651399491094
I71_22_05.png,test,2.53,0.3893129770992366,2.5572519083969465
I71_23_01.png,test,2.3,0.3307888040712468,2.323155216284987
I71_23_02.png,test,2.43,0.3638676844783716,2.4554707379134864
I71_23_03.png,test,1.8,0.2035623409669211,1.8142493638676849
I71_23_04.png,test,2.03,0.2620865139949109,2.048346055979644
I71_23_05.png,test,2.1,0.2798982188295166,2.1195928753180664
I71_24_01.png,test,3.77,0.7048346055979644,3.8193384223918576
I71_24_02.png,test,2.93,0.4910941475826972,2.9643765903307893
I71_24_03.png,test,2.27,0.3231552162849873,2.2926208651399493
I71_24_04.png,test,1.8,0.2035623409669211,1.8142493638676849
I71_24_05.png,test,1.3,0.0763358778625954,1.3053435114503815
I71_25_01.png,test,3.3,0.5852417302798982,3.340966921119593
I71_25_02.png,test,3.73,0.6946564885496184,3.7786259541984735
I71_25_03.png,test,4.23,0.8218829516539442,4.287531806615776
I71_25_04.png,test,4.3,0.8396946564885497,4.358778625954199
I71_25_05.png,test,3.77,0.7048346055979644,3.8193384223918576
I72_01_01.png,train,4.33,0.8473282442748092,4.389312977099237
I72_01_02.png,train,4.27,0.83206106870229,4.32824427480916
I72_01_03.png,train,2.63,0.4147582697201017,2.659033078880407
I72_01_04.png,train,1.83,0.2111959287531807,1.8447837150127229
I72_01_05.png,train,1.03,0.0076335877862595,1.0305343511450382
I72_02_01.png,train,3.47,0.6284987277353691,3.5139949109414763
I72_02_02.png,train,2.33,0.3384223918575064,2.3536895674300258
I72_02_03.png,train,1.6,0.1526717557251908,1.6106870229007637
I72_02_04.png,train,1.27,0.0687022900763358,1.2748091603053435
I72_02_05.png,train,1.13,0.0330788804071246,1.1323155216284986
I72_03_01.png,train,4.53,0.8982188295165395,4.592875318066158
I72_03_02.png,train,4.07,0.78117048346056,4.12468193384224
I72_03_03.png,train,2.93,0.4910941475826972,2.9643765903307893
I72_03_04.png,train,1.9,0.2290076335877862,1.916030534351145
I72_03_05.png,train,1.5,0.1272264631043257,1.508905852417303
I72_04_01.png,train,4.27,0.83206106870229,4.32824427480916
I72_04_02.png,train,2.63,0.4147582697201017,2.659033078880407
I72_04_03.png,train,2.07,0.272264631043257,2.089058524173028
I72_04_04.png,train,1.5,0.1272264631043257,1.508905852417303
I72_04_05.png,train,1.6,0.1526717557251908,1.6106870229007637
I72_05_01.png,train,4.17,0.806615776081425,4.2264631043257
I72_05_02.png,train,2.2,0.3053435114503817,2.221374045801527
I72_05_03.png,train,1.57,0.1450381679389313,1.5801526717557253
I72_05_04.png,train,1.4,0.1017811704834605,1.407124681933842
I72_05_05.png,train,1.27,0.0687022900763358,1.2748091603053435
I72_06_01.png,train,4.07,0.78117048346056,4.12468193384224
I72_06_02.png,train,3.83,0.7201017811704835,3.880407124681934
I72_06_03.png,train,3.1,0.534351145038168,3.137404580152672
I72_06_04.png,train,2.7,0.4325699745547074,2.73027989821883
I72_06_05.png,train,2.17,0.2977099236641221,2.1908396946564883
I72_07_01.png,train,2.4,0.356234096692112,2.424936386768448
I72_07_02.png,train,2.7,0.4325699745547074,2.73027989821883
I72_07_03.png,train,2.27,0.3231552162849873,2.2926208651399493
I72_07_04.png,train,2.37,0.3486005089058525,2.39440203562341
I72_07_05.png,train,2.23,0.3129770992366412,2.2519083969465647
I72_08_01.png,train,4.33,0.8473282442748092,4.389312977099237
I72_08_02.png,train,3.33,0.5928753180661578,3.371501272264631
I72_08_03.png,train,2.6,0.4071246819338422,2.6284987277353693
I72_08_04.png,train,1.3,0.0763358778625954,1.3053435114503815
I72_08_05.png,train,1.23,0.0585241730279898,1.2340966921119594
I72_09_01.png,train,4.47,0.8829516539440203,4.531806615776081
I72_09_02.png,train,4.4,0.8651399491094149,4.46055979643766
I72_09_03.png,train,4.06,0.7786259541984732,4.114503816793893
I72_09_04.png,train,2.17,0.2977099236641221,2.1908396946564883
I72_09_05.png,train,1.4,0.1017811704834605,1.407124681933842
I72_10_01.png,train,4.17,0.806615776081425,4.2264631043257
I72_10_02.png,train,4.03,0.7709923664122139,4.083969465648856
I72_10_03.png,train,3.9,0.7379134860050891,3.951653944020357
I72_10_04.png,train,1.83,0.2111959287531807,1.8447837150127229
I72_10_05.png,train,1.4,0.1017811704834605,1.407124681933842
I72_11_01.png,train,3.93,0.7455470737913487,3.982188295165394
I72_11_02.png,train,3.5,0.6361323155216285,3.544529262086514
I72_11_03.png,train,3.0,0.5089058524173028,3.035623409669211
I72_11_04.png,train,2.5,0.3816793893129771,2.5267175572519083
I72_11_05.png,train,2.33,0.3384223918575064,2.3536895674300258
I72_12_01.png,train,4.3,0.8396946564885497,4.358778625954199
I72_12_02.png,train,3.53,0.6437659033078881,3.5750636132315523
I72_12_03.png,train,3.23,0.5674300254452926,3.2697201017811706
I72_12_04.png,train,2.63,0.4147582697201017,2.659033078880407
I72_12_05.png,train,2.1,0.2798982188295166,2.1195928753180664
I72_13_01.png,train,3.87,0.7302798982188295,3.921119592875318
I72_13_02.png,train,2.97,0.5012722646310434,3.0050890585241734
I72_13_03.png,train,2.63,0.4147582697201017,2.659033078880407
I72_13_04.png,train,2.3,0.3307888040712468,2.323155216284987
I72_13_05.png,train,2.1,0.2798982188295166,2.1195928753180664
I72_14_01.png,train,4.33,0.8473282442748092,4.389312977099237
I72_14_02.png,train,3.23,0.5674300254452926,3.2697201017811706
I72_14_03.png,train,2.52,0.3867684478371501,2.547073791348601
I72_14_04.png,train,2.43,0.3638676844783716,2.4554707379134864
I72_14_05.png,train,1.7,0.178117048346056,1.712468193384224
I72_15_01.png,train,3.77,0.7048346055979644,3.8193384223918576
I72_15_02.png,train,2.9,0.4834605597964376,2.9338422391857506
I72_15_03.png,train,2.47,0.3740458015267176,2.4961832061068705
I72_15_04.png,train,1.77,0.1959287531806616,1.7837150127226464
I72_15_05.png,train,1.57,0.1450381679389313,1.5801526717557253
I72_16_01.png,train,4.57,0.9083969465648856,4.633587786259543
I72_16_02.png,train,4.0,0.7633587786259542,4.0534351145038165
I72_16_03.png,train,3.33,0.5928753180661578,3.371501272264631
I72_16_04.png,train,2.33,0.3384223918575064,2.3536895674300258
I72_16_05.png,train,1.55,0.1399491094147583,1.5597964376590332
I72_17_01.png,train,4.5,0.89058524173028,4.56234096692112
I72_17_02.png,train,4.43,0.8727735368956743,4.491094147582697
I72_17_03.png,train,4.6,0.916030534351145,4.66412213740458
I72_17_04.png,train,3.67,0.6793893129770993,3.717557251908397
I72_17_05.png,train,2.2,0.3053435114503817,2.221374045801527
I72_18_01.png,train,3.47,0.6284987277353691,3.5139949109414763
I72_18_02.png,train,4.23,0.8218829516539442,4.287531806615776
I72_18_03.png,train,4.5,0.89058524173028,4.56234096692112
I72_18_04.png,train,4.17,0.806615776081425,4.2264631043257
I72_18_05.png,train,3.87,0.7302798982188295,3.921119592875318
I72_19_01.png,train,4.2,0.8142493638676845,4.256997455470739
I72_19_02.png,train,3.6,0.6615776081424937,3.646310432569975
I72_19_03.png,train,2.5,0.3816793893129771,2.5267175572519083
I72_19_04.png,train,1.53,0.1348600508905852,1.5394402035623411
I72_19_05.png,train,1.3,0.0763358778625954,1.3053435114503815
I72_20_01.png,train,4.43,0.8727735368956743,4.491094147582697
I72_20_02.png,train,3.9,0.7379134860050891,3.951653944020357
I72_20_03.png,train,3.9,0.7379134860050891,3.951653944020357
I72_20_04.png,train,3.6,0.6615776081424937,3.646310432569975
I72_20_05.png,train,4.1,0.7888040712468193,4.155216284987278
I72_21_01.png,train,3.73,0.6946564885496184,3.7786259541984735
I72_21_02.png,train,2.37,0.3486005089058525,2.39440203562341
I72_21_03.png,train,1.97,0.2468193384223918,1.987277353689568
I72_21_04.png,train,2.07,0.272264631043257,2.089058524173028
I72_21_05.png,train,1.23,0.0585241730279898,1.2340966921119594
I72_22_01.png,train,4.5,0.89058524173028,4.56234096692112
I72_22_02.png,train,4.1,0.7888040712468193,4.155216284987278
I72_22_03.png,train,3.87,0.7302798982188295,3.921119592875318
I72_22_04.png,train,3.53,0.6437659033078881,3.5750636132315523
I72_22_05.png,train,3.3,0.5852417302798982,3.340966921119593
I72_23_01.png,train,2.2,0.3053435114503817,2.221374045801527
I72_23_02.png,train,2.33,0.3384223918575064,2.3536895674300258
I72_23_03.png,train,1.93,0.2366412213740458,1.9465648854961832
I72_23_04.png,train,1.8,0.2035623409669211,1.8142493638676849
I72_23_05.png,train,1.97,0.2468193384223918,1.987277353689568
I72_24_01.png,train,2.94,0.4936386768447837,2.974554707379135
I72_24_02.png,train,1.8,0.2035623409669211,1.8142493638676849
I72_24_03.png,train,1.77,0.1959287531806616,1.7837150127226464
I72_24_04.png,train,1.27,0.0687022900763358,1.2748091603053435
I72_24_05.png,train,1.33,0.0839694656488549,1.33587786259542
I72_25_01.png,train,2.5,0.3816793893129771,2.5267175572519083
I72_25_02.png,train,3.6,0.6615776081424937,3.646310432569975
I72_25_03.png,train,4.07,0.78117048346056,4.12468193384224
I72_25_04.png,train,4.2,0.8142493638676845,4.256997455470739
I72_25_05.png,train,3.5,0.6361323155216285,3.544529262086514
I73_01_01.png,train,4.63,0.9236641221374048,4.694656488549619
I73_01_02.png,train,4.6,0.916030534351145,4.66412213740458
I73_01_03.png,train,3.13,0.5419847328244275,3.16793893129771
I73_01_04.png,train,1.93,0.2366412213740458,1.9465648854961832
I73_01_05.png,train,1.17,0.0432569974554707,1.173027989821883
I73_02_01.png,train,4.33,0.8473282442748092,4.389312977099237
I73_02_02.png,train,2.35,0.3435114503816794,2.3740458015267176
I73_02_03.png,train,1.8,0.2035623409669211,1.8142493638676849
I73_02_04.png,train,1.3,0.0763358778625954,1.3053435114503815
I73_02_05.png,train,1.17,0.0432569974554707,1.173027989821883
I73_03_01.png,train,4.63,0.9236641221374048,4.694656488549619
I73_03_02.png,train,4.43,0.8727735368956743,4.491094147582697
I73_03_03.png,train,3.37,0.6030534351145039,3.412213740458016
I73_03_04.png,train,2.2,0.3053435114503817,2.221374045801527
I73_03_05.png,train,1.77,0.1959287531806616,1.7837150127226464
I73_04_01.png,train,4.5,0.89058524173028,4.56234096692112
I73_04_02.png,train,3.03,0.5165394402035624,3.0661577608142494
I73_04_03.png,train,2.03,0.2620865139949109,2.048346055979644
I73_04_04.png,train,1.7,0.178117048346056,1.712468193384224
I73_04_05.png,train,1.4,0.1017811704834605,1.407124681933842
I73_05_01.png,train,4.07,0.78117048346056,4.12468193384224
I73_05_02.png,train,3.2,0.5597964376590332,3.239185750636133
I73_05_03.png,train,2.4,0.356234096692112,2.424936386768448
I73_05_04.png,train,2.47,0.3740458015267176,2.4961832061068705
I73_05_05.png,train,1.73,0.1857506361323155,1.7430025445292625
I73_06_01.png,train,4.53,0.8982188295165395,4.592875318066158
I73_06_02.png,train,4.27,0.83206106870229,4.32824427480916
I73_06_03.png,train,4.07,0.78117048346056,4.12468193384224
I73_06_04.png,train,3.43,0.6183206106870229,3.473282442748092
I73_06_05.png,train,3.2,0.5597964376590332,3.239185750636133
I73_07_01.png,train,3.07,0.5267175572519084,3.106870229007633
I73_07_02.png,train,2.57,0.3994910941475826,2.59796437659033
I73_07_03.png,train,2.2,0.3053435114503817,2.221374045801527
I73_07_04.png,train,2.37,0.3486005089058525,2.39440203562341
I73_07_05.png,train,1.83,0.2111959287531807,1.8447837150127229
I73_08_01.png,train,4.57,0.9083969465648856,4.633587786259543
I73_08_02.png,train,3.33,0.5928753180661578,3.371501272264631
I73_08_03.png,train,2.97,0.5012722646310434,3.0050890585241734
I73_08_04.png,train,2.07,0.272264631043257,2.089058524173028
I73_08_05.png,train,1.94,0.2391857506361323,1.9567430025445292
I73_09_01.png,train,4.73,0.94910941475827,4.79643765903308
I73_09_02.png,train,3.93,0.7455470737913487,3.982188295165394
I73_09_03.png,train,2.93,0.4910941475826972,2.9643765903307893
I73_09_04.png,train,1.8,0.2035623409669211,1.8142493638676849
I73_09_05.png,train,1.43,0.1094147582697201,1.4376590330788803
I73_10_01.png,train,4.53,0.8982188295165395,4.592875318066158
I73_10_02.png,train,4.07,0.78117048346056,4.12468193384224
I73_10_03.png,train,3.63,0.6692111959287532,3.676844783715013
I73_10_04.png,train,2.0,0.2544529262086514,2.017811704834606
I73_10_05.png,train,1.27,0.0687022900763358,1.2748091603053435
I73_11_01.png,train,3.93,0.7455470737913487,3.982188295165394
I73_11_02.png,train,3.53,0.6437659033078881,3.5750636132315523
I73_11_03.png,train,2.57,0.3994910941475826,2.59796437659033
I73_11_04.png,train,2.73,0.4402035623409669,2.760814249363868
I73_11_05.png,train,2.26,0.3206106870229007,2.282442748091603
I73_12_01.png,train,4.6,0.916030534351145,4.66412213740458
I73_12_02.png,train,3.57,0.6539440203562341,3.615776081424937
I73_12_03.png,train,3.03,0.5165394402035624,3.0661577608142494
I73_12_04.png,train,2.47,0.3740458015267176,2.4961832061068705
I73_12_05.png,train,2.23,0.3129770992366412,2.2519083969465647
I73_13_01.png,train,3.03,0.5165394402035624,3.0661577608142494
I73_13_02.png,train,2.73,0.4402035623409669,2.760814249363868
I73_13_03.png,train,2.47,0.3740458015267176,2.4961832061068705
I73_13_04.png,train,2.4,0.356234096692112,2.424936386768448
I73_13_05.png,train,2.2,0.3053435114503817,2.221374045801527
I73_14_01.png,train,4.6,0.916030534351145,4.66412213740458
I73_14_02.png,train,3.5,0.6361323155216285,3.544529262086514
I73_14_03.png,train,2.73,0.4402035623409669,2.760814249363868
I73_14_04.png,train,2.63,0.4147582697201017,2.659033078880407
I73_14_05.png,train,1.93,0.2366412213740458,1.9465648854961832
I73_15_01.png,train,3.8,0.712468193384224,3.849872773536896
I73_15_02.png,train,2.63,0.4147582697201017,2.659033078880407
I73_15_03.png,train,2.07,0.272264631043257,2.089058524173028
I73_15_04.png,train,1.8,0.2035623409669211,1.8142493638676849
I73_15_05.png,train,1.63,0.1603053435114503,1.6412213740458017
I73_16_01.png,train,4.57,0.9083969465648856,4.633587786259543
I73_16_02.png,train,4.37,0.8575063613231553,4.430025445292621
I73_16_03.png,train,4.0,0.7633587786259542,4.0534351145038165
I73_16_04.png,train,3.1,0.534351145038168,3.137404580152672
I73_16_05.png,train,2.17,0.2977099236641221,2.1908396946564883
I73_17_01.png,train,4.83,0.974554707379135,4.89821882951654
I73_17_02.png,train,4.6,0.916030534351145,4.66412213740458
I73_17_03.png,train,4.33,0.8473282442748092,4.389312977099237
I73_17_04.png,train,3.83,0.7201017811704835,3.880407124681934
I73_17_05.png,train,2.83,0.4656488549618321,2.862595419847328
I73_18_01.png,train,4.17,0.806615776081425,4.2264631043257
I73_18_02.png,train,4.3,0.8396946564885497,4.358778625954199
I73_18_03.png,train,4.63,0.9236641221374048,4.694656488549619
I73_18_04.png,train,4.5,0.89058524173028,4.56234096692112
I73_18_05.png,train,4.27,0.83206106870229,4.32824427480916
I73_19_01.png,train,4.57,0.9083969465648856,4.633587786259543
I73_19_02.png,train,4.03,0.7709923664122139,4.083969465648856
I73_19_03.png,train,2.93,0.4910941475826972,2.9643765903307893
I73_19_04.png,train,1.67,0.1704834605597964,1.681933842239186
I73_19_05.png,train,1.16,0.0407124681933842,1.1628498727735368
I73_20_01.png,train,3.33,0.5928753180661578,3.371501272264631
I73_20_02.png,train,3.87,0.7302798982188295,3.921119592875318
I73_20_03.png,train,2.43,0.3638676844783716,2.4554707379134864
I73_20_04.png,train,3.35,0.5979643765903309,3.3918575063613234
I73_20_05.png,train,2.4,0.356234096692112,2.424936386768448
I73_21_01.png,train,2.83,0.4656488549618321,2.862595419847328
I73_21_02.png,train,2.7,0.4325699745547074,2.73027989821883
I73_21_03.png,train,2.1,0.2798982188295166,2.1195928753180664
I73_21_04.png,train,2.07,0.272264631043257,2.089058524173028
I73_21_05.png,train,1.33,0.0839694656488549,1.33587786259542
I73_22_01.png,train,4.33,0.8473282442748092,4.389312977099237
I73_22_02.png,train,4.17,0.806615776081425,4.2264631043257
I73_22_03.png,train,3.8,0.712468193384224,3.849872773536896
I73_22_04.png,train,3.27,0.5776081424936387,3.3104325699745547
I73_22_05.png,train,2.93,0.4910941475826972,2.9643765903307893
I73_23_01.png,train,2.83,0.4656488549618321,2.862595419847328
I73_23_02.png,train,2.33,0.3384223918575064,2.3536895674300258
I73_23_03.png,train,2.47,0.3740458015267176,2.4961832061068705
I73_23_04.png,train,2.07,0.272264631043257,2.089058524173028
I73_23_05.png,train,2.53,0.3893129770992366,2.5572519083969465
I73_24_01.png,train,4.3,0.8396946564885497,4.358778625954199
I73_24_02.png,train,3.2,0.5597964376590332,3.239185750636133
I73_24_03.png,train,2.47,0.3740458015267176,2.4961832061068705
I73_24_04.png,train,2.0,0.2544529262086514,2.017811704834606
I73_24_05.png,train,1.53,0.1348600508905852,1.5394402035623411
I73_25_01.png,train,3.57,0.6539440203562341,3.615776081424937
I73_25_02.png,train,4.09,0.7862595419847328,4.145038167938932
I73_25_03.png,train,4.5,0.89058524173028,4.56234096692112
I73_25_04.png,train,4.23,0.8218829516539442,4.287531806615776
I73_25_05.png,train,3.33,0.5928753180661578,3.371501272264631
I74_01_01.png,val,4.7,0.9414758269720104,4.765903307888041
I74_01_02.png,val,4.43,0.8727735368956743,4.491094147582697
I74_01_03.png,val,3.0,0.5089058524173028,3.035623409669211
I74_01_04.png,val,2.1,0.2798982188295166,2.1195928753180664
I74_01_05.png,val,1.4,0.1017811704834605,1.407124681933842
I74_02_01.png,val,4.1,0.7888040712468193,4.155216284987278
I74_02_02.png,val,2.87,0.4758269720101782,2.903307888040713
I74_02_03.png,val,1.83,0.2111959287531807,1.8447837150127229
I74_02_04.png,val,1.37,0.094147582697201,1.376590330788804
I74_02_05.png,val,1.39,0.099236641221374,1.3969465648854962
I74_03_01.png,val,4.57,0.9083969465648856,4.633587786259543
I74_03_02.png,val,4.33,0.8473282442748092,4.389312977099237
I74_03_03.png,val,3.0,0.5089058524173028,3.035623409669211
I74_03_04.png,val,2.27,0.3231552162849873,2.2926208651399493
I74_03_05.png,val,1.73,0.1857506361323155,1.7430025445292625
I74_04_01.png,val,4.58,0.910941475826972,4.643765903307888
I74_04_02.png,val,2.9,0.4834605597964376,2.9338422391857506
I74_04_03.png,val,2.47,0.3740458015267176,2.4961832061068705
I74_04_04.png,val,2.13,0.2875318066157761,2.1501272264631046
I74_04_05.png,val,1.57,0.1450381679389313,1.5801526717557253
I74_05_01.png,val,4.6,0.916030534351145,4.66412213740458
I74_05_02.png,val,2.9,0.4834605597964376,2.9338422391857506
I74_05_03.png,val,1.8,0.2035623409669211,1.8142493638676849
I74_05_04.png,val,1.8,0.2035623409669211,1.8142493638676849
I74_05_05.png,val,1.3,0.0763358778625954,1.3053435114503815
I74_06_01.png,val,4.3,0.8396946564885497,4.358778625954199
I74_06_02.png,val,4.23,0.8218829516539442,4.287531806615776
I74_06_03.png,val,4.1,0.7888040712468193,4.155216284987278
I74_06_04.png,val,3.23,0.5674300254452926,3.2697201017811706
I74_06_05.png,val,2.77,0.450381679389313,2.801526717557252
I74_07_01.png,val,2.73,0.4402035623409669,2.760814249363868
I74_07_02.png,val,2.33,0.3384223918575064,2.3536895674300258
I74_07_03.png,val,2.8,0.4580152671755725,2.83206106870229
I74_07_04.png,val,2.1,0.2798982188295166,2.1195928753180664
I74_07_05.png,val,2.4,0.356234096692112,2.424936386768448
I74_08_01.png,val,4.6,0.916030534351145,4.66412213740458
I74_08_02.png,val,3.0,0.5089058524173028,3.035623409669211
I74_08_03.png,val,2.63,0.4147582697201017,2.659033078880407
I74_08_04.png,val,1.83,0.2111959287531807,1.8447837150127229
I74_08_05.png,val,1.63,0.1603053435114503,1.6412213740458017
I74_09_01.png,val,4.4,0.8651399491094149,4.46055979643766
I74_09_02.png,val,4.57,0.9083969465648856,4.633587786259543
I74_09_03.png,val,4.03,0.7709923664122139,4.083969465648856
I74_09_04.png,val,2.57,0.3994910941475826,2.59796437659033
I74_09_05.png,val,1.23,0.0585241730279898,1.2340966921119594
I74_10_01.png,val,4.37,0.8575063613231553,4.430025445292621
I74_10_02.png,val,4.5,0.89058524173028,4.56234096692112
I74_10_03.png,val,4.13,0.796437659033079,4.185750636132315
I74_10_04.png,val,2.9,0.4834605597964376,2.9338422391857506
I74_10_05.png,val,2.03,0.2620865139949109,2.048346055979644
I74_11_01.png,val,4.4,0.8651399491094149,4.46055979643766
I74_11_02.png,val,4.23,0.8218829516539442,4.287531806615776
I74_11_03.png,val,3.73,0.6946564885496184,3.7786259541984735
I74_11_04.png,val,3.43,0.6183206106870229,3.473282442748092
I74_11_05.png,val,3.23,0.5674300254452926,3.2697201017811706
I74_12_01.png,val,4.37,0.8575063613231553,4.430025445292621
I74_12_02.png,val,4.37,0.8575063613231553,4.430025445292621
I74_12_03.png,val,4.0,0.7633587786259542,4.0534351145038165
I74_12_04.png,val,3.58,0.6564885496183207,3.625954198473283
I74_12_05.png,val,3.19,0.5572519083969466,3.2290076335877864
I74_13_01.png,val,4.2,0.8142493638676845,4.256997455470739
I74_13_02.png,val,3.73,0.6946564885496184,3.7786259541984735
I74_13_03.png,val,3.0,0.5089058524173028,3.035623409669211
I74_13_04.png,val,2.6,0.4071246819338422,2.6284987277353693
I74_13_05.png,val,2.13,0.2875318066157761,2.1501272264631046
I74_14_01.png,val,4.67,0.9338422391857508,4.735368956743002
I74_14_02.png,val,4.3,0.8396946564885497,4.358778625954199
I74_14_03.png,val,3.73,0.6946564885496184,3.7786259541984735
I74_14_04.png,val,3.0,0.5089058524173028,3.035623409669211
I74_14_05.png,val,2.6,0.4071246819338422,2.6284987277353693
I74_15_01.png,val,4.07,0.78117048346056,4.12468193384224
I74_15_02.png,val,3.07,0.5267175572519084,3.106870229007633
I74_15_03.png,val,2.53,0.3893129770992366,2.5572519083969465
I74_15_04.png,val,1.93,0.2366412213740458,1.9465648854961832
I74_15_05.png,val,1.87,0.2213740458015267,1.885496183206107
I74_16_01.png,val,4.3,0.8396946564885497,4.358778625954199
I74_16_02.png,val,4.42,0.8702290076335878,4.480916030534351
I74_16_03.png,val,3.67,0.6793893129770993,3.717557251908397
I74_16_04.png,val,2.6,0.4071246819338422,2.6284987277353693
I74_16_05.png,val,1.77,0.1959287531806616,1.7837150127226464
I74_17_01.png,val,4.8,0.9669211195928752,4.867684478371501
I74_17_02.png,val,4.33,0.8473282442748092,4.389312977099237
I74_17_03.png,val,4.17,0.806615776081425,4.2264631043257
I74_17_04.png,val,4.0,0.7633587786259542,4.0534351145038165
I74_17_05.png,val,2.67,0.4249363867684478,2.699745547073792
I74_18_01.png,val,4.2,0.8142493638676845,4.256997455470739
I74_18_02.png,val,4.6,0.916030534351145,4.66412213740458
I74_18_03.png,val,4.43,0.8727735368956743,4.491094147582697
I74_18_04.png,val,4.4,0.8651399491094149,4.46055979643766
I74_18_05.png,val,3.87,0.7302798982188295,3.921119592875318
I74_19_01.png,val,4.33,0.8473282442748092,4.389312977099237
I74_19_02.png,val,4.1,0.7888040712468193,4.155216284987278
I74_19_03.png,val,2.73,0.4402035623409669,2.760814249363868
I74_19_04.png,val,1.5,0.1272264631043257,1.508905852417303
I74_19_05.png,val,1.53,0.1348600508905852,1.5394402035623411
I74_20_01.png,val,4.3,0.8396946564885497,4.358778625954199
I74_20_02.png,val,3.67,0.6793893129770993,3.717557251908397
I74_20_03.png,val,3.63,0.6692111959287532,3.676844783715013
I74_20_04.png,val,3.1,0.534351145038168,3.137404580152672
I74_20_05.png,val,2.67,0.4249363867684478,2.699745547073792
I74_21_01.png,val,3.93,0.7455470737913487,3.982188295165394
I74_21_02.png,val,3.23,0.5674300254452926,3.2697201017811706
I74_21_03.png,val,2.27,0.3231552162849873,2.2926208651399493
I74_21_04.png,val,2.43,0.3638676844783716,2.4554707379134864
I74_21_05.png,val,1.47,0.1195928753180661,1.478371501272265
I74_22_01.png,val,4.43,0.8727735368956743,4.491094147582697
I74_22_02.png,val,4.5,0.89058524173028,4.56234096692112
I74_22_03.png,val,4.3,0.8396946564885497,4.358778625954199
I74_22_04.png,val,4.4,0.8651399491094149,4.46055979643766
I74_22_05.png,val,3.67,0.6793893129770993,3.717557251908397
I74_23_01.png,val,2.27,0.3231552162849873,2.2926208651399493
I74_23_02.png,val,2.3,0.3307888040712468,2.323155216284987
I74_23_03.png,val,2.23,0.3129770992366412,2.2519083969465647
I74_23_04.png,val,1.83,0.2111959287531807,1.8447837150127229
I74_23_05.png,val,2.03,0.2620865139949109,2.048346055979644
I74_24_01.png,val,3.63,0.6692111959287532,3.676844783715013
I74_24_02.png,val,2.63,0.4147582697201017,2.659033078880407
I74_24_03.png,val,2.33,0.3384223918575064,2.3536895674300258
I74_24_04.png,val,1.73,0.1857506361323155,1.7430025445292625
I74_24_05.png,val,1.3,0.0763358778625954,1.3053435114503815
I74_25_01.png,val,3.5,0.6361323155216285,3.544529262086514
I74_25_02.png,val,3.87,0.7302798982188295,3.921119592875318
I74_25_03.png,val,4.43,0.8727735368956743,4.491094147582697
I74_25_04.png,val,3.9,0.7379134860050891,3.951653944020357
I74_25_05.png,val,3.03,0.5165394402035624,3.0661577608142494
I75_01_01.png,train,4.37,0.8575063613231553,4.430025445292621
I75_01_02.png,train,4.43,0.8727735368956743,4.491094147582697
I75_01_03.png,train,2.5,0.3816793893129771,2.5267175572519083
I75_01_04.png,train,1.87,0.2213740458015267,1.885496183206107
I75_01_05.png,train,1.4,0.1017811704834605,1.407124681933842
I75_02_01.png,train,4.03,0.7709923664122139,4.083969465648856
I75_02_02.png,train,2.67,0.4249363867684478,2.699745547073792
I75_02_03.png,train,1.52,0.1323155216284987,1.529262086513995
I75_02_04.png,train,1.6,0.1526717557251908,1.6106870229007637
I75_02_05.png,train,1.27,0.0687022900763358,1.2748091603053435
I75_03_01.png,train,4.5,0.89058524173028,4.56234096692112
I75_03_02.png,train,3.97,0.7557251908396948,4.022900763358779
I75_03_03.png,train,2.57,0.3994910941475826,2.59796437659033
I75_03_04.png,train,2.03,0.2620865139949109,2.048346055979644
I75_03_05.png,train,1.8,0.2035623409669211,1.8142493638676849
I75_04_01.png,train,4.47,0.8829516539440203,4.531806615776081
I75_04_02.png,train,2.61,0.4096692111959287,2.6386768447837152
I75_04_03.png,train,1.73,0.1857506361323155,1.7430025445292625
I75_04_04.png,train,1.7,0.178117048346056,1.712468193384224
I75_04_05.png,train,1.6,0.1526717557251908,1.6106870229007637
I75_05_01.png,train,4.13,0.796437659033079,4.185750636132315
I75_05_02.png,train,1.93,0.2366412213740458,1.9465648854961832
I75_05_03.png,train,1.84,0.2137404580152672,1.8549618320610688
I75_05_04.png,train,1.6,0.1526717557251908,1.6106870229007637
I75_05_05.png,train,1.77,0.1959287531806616,1.7837150127226464
I75_06_01.png,train,4.33,0.8473282442748092,4.389312977099237
I75_06_02.png,train,4.13,0.796437659033079,4.185750636132315
I75_06_03.png,train,3.93,0.7455470737913487,3.982188295165394
I75_06_04.png,train,3.5,0.6361323155216285,3.544529262086514
I75_06_05.png,train,2.8,0.4580152671755725,2.83206106870229
I75_07_01.png,train,2.63,0.4147582697201017,2.659033078880407
I75_07_02.png,train,2.53,0.3893129770992366,2.5572519083969465
I75_07_03.png,train,2.97,0.5012722646310434,3.0050890585241734
I75_07_04.png,train,2.13,0.2875318066157761,2.1501272264631046
I75_07_05.png,train,2.27,0.3231552162849873,2.2926208651399493
I75_08_01.png,train,4.67,0.9338422391857508,4.735368956743002
I75_08_02.png,train,2.87,0.4758269720101782,2.903307888040713
I75_08_03.png,train,2.6,0.4071246819338422,2.6284987277353693
I75_08_04.png,train,2.27,0.3231552162849873,2.2926208651399493
I75_08_05.png,train,1.83,0.2111959287531807,1.8447837150127229
I75_09_01.png,train,4.5,0.89058524173028,4.56234096692112
I75_09_02.png,train,4.53,0.8982188295165395,4.592875318066158
I75_09_03.png,train,4.6,0.916030534351145,4.66412213740458
I75_09_04.png,train,3.4,0.6106870229007634,3.442748091603053
I75_09_05.png,train,1.8,0.2035623409669211,1.8142493638676849
I75_10_01.png,train,4.13,0.796437659033079,4.185750636132315
I75_10_02.png,train,4.13,0.796437659033079,4.185750636132315
I75_10_03.png,train,3.77,0.7048346055979644,3.8193384223918576
I75_10_04.png,train,1.6,0.1526717557251908,1.6106870229007637
I75_10_05.png,train,1.23,0.0585241730279898,1.2340966921119594
I75_11_01.png,train,3.63,0.6692111959287532,3.676844783715013
I75_11_02.png,train,3.1,0.534351145038168,3.137404580152672
I75_11_03.png,train,2.77,0.450381679389313,2.801526717557252
I75_11_04.png,train,2.77,0.450381679389313,2.801526717557252
I75_11_05.png,train,2.4,0.356234096692112,2.424936386768448
I75_12_01.png,train,4.53,0.8982188295165395,4.592875318066158
I75_12_02.png,train,3.27,0.5776081424936387,3.3104325699745547
I75_12_03.png,train,3.03,0.5165394402035624,3.0661577608142494
I75_12_04.png,train,2.53,0.3893129770992366,2.5572519083969465
I75_12_05.png,train,2.4,0.356234096692112,2.424936386768448
I75_13_01.png,train,3.47,0.6284987277353691,3.5139949109414763
I75_13_02.png,train,2.57,0.3994910941475826,2.59796437659033
I75_13_03.png,train,2.5,0.3816793893129771,2.5267175572519083
I75_13_04.png,train,2.43,0.3638676844783716,2.4554707379134864
I75_13_05.png,train,2.0,0.2544529262086514,2.017811704834606
I75_14_01.png,train,4.2,0.8142493638676845,4.256997455470739
I75_14_02.png,train,3.33,0.5928753180661578,3.371501272264631
I75_14_03.png,train,2.87,0.4758269720101782,2.903307888040713
I75_14_04.png,train,2.27,0.3231552162849873,2.2926208651399493
I75_14_05.png,train,2.0,0.2544529262086514,2.017811704834606
I75_15_01.png,train,3.73,0.6946564885496184,3.7786259541984735
I75_15_02.png,train,2.7,0.4325699745547074,2.73027989821883
I75_15_03.png,train,2.03,0.2620865139949109,2.048346055979644
I75_15_04.png,train,1.67,0.1704834605597964,1.681933842239186
I75_15_05.png,train,1.17,0.0432569974554707,1.173027989821883
I75_16_01.png,train,4.53,0.8982188295165395,4.592875318066158
I75_16_02.png,train,4.03,0.7709923664122139,4.083969465648856
I75_16_03.png,train,3.5,0.6361323155216285,3.544529262086514
I75_16_04.png,train,2.97,0.5012722646310434,3.0050890585241734
I75_16_05.png,train,1.87,0.2213740458015267,1.885496183206107
I75_17_01.png,train,4.67,0.9338422391857508,4.735368956743002
I75_17_02.png,train,4.5,0.89058524173028,4.56234096692112
I75_17_03.png,train,4.3,0.8396946564885497,4.358778625954199
I75_17_04.png,train,3.27,0.5776081424936387,3.3104325699745547
I75_17_05.png,train,1.83,0.2111959287531807,1.8447837150127229
I75_18_01.png,train,4.2,0.8142493638676845,4.256997455470739
I75_18_02.png,train,4.5,0.89058524173028,4.56234096692112
I75_18_03.png,train,4.8,0.9669211195928752,4.867684478371501
I75_18_04.png,train,4.32,0.8447837150127228,4.379134860050892
I75_18_05.png,train,3.5,0.6361323155216285,3.544529262086514
I75_19_01.png,train,4.47,0.8829516539440203,4.531806615776081
I75_19_02.png,train,3.97,0.7557251908396948,4.022900763358779
I75_19_03.png,train,3.23,0.5674300254452926,3.2697201017811706
I75_19_04.png,train,1.67,0.1704834605597964,1.681933842239186
I75_19_05.png,train,1.2,0.0508905852417302,1.2035623409669212
I75_20_01.png,train,3.33,0.5928753180661578,3.371501272264631
I75_20_02.png,train,3.93,0.7455470737913487,3.982188295165394
I75_20_03.png,train,2.87,0.4758269720101782,2.903307888040713
I75_20_04.png,train,2.83,0.4656488549618321,2.862595419847328
I75_20_05.png,train,3.07,0.5267175572519084,3.106870229007633
I75_21_01.png,train,3.5,0.6361323155216285,3.544529262086514
I75_21_02.png,train,2.33,0.3384223918575064,2.3536895674300258
I75_21_03.png,train,2.47,0.3740458015267176,2.4961832061068705
I75_21_04.png,train,2.3,0.3307888040712468,2.323155216284987
I75_21_05.png,train,1.43,0.1094147582697201,1.4376590330788803
I75_22_01.png,train,4.4,0.8651399491094149,4.46055979643766
I75_22_02.png,train,3.83,0.7201017811704835,3.880407124681934
I75_22_03.png,train,3.63,0.6692111959287532,3.676844783715013
I75_22_04.png,train,2.57,0.3994910941475826,2.59796437659033
I75_22_05.png,train,2.37,0.3486005089058525,2.39440203562341
I75_23_01.png,train,2.5,0.3816793893129771,2.5267175572519083
I75_23_02.png,train,2.33,0.3384223918575064,2.3536895674300258
I75_23_03.png,train,2.1,0.2798982188295166,2.1195928753180664
I75_23_04.png,train,1.83,0.2111959287531807,1.8447837150127229
I75_23_05.png,train,1.9,0.2290076335877862,1.916030534351145
I75_24_01.png,train,3.53,0.6437659033078881,3.5750636132315523
I75_24_02.png,train,2.4,0.356234096692112,2.424936386768448
I75_24_03.png,train,2.3,0.3307888040712468,2.323155216284987
I75_24_04.png,train,1.73,0.1857506361323155,1.7430025445292625
I75_24_05.png,train,1.4,0.1017811704834605,1.407124681933842
I75_25_01.png,train,3.27,0.5776081424936387,3.3104325699745547
I75_25_02.png,train,3.8,0.712468193384224,3.849872773536896
I75_25_03.png,train,4.43,0.8727735368956743,4.491094147582697
I75_25_04.png,train,3.97,0.7557251908396948,4.022900763358779
I75_25_05.png,train,2.87,0.4758269720101782,2.903307888040713
I76_01_01.png,train,4.71,0.9440203562340967,4.776081424936387
I76_01_02.png,train,4.47,0.8829516539440203,4.531806615776081
I76_01_03.png,train,2.87,0.4758269720101782,2.903307888040713
I76_01_04.png,train,1.57,0.1450381679389313,1.5801526717557253
I76_01_05.png,train,1.33,0.0839694656488549,1.33587786259542
I76_02_01.png,train,3.83,0.7201017811704835,3.880407124681934
I76_02_02.png,train,2.6,0.4071246819338422,2.6284987277353693
I76_02_03.png,train,1.6,0.1526717557251908,1.6106870229007637
I76_02_04.png,train,1.27,0.0687022900763358,1.2748091603053435
I76_02_05.png,train,1.27,0.0687022900763358,1.2748091603053435
I76_03_01.png,train,4.7,0.9414758269720104,4.765903307888041
I76_03_02.png,train,3.83,0.7201017811704835,3.880407124681934
I76_03_03.png,train,2.53,0.3893129770992366,2.5572519083969465
I76_03_04.png,train,1.83,0.2111959287531807,1.8447837150127229
I76_03_05.png,train,1.63,0.1603053435114503,1.6412213740458017
I76_04_01.png,train,4.57,0.9083969465648856,4.633587786259543
I76_04_02.png,train,2.57,0.3994910941475826,2.59796437659033
I76_04_03.png,train,1.63,0.1603053435114503,1.6412213740458017
I76_04_04.png,train,1.58,0.1475826972010178,1.5903307888040714
I76_04_05.png,train,1.33,0.0839694656488549,1.33587786259542
I76_05_01.png,train,4.5,0.89058524173028,4.56234096692112
I76_05_02.png,train,2.47,0.3740458015267176,2.4961832061068705
I76_05_03.png,train,1.73,0.1857506361323155,1.7430025445292625
I76_05_04.png,train,1.73,0.1857506361323155,1.7430025445292625
I76_05_05.png,train,1.77,0.1959287531806616,1.7837150127226464
I76_06_01.png,train,4.27,0.83206106870229,4.32824427480916
I76_06_02.png,train,3.97,0.7557251908396948,4.022900763358779
I76_06_03.png,train,3.6,0.6615776081424937,3.646310432569975
I76_06_04.png,train,3.07,0.5267175572519084,3.106870229007633
I76_06_05.png,train,2.27,0.3231552162849873,2.2926208651399493
I76_07_01.png,train,3.07,0.5267175572519084,3.106870229007633
I76_07_02.png,train,2.37,0.3486005089058525,2.39440203562341
I76_07_03.png,train,2.6,0.4071246819338422,2.6284987277353693
I76_07_04.png,train,2.4,0.356234096692112,2.424936386768448
I76_07_05.png,train,2.13,0.2875318066157761,2.1501272264631046
I76_08_01.png,train,4.5,0.89058524173028,4.56234096692112
I76_08_02.png,train,3.3,0.5852417302798982,3.340966921119593
I76_08_03.png,train,2.33,0.3384223918575064,2.3536895674300258
I76_08_04.png,train,1.57,0.1450381679389313,1.5801526717557253
I76_08_05.png,train,1.37,0.094147582697201,1.376590330788804
I76_09_01.png,train,4.23,0.8218829516539442,4.287531806615776
I76_09_02.png,train,3.5,0.6361323155216285,3.544529262086514
I76_09_03.png,train,3.1,0.534351145038168,3.137404580152672
I76_09_04.png,train,1.6,0.1526717557251908,1.6106870229007637
I76_09_05.png,train,1.47,0.1195928753180661,1.478371501272265
I76_10_01.png,train,4.4,0.8651399491094149,4.46055979643766
I76_10_02.png,train,4.07,0.78117048346056,4.12468193384224
I76_10_03.png,train,3.8,0.712468193384224,3.849872773536896
I76_10_04.png,train,1.87,0.2213740458015267,1.885496183206107
I76_10_05.png,train,1.4,0.1017811704834605,1.407124681933842
I76_11_01.png,train,4.07,0.78117048346056,4.12468193384224
I76_11_02.png,train,3.67,0.6793893129770993,3.717557251908397
I76_11_03.png,train,3.17,0.5521628498727735,3.208651399491094
I76_11_04.png,train,2.97,0.5012722646310434,3.0050890585241734
I76_11_05.png,train,2.3,0.3307888040712468,2.323155216284987
I76_12_01.png,train,4.27,0.83206106870229,4.32824427480916
I76_12_02.png,train,3.7,0.6870229007633589,3.748091603053436
I76_12_03.png,train,3.47,0.6284987277353691,3.5139949109414763
I76_12_04.png,train,2.77,0.450381679389313,2.801526717557252
I76_12_05.png,train,2.3,0.3307888040712468,2.323155216284987
I76_13_01.png,train,4.13,0.796437659033079,4.185750636132315
I76_13_02.png,train,2.83,0.4656488549618321,2.862595419847328
I76_13_03.png,train,2.63,0.4147582697201017,2.659033078880407
I76_13_04.png,train,2.1,0.2798982188295166,2.1195928753180664
I76_13_05.png,train,2.23,0.3129770992366412,2.2519083969465647
I76_14_01.png,train,4.4,0.8651399491094149,4.46055979643766
I76_14_02.png,train,3.97,0.7557251908396948,4.022900763358779
I76_14_03.png,train,3.39,0.6081424936386769,3.432569974554708
I76_14_04.png,train,3.17,0.5521628498727735,3.208651399491094
I76_14_05.png,train,2.3,0.3307888040712468,2.323155216284987
I76_15_01.png,train,3.84,0.72264631043257,3.89058524173028
I76_15_02.png,train,2.83,0.4656488549618321,2.862595419847328
I76_15_03.png,train,2.6,0.4071246819338422,2.6284987277353693
I76_15_04.png,train,1.53,0.1348600508905852,1.5394402035623411
I76_15_05.png,train,1.37,0.094147582697201,1.376590330788804
I76_16_01.png,train,4.4,0.8651399491094149,4.46055979643766
I76_16_02.png,train,4.23,0.8218829516539442,4.287531806615776
I76_16_03.png,train,3.67,0.6793893129770993,3.717557251908397
I76_16_04.png,train,2.33,0.3384223918575064,2.3536895674300258
I76_16_05.png,train,2.23,0.3129770992366412,2.2519083969465647
I76_17_01.png,train,4.63,0.9236641221374048,4.694656488549619
I76_17_02.png,train,4.43,0.8727735368956743,4.491094147582697
I76_17_03.png,train,4.13,0.796437659033079,4.185750636132315
I76_17_04.png,train,3.93,0.7455470737913487,3.982188295165394
I76_17_05.png,train,1.87,0.2213740458015267,1.885496183206107
I76_18_01.png,train,4.4,0.8651399491094149,4.46055979643766
I76_18_02.png,train,4.47,0.8829516539440203,4.531806615776081
I76_18_03.png,train,4.58,0.910941475826972,4.643765903307888
I76_18_04.png,train,4.27,0.83206106870229,4.32824427480916
I76_18_05.png,train,3.9,0.7379134860050891,3.951653944020357
I76_19_01.png,train,4.2,0.8142493638676845,4.256997455470739
I76_19_02.png,train,3.73,0.6946564885496184,3.7786259541984735
I76_19_03.png,train,3.07,0.5267175572519084,3.106870229007633
I76_19_04.png,train,1.33,0.0839694656488549,1.33587786259542
I76_19_05.png,train,1.33,0.0839694656488549,1.33587786259542
I76_20_01.png,train,4.33,0.8473282442748092,4.389312977099237
I76_20_02.png,train,4.37,0.8575063613231553,4.430025445292621
I76_20_03.png,train,4.53,0.8982188295165395,4.592875318066158
I76_20_04.png,train,4.0,0.7633587786259542,4.0534351145038165
I76_20_05.png,train,3.77,0.7048346055979644,3.8193384223918576
I76_21_01.png,train,3.83,0.7201017811704835,3.880407124681934
I76_21_02.png,train,2.6,0.4071246819338422,2.6284987277353693
I76_21_03.png,train,2.57,0.3994910941475826,2.59796437659033
I76_21_04.png,train,2.3,0.3307888040712468,2.323155216284987
I76_21_05.png,train,1.17,0.0432569974554707,1.173027989821883
I76_22_01.png,train,4.4,0.8651399491094149,4.46055979643766
I76_22_02.png,train,4.47,0.8829516539440203,4.531806615776081
I76_22_03.png,train,4.13,0.796437659033079,4.185750636132315
I76_22_04.png,train,4.2,0.8142493638676845,4.256997455470739
I76_22_05.png,train,3.37,0.6030534351145039,3.412213740458016
I76_23_01.png,train,2.73,0.4402035623409669,2.760814249363868
I76_23_02.png,train,2.47,0.3740458015267176,2.4961832061068705
I76_23_03.png,train,2.27,0.3231552162849873,2.2926208651399493
I76_23_04.png,train,2.17,0.2977099236641221,2.1908396946564883
I76_23_05.png,train,1.77,0.1959287531806616,1.7837150127226464
I76_24_01.png,train,3.27,0.5776081424936387,3.3104325699745547
I76_24_02.png,train,2.3,0.3307888040712468,2.323155216284987
I76_24_03.png,train,2.0,0.2544529262086514,2.017811704834606
I76_24_04.png,train,1.53,0.1348600508905852,1.5394402035623411
I76_24_05.png,train,1.1,0.0254452926208651,1.1017811704834606
I76_25_01.png,train,3.17,0.5521628498727735,3.208651399491094
I76_25_02.png,train,3.83,0.7201017811704835,3.880407124681934
I76_25_03.png,train,3.87,0.7302798982188295,3.921119592875318
I76_25_04.png,train,4.17,0.806615776081425,4.2264631043257
I76_25_05.png,train,3.27,0.5776081424936387,3.3104325699745547
I77_01_01.png,train,4.63,0.9236641221374048,4.694656488549619
I77_01_02.png,train,4.6,0.916030534351145,4.66412213740458
I77_01_03.png,train,2.87,0.4758269720101782,2.903307888040713
I77_01_04.png,train,2.0,0.2544529262086514,2.017811704834606
I77_01_05.png,train,1.43,0.1094147582697201,1.4376590330788803
I77_02_01.png,train,3.81,0.7150127226463106,3.860050890585242
I77_02_02.png,train,2.8,0.4580152671755725,2.83206106870229
I77_02_03.png,train,1.87,0.2213740458015267,1.885496183206107
I77_02_04.png,train,1.47,0.1195928753180661,1.478371501272265
I77_02_05.png,train,1.47,0.1195928753180661,1.478371501272265
I77_03_01.png,train,4.65,0.9287531806615776,4.715012722646311
I77_03_02.png,train,4.07,0.78117048346056,4.12468193384224
I77_03_03.png,train,2.77,0.450381679389313,2.801526717557252
I77_03_04.png,train,2.07,0.272264631043257,2.089058524173028
I77_03_05.png,train,1.57,0.1450381679389313,1.5801526717557253
I77_04_01.png,train,4.47,0.8829516539440203,4.531806615776081
I77_04_02.png,train,1.93,0.2366412213740458,1.9465648854961832
I77_04_03.png,train,1.43,0.1094147582697201,1.4376590330788803
I77_04_04.png,train,1.33,0.0839694656488549,1.33587786259542
I77_04_05.png,train,1.3,0.0763358778625954,1.3053435114503815
I77_05_01.png,train,4.5,0.89058524173028,4.56234096692112
I77_05_02.png,train,2.57,0.3994910941475826,2.59796437659033
I77_05_03.png,train,2.47,0.3740458015267176,2.4961832061068705
I77_05_04.png,train,2.3,0.3307888040712468,2.323155216284987
I77_05_05.png,train,2.33,0.3384223918575064,2.3536895674300258
I77_06_01.png,train,4.37,0.8575063613231553,4.430025445292621
I77_06_02.png,train,3.97,0.7557251908396948,4.022900763358779
I77_06_03.png,train,4.0,0.7633587786259542,4.0534351145038165
I77_06_04.png,train,3.27,0.5776081424936387,3.3104325699745547
I77_06_05.png,train,2.73,0.4402035623409669,2.760814249363868
I77_07_01.png,train,2.37,0.3486005089058525,2.39440203562341
I77_07_02.png,train,2.3,0.3307888040712468,2.323155216284987
I77_07_03.png,train,1.93,0.2366412213740458,1.9465648854961832
I77_07_04.png,train,2.23,0.3129770992366412,2.2519083969465647
I77_07_05.png,train,1.77,0.1959287531806616,1.7837150127226464
I77_08_01.png,train,4.73,0.94910941475827,4.79643765903308
I77_08_02.png,train,2.87,0.4758269720101782,2.903307888040713
I77_08_03.png,train,2.07,0.272264631043257,2.089058524173028
I77_08_04.png,train,1.32,0.0814249363867684,1.3256997455470738
I77_08_05.png,train,1.27,0.0687022900763358,1.2748091603053435
I77_09_01.png,train,4.83,0.974554707379135,4.89821882951654
I77_09_02.png,train,4.13,0.796437659033079,4.185750636132315
I77_09_03.png,train,3.83,0.7201017811704835,3.880407124681934
I77_09_04.png,train,2.27,0.3231552162849873,2.2926208651399493
I77_09_05.png,train,1.39,0.099236641221374,1.3969465648854962
I77_10_01.png,train,4.47,0.8829516539440203,4.531806615776081
I77_10_02.png,train,4.37,0.8575063613231553,4.430025445292621
I77_10_03.png,train,4.3,0.8396946564885497,4.358778625954199
I77_10_04.png,train,2.03,0.2620865139949109,2.048346055979644
I77_10_05.png,train,1.39,0.099236641221374,1.3969465648854962
I77_11_01.png,train,4.42,0.8702290076335878,4.480916030534351
I77_11_02.png,train,3.73,0.6946564885496184,3.7786259541984735
I77_11_03.png,train,3.5,0.6361323155216285,3.544529262086514
I77_11_04.png,train,2.73,0.4402035623409669,2.760814249363868
I77_11_05.png,train,2.37,0.3486005089058525,2.39440203562341
I77_12_01.png,train,4.53,0.8982188295165395,4.592875318066158
I77_12_02.png,train,4.16,0.8040712468193385,4.216284987277354
I77_12_03.png,train,3.47,0.6284987277353691,3.5139949109414763
I77_12_04.png,train,3.13,0.5419847328244275,3.16793893129771
I77_12_05.png,train,2.4,0.356234096692112,2.424936386768448
I77_13_01.png,train,3.6,0.6615776081424937,3.646310432569975
I77_13_02.png,train,3.23,0.5674300254452926,3.2697201017811706
I77_13_03.png,train,2.9,0.4834605597964376,2.9338422391857506
I77_13_04.png,train,2.3,0.3307888040712468,2.323155216284987
I77_13_05.png,train,2.07,0.272264631043257,2.089058524173028
I77_14_01.png,train,4.57,0.9083969465648856,4.633587786259543
I77_14_02.png,train,4.0,0.7633587786259542,4.0534351145038165
I77_14_03.png,train,3.63,0.6692111959287532,3.676844783715013
I77_14_04.png,train,3.0,0.5089058524173028,3.035623409669211
I77_14_05.png,train,2.07,0.272264631043257,2.089058524173028
I77_15_01.png,train,3.53,0.6437659033078881,3.5750636132315523
I77_15_02.png,train,2.77,0.450381679389313,2.801526717557252
I77_15_03.png,train,2.43,0.3638676844783716,2.4554707379134864
I77_15_04.png,train,1.8,0.2035623409669211,1.8142493638676849
I77_15_05.png,train,1.73,0.1857506361323155,1.7430025445292625
I77_16_01.png,train,4.4,0.8651399491094149,4.46055979643766
I77_16_02.png,train,4.13,0.796437659033079,4.185750636132315
I77_16_03.png,train,3.77,0.7048346055979644,3.8193384223918576
I77_16_04.png,train,3.27,0.5776081424936387,3.3104325699745547
I77_16_05.png,train,2.1,0.2798982188295166,2.1195928753180664
I77_17_01.png,train,4.5,0.89058524173028,4.56234096692112
I77_17_02.png,train,4.77,0.9592875318066156,4.837150127226463
I77_17_03.png,train,4.17,0.806615776081425,4.2264631043257
I77_17_04.png,train,3.77,0.7048346055979644,3.8193384223918576
I77_17_05.png,train,2.23,0.3129770992366412,2.2519083969465647
I77_18_01.png,train,4.4,0.8651399491094149,4.46055979643766
I77_18_02.png,train,4.7,0.9414758269720104,4.765903307888041
I77_18_03.png,train,4.5,0.89058524173028,4.56234096692112
I77_18_04.png,train,4.37,0.8575063613231553,4.430025445292621
I77_18_05.png,train,4.13,0.796437659033079,4.185750636132315
I77_19_01.png,train,4.1,0.7888040712468193,4.155216284987278
I77_19_02.png,train,4.1,0.7888040712468193,4.155216284987278
I77_19_03.png,train,3.23,0.5674300254452926,3.2697201017811706
I77_19_04.png,train,2.23,0.3129770992366412,2.2519083969465647
I77_19_05.png,train,1.57,0.1450381679389313,1.5801526717557253
I77_20_01.png,train,4.67,0.9338422391857508,4.735368956743002
I77_20_02.png,train,4.17,0.806615776081425,4.2264631043257
I77_20_03.png,train,4.17,0.806615776081425,4.2264631043257
I77_20_04.png,train,4.03,0.7709923664122139,4.083969465648856
I77_20_05.png,train,3.87,0.7302798982188295,3.921119592875318
I77_21_01.png,train,3.93,0.7455470737913487,3.982188295165394
I77_21_02.png,train,3.0,0.5089058524173028,3.035623409669211
I77_21_03.png,train,2.83,0.4656488549618321,2.862595419847328
I77_21_04.png,train,2.7,0.4325699745547074,2.73027989821883
I77_21_05.png,train,1.77,0.1959287531806616,1.7837150127226464
I77_22_01.png,train,4.6,0.916030534351145,4.66412213740458
I77_22_02.png,train,4.57,0.9083969465648856,4.633587786259543
I77_22_03.png,train,4.27,0.83206106870229,4.32824427480916
I77_22_04.png,train,4.2,0.8142493638676845,4.256997455470739
I77_22_05.png,train,3.67,0.6793893129770993,3.717557251908397
I77_23_01.png,train,2.47,0.3740458015267176,2.4961832061068705
I77_23_02.png,train,2.0,0.2544529262086514,2.017811704834606
I77_23_03.png,train,1.73,0.1857506361323155,1.7430025445292625
I77_23_04.png,train,2.17,0.2977099236641221,2.1908396946564883
I77_23_05.png,train,2.27,0.3231552162849873,2.2926208651399493
I77_24_01.png,train,4.03,0.7709923664122139,4.083969465648856
I77_24_02.png,train,2.63,0.4147582697201017,2.659033078880407
I77_24_03.png,train,2.17,0.2977099236641221,2.1908396946564883
I77_24_04.png,train,1.71,0.1806615776081425,1.72264631043257
I77_24_05.png,train,1.27,0.0687022900763358,1.2748091603053435
I77_25_01.png,train,3.83,0.7201017811704835,3.880407124681934
I77_25_02.png,train,3.87,0.7302798982188295,3.921119592875318
I77_25_03.png,train,4.4,0.8651399491094149,4.46055979643766
I77_25_04.png,train,4.17,0.806615776081425,4.2264631043257
I77_25_05.png,train,3.7,0.6870229007633589,3.748091603053436
I78_01_01.png,train,4.5,0.89058524173028,4.56234096692112
I78_01_02.png,train,4.43,0.8727735368956743,4.491094147582697
I78_01_03.png,train,3.0,0.5089058524173028,3.035623409669211
I78_01_04.png,train,2.17,0.2977099236641221,2.1908396946564883
I78_01_05.png,train,1.67,0.1704834605597964,1.681933842239186
I78_02_01.png,train,4.13,0.796437659033079,4.185750636132315
I78_02_02.png,train,2.9,0.4834605597964376,2.9338422391857506
I78_02_03.png,train,1.9,0.2290076335877862,1.916030534351145
I78_02_04.png,train,1.67,0.1704834605597964,1.681933842239186
I78_02_05.png,train,1.53,0.1348600508905852,1.5394402035623411
I78_03_01.png,train,4.67,0.9338422391857508,4.735368956743002
I78_03_02.png,train,4.48,0.885496183206107,4.541984732824428
I78_03_03.png,train,2.87,0.4758269720101782,2.903307888040713
I78_03_04.png,train,2.13,0.2875318066157761,2.1501272264631046
I78_03_05.png,train,2.1,0.2798982188295166,2.1195928753180664
I78_04_01.png,train,4.6,0.916030534351145,4.66412213740458
I78_04_02.png,train,2.87,0.4758269720101782,2.903307888040713
I78_04_03.png,train,1.9,0.2290076335877862,1.916030534351145
I78_04_04.png,train,1.5,0.1272264631043257,1.508905852417303
I78_04_05.png,train,1.47,0.1195928753180661,1.478371501272265
I78_05_01.png,train,4.27,0.83206106870229,4.32824427480916
I78_05_02.png,train,3.33,0.5928753180661578,3.371501272264631
I78_05_03.png,train,2.3,0.3307888040712468,2.323155216284987
I78_05_04.png,train,2.5,0.3816793893129771,2.5267175572519083
I78_05_05.png,train,2.2,0.3053435114503817,2.221374045801527
I78_06_01.png,train,4.6,0.916030534351145,4.66412213740458
I78_06_02.png,train,4.33,0.8473282442748092,4.389312977099237
I78_06_03.png,train,3.97,0.7557251908396948,4.022900763358779
I78_06_04.png,train,4.07,0.78117048346056,4.12468193384224
I78_06_05.png,train,3.33,0.5928753180661578,3.371501272264631
I78_07_01.png,train,3.43,0.6183206106870229,3.473282442748092
I78_07_02.png,train,2.53,0.3893129770992366,2.5572519083969465
I78_07_03.png,train,2.37,0.3486005089058525,2.39440203562341
I78_07_04.png,train,2.0,0.2544529262086514,2.017811704834606
I78_07_05.png,train,2.47,0.3740458015267176,2.4961832061068705
I78_08_01.png,train,4.6,0.916030534351145,4.66412213740458
I78_08_02.png,train,3.33,0.5928753180661578,3.371501272264631
I78_08_03.png,train,2.7,0.4325699745547074,2.73027989821883
I78_08_04.png,train,1.77,0.1959287531806616,1.7837150127226464
I78_08_05.png,train,1.57,0.1450381679389313,1.5801526717557253
I78_09_01.png,train,4.68,0.9363867684478372,4.745547073791348
I78_09_02.png,train,4.43,0.8727735368956743,4.491094147582697
I78_09_03.png,train,4.0,0.7633587786259542,4.0534351145038165
I78_09_04.png,train,2.4,0.356234096692112,2.424936386768448
I78_09_05.png,train,1.2,0.0508905852417302,1.2035623409669212
I78_10_01.png,train,4.57,0.9083969465648856,4.633587786259543
I78_10_02.png,train,4.3,0.8396946564885497,4.358778625954199
I78_10_03.png,train,3.8,0.712468193384224,3.849872773536896
I78_10_04.png,train,1.6,0.1526717557251908,1.6106870229007637
I78_10_05.png,train,1.37,0.094147582697201,1.376590330788804
I78_11_01.png,train,3.7,0.6870229007633589,3.748091603053436
I78_11_02.png,train,3.43,0.6183206106870229,3.473282442748092
I78_11_03.png,train,3.0,0.5089058524173028,3.035623409669211
I78_11_04.png,train,2.97,0.5012722646310434,3.0050890585241734
I78_11_05.png,train,2.43,0.3638676844783716,2.4554707379134864
I78_12_01.png,train,4.5,0.89058524173028,4.56234096692112
I78_12_02.png,train,3.63,0.6692111959287532,3.676844783715013
I78_12_03.png,train,3.37,0.6030534351145039,3.412213740458016
I78_12_04.png,train,2.67,0.4249363867684478,2.699745547073792
I78_12_05.png,train,2.23,0.3129770992366412,2.2519083969465647
I78_13_01.png,train,3.67,0.6793893129770993,3.717557251908397
I78_13_02.png,train,3.03,0.5165394402035624,3.0661577608142494
I78_13_03.png,train,3.03,0.5165394402035624,3.0661577608142494
I78_13_04.png,train,2.53,0.3893129770992366,2.5572519083969465
I78_13_05.png,train,2.3,0.3307888040712468,2.323155216284987
I78_14_01.png,train,4.43,0.8727735368956743,4.491094147582697
I78_14_02.png,train,3.6,0.6615776081424937,3.646310432569975
I78_14_03.png,train,3.1,0.534351145038168,3.137404580152672
I78_14_04.png,train,2.53,0.3893129770992366,2.5572519083969465
I78_14_05.png,train,2.07,0.272264631043257,2.089058524173028
I78_15_01.png,train,3.77,0.7048346055979644,3.8193384223918576
I78_15_02.png,train,3.03,0.5165394402035624,3.0661577608142494
I78_15_03.png,train,2.0,0.2544529262086514,2.017811704834606
I78_15_04.png,train,1.8,0.2035623409669211,1.8142493638676849
I78_15_05.png,train,1.53,0.1348600508905852,1.5394402035623411
I78_16_01.png,train,4.6,0.916030534351145,4.66412213740458
I78_16_02.png,train,4.37,0.8575063613231553,4.430025445292621
I78_16_03.png,train,4.1,0.7888040712468193,4.155216284987278
I78_16_04.png,train,3.0,0.5089058524173028,3.035623409669211
I78_16_05.png,train,1.67,0.1704834605597964,1.681933842239186
I78_17_01.png,train,4.57,0.9083969465648856,4.633587786259543
I78_17_02.png,train,4.43,0.8727735368956743,4.491094147582697
I78_17_03.png,train,4.43,0.8727735368956743,4.491094147582697
I78_17_04.png,train,3.7,0.6870229007633589,3.748091603053436
I78_17_05.png,train,2.9,0.4834605597964376,2.9338422391857506
I78_18_01.png,train,4.57,0.9083969465648856,4.633587786259543
I78_18_02.png,train,4.5,0.89058524173028,4.56234096692112
I78_18_03.png,train,4.6,0.916030534351145,4.66412213740458
I78_18_04.png,train,4.6,0.916030534351145,4.66412213740458
I78_18_05.png,train,4.17,0.806615776081425,4.2264631043257
I78_19_01.png,train,4.7,0.9414758269720104,4.765903307888041
I78_19_02.png,train,4.27,0.83206106870229,4.32824427480916
I78_19_03.png,train,3.1,0.534351145038168,3.137404580152672
I78_19_04.png,train,2.0,0.2544529262086514,2.017811704834606
I78_19_05.png,train,1.23,0.0585241730279898,1.2340966921119594
I78_20_01.png,train,4.5,0.89058524173028,4.56234096692112
I78_20_02.png,train,3.4,0.6106870229007634,3.442748091603053
I78_20_03.png,train,3.57,0.6539440203562341,3.615776081424937
I78_20_04.png,train,2.73,0.4402035623409669,2.760814249363868
I78_20_05.png,train,2.37,0.3486005089058525,2.39440203562341
I78_21_01.png,train,2.73,0.4402035623409669,2.760814249363868
I78_21_02.png,train,2.57,0.3994910941475826,2.59796437659033
I78_21_03.png,train,2.47,0.3740458015267176,2.4961832061068705
I78_21_04.png,train,1.97,0.2468193384223918,1.987277353689568
I78_21_05.png,train,1.5,0.1272264631043257,1.508905852417303
I78_22_01.png,train,3.8,0.712468193384224,3.849872773536896
I78_22_02.png,train,3.2,0.5597964376590332,3.239185750636133
I78_22_03.png,train,3.73,0.6946564885496184,3.7786259541984735
I78_22_04.png,train,2.7,0.4325699745547074,2.73027989821883
I78_22_05.png,train,2.2,0.3053435114503817,2.221374045801527
I78_23_01.png,train,2.13,0.2875318066157761,2.1501272264631046
I78_23_02.png,train,2.1,0.2798982188295166,2.1195928753180664
I78_23_03.png,train,2.27,0.3231552162849873,2.2926208651399493
I78_23_04.png,train,2.0,0.2544529262086514,2.017811704834606
I78_23_05.png,train,2.17,0.2977099236641221,2.1908396946564883
I78_24_01.png,train,3.74,0.697201017811705,3.78880407124682
I78_24_02.png,train,2.77,0.450381679389313,2.801526717557252
I78_24_03.png,train,2.3,0.3307888040712468,2.323155216284987
I78_24_04.png,train,1.73,0.1857506361323155,1.7430025445292625
I78_24_05.png,train,1.6,0.1526717557251908,1.6106870229007637
I78_25_01.png,train,3.6,0.6615776081424937,3.646310432569975
I78_25_02.png,train,3.93,0.7455470737913487,3.982188295165394
I78_25_03.png,train,4.33,0.8473282442748092,4.389312977099237
I78_25_04.png,train,4.33,0.8473282442748092,4.389312977099237
I78_25_05.png,train,3.03,0.5165394402035624,3.0661577608142494
I79_01_01.png,val,4.7,0.9414758269720104,4.765903307888041
I79_01_02.png,val,4.63,0.9236641221374048,4.694656488549619
I79_01_03.png,val,3.37,0.6030534351145039,3.412213740458016
I79_01_04.png,val,2.47,0.3740458015267176,2.4961832061068705
I79_01_05.png,val,1.53,0.1348600508905852,1.5394402035623411
I79_02_01.png,val,4.17,0.806615776081425,4.2264631043257
I79_02_02.png,val,3.23,0.5674300254452926,3.2697201017811706
I79_02_03.png,val,2.3,0.3307888040712468,2.323155216284987
I79_02_04.png,val,1.87,0.2213740458015267,1.885496183206107
I79_02_05.png,val,1.57,0.1450381679389313,1.5801526717557253
I79_03_01.png,val,4.53,0.8982188295165395,4.592875318066158
I79_03_02.png,val,4.23,0.8218829516539442,4.287531806615776
I79_03_03.png,val,3.3,0.5852417302798982,3.340966921119593
I79_03_04.png,val,2.97,0.5012722646310434,3.0050890585241734
I79_03_05.png,val,2.07,0.272264631043257,2.089058524173028
I79_04_01.png,val,4.53,0.8982188295165395,4.592875318066158
I79_04_02.png,val,2.3,0.3307888040712468,2.323155216284987
I79_04_03.png,val,1.47,0.1195928753180661,1.478371501272265
I79_04_04.png,val,1.3,0.0763358778625954,1.3053435114503815
I79_04_05.png,val,1.13,0.0330788804071246,1.1323155216284986
I79_05_01.png,val,4.37,0.8575063613231553,4.430025445292621
I79_05_02.png,val,3.37,0.6030534351145039,3.412213740458016
I79_05_03.png,val,2.5,0.3816793893129771,2.5267175572519083
I79_05_04.png,val,2.63,0.4147582697201017,2.659033078880407
I79_05_05.png,val,2.97,0.5012722646310434,3.0050890585241734
I79_06_01.png,val,4.2,0.8142493638676845,4.256997455470739
I79_06_02.png,val,4.27,0.83206106870229,4.32824427480916
I79_06_03.png,val,3.7,0.6870229007633589,3.748091603053436
I79_06_04.png,val,3.3,0.5852417302798982,3.340966921119593
I79_06_05.png,val,2.43,0.3638676844783716,2.4554707379134864
I79_07_01.png,val,2.07,0.272264631043257,2.089058524173028
I79_07_02.png,val,2.13,0.2875318066157761,2.1501272264631046
I79_07_03.png,val,1.7,0.178117048346056,1.712468193384224
I79_07_04.png,val,1.83,0.2111959287531807,1.8447837150127229
I79_07_05.png,val,1.57,0.1450381679389313,1.5801526717557253
I79_08_01.png,val,4.53,0.8982188295165395,4.592875318066158
I79_08_02.png,val,3.57,0.6539440203562341,3.615776081424937
I79_08_03.png,val,2.81,0.4605597964376591,2.8422391857506364
I79_08_04.png,val,1.53,0.1348600508905852,1.5394402035623411
I79_08_05.png,val,1.43,0.1094147582697201,1.4376590330788803
I79_09_01.png,val,4.73,0.94910941475827,4.79643765903308
I79_09_02.png,val,4.43,0.8727735368956743,4.491094147582697
I79_09_03.png,val,4.26,0.8295165394402035,4.318066157760814
I79_09_04.png,val,2.23,0.3129770992366412,2.2519083969465647
I79_09_05.png,val,1.23,0.0585241730279898,1.2340966921119594
I79_10_01.png,val,4.23,0.8218829516539442,4.287531806615776
I79_10_02.png,val,4.03,0.7709923664122139,4.083969465648856
I79_10_03.png,val,4.03,0.7709923664122139,4.083969465648856
I79_10_04.png,val,2.13,0.2875318066157761,2.1501272264631046
I79_10_05.png,val,1.43,0.1094147582697201,1.4376590330788803
I79_11_01.png,val,4.43,0.8727735368956743,4.491094147582697
I79_11_02.png,val,3.4,0.6106870229007634,3.442748091603053
I79_11_03.png,val,3.17,0.5521628498727735,3.208651399491094
I79_11_04.png,val,3.03,0.5165394402035624,3.0661577608142494
I79_11_05.png,val,2.5,0.3816793893129771,2.5267175572519083
I79_12_01.png,val,4.67,0.9338422391857508,4.735368956743002
I79_12_02.png,val,3.77,0.7048346055979644,3.8193384223918576
I79_12_03.png,val,3.43,0.6183206106870229,3.473282442748092
I79_12_04.png,val,2.8,0.4580152671755725,2.83206106870229
I79_12_05.png,val,2.37,0.3486005089058525,2.39440203562341
I79_13_01.png,val,3.77,0.7048346055979644,3.8193384223918576
I79_13_02.png,val,2.87,0.4758269720101782,2.903307888040713
I79_13_03.png,val,2.53,0.3893129770992366,2.5572519083969465
I79_13_04.png,val,2.27,0.3231552162849873,2.2926208651399493
I79_13_05.png,val,2.23,0.3129770992366412,2.2519083969465647
I79_14_01.png,val,4.68,0.9363867684478372,4.745547073791348
I79_14_02.png,val,4.03,0.7709923664122139,4.083969465648856
I79_14_03.png,val,3.6,0.6615776081424937,3.646310432569975
I79_14_04.png,val,2.83,0.4656488549618321,2.862595419847328
I79_14_05.png,val,2.4,0.356234096692112,2.424936386768448
I79_15_01.png,val,4.0,0.7633587786259542,4.0534351145038165
I79_15_02.png,val,3.07,0.5267175572519084,3.106870229007633
I79_15_03.png,val,2.67,0.4249363867684478,2.699745547073792
I79_15_04.png,val,2.1,0.2798982188295166,2.1195928753180664
I79_15_05.png,val,1.63,0.1603053435114503,1.6412213740458017
I79_16_01.png,val,4.3,0.8396946564885497,4.358778625954199
I79_16_02.png,val,4.17,0.806615776081425,4.2264631043257
I79_16_03.png,val,3.57,0.6539440203562341,3.615776081424937
I79_16_04.png,val,3.37,0.6030534351145039,3.412213740458016
I79_16_05.png,val,2.47,0.3740458015267176,2.4961832061068705
I79_17_01.png,val,4.47,0.8829516539440203,4.531806615776081
I79_17_02.png,val,4.63,0.9236641221374048,4.694656488549619
I79_17_03.png,val,4.03,0.7709923664122139,4.083969465648856
I79_17_04.png,val,3.9,0.7379134860050891,3.951653944020357
I79_17_05.png,val,2.47,0.3740458015267176,2.4961832061068705
I79_18_01.png,val,4.42,0.8702290076335878,4.480916030534351
I79_18_02.png,val,4.7,0.9414758269720104,4.765903307888041
I79_18_03.png,val,4.6,0.916030534351145,4.66412213740458
I79_18_04.png,val,4.33,0.8473282442748092,4.389312977099237
I79_18_05.png,val,3.8,0.712468193384224,3.849872773536896
I79_19_01.png,val,4.3,0.8396946564885497,4.358778625954199
I79_19_02.png,val,4.37,0.8575063613231553,4.430025445292621
I79_19_03.png,val,3.67,0.6793893129770993,3.717557251908397
I79_19_04.png,val,2.6,0.4071246819338422,2.6284987277353693
I79_19_05.png,val,1.6,0.1526717557251908,1.6106870229007637
I79_20_01.png,val,4.4,0.8651399491094149,4.46055979643766
I79_20_02.png,val,3.8,0.712468193384224,3.849872773536896
I79_20_03.png,val,2.57,0.3994910941475826,2.59796437659033
I79_20_04.png,val,2.83,0.4656488549618321,2.862595419847328
I79_20_05.png,val,3.0,0.5089058524173028,3.035623409669211
I79_21_01.png,val,4.23,0.8218829516539442,4.287531806615776
I79_21_02.png,val,3.73,0.6946564885496184,3.7786259541984735
I79_21_03.png,val,3.47,0.6284987277353691,3.5139949109414763
I79_21_04.png,val,3.4,0.6106870229007634,3.442748091603053
I79_21_05.png,val,2.0,0.2544529262086514,2.017811704834606
I79_22_01.png,val,4.53,0.8982188295165395,4.592875318066158
I79_22_02.png,val,4.3,0.8396946564885497,4.358778625954199
I79_22_03.png,val,4.27,0.83206106870229,4.32824427480916
I79_22_04.png,val,3.13,0.5419847328244275,3.16793893129771
I79_22_05.png,val,2.4,0.356234096692112,2.424936386768448
I79_23_01.png,val,2.67,0.4249363867684478,2.699745547073792
I79_23_02.png,val,2.7,0.4325699745547074,2.73027989821883
I79_23_03.png,val,2.17,0.2977099236641221,2.1908396946564883
I79_23_04.png,val,2.5,0.3816793893129771,2.5267175572519083
I79_23_05.png,val,1.7,0.178117048346056,1.712468193384224
I79_24_01.png,val,3.87,0.7302798982188295,3.921119592875318
I79_24_02.png,val,3.33,0.5928753180661578,3.371501272264631
I79_24_03.png,val,2.4,0.356234096692112,2.424936386768448
I79_24_04.png,val,1.83,0.2111959287531807,1.8447837150127229
I79_24_05.png,val,1.57,0.1450381679389313,1.5801526717557253
I79_25_01.png,val,3.93,0.7455470737913487,3.982188295165394
I79_25_02.png,val,3.93,0.7455470737913487,3.982188295165394
I79_25_03.png,val,4.5,0.89058524173028,4.56234096692112
I79_25_04.png,val,3.8,0.712468193384224,3.849872773536896
I79_25_05.png,val,3.2,0.5597964376590332,3.239185750636133
I80_01_01.png,train,4.63,0.9236641221374048,4.694656488549619
I80_01_02.png,train,4.43,0.8727735368956743,4.491094147582697
I80_01_03.png,train,3.27,0.5776081424936387,3.3104325699745547
I80_01_04.png,train,2.1,0.2798982188295166,2.1195928753180664
I80_01_05.png,train,1.53,0.1348600508905852,1.5394402035623411
I80_02_01.png,train,3.83,0.7201017811704835,3.880407124681934
I80_02_02.png,train,3.03,0.5165394402035624,3.0661577608142494
I80_02_03.png,train,1.9,0.2290076335877862,1.916030534351145
I80_02_04.png,train,1.47,0.1195928753180661,1.478371501272265
I80_02_05.png,train,1.1,0.0254452926208651,1.1017811704834606
I80_03_01.png,train,4.5,0.89058524173028,4.56234096692112
I80_03_02.png,train,4.3,0.8396946564885497,4.358778625954199
I80_03_03.png,train,3.13,0.5419847328244275,3.16793893129771
I80_03_04.png,train,2.73,0.4402035623409669,2.760814249363868
I80_03_05.png,train,1.9,0.2290076335877862,1.916030534351145
I80_04_01.png,train,4.47,0.8829516539440203,4.531806615776081
I80_04_02.png,train,1.93,0.2366412213740458,1.9465648854961832
I80_04_03.png,train,1.37,0.094147582697201,1.376590330788804
I80_04_04.png,train,1.87,0.2213740458015267,1.885496183206107
I80_04_05.png,train,1.37,0.094147582697201,1.376590330788804
I80_05_01.png,train,4.23,0.8218829516539442,4.287531806615776
I80_05_02.png,train,3.33,0.5928753180661578,3.371501272264631
I80_05_03.png,train,2.8,0.4580152671755725,2.83206106870229
I80_05_04.png,train,3.13,0.5419847328244275,3.16793893129771
I80_05_05.png,train,2.7,0.4325699745547074,2.73027989821883
I80_06_01.png,train,4.37,0.8575063613231553,4.430025445292621
I80_06_02.png,train,4.2,0.8142493638676845,4.256997455470739
I80_06_03.png,train,4.03,0.7709923664122139,4.083969465648856
I80_06_04.png,train,3.53,0.6437659033078881,3.5750636132315523
I80_06_05.png,train,2.87,0.4758269720101782,2.903307888040713
I80_07_01.png,train,2.57,0.3994910941475826,2.59796437659033
I80_07_02.png,train,2.4,0.356234096692112,2.424936386768448
I80_07_03.png,train,2.27,0.3231552162849873,2.2926208651399493
I80_07_04.png,train,2.0,0.2544529262086514,2.017811704834606
I80_07_05.png,train,2.13,0.2875318066157761,2.1501272264631046
I80_08_01.png,train,4.5,0.89058524173028,4.56234096692112
I80_08_02.png,train,2.83,0.4656488549618321,2.862595419847328
I80_08_03.png,train,2.27,0.3231552162849873,2.2926208651399493
I80_08_04.png,train,1.93,0.2366412213740458,1.9465648854961832
I80_08_05.png,train,1.5,0.1272264631043257,1.508905852417303
I80_09_01.png,train,4.7,0.9414758269720104,4.765903307888041
I80_09_02.png,train,4.03,0.7709923664122139,4.083969465648856
I80_09_03.png,train,3.74,0.697201017811705,3.78880407124682
I80_09_04.png,train,2.57,0.3994910941475826,2.59796437659033
I80_09_05.png,train,1.87,0.2213740458015267,1.885496183206107
I80_10_01.png,train,4.43,0.8727735368956743,4.491094147582697
I80_10_02.png,train,4.5,0.89058524173028,4.56234096692112
I80_10_03.png,train,4.27,0.83206106870229,4.32824427480916
I80_10_04.png,train,1.6,0.1526717557251908,1.6106870229007637
I80_10_05.png,train,1.5,0.1272264631043257,1.508905852417303
I80_11_01.png,train,4.47,0.8829516539440203,4.531806615776081
I80_11_02.png,train,3.97,0.7557251908396948,4.022900763358779
I80_11_03.png,train,3.6,0.6615776081424937,3.646310432569975
I80_11_04.png,train,3.3,0.5852417302798982,3.340966921119593
I80_11_05.png,train,2.47,0.3740458015267176,2.4961832061068705
I80_12_01.png,train,4.77,0.9592875318066156,4.837150127226463
I80_12_02.png,train,4.43,0.8727735368956743,4.491094147582697
I80_12_03.png,train,3.87,0.7302798982188295,3.921119592875318
I80_12_04.png,train,3.1,0.534351145038168,3.137404580152672
I80_12_05.png,train,2.77,0.450381679389313,2.801526717557252
I80_13_01.png,train,4.13,0.796437659033079,4.185750636132315
I80_13_02.png,train,3.6,0.6615776081424937,3.646310432569975
I80_13_03.png,train,2.97,0.5012722646310434,3.0050890585241734
I80_13_04.png,train,2.57,0.3994910941475826,2.59796437659033
I80_13_05.png,train,2.33,0.3384223918575064,2.3536895674300258
I80_14_01.png,train,4.6,0.916030534351145,4.66412213740458
I80_14_02.png,train,4.07,0.78117048346056,4.12468193384224
I80_14_03.png,train,3.63,0.6692111959287532,3.676844783715013
I80_14_04.png,train,3.03,0.5165394402035624,3.0661577608142494
I80_14_05.png,train,2.23,0.3129770992366412,2.2519083969465647
I80_15_01.png,train,3.83,0.7201017811704835,3.880407124681934
I80_15_02.png,train,3.23,0.5674300254452926,3.2697201017811706
I80_15_03.png,train,3.27,0.5776081424936387,3.3104325699745547
I80_15_04.png,train,2.43,0.3638676844783716,2.4554707379134864
I80_15_05.png,train,1.93,0.2366412213740458,1.9465648854961832
I80_16_01.png,train,4.27,0.83206106870229,4.32824427480916
I80_16_02.png,train,4.03,0.7709923664122139,4.083969465648856
I80_16_03.png,train,3.57,0.6539440203562341,3.615776081424937
I80_16_04.png,train,2.8,0.4580152671755725,2.83206106870229
I80_16_05.png,train,1.43,0.1094147582697201,1.4376590330788803
I80_17_01.png,train,4.67,0.9338422391857508,4.735368956743002
I80_17_02.png,train,4.43,0.8727735368956743,4.491094147582697
I80_17_03.png,train,4.07,0.78117048346056,4.12468193384224
I80_17_04.png,train,3.03,0.5165394402035624,3.0661577608142494
I80_17_05.png,train,2.37,0.3486005089058525,2.39440203562341
I80_18_01.png,train,3.83,0.7201017811704835,3.880407124681934
I80_18_02.png,train,4.6,0.916030534351145,4.66412213740458
I80_18_03.png,train,4.5,0.89058524173028,4.56234096692112
I80_18_04.png,train,4.27,0.83206106870229,4.32824427480916
I80_18_05.png,train,3.77,0.7048346055979644,3.8193384223918576
I80_19_01.png,train,4.43,0.8727735368956743,4.491094147582697
I80_19_02.png,train,4.2,0.8142493638676845,4.256997455470739
I80_19_03.png,train,3.53,0.6437659033078881,3.5750636132315523
I80_19_04.png,train,2.23,0.3129770992366412,2.2519083969465647
I80_19_05.png,train,1.4,0.1017811704834605,1.407124681933842
I80_20_01.png,train,4.43,0.8727735368956743,4.491094147582697
I80_20_02.png,train,4.13,0.796437659033079,4.185750636132315
I80_20_03.png,train,3.77,0.7048346055979644,3.8193384223918576
I80_20_04.png,train,3.73,0.6946564885496184,3.7786259541984735
I80_20_05.png,train,3.47,0.6284987277353691,3.5139949109414763
I80_21_01.png,train,4.13,0.796437659033079,4.185750636132315
I80_21_02.png,train,3.5,0.6361323155216285,3.544529262086514
I80_21_03.png,train,3.47,0.6284987277353691,3.5139949109414763
I80_21_04.png,train,3.23,0.5674300254452926,3.2697201017811706
I80_21_05.png,train,1.63,0.1603053435114503,1.6412213740458017
I80_22_01.png,train,4.5,0.89058524173028,4.56234096692112
I80_22_02.png,train,4.47,0.8829516539440203,4.531806615776081
I80_22_03.png,train,4.33,0.8473282442748092,4.389312977099237
I80_22_04.png,train,3.73,0.6946564885496184,3.7786259541984735
I80_22_05.png,train,2.97,0.5012722646310434,3.0050890585241734
I80_23_01.png,train,3.1,0.534351145038168,3.137404580152672
I80_23_02.png,train,2.37,0.3486005089058525,2.39440203562341
I80_23_03.png,train,2.5,0.3816793893129771,2.5267175572519083
I80_23_04.png,train,2.23,0.3129770992366412,2.2519083969465647
I80_23_05.png,train,2.23,0.3129770992366412,2.2519083969465647
I80_24_01.png,train,3.3,0.5852417302798982,3.340966921119593
I80_24_02.png,train,2.73,0.4402035623409669,2.760814249363868
I80_24_03.png,train,1.97,0.2468193384223918,1.987277353689568
I80_24_04.png,train,1.6,0.1526717557251908,1.6106870229007637
I80_24_05.png,train,1.43,0.1094147582697201,1.4376590330788803
I80_25_01.png,train,3.1,0.534351145038168,3.137404580152672
I80_25_02.png,train,3.27,0.5776081424936387,3.3104325699745547
I80_25_03.png,train,3.97,0.7557251908396948,4.022900763358779
I80_25_04.png,train,4.27,0.83206106870229,4.32824427480916
I80_25_05.png,train,3.03,0.5165394402035624,3.0661577608142494
I81_01_01.png,test,4.67,0.9338422391857508,4.735368956743002
I81_01_02.png,test,4.5,0.89058524173028,4.56234096692112
I81_01_03.png,test,2.9,0.4834605597964376,2.9338422391857506
I81_01_04.png,test,1.87,0.2213740458015267,1.885496183206107
I81_01_05.png,test,1.2,0.0508905852417302,1.2035623409669212
I81_02_01.png,test,3.87,0.7302798982188295,3.921119592875318
I81_02_02.png,test,2.57,0.3994910941475826,2.59796437659033
I81_02_03.png,test,1.8,0.2035623409669211,1.8142493638676849
I81_02_04.png,test,1.33,0.0839694656488549,1.33587786259542
I81_02_05.png,test,1.27,0.0687022900763358,1.2748091603053435
I81_03_01.png,test,4.8,0.9669211195928752,4.867684478371501
I81_03_02.png,test,4.27,0.83206106870229,4.32824427480916
I81_03_03.png,test,2.6,0.4071246819338422,2.6284987277353693
I81_03_04.png,test,2.17,0.2977099236641221,2.1908396946564883
I81_03_05.png,test,1.53,0.1348600508905852,1.5394402035623411
I81_04_01.png,test,4.5,0.89058524173028,4.56234096692112
I81_04_02.png,test,2.83,0.4656488549618321,2.862595419847328
I81_04_03.png,test,1.33,0.0839694656488549,1.33587786259542
I81_04_04.png,test,1.37,0.094147582697201,1.376590330788804
I81_04_05.png,test,1.23,0.0585241730279898,1.2340966921119594
I81_05_01.png,test,4.33,0.8473282442748092,4.389312977099237
I81_05_02.png,test,2.47,0.3740458015267176,2.4961832061068705
I81_05_03.png,test,1.37,0.094147582697201,1.376590330788804
I81_05_04.png,test,1.27,0.0687022900763358,1.2748091603053435
I81_05_05.png,test,1.37,0.094147582697201,1.376590330788804
I81_06_01.png,test,3.17,0.5521628498727735,3.208651399491094
I81_06_02.png,test,3.1,0.534351145038168,3.137404580152672
I81_06_03.png,test,2.9,0.4834605597964376,2.9338422391857506
I81_06_04.png,test,2.47,0.3740458015267176,2.4961832061068705
I81_06_05.png,test,1.93,0.2366412213740458,1.9465648854961832
I81_07_01.png,test,2.53,0.3893129770992366,2.5572519083969465
I81_07_02.png,test,2.27,0.3231552162849873,2.2926208651399493
I81_07_03.png,test,2.4,0.356234096692112,2.424936386768448
I81_07_04.png,test,2.27,0.3231552162849873,2.2926208651399493
I81_07_05.png,test,2.1,0.2798982188295166,2.1195928753180664
I81_08_01.png,test,4.53,0.8982188295165395,4.592875318066158
I81_08_02.png,test,3.17,0.5521628498727735,3.208651399491094
I81_08_03.png,test,2.73,0.4402035623409669,2.760814249363868
I81_08_04.png,test,1.2,0.0508905852417302,1.2035623409669212
I81_08_05.png,test,1.2,0.0508905852417302,1.2035623409669212
I81_09_01.png,test,4.71,0.9440203562340967,4.776081424936387
I81_09_02.png,test,4.71,0.9440203562340967,4.776081424936387
I81_09_03.png,test,4.37,0.8575063613231553,4.430025445292621
I81_09_04.png,test,2.47,0.3740458015267176,2.4961832061068705
I81_09_05.png,test,1.33,0.0839694656488549,1.33587786259542
I81_10_01.png,test,4.03,0.7709923664122139,4.083969465648856
I81_10_02.png,test,3.97,0.7557251908396948,4.022900763358779
I81_10_03.png,test,3.35,0.5979643765903309,3.3918575063613234
I81_10_04.png,test,1.43,0.1094147582697201,1.4376590330788803
I81_10_05.png,test,1.23,0.0585241730279898,1.2340966921119594
I81_11_01.png,test,3.33,0.5928753180661578,3.371501272264631
I81_11_02.png,test,2.4,0.356234096692112,2.424936386768448
I81_11_03.png,test,2.73,0.4402035623409669,2.760814249363868
I81_11_04.png,test,2.13,0.2875318066157761,2.1501272264631046
I81_11_05.png,test,2.16,0.2951653944020357,2.180661577608143
I81_12_01.png,test,4.43,0.8727735368956743,4.491094147582697
I81_12_02.png,test,3.39,0.6081424936386769,3.432569974554708
I81_12_03.png,test,2.67,0.4249363867684478,2.699745547073792
I81_12_04.png,test,2.39,0.3536895674300255,2.414758269720102
I81_12_05.png,test,2.27,0.3231552162849873,2.2926208651399493
I81_13_01.png,test,2.8,0.4580152671755725,2.83206106870229
I81_13_02.png,test,2.87,0.4758269720101782,2.903307888040713
I81_13_03.png,test,2.17,0.2977099236641221,2.1908396946564883
I81_13_04.png,test,2.2,0.3053435114503817,2.221374045801527
I81_13_05.png,test,2.17,0.2977099236641221,2.1908396946564883
I81_14_01.png,test,4.33,0.8473282442748092,4.389312977099237
I81_14_02.png,test,3.03,0.5165394402035624,3.0661577608142494
I81_14_03.png,test,2.7,0.4325699745547074,2.73027989821883
I81_14_04.png,test,2.2,0.3053435114503817,2.221374045801527
I81_14_05.png,test,1.67,0.1704834605597964,1.681933842239186
I81_15_01.png,test,3.13,0.5419847328244275,3.16793893129771
I81_15_02.png,test,1.8,0.2035623409669211,1.8142493638676849
I81_15_03.png,test,1.47,0.1195928753180661,1.478371501272265
I81_15_04.png,test,1.45,0.1145038167938931,1.4580152671755724
I81_15_05.png,test,1.23,0.0585241730279898,1.2340966921119594
I81_16_01.png,test,4.63,0.9236641221374048,4.694656488549619
I81_16_02.png,test,4.17,0.806615776081425,4.2264631043257
I81_16_03.png,test,3.67,0.6793893129770993,3.717557251908397
I81_16_04.png,test,2.67,0.4249363867684478,2.699745547073792
I81_16_05.png,test,1.57,0.1450381679389313,1.5801526717557253
I81_17_01.png,test,4.67,0.9338422391857508,4.735368956743002
I81_17_02.png,test,4.73,0.94910941475827,4.79643765903308
I81_17_03.png,test,4.37,0.8575063613231553,4.430025445292621
I81_17_04.png,test,3.73,0.6946564885496184,3.7786259541984735
I81_17_05.png,test,2.33,0.3384223918575064,2.3536895674300258
I81_18_01.png,test,4.27,0.83206106870229,4.32824427480916
I81_18_02.png,test,4.63,0.9236641221374048,4.694656488549619
I81_18_03.png,test,4.73,0.94910941475827,4.79643765903308
I81_18_04.png,test,4.58,0.910941475826972,4.643765903307888
I81_18_05.png,test,4.2,0.8142493638676845,4.256997455470739
I81_19_01.png,test,4.5,0.89058524173028,4.56234096692112
I81_19_02.png,test,4.33,0.8473282442748092,4.389312977099237
I81_19_03.png,test,3.0,0.5089058524173028,3.035623409669211
I81_19_04.png,test,1.6,0.1526717557251908,1.6106870229007637
I81_19_05.png,test,1.17,0.0432569974554707,1.173027989821883
I81_20_01.png,test,4.2,0.8142493638676845,4.256997455470739
I81_20_02.png,test,2.37,0.3486005089058525,2.39440203562341
I81_20_03.png,test,4.07,0.78117048346056,4.12468193384224
I81_20_04.png,test,2.27,0.3231552162849873,2.2926208651399493
I81_20_05.png,test,1.33,0.0839694656488549,1.33587786259542
I81_21_01.png,test,3.03,0.5165394402035624,3.0661577608142494
I81_21_02.png,test,2.33,0.3384223918575064,2.3536895674300258
I81_21_03.png,test,2.47,0.3740458015267176,2.4961832061068705
I81_21_04.png,test,2.0,0.2544529262086514,2.017811704834606
I81_21_05.png,test,1.53,0.1348600508905852,1.5394402035623411
I81_22_01.png,test,4.0,0.7633587786259542,4.0534351145038165
I81_22_02.png,test,3.9,0.7379134860050891,3.951653944020357
I81_22_03.png,test,3.37,0.6030534351145039,3.412213740458016
I81_22_04.png,test,2.93,0.4910941475826972,2.9643765903307893
I81_22_05.png,test,1.9,0.2290076335877862,1.916030534351145
I81_23_01.png,test,2.83,0.4656488549618321,2.862595419847328
I81_23_02.png,test,1.9,0.2290076335877862,1.916030534351145
I81_23_03.png,test,2.73,0.4402035623409669,2.760814249363868
I81_23_04.png,test,1.67,0.1704834605597964,1.681933842239186
I81_23_05.png,test,2.13,0.2875318066157761,2.1501272264631046
I81_24_01.png,test,3.47,0.6284987277353691,3.5139949109414763
I81_24_02.png,test,2.73,0.4402035623409669,2.760814249363868
I81_24_03.png,test,2.23,0.3129770992366412,2.2519083969465647
I81_24_04.png,test,1.67,0.1704834605597964,1.681933842239186
I81_24_05.png,test,1.37,0.094147582697201,1.376590330788804
I81_25_01.png,test,3.33,0.5928753180661578,3.371501272264631
I81_25_02.png,test,3.73,0.6946564885496184,3.7786259541984735
I81_25_03.png,test,4.3,0.8396946564885497,4.358778625954199
I81_25_04.png,test,4.13,0.796437659033079,4.185750636132315
I81_25_05.png,test,3.27,0.5776081424936387,3.3104325699745547
