image_id,split,native_score,quality_score,mos
10004473376.jpg,train,77.3836206897,0.8697248716071696,4.478899486428679
10007357496.jpg,test,68.7285714286,0.7672705167175691,4.069082066870276
10007903636.jpg,train,78.6285714286,0.8844620060792524,4.537848024317009
10009096245.jpg,train,77.24375,0.8680691489360598,4.472276595744239
100117038.jpg,train,75.1125,0.8428404255318084,4.371361702127233
10012398043.jpg,train,65.1495327103,0.7249035593558812,3.899614237423525
10013822223.jpg,train,68.30625,0.7622712765956511,4.049085106382604
10014002683.jpg,train,64.7627118644,0.720324558240006,3.881298232960024
10017119924.jpg,train,66.2243589744,0.7376268412442585,3.950507364977034
10020766793.jpg,test,81.50625,0.9185265957445624,4.674106382978249
10020891105.jpg,test,56.8297413793,0.6264178283196882,3.5056713132787527
10022757465.jpg,test,71.0154867257,0.794341931839909,4.177367727359636
10022844623.jpg,train,60.925,0.6748955512571736,3.6995822050286944
10027545463.jpg,train,72.8279816514,0.8157973843452905,4.263189537381162
10027582235.jpg,train,77.1377118644,0.8668139199421102,4.46725567976844
10029841663.jpg,train,70.125,0.7838007736942937,4.135203094777175
10031298826.jpg,train,50.5681818182,0.5522964656235065,3.209185862494026
10031913154.jpg,train,70.5,0.7882398452610241,4.152959381044097
10039534103.jpg,test,76.075,0.8542340425530832,4.416936170212333
10041870415.jpg,train,66.4210526316,0.7399552071670125,3.95982082866805
10043785683.jpg,val,71.2043269231,0.7965773322423999,4.1863093289696
10047832035.jpg,train,71.8,0.8036286266923562,4.214514506769425
10048365153.jpg,train,58.092920354,0.6413707399737748,3.5654829598950992
10050349236.jpg,test,30.9418103448,0.3199688187817486,2.2798752751269946
10058760545.jpg,train,15.2293577982,0.1339722818665132,1.535889127466053
10059344614.jpg,val,68.6651376147,0.7665196174118283,4.066078469647313
10061596254.jpg,val,59.6418918919,0.659706728004619,3.638826912018476
10067457634.jpg,val,78.4390756303,0.8822188449852566,4.528875379941026
10068507976.jpg,train,57.6548672566,0.6361852758420773,3.544741103368309
10068778516.jpg,train,71.8782608696,0.8045550416284335,4.218220166513734
10069534975.jpg,train,73.7222222222,0.8263829787230373,4.30553191489215
10071864114.jpg,train,71.9090909091,0.8049199929664218,4.219679971865688
10075168775.jpg,train,74.7785714286,0.8388875379941534,4.3555501519766135
10077468576.jpg,train,73.8152173913,0.8274838112856909,4.309935245142764
10077880165.jpg,train,31.2256637168,0.3233289399357906,2.2933157597431624
10079711433.jpg,train,59.0625,0.6528481624757458,3.611392649902984
10082923485.jpg,val,53.2260869565,0.5837594819608245,3.335037927843298
10086300493.jpg,test,68.3026315789,0.7622284434483939,4.048913773793576
100882570.jpg,train,65.474789916,0.7287537993924069,3.915015197569628
10089027076.jpg,train,23.0785714286,0.2268875379942509,1.9075501519770035
10089177336.jpg,val,72.9459459459,0.8171937895335687,4.268775158134275
10091520555.jpg,train,33.6443965517,0.3519607483489156,2.4078429933956627
10093057603.jpg,test,63.4955752212,0.7053247975893623,3.821299190357449
10094235786.jpg,train,62.1559633028,0.6894671091162351,3.757868436464941
10110458216.jpg,train,64.7293577982,0.7199297286749305,3.879718914699722
10111411235.jpg,train,18.4705882353,0.1723404255319849,1.6893617021279397
10113730664.jpg,test,68.8125,0.7682640232107372,4.073056092842949
10115071674.jpg,train,72.775,0.8151702127658554,4.260680851063421
10118773964.jpg,train,53.0733944954,0.581951981260763,3.327807925043052
10121813934.jpg,train,65.3980582524,0.7278454864693278,3.911381945877311
10125013364.jpg,train,31.2711538462,0.3238674304424211,2.2954697217696847
10126177964.jpg,test,70.9078947368,0.7930683090699517,4.172273236279807
10126857344.jpg,train,68.7331932773,0.7673252279633022,4.069300911853208
10130566006.jpg,train,71.95,0.8054042553190485,4.221617021276193
10131980434.jpg,train,61.0279850746,0.6761146395677189,3.704458558270876
10133867305.jpg,train,58.1607142857,0.6421732522793917,3.568693009117567
10134737015.jpg,train,54.5903361345,0.599908814590145,3.39963525836058
10140071304.jpg,val,62.5576923077,0.6942225859247219,3.776890343698888
10147970884.jpg,train,76.8561946903,0.863481453587194,4.453925814348776
10153847086.jpg,train,59.23125,0.6548457446807746,3.6193829787230976
10154367094.jpg,test,74.1120689655,0.8309977989725453,4.323991195890182
10154991453.jpg,test,74.185483871,0.8318668496914233,4.327467398765693
10155925686.jpg,train,52.8798076923,0.5796603927985351,3.3186415711941404
101601008.jpg,train,61.0875,0.6768191489360902,3.7072765957443607
10164654253.jpg,train,52.9220183486,0.5801600624630533,3.320640249852213
10164842933.jpg,val,76.69375,0.8615585106381883,4.446234042552753
10169304416.jpg,test,80.8716814159,0.9110148747877124,4.64405949915085
10173544123.jpg,test,65.1055555556,0.7243829787238428,3.8975319148953713
10177270623.jpg,train,59.4800884956,0.6577913763888437,3.631165505555375
10177793964.jpg,train,68.5218446602,0.7648233835984051,4.05929353439362
10178112894.jpg,train,40.2586206897,0.4302567865008568,2.7210271460034274
10178183416.jpg,test,75.6842105263,0.849608062709672,4.398432250838688
10178914656.jpg,train,69.7991071429,0.7799430091189519,4.119772036475808
10183769356.jpg,train,70.0472972973,0.7828809660723905,4.131523864289562
10186643874.jpg,train,51.5731707317,0.5641930461856324,3.256772184742529
10186680555.jpg,train,55.3362068966,0.6087380777701281,3.4349523110805125
10186832194.jpg,test,57.5818584071,0.6353210318209169,3.541284127283668
10187102065.jpg,test,38.7142857143,0.4119756838907087,2.647902735562835
10187522803.jpg,test,68.4601769912,0.7640933910756198,4.056373564302479
10191607755.jpg,train,79.4115044248,0.8937299943514831,4.574919977405933
10196228605.jpg,train,63.8040540541,0.7089764232322011,3.835905692928805
10203647273.jpg,train,73.5021186441,0.8237774972956257,4.295109989182503
10205220286.jpg,train,29.2638888889,0.3001063829788349,2.20042553191534
10206674394.jpg,test,79.1100917431,0.8901620144443193,4.560648057777277
10207172624.jpg,train,62.5344036697,0.6939469061093253,3.775787624437301
10209014225.jpg,train,64.8411214953,0.7212527341415687,3.8850109365662746
10209917915.jpg,test,46.9097222222,0.5089893617018113,3.035957446807245
10211880874.jpg,train,35.0487288136,0.3685845654530291,2.4743382618121164
10213881683.jpg,train,37.1232142857,0.3931413373858143,2.572565349543257
10218118033.jpg,train,75.6659663866,0.8493920972648674,4.39756838905947
10221144393.jpg,train,18.2756410256,0.1700327332237377,1.6801309328949507
10224586444.jpg,train,37.975,0.4032243713732711,2.612897485493084
10226277514.jpg,train,43.2162162162,0.4652673950543908,2.8610695802175634
10226524916.jpg,test,20.6216216216,0.1978033352498841,1.7912133409995366
10227210045.jpg,train,70.4245283019,0.7873464472100146,4.149385788840059
10241630856.jpg,train,63.6573275862,0.7072395451208899,3.82895818048356
10241895785.jpg,val,67.0736607143,0.7476804711246979,3.990721884498792
10244314384.jpg,val,47.5481651376,0.5165469451490984,3.066187780596393
10244715656.jpg,train,53.3223684211,0.5848992161259153,3.3395968645036613
10246311914.jpg,val,75.4579831933,0.8469300911855717,4.387720364742287
10246318724.jpg,test,74.3581081081,0.8339102932717943,4.335641173087177
10258169584.jpg,train,57.2302631579,0.6311590145576603,3.5246360582306413
10260190424.jpg,train,68.8652173913,0.7688880666048493,4.075552266419397
1026198859.jpg,train,70.2715517241,0.7855355832716473,4.142142333086589
10262588616.jpg,train,61.4485981308,0.681093656790047,3.724374627160188
10264804094.jpg,val,76.6495535714,0.8610353343460571,4.444141337384228
10264984793.jpg,val,66.1,0.7361547388780536,3.9446189555122144
10265315316.jpg,train,62.9513888889,0.6988829787234523,3.795531914893809
10265809113.jpg,train,73.7767857143,0.8270288753800045,4.308115501520017
10273804555.jpg,test,68.3026315789,0.7622284434483939,4.048913773793576
10278246465.jpg,train,70.8416030534,0.7922835796649073,4.169134318659629
10279904885.jpg,test,44.0400943396,0.4750200722598206,2.9000802890392823
10280683815.jpg,train,77.425,0.8702147001933127,4.480858800773251
10280835505.jpg,train,31.2256637168,0.3233289399357906,2.2933157597431624
10283619534.jpg,train,77.9740566038,0.8767141710158571,4.506856684063429
10287677265.jpg,train,64.1272321429,0.712802051672154,3.851208206688616
10289468185.jpg,train,73.525,0.8240483558993164,4.296193423597265
10290759976.jpg,train,77.9256756757,0.876141460609722,4.504565842438888
1029470257.jpg,test,43.0961538462,0.463846153846654,2.8553846153866163
10295875445.jpg,train,62.5630252101,0.6942857142858205,3.777142857143282
10296038236.jpg,train,40.6438053097,0.4348164187530804,2.7392656750123217
10299438733.jpg,test,55.2683486239,0.6079348038263681,3.4317392153054724
102995966.jpg,train,16.4600840336,0.1485410334344955,1.5941641337379822
10316734944.jpg,train,67.3055555556,0.7504255319153279,4.001702127661312
10319186405.jpg,test,55.5540540541,0.6113168487641316,3.4452673950565265
10319713194.jpg,train,7.99152542373,0.0482942661377911,1.1931770645511646
10325321.jpg,train,76.8717948718,0.8636661211128807,4.454664484451523
10327985614.jpg,train,75.1026785714,0.842724164133294,4.370896656533176
10329149264.jpg,train,71.9797297297,0.805756181713176,4.223024726852704
10329235193.jpg,train,84.1292372881,0.9495762711858958,4.798305084743584
10330831494.jpg,test,48.5321100917,0.5281944173330269,3.1127776693321074
10335072144.jpg,test,62.1610576923,0.6895274140751133,3.758109656300453
10336689775.jpg,train,65.1811023622,0.7252772658735369,3.901109063494148
103400056.jpg,train,77.8625,0.8753936170211649,4.50157446808466
10342569703.jpg,test,38.6081081081,0.4107188039101596,2.6428752156406388
10344523015.jpg,val,52.5263157895,0.5754759238524313,3.301903695409725
10344921126.jpg,train,4.46638655462,0.0065653495440778,1.0262613981763116
10346758803.jpg,train,63.5336134454,0.7057750759880159,3.823100303952064
10346796664.jpg,train,70.6504424779,0.7900207117305558,4.160082846922223
10349956885.jpg,test,69.75,0.7793617021275632,4.117446808510253
10350497833.jpg,test,58.2605932203,0.6433555715825868,3.573422286330348
10351189716.jpg,test,61.01875,0.6760053191488562,3.704021276595425
10353620913.jpg,train,56.7071428571,0.624966565348965,3.49986626139586
10358252894.jpg,train,64.4615384615,0.7167594108014222,3.867037643205689
10362672006.jpg,test,75.8189655172,0.8512032281725498,4.404812912690199
10366373284.jpg,test,75.4545454545,0.8468893968694094,4.387557587477637
1036840624.jpg,train,28.3382352941,0.2891489361699856,2.156595744679943
10371125786.jpg,val,38.2451456311,0.4064222268129843,2.6256889072519374
10371211803.jpg,train,66.38125,0.7394840425531014,3.9579361702124056
10372323314.jpg,train,65.3361344538,0.7271124620062098,3.9084498480248393
10373546175.jpg,train,61.9538834951,0.6870749845067115,3.748299938026846
10375167904.jpg,train,62.4080188679,0.6924508229622927,3.76980329184917
10382843045.jpg,train,48.6347826087,0.5294098057354251,3.1176392229417003
10387390396.jpg,train,74.3417431193,0.8337165723212026,4.33486628928481
10387844376.jpg,train,65.6134453782,0.7303951367786039,3.921580547114416
10388184626.jpg,train,78.5802752294,0.8838902986535195,4.535561194614078
10395523125.jpg,train,60.5069444444,0.6699468085100332,3.6797872340401327
10397166423.jpg,test,73.935840708,0.8289116927135515,4.315646770854206
10397631976.jpg,train,73.724789916,0.8264133738604765,4.305653495441906
10399580503.jpg,train,76.6371681416,0.8608887215213452,4.443554886085381
10403509543.jpg,train,68.0117924528,0.7587856282612918,4.035142513045168
10407720764.jpg,train,38.6261682243,0.4109325909723337,2.6437303638893352
10408374535.jpg,train,48.9217391304,0.5328066604990687,3.1312266419962747
10408474376.jpg,train,81.4894957983,0.9183282674768564,4.673313069907426
10409059825.jpg,val,73.1513157895,0.8196248600226052,4.278499440090421
10410038143.jpg,train,78.1659482759,0.8789856933238879,4.515942773295551
10412894895.jpg,train,57.4121621622,0.6333122484190062,3.533248993676025
10414716033.jpg,val,71.0878378378,0.7951983898786941,4.180793559514776
10415628976.jpg,train,20.0868644068,0.1914731337903571,1.7658925351614283
10415631353.jpg,val,43.0819327731,0.4636778115499965,2.8547112461999857
104219737.jpg,train,50.2954545455,0.5490680499389345,3.196272199755738
10422425365.jpg,train,72.5723684211,0.8127715565514109,4.251086226205644
10422776735.jpg,train,69.772,0.7796221276594781,4.1184885106379125
10423472445.jpg,train,72.5705128205,0.8127495908344438,4.250998363337775
10429780626.jpg,train,72.0285714286,0.8063343465047969,4.225337386019188
10430002553.jpg,train,77.5206422018,0.8713468670695524,4.48538746827821
10430335945.jpg,train,39.974137931,0.4268892149665362,2.707556859866145
10440370734.jpg,train,39.2436440678,0.4182419761990636,2.6729679047962547
10442628686.jpg,train,41.5810810811,0.4459114433584326,2.7836457734337303
10446770756.jpg,train,73.0288461538,0.818175122748942,4.272700490995768
10446810546.jpg,train,74.734375,0.8383643617020219,4.353457446808088
10451177016.jpg,train,70.9357798165,0.7933983993751045,4.1735935975004175
10453950204.jpg,val,58.975,0.6518123791101754,3.6072495164407017
10458591.jpg,val,51.4871794872,0.5631751227497718,3.252700490999087
10458703674.jpg,test,38.1615044248,0.4054321220111354,2.6217284880445417
10459022813.jpg,train,79.9642857143,0.9002735562310565,4.601094224924227
10463545414.jpg,val,55.0444915254,0.605284890010469,3.421139560041876
10463583515.jpg,train,76.6973684211,0.8616013437854456,4.446405375141783
10464940425.jpg,train,71.3851351351,0.7987176538235214,4.194870615294086
10465121613.jpg,val,61.5723684211,0.6825587905939848,3.7302351623759393
10465293055.jpg,train,76.5366972477,0.859699394885624,4.438797579542496
10466350116.jpg,val,77.2243589744,0.8678396072016846,4.471358428806738
10466453556.jpg,train,28.8004201681,0.2946200607906424,2.1784802431625696
10468110795.jpg,test,61.4754464286,0.6814114741643912,3.7256458966575647
10468540574.jpg,train,67.075,0.7476963249515528,3.990785299806211
10469774844.jpg,test,59.6034482759,0.6592516507707313,3.637006603082925
10471406506.jpg,train,28.2884615385,0.2885597381346433,2.1542389525385737
10474002734.jpg,test,80.7745535714,0.9098651215800918,4.639460486320367
10475435053.jpg,train,57.8487394958,0.6384802431610401,3.5539209726441605
10475658035.jpg,train,83.225,0.93887234042541,4.75548936170164
10481974434.jpg,train,42.4615384615,0.4563338788865702,2.8253355155462807
10486107003.jpg,test,67.9930555556,0.758563829787667,4.0342553191506685
10490369963.jpg,train,39.0540540541,0.4159976998279925,2.66399079931197
10491358066.jpg,train,64.45,0.7166228239844398,3.866491295937759
10491423125.jpg,test,72.5,0.8119148936169197,4.247659574467679
10492897986.jpg,val,44.6283783784,0.4819838987926164,2.927935595170465
10505275743.jpg,train,75.25,0.8444680851062762,4.377872340425105
10506082433.jpg,train,41.9444444444,0.4502127659568767,2.800851063827507
10512432565.jpg,train,68.1785714286,0.7607598784196976,4.04303951367879
10513907744.jpg,val,59.4311926606,0.6572125707598302,3.628850283039321
10516786036.jpg,train,73.94375,0.8290053191488318,4.316021276595327
10517436165.jpg,train,42.4652173913,0.4563774283070267,2.825509713228107
10520192995.jpg,test,55.1630434783,0.6066882516192658,3.426753006477063
10525460645.jpg,train,71.9652777778,0.8055851063831412,4.222340425532565
10526881085.jpg,test,44.4598214286,0.4799886018239978,2.919954407295992
10530470795.jpg,train,38.7567567568,0.4124784358831652,2.649913743532661
10532663625.jpg,train,70.2565789474,0.7853583426654501,4.141433370661801
10534454676.jpg,train,71.0891304348,0.795213691026934,4.180854764107735
10535849673.jpg,train,47.9556074766,0.5213700536881305,3.085480214752522
10536668436.jpg,test,36.5432330827,0.3862757958725465,2.545103183490186
10538085833.jpg,train,52.6710526316,0.5771892497202299,3.30875699888092
10539008983.jpg,test,71.0154867257,0.794341931839909,4.177367727359636
10539142034.jpg,train,78.1809210526,0.879162933930085,4.51665173572034
10539341593.jpg,train,75.025,0.8418046421662381,4.367218568664953
10544775715.jpg,train,48.0642857143,0.5226565349545209,3.090626139818084
10544833625.jpg,val,50.5756880734,0.5523853211009224,3.2095412844036897
10544945153.jpg,train,50.8235294118,0.5553191489365273,3.2212765957461094
10554234623.jpg,train,51.6092436975,0.5646200607904601,3.2584802431618405
10556629035.jpg,train,73.2821100917,0.8211731407372356,4.284692562948942
10558118243.jpg,train,75.8,0.8509787234041475,4.40391489361659
105620456.jpg,test,55.8625,0.6149680851063127,3.459872340425251
10567114974.jpg,test,64.847826087,0.7213320999079207,3.8853283996316814
10567188645.jpg,val,64.1575630252,0.7131610942247189,3.8526443768988754
10568567754.jpg,train,75.1782608696,0.8436188714156613,4.374475485662645
10569725133.jpg,train,74.3008849558,0.8332329128229048,4.332931651291619
1057328504.jpg,train,31.4955357143,0.326523556231148,2.306094224924592
10574233584.jpg,train,51.7110091743,0.5658247120825605,3.263298848330242
10575593285.jpg,train,59.2126168224,0.6546251739904225,3.61850069596169
10576676414.jpg,train,66.4107142857,0.7398328267474611,3.959331306989845
10579282866.jpg,train,63.3181818182,0.7032248988923413,3.812899595569365
1057997640.jpg,train,52.775862069,0.5784299339695295,3.313719735878118
10581525775.jpg,train,63.3766891892,0.703917481311142,3.815669925244568
10582113466.jpg,test,58.1607142857,0.6421732522793917,3.568693009117567
10583786994.jpg,train,60.1880733945,0.6661721647471944,3.6646886589887777
10586872235.jpg,train,41.6388888889,0.4465957446809392,2.786382978723757
10589450596.jpg,train,64.5773809524,0.7181306990882849,3.87252279635314
10597114264.jpg,train,72.8928571429,0.816565349544478,4.266261398177912
10602786066.jpg,train,27.7605042017,0.2823100303953484,2.129240121581394
10603218265.jpg,test,71.8616071429,0.8043579027359693,4.217431610943877
10604417276.jpg,train,77.369266055,0.8695549482718428,4.478219793087371
10605846204.jpg,val,70.4620535714,0.7877906534950049,4.15116261398002
10609356094.jpg,train,67.0,0.7468085106382067,3.987234042552827
10614052044.jpg,train,74.6207627119,0.8370194734947262,4.348077893978905
10615424764.jpg,train,74.1903669725,0.831924653523493,4.327698614093972
10617981003.jpg,train,40.3175675676,0.4309545715932125,2.7238182863728504
10619909515.jpg,val,60.7775423729,0.6731500180311546,3.6926000721246175
10620203775.jpg,train,20.8611111111,0.2006382978722048,1.802553191488819
10620356404.jpg,train,56.4543478261,0.6219740980574374,3.4878963922297497
1062133952.jpg,train,60.9872881356,0.6756328885683379,3.702531554273352
10625988224.jpg,test,66.8443396226,0.7449658771571858,3.979863508628743
10628337356.jpg,train,75.4042056075,0.8462934977134327,4.385173990853731
10628497685.jpg,val,54.947826087,0.6041406105462372,3.416562442184949
10628645805.jpg,train,83.5808823529,0.9430851063823688,4.772340425529476
10631219374.jpg,train,71.7142857143,0.802613981762987,4.210455927051948
10631630073.jpg,train,21.411637931,0.2071551724133797,1.828620689653519
1063351510.jpg,test,47.1153846154,0.5114238952538109,3.045695581015244
10633933603.jpg,test,58.8898305085,0.6508041831953206,3.6032167327812825
10635160054.jpg,train,69.7049180328,0.7788280432508438,4.115312173003375
1063722220.jpg,train,56.0233050847,0.616871619184386,3.467486476737544
10642085843.jpg,train,74.8375,0.8395851063828729,4.358340425531491
10644234544.jpg,test,54.7289915966,0.6015501519751583,3.406200607900633
106456452.jpg,train,25.2727272727,0.2528609108489701,2.0114436433958804
10660362264.jpg,train,77.8932038835,0.875757074984453,4.503028299937812
10660571735.jpg,train,47.702173913,0.518370027751512,3.073480111006048
10660620125.jpg,train,73.7898230088,0.8271832046688631,4.308732818675452
106652866.jpg,test,49.0441176471,0.5342553191493663,3.137021276597465
10665464526.jpg,train,76.9138655462,0.8641641337382732,4.456656534953092
10676427864.jpg,train,75.8726415094,0.8518386190279926,4.407354476111971
1067765170.jpg,test,51.175,0.5594796905221824,3.237918762088729
10678199353.jpg,train,70.3611111111,0.786595744680622,4.146382978722488
10678350303.jpg,test,66.786637931,0.7442828319877622,3.977131327951049
10679134563.jpg,train,33.2791262136,0.3476368518901698,2.390547407560679
10680153225.jpg,train,45.4065217391,0.4911951896388122,2.964780758555249
10680502673.jpg,val,78.75625,0.8859734042552058,4.543893617020823
10680715605.jpg,test,37.3,0.3952340425531563,2.580936170212625
10680932454.jpg,test,51.39375,0.5620691489361085,3.248276595744434
10683218616.jpg,train,69.4391304348,0.7756817761333201,4.1027271045332805
10686332213.jpg,val,57.4216101695,0.6334240894338534,3.5336963577354137
10689376076.jpg,test,59.2394067797,0.6549423007576874,3.61976920303075
10689538413.jpg,val,73.66875,0.8257499999998963,4.302999999999585
10689722684.jpg,train,76.14375,0.8550478723403171,4.420191489361269
10690294454.jpg,train,72.5,0.8119148936169197,4.247659574467679
10692654005.jpg,val,68.2,0.7610135396517441,4.0440541586069765
10692667386.jpg,val,71.9033018868,0.8048514652749789,4.219405861099915
10692857705.jpg,train,68.9678899083,0.7701034550072474,4.08041382002899
10693826785.jpg,train,53.2757009346,0.5843467886261475,3.33738715450459
10694350076.jpg,val,73.1285714286,0.8193556231005394,4.277422492402158
10698962263.jpg,train,39.110619469,0.4166672942945069,2.6666691771780275
10705911926.jpg,train,70.7844036697,0.7916064805773949,4.16642592230958
10706770686.jpg,val,76.8519417476,0.8634311092751552,4.453724437100621
10713772814.jpg,train,62.3301886792,0.6915295062217822,3.766118024887129
10714662986.jpg,test,80.6551724138,0.9084519442406104,4.633807776962442
10715577856.jpg,test,45.213592233,0.4889113819457139,2.955645527782856
10721124556.jpg,test,58.4579646018,0.645691960083128,3.582767840332512
10723077086.jpg,train,71.8529411765,0.8042553191491839,4.217021276596736
10724461514.jpg,train,72.6631355932,0.8138460151457085,4.255384060582834
10724889206.jpg,train,63.5183486239,0.7055943782944377,3.822377513177751
10728525673.jpg,val,68.3026315789,0.7622284434483939,4.048913773793576
10730634575.jpg,train,58.75,0.6491489361701371,3.5965957446805485
10732971054.jpg,train,51.1,0.5585918762088363,3.2343675048353453
10733259996.jpg,train,62.3197115385,0.6914054828154302,3.765621931261721
10737029565.jpg,train,63.0172413793,0.6996625091707404,3.7986500366829614
10740242265.jpg,train,69.119266055,0.7718953738037733,4.087581495215093
10740725955.jpg,train,77.1482300885,0.866938429674203,4.467753718696812
10740727595.jpg,test,72.9125,0.8167978723403232,4.267191489361293
10745415703.jpg,train,69.1388888889,0.7721276595745044,4.088510638298017
10745932825.jpg,train,64.8846153846,0.7217675941077503,3.887070376431001
10747724694.jpg,train,58.4386792453,0.645463669209279,3.581854676837116
107505789.jpg,val,54.35,0.5970638297871668,3.388255319148667
10751799554.jpg,train,71.995412844,0.8059418309578879,4.223767323831551
1075190309.jpg,train,38.2697368421,0.4067133258677619,2.6268533034710475
10762659033.jpg,test,42.25,0.4538297872339981,2.815319148935992
10765812585.jpg,train,46.6448598131,0.5058540465302606,3.0234161861210422
10767441335.jpg,test,74.2094594595,0.8321506612999725,4.32860264519989
10770026303.jpg,val,72.0825892857,0.8069737841942589,4.227895136777036
10770700455.jpg,test,60.74375,0.6727499999999206,3.6909999999996814
10773126784.jpg,test,78.475,0.882644100580158,4.530576402320632
10775358296.jpg,train,37.7754237288,0.4008618824375964,2.603447529750386
10776111906.jpg,test,73.975,0.8293752417793927,4.317500967117571
107799222.jpg,train,73.2727272727,0.8210620713904656,4.284248285561862
10783395635.jpg,train,71.9915966387,0.8058966565353811,4.2235866261415245
10784159775.jpg,val,74.8849557522,0.8401468649969229,4.360587459987691
10786271105.jpg,train,67.7756410256,0.7559901800321549,4.02396072012862
10787038944.jpg,train,60.4978813559,0.6698395239807876,3.6793580959231504
10787258285.jpg,train,71.8940677966,0.804742156508975,4.2189686260359
10790803694.jpg,train,73.8564189189,0.8279715353648244,4.311886141459297
10791502435.jpg,test,70.8130252101,0.7919452887538899,4.167781155015559
10792125886.jpg,train,71.2224409449,0.7967917574134173,4.187167029653669
10798439785.jpg,train,60.025,0.6642417794970206,3.6569671179880814
10799367156.jpg,train,73.6,0.8249361702126623,4.299744680850649
10799853136.jpg,train,69.6985981308,0.7787532312581165,4.115012925032466
10805317444.jpg,train,51.9380733945,0.5685125902791249,3.2740503611165
10806677866.jpg,train,60.9054054054,0.6746635997698391,3.698654399079357
10813730303.jpg,test,40.0817307692,0.4281628477901027,2.712651391160411
10814874265.jpg,train,78.2075471698,0.8794781212362048,4.517912484944819
10819001424.jpg,train,20.7702702703,0.1995629672228896,1.7982518688915587
10819132874.jpg,train,75.7798165138,0.8507398008982597,4.402959203593039
10819329365.jpg,train,59.9911504425,0.6638410845417015,3.655364338166806
10827568885.jpg,train,77.4872881356,0.870952037504477,4.483808150017908
10828147985.jpg,train,54.1184210526,0.5943225083982155,3.377290033592862
10828395135.jpg,train,74.0714285714,0.8305167173247853,4.322066869299141
10829329963.jpg,train,78.796728972,0.8864525750649542,4.5458103002598165
10836905604.jpg,test,75.9932432432,0.8532662449677526,4.41306497987101
10843403305.jpg,train,69.9299065421,0.7814913501694429,4.125965400677772
10847909336.jpg,train,24.1142241379,0.2391471019805468,1.9565884079221871
10849117054.jpg,train,56.8684210526,0.626875699887572,3.507502799550288
10849700404.jpg,train,73.0065789474,0.8179115341548066,4.271646136619227
1084984228.jpg,test,34.8319327731,0.366018237081927,2.464072948327708
1085590803.jpg,val,24.0558035714,0.2384555471121136,1.9538221884484543
10856434794.jpg,train,44.0375,0.4749893617020798,2.89995744680832
10856757.jpg,val,32.2954545455,0.3359926147358738,2.343970458943496
10858952303.jpg,train,45.5647321429,0.4930680091189976,2.9722720364759905
10861031374.jpg,test,64.675,0.719286266924478,3.877145067697912
10862487886.jpg,train,65.3037383178,0.7267289719630378,3.906915887852151
10864812016.jpg,train,56.8847826087,0.6270693802034947,3.5082775208139787
10865798996.jpg,test,76.4722222222,0.8589361702123939,4.435744680849576
10866463396.jpg,test,69.1029411765,0.7717021276598275,4.08680851063931
10866561184.jpg,train,77.3304347826,0.8690952821459473,4.476381128583789
10868390853.jpg,train,75.3149606299,0.8452370581333322,4.380948232533329
10872249945.jpg,train,77.0434782609,0.8656984273823038,4.462793709529215
10875461386.jpg,train,55.3888888889,0.6093617021277218,3.437446808510887
10880314705.jpg,test,77.4210526316,0.8701679731244386,4.480671892497755
10882856833.jpg,train,62.0065789474,0.6876987681973805,3.750795072789522
10883456586.jpg,val,28.8793103448,0.2955539251647313,2.182215700658925
1089100444.jpg,train,64.6228813559,0.7186693112148225,3.87467724485929
10893404795.jpg,train,36.876146789,0.390216669920043,2.5608666796801725
10895044423.jpg,train,32.474789916,0.3381155015201287,2.352462006080515
10897840884.jpg,train,74.8305084746,0.8395023440319095,4.358009376127638
10898287705.jpg,train,44.2212389381,0.477164375824269,2.908657503297076
10898689245.jpg,train,64.1794871795,0.7134206219313262,3.8536824877253046
10899733355.jpg,train,73.9904580153,0.8295582264092497,4.318232905636998
10900020096.jpg,train,69.3783783784,0.7749626221968251,4.0998504887873
10905088155.jpg,train,63.7139830508,0.7079102055529054,3.8316408222116216
10905114716.jpg,val,50.0695652174,0.5463940795560104,3.185576318224041
10906887886.jpg,train,43.1061320755,0.4639642713772459,2.855857085508984
1090979049.jpg,train,57.5304347826,0.6347123034225804,3.538849213690322
10910262455.jpg,train,42.1763392857,0.4529578267475069,2.811831306990028
10911046243.jpg,test,76.2339449541,0.8561155572902047,4.424462229160818
10911095273.jpg,train,71.3805309735,0.7986631519492623,4.19465260779705
10912602716.jpg,test,74.9510869565,0.8409296947267411,4.363718778906964
10915557435.jpg,train,39.1836283186,0.417531538316851,2.670126153267404
10917741563.jpg,train,75.9439252336,0.8526824418367043,4.410729767346817
10921653346.jpg,train,79.6176470588,0.896170212765564,4.584680851062256
10921880365.jpg,train,68.5065217391,0.7646419981494069,4.058567992597627
10923819485.jpg,val,40.8275862069,0.4369919295671303,2.747967718268521
10925112255.jpg,train,22.7924528302,0.2235006021679303,1.894002408671721
10927420963.jpg,train,64.9551282051,0.7226022913252743,3.890409165301097
10931213005.jpg,train,47.0625,0.510797872340372,3.043191489361488
10932590295.jpg,train,38.4144736842,0.4084266517355603,2.633706606942241
10933722123.jpg,train,53.6890756303,0.5892401215810481,3.3569604863241924
10936496124.jpg,train,59.1150442478,0.6534701562794905,3.613880625117962
10937404313.jpg,train,56.61875,0.6239202127658858,3.495680851063544
10947519133.jpg,val,74.609223301,0.8368828754391981,4.347531501756793
10948257133.jpg,train,42.0928571429,0.451969604863685,2.80787841945474
10953973716.jpg,test,72.6486486486,0.8136745255887415,4.254698102354967
10961758274.jpg,train,75.1806722689,0.8436474164131776,4.37458966565271
10967023396.jpg,train,55.4797297297,0.6104370327770369,3.4417481311081475
10968711744.jpg,train,78.3793103448,0.8815113719731485,4.526045487892594
10980930876.jpg,train,69.3571428571,0.774711246200005,4.09884498480002
10981006796.jpg,train,17.7402912621,0.1636955174546478,1.654782069818591
109825878.jpg,train,37.23125,0.3944202127659224,2.5776808510636897
10983119996.jpg,train,57.5389908257,0.6348135857896442,3.539254343158577
10990397626.jpg,train,35.71875,0.3765159574467764,2.506063829787106
10990887046.jpg,val,58.0765306122,0.6411767260089469,3.564706904035788
11004139923.jpg,train,68.2411504425,0.761500659009771,4.046002636039084
11005410885.jpg,train,55.4915966387,0.610577507599242,3.442310030396968
11006895124.jpg,train,66.2567567568,0.7380103507767304,3.9520414031069215
1100873520.jpg,train,51.5221238938,0.5635887780077833,3.254355112031133
11009340314.jpg,train,63.0277777778,0.6997872340427326,3.7991489361709294
11010062705.jpg,train,67.6689189189,0.7547268545137722,4.018907418055089
11013892854.jpg,test,27.4978813559,0.2792012261085094,2.116804904434038
11016309165.jpg,train,62.6891891892,0.6957791834388029,3.7831167337552114
11016485883.jpg,train,68.1785714286,0.7607598784196976,4.04303951367879
11018079835.jpg,train,76.6602564103,0.8611620294603083,4.444648117841233
1101948952.jpg,train,75.1743119266,0.8435721257074215,4.374288502829685
11021514993.jpg,train,67.7432432432,0.755606670499683,4.022426681998732
11021929275.jpg,train,72.175,0.8080676982590866,4.232270793036347
11023346856.jpg,train,62.1513157895,0.6894120940651791,3.757648376260717
11031973684.jpg,train,71.4745762712,0.7997764154346082,4.199105661738432
11033459414.jpg,train,63.5565217391,0.7060462534685652,3.824185013874261
110356262.jpg,test,35.925,0.378957446808478,2.515829787233912
11035760784.jpg,train,66.1160714286,0.7363449848026803,3.945379939210721
1103755154.jpg,test,73.0641025641,0.8185924713582958,4.274369885433183
11051034136.jpg,train,65.531779661,0.7294284168767394,3.9177136675069577
11051374673.jpg,test,62.6148648649,0.6948993674528919,3.779597469811568
11051749575.jpg,train,62.125,0.6891005802707111,3.756402321082844
11054039594.jpg,train,42.7352941176,0.4595744680845039,2.838297872338016
11054638863.jpg,test,61.0070754717,0.6758671216378389,3.703468486551356
11054899145.jpg,test,74.0512820513,0.8302782324060001,4.321112929624
11054955216.jpg,train,36.75,0.388723404255285,2.55489361702114
11058112996.jpg,train,33.5540540541,0.3508913168492795,2.403565267397118
11060185873.jpg,test,63.0148305085,0.6996339704293554,3.7985358817174215
11061633946.jpg,train,35.7837837838,0.3772857964348923,2.5091431857395694
11062902804.jpg,val,69.9117647059,0.781276595744793,4.1251063829791725
11063650646.jpg,train,61.0456521739,0.676323774282837,3.705295097131348
11068654734.jpg,val,68.0694444444,0.7594680851057637,4.037872340423055
11071132393.jpg,train,72.0089285714,0.806101823707768,4.224407294831072
11078122366.jpg,train,69.972972973,0.7820011500864796,4.128004600345919
11079282234.jpg,train,76.3617021277,0.857627885921601,4.430511543686404
11081975613.jpg,train,68.0023364486,0.7586736925829476,4.03469477033179
11087687983.jpg,train,76.0889830508,0.8543995672550097,4.417598269020038
11089447095.jpg,train,66.1824324324,0.7371305347896357,3.948522139158543
11095381506.jpg,test,76.75,0.862224371373198,4.448897485492791
11097661494.jpg,train,72.7171052632,0.8144848824192095,4.257939529676838
11098121724.jpg,train,72.641025641,0.8135842880519678,4.254337152207871
11109548195.jpg,test,61.5231092437,0.6819756838905265,3.727902735562106
11111585533.jpg,train,83.8495762712,0.9462657771367126,4.785063108546851
11118140253.jpg,train,72.8235294118,0.8157446808513794,4.262978723405517
11124139926.jpg,train,47.2146017699,0.5125983807190718,3.050393522876288
11126091314.jpg,train,42.5472972973,0.4573490511788253,2.8293962047153016
11126232436.jpg,train,52.2094594595,0.5717251293851205,3.286900517540482
11126652126.jpg,test,56.6485849057,0.6242733841834563,3.4970935367338254
11139368236.jpg,train,70.5256410256,0.7885433715215114,4.154173486086046
11139580153.jpg,train,45.325,0.4902301740811876,2.9609206963247505
11141708043.jpg,train,66.9228971963,0.7458958043352204,3.9835832173408816
11143825565.jpg,train,62.3550420168,0.691823708206525,3.7672948328261
11148529964.jpg,val,58.2,0.6426382978722659,3.570553191489064
11149566996.jpg,train,47.3974358974,0.5147626841239071,3.0590507364956285
11150131936.jpg,test,63.9158878505,0.7103002585009978,3.841201034003991
11153943035.jpg,test,60.2777777778,0.667234042553376,3.668936170213504
11155257336.jpg,train,58.2873831776,0.6436726983498517,3.574690793399407
11156365526.jpg,test,47.5882352941,0.5170212765954812,3.068085106381925
11158314215.jpg,test,46.3349514563,0.5021854988636925,3.00874199545477
11159983896.jpg,train,71.0878378378,0.7951983898786941,4.180793559514776
11163249414.jpg,train,67.9611650485,0.7581863251388239,4.032745300555296
11165746213.jpg,train,64.3482142857,0.7154179331304438,3.861671732521775
11169904264.jpg,train,68.546875,0.7651196808509697,4.060478723403879
11170758174.jpg,train,60.2831858407,0.6672980606287107,3.669192242514842
11170786154.jpg,val,67.6932773109,0.7550151975680082,4.020060790272033
11172371243.jpg,val,75.8785714286,0.8519088145898959,4.407635258359584
11175382195.jpg,train,49.4423076923,0.5389689034368395,3.155875613747358
11175538013.jpg,train,73.6438053097,0.8254547166253585,4.301818866501434
11183022383.jpg,train,43.0675675676,0.4635077630825691,2.854031052330276
11201160185.jpg,train,62.3197115385,0.6914054828154302,3.765621931261721
11208321473.jpg,train,72.8470873786,0.8160235488529577,4.264094195411831
11209059333.jpg,train,60.125,0.6654255319148155,3.661702127659262
11209188974.jpg,train,66.9269911504,0.7459442666158626,3.98377706646345
11209221046.jpg,train,58.75,0.6491489361701371,3.5965957446805485
11209649786.jpg,train,69.475,0.7761063829786276,4.10442553191451
11215941184.jpg,test,73.4077669903,0.822660607312539,4.290642429250156
11216436636.jpg,train,74.0921052632,0.8307614781638877,4.323045912655551
11218793016.jpg,train,60.9173728814,0.6748052650563381,3.699221060225352
11219420725.jpg,train,72.8928571429,0.816565349544478,4.266261398177912
11221904805.jpg,train,78.1297169811,0.8785568044956944,4.514227217982778
11226958966.jpg,train,72.9543478261,0.8172932469935765,4.269172987974306
11229777185.jpg,val,66.0747663551,0.7358560349964521,3.943424139985809
11232665444.jpg,test,32.2668067227,0.3356534954408331,2.3426139817633325
11239106136.jpg,train,56.4172413793,0.6215348495962847,3.4861393983851388
11241096796.jpg,train,69.95625,0.7818031914892649,4.12721276595706
11242015725.jpg,test,63.7152777778,0.7079255319150717,3.831702127660287
11245083256.jpg,train,61.775,0.6849574468084293,3.739829787233717
11245781693.jpg,train,67.515625,0.752912234042461,4.011648936169844
11250215644.jpg,test,69.6776315789,0.7785050391930721,4.1140201567722885
11251138933.jpg,train,69.2239130435,0.7731341350602915,4.092536540241166
11252383376.jpg,train,70.1032110092,0.7835428459888855,4.134171383955541
11252644224.jpg,train,64.5872641509,0.718247691689484,3.872990766757936
11253432804.jpg,test,61.2027027027,0.6781828637146664,3.7127314548586656
11256485296.jpg,val,61.9044117647,0.6864893617019765,3.745957446807906
11256776836.jpg,train,69.578125,0.7773271276594784,4.109308510637914
11260247205.jpg,train,74.7389380531,0.8384183769534184,4.3536735078136735
11260270773.jpg,test,72.3513513514,0.810155261645098,4.240621046580392
11260385706.jpg,train,72.7115384615,0.8144189852694919,4.257675941077967
11262156493.jpg,val,79.9271653543,0.8998341430720624,4.59933657228825
11264048414.jpg,train,20.8717391304,0.2007641073076322,1.803056429230529
11268202995.jpg,val,41.734375,0.4477260638297437,2.790904255318975
11269474243.jpg,train,74.0608108108,0.8303910293269672,4.321564117307869
11269626135.jpg,train,80.3040540541,0.9042955721683404,4.617182288673361
11270256213.jpg,train,66.3370535714,0.7389608662609701,3.955843465043881
11270280904.jpg,train,31.7702702703,0.3297757331803157,2.319102932721263
11273127766.jpg,val,79.5575221239,0.8954584823949877,4.58183392957995
11273190884.jpg,train,74.8232758621,0.8394167278065711,4.357666911226284
11275584366.jpg,train,47.4336283186,0.5151911127849206,3.0607644511396823
11287273183.jpg,train,76.6973684211,0.8616013437854456,4.446405375141783
11288559554.jpg,train,62.4509345794,0.6929588387347878,3.7718353549391512
11291450085.jpg,val,56.7394957983,0.6253495440726476,3.5013981762905906
11292980633.jpg,train,71.125,0.7956382978722415,4.1825531914889655
11293176185.jpg,test,61.3,0.6793346228239041,3.717338491295616
11293946974.jpg,train,75.9800884956,0.8531105253249828,4.412442101299931
11294894953.jpg,train,58.6101694915,0.6474936891449536,3.5899747565798146
11295475784.jpg,train,49.4144736842,0.5386394176929864,3.1545576707719456
11297504114.jpg,train,54.8899082569,0.6034550068320942,3.4138200273283767
11297570034.jpg,train,56.5260869565,0.6228233117480524,3.4912932469922096
11301386435.jpg,train,76.1512605042,0.8551367781153731,4.420547112461493
11302087114.jpg,train,65.5441176471,0.7295744680855053,3.918297872342021
1130601148.jpg,val,72.3804347826,0.8104995374651057,4.241998149860423
11307198154.jpg,train,80.8,0.9101663442938868,4.640665377175546
11310848503.jpg,test,70.1461864407,0.7840515686983246,4.136206274793299
11316105544.jpg,train,77.8625,0.8753936170211649,4.50157446808466
11320098306.jpg,train,51.2236842105,0.5600559910410604,3.2402239641642416
11321228905.jpg,train,77.0337837838,0.8655836687752401,4.46233467510096
11324704676.jpg,train,50.9230769231,0.5564975450083957,3.2259901800335826
11325081573.jpg,train,50.0285714286,0.5459088145899448,3.183635258359779
11327123904.jpg,train,74.871559633,0.8399882881120023,4.359953152448009
11333447674.jpg,val,76.9978813559,0.8651586729169268,4.460634691667707
11333611705.jpg,train,63.3495575221,0.7035963095458577,3.814385238183431
11333782783.jpg,val,70.3584070796,0.7865637356423628,4.146254942569451
11335231214.jpg,test,68.9603960396,0.7700147461553248,4.080058984621299
11338371864.jpg,val,68.8245192308,0.7684063011459323,4.073625204583729
11339056674.jpg,train,67.1633663366,0.7487423635975721,3.994969454390288
11341117543.jpg,val,61.6850961538,0.6838932078553464,3.7355728314213854
11346267905.jpg,train,72.8701923077,0.8162970540098087,4.265188216039235
11347140483.jpg,train,53.6890756303,0.5892401215810481,3.3569604863241924
11353895754.jpg,train,72.974137931,0.8175275128388144,4.270110051355258
11356760053.jpg,train,73.3577981651,0.8220691001360901,4.28827640054436
113663782.jpg,test,67.55,0.753319148936078,4.013276595744312
11369797883.jpg,val,74.0277777778,0.8300000000001586,4.320000000000634
113701797.jpg,train,48.09375,0.5230053191488807,3.092021276595523
11370407443.jpg,train,47.3434782609,0.5141239592972534,3.0564958371890136
11372421485.jpg,val,65.685840708,0.7312521182454819,3.925008472981928
11378848184.jpg,test,64.1334745763,0.7128759466284559,3.851503786513824
11381486584.jpg,train,51.94375,0.5685797872339798,3.27431914893592
11382799454.jpg,train,72.0711009174,0.8068377903567426,4.22735116142697
11389102005.jpg,train,60.2920560748,0.6674030622393335,3.669612248957334
11389330254.jpg,train,64.0535714286,0.7119300911856629,3.847720364742651
11393787465.jpg,train,21.5849514563,0.2092067754594839,1.836827101837936
11396447303.jpg,val,48.0107758621,0.522023110785345,3.08809244314138
11399456186.jpg,train,63.2765486726,0.7027320655246972,3.810928262098789
11404463006.jpg,train,54.1504424779,0.5947015627944167,3.378806251177666
11406584295.jpg,test,55.3310810811,0.6086774008052152,3.4347096032208606
11407368256.jpg,test,72.2884615385,0.8094108019643477,4.23764320785739
11407704456.jpg,train,72.1836283186,0.8081698361891292,4.232679344756517
11407835876.jpg,train,61.1071428571,0.6770516717319355,3.708206686927742
11407862453.jpg,test,70.6504424779,0.7900207117305558,4.160082846922223
11408091114.jpg,train,68.2411504425,0.761500659009771,4.046002636039084
11408307524.jpg,train,66.4260869565,0.7400148011097358,3.9600592044389433
11408357925.jpg,train,58.1906779661,0.6425279480705869,3.5701117922823475
11408443745.jpg,test,63.475,0.7050812379109407,3.8203249516437614
11410644126.jpg,train,63.6282608696,0.7068954671603639,3.827581868641456
11410690075.jpg,train,71.358490566,0.7984022480925892,4.193608992370357
11414474354.jpg,val,18.5514705882,0.1732978723400079,1.693191489360032
11414784395.jpg,train,70.9387096774,0.7934330816743462,4.173732326697385
11416241303.jpg,train,68.3512931034,0.7628044754211983,4.051217901684794
11419816946.jpg,train,76.14375,0.8550478723403171,4.420191489361269
11424871693.jpg,train,37.8130252101,0.4013069908816118,2.605227963526448
11426976205.jpg,val,35.188559322,0.3702398124770288,2.4809592499081154
11432746805.jpg,train,65.55625,0.7297180851062945,3.918872340425178
11433127464.jpg,test,54.109375,0.594215425531848,3.376861702127392
11433593823.jpg,val,62.9486607143,0.6988506838906631,3.795402735562652
11436378704.jpg,val,79.3397435897,0.8928805237309572,4.571522094923829
11436390143.jpg,test,72.4481132075,0.8113006824561848,4.245202729824739
11436508006.jpg,test,65.14375,0.7248351063828911,3.899340425531564
11437542656.jpg,train,57.6041666667,0.6355851063832999,3.5423404255332
11438612393.jpg,test,31.9953271028,0.3324398488764468,2.329759395505788
11439591215.jpg,train,31.1736111111,0.3227127659572917,2.290851063829167
11446005074.jpg,test,77.468487395,0.8707294832830612,4.482917933132245
11452299875.jpg,test,74.4608695652,0.8351267345047768,4.340506938019107
11453100924.jpg,train,79.0254237288,0.8891597547779443,4.556639019111778
11456199025.jpg,train,34.5448113208,0.3626194299483182,2.450477719793273
11459826225.jpg,train,62.875,0.6979787234041719,3.791914893616688
11460414725.jpg,train,71.95,0.8054042553190485,4.221617021276193
11461273913.jpg,train,70.7754237288,0.7915001803098747,4.166000721239499
11474376103.jpg,val,53.25,0.5840425531914242,3.3361702127656967
11476172786.jpg,test,72.625,0.8133945841391632,4.253578336556653
11477250346.jpg,train,77.0022123894,0.8652099416306985,4.460839766522794
11484412296.jpg,val,63.2641509434,0.7025853071055406,3.8103412284221614
11490304024.jpg,train,54.6973684211,0.6011758118705935,3.404703247482374
11495616074.jpg,train,37.8303571429,0.4015121580551824,2.606048632220729
11498400544.jpg,train,50.6695205479,0.5534960652864929,3.2139842611459715
11499073263.jpg,train,30.21875,0.3114095744680633,2.2456382978722536
11501016504.jpg,train,55.4073275862,0.6095799706528204,3.4383198826112817
11501322724.jpg,train,73.39375,0.8224946808509606,4.289978723403842
11503076944.jpg,train,79.046460177,0.8894087742421298,4.55763509696852
11504259765.jpg,train,43.5022321429,0.4686531155019802,2.8746124620079208
11504601393.jpg,train,52.3177966102,0.5730075730259017,3.292030292103606
11506037556.jpg,train,54.2555970149,0.595946332168575,3.3837853286743
11509515706.jpg,train,35.7522123894,0.3769120692903508,2.507648277161404
11511265293.jpg,test,24.2767857143,0.2410714285715871,1.9642857142863488
11514342335.jpg,test,71.9646017699,0.8055771041232805,4.222308416493123
11515148456.jpg,train,64.4316037736,0.7164050582096467,3.865620232838587
11518631385.jpg,val,32.2668067227,0.3356534954408331,2.3426139817633325
11519797605.jpg,train,72.9125,0.8167978723403232,4.267191489361293
11520125355.jpg,train,65.7477678571,0.7319851823702246,3.9279407294808975
11521791886.jpg,train,51.3839285714,0.561952887537594,3.247811550150376
11522920033.jpg,test,57.3275862069,0.6323110785032694,3.5292443140130776
11522984926.jpg,train,44.3826530612,0.4790751194091275,2.9163004776365105
11523093675.jpg,train,73.097826087,0.8189916743759902,4.275966697503961
1152554814.jpg,train,39.0147058824,0.4155319148941357,2.662127659576542
11527524903.jpg,test,33.6972477064,0.3525863751705094,2.4103455006820376
115290990.jpg,test,42.9432773109,0.4620364741637994,2.848145896655198
11529156723.jpg,train,69.6517857143,0.7781990881459696,4.112796352583878
11533404563.jpg,val,65.4668141593,0.7286593861796332,3.914637544718533
11535275706.jpg,train,74.95,0.8409168278528919,4.363667311411568
11541375264.jpg,val,50.3513513514,0.5497297297302458,3.1989189189209832
11546100824.jpg,train,70.7087155963,0.7907105211785401,4.1628420847141605
11548683805.jpg,train,42.391025641,0.4554991816690461,2.8219967266761845
1154962046.jpg,train,15.8361344538,0.1411550151977926,1.5646200607911704
11551017545.jpg,train,64.027027027,0.7116158711899339,3.846463484759736
11554709013.jpg,train,68.773364486,0.7678007556175458,4.071203022470183
11555549865.jpg,val,60.9402654867,0.6750762568250731,3.700305027300293
11559530473.jpg,train,57.925,0.6393829787233302,3.5575319148933207
1159028861.jpg,test,72.9125,0.8167978723403232,4.267191489361293
11706252.jpg,test,32.2521186441,0.3354796249552781,2.341918499821112
117172917.jpg,val,62.9789915966,0.6992097264432278,3.796838905772911
1172858625.jpg,train,69.3157894737,0.7742217245241675,4.09688689809667
1194894463.jpg,train,67.4900990099,0.7526100695174863,4.010440278069945
1195689121.jpg,train,32.1347826087,0.334090656799286,2.3363626271971443
1202598832.jpg,train,63.0677570093,0.7002604891622296,3.8010419566489184
120328351.jpg,train,39.225,0.4180212765957059,2.6720851063828235
120459577.jpg,train,51.4012605042,0.5621580547111646,3.2486322188446586
120983206.jpg,train,63.0125,0.6996063829786398,3.798425531914559
121123359.jpg,test,88.24375,0.9982819148934858,4.993127659573943
122346209.jpg,train,34.20625,0.3586117021276302,2.434446808510521
122553631.jpg,val,37.85,0.4017446808510276,2.60697872340411
122760647.jpg,test,50.9125,0.5563723404254711,3.2254893617018845
123242995.jpg,test,60.968487395,0.6754103343469221,3.701641337387688
1240561841.jpg,train,74.5508474576,0.8361918499815425,4.34476739992617
1241002913.jpg,train,54.0902777778,0.5939893617023239,3.3759574468092954
1249337589.jpg,train,72.3086956522,0.8096503237744908,4.238601295097963
1252945239.jpg,train,15.6584821429,0.1390520516722455,1.5562082066889822
125829275.jpg,train,34.1386554622,0.3578115501521255,2.431246200608502
1266777709.jpg,train,64.1442307692,0.7130032733219723,3.852013093287889
127977276.jpg,train,80.1029411765,0.9019148936172536,4.607659574469015
128079586.jpg,test,57.6407563025,0.6360182370817447,3.5440729483269786
128293583.jpg,train,72.4075630252,0.8108206686927885,4.243282674771153
1286765019.jpg,train,71.5517241379,0.8006896551719466,4.202758620687787
128715765.jpg,train,56.9772727273,0.6281642342186433,3.5126569368745733
128781220.jpg,val,59.7205882353,0.6606382978723326,3.6425531914893305
1288155068.jpg,train,61.19921875,0.6781416223403453,3.712566489361381
1289162225.jpg,test,62.1470588235,0.6893617021272294,3.757446808508917
129023751.jpg,train,77.6764705882,0.8731914893611731,4.492765957444693
1292518332.jpg,train,65.7086956522,0.7315226642000351,3.926090656800141
12949713.jpg,train,84.9102564103,0.958821603928378,4.835286415713512
1295925783.jpg,train,30.8040540541,0.3183381253599229,2.273352501439692
1296759644.jpg,train,32.1320754717,0.3340586109995955,2.336234443998382
1296775174.jpg,train,37.4245283019,0.3967081493377363,2.5868325973509454
1297819816.jpg,val,74.2794117647,0.8329787234040807,4.331914893616323
1302738127.jpg,train,75.8141025641,0.8511456628476524,4.4045826513906094
1306121832.jpg,train,30.1305309735,0.3103652796089146,2.2414611184356583
1306193020.jpg,train,33.5732758621,0.3511188554662233,2.4044754218648934
1312413141.jpg,train,19.4151785714,0.1835220364738245,1.734088145895298
1313706108.jpg,test,34.4159663866,0.3610942249245196,2.4443768996980784
1314838096.jpg,train,64.1756756757,0.7133755031629394,3.8535020126517576
1315889745.jpg,train,27.7567567568,0.2822656699257392,2.129062679702957
1316239068.jpg,val,61.6165254237,0.683081500179888,3.732326000719552
1317678723.jpg,train,38.9197247706,0.4144075736867548,2.657630294747019
132921013.jpg,train,72.5909090909,0.8129910321784437,4.251964128713775
1329449674.jpg,train,44.6592920354,0.4823498399547827,2.929399359819131
1329713028.jpg,test,52.7632743363,0.5782809263793477,3.3131237055173908
1331642031.jpg,test,54.2905405405,0.5963599769977277,3.3854399079909108
1332211559.jpg,train,22.610619469,0.2213481453583678,1.8853925814334715
13325497.jpg,train,60.2307692308,0.6666775777416933,3.666710310966773
133829142.jpg,train,23.4125,0.2308404255319059,1.923361702127624
134343714.jpg,train,40.031512605,0.4275683890572131,2.710273556228852
1348094685.jpg,test,72.3834745763,0.8105355210965254,4.242142084386101
1348788122.jpg,train,49.6,0.5408355899419146,3.1633423597676584
1351464251.jpg,train,68.8504672897,0.7687134619205321,4.074853847682128
1351917139.jpg,train,61.025862069,0.676089508437599,3.704358033750396
1352428885.jpg,train,51.5794392523,0.5642672499497947,3.257068999799179
135352055.jpg,train,15.8361344538,0.1411550151977926,1.5646200607911704
135403304.jpg,train,25.0567226891,0.2503039513680576,2.0012158054722304
1357295757.jpg,train,70.8181818182,0.79200633022695,4.1680253209078
1360063696.jpg,train,70.4816513761,0.7880226429819758,4.152090571927904
1360663704.jpg,train,77.2243589744,0.8678396072016846,4.471358428806738
1362231035.jpg,train,72.6766055046,0.814005465547581,4.256021862190324
136287514.jpg,train,22.79375,0.2235159574468007,1.894063829787203
1367218588.jpg,train,29.3156779661,0.3007194374323436,2.2028777497293746
1368120580.jpg,train,78.6059322034,0.8841940137035775,4.53677605481431
136948336.jpg,train,78.9625,0.8884148936169076,4.553659574467631
1375320148.jpg,train,55.15,0.606533849129525,3.4261353965181
137731604.jpg,train,21.5903361345,0.2092705167178668,1.837082066871468
137841242.jpg,train,70.7125,0.790755319148838,4.163021276595352
138750201.jpg,train,56.34375,0.6206648936169502,3.482659574467801
1387568510.jpg,train,27.8310810811,0.28314548591165,2.1325819436466
1392405539.jpg,train,60.7524271845,0.6728527163812359,3.691410865524944
139253033.jpg,train,30.90625,0.3195478723404025,2.27819148936161
1396109073.jpg,val,63.4343220339,0.7045997115037221,3.818398846014889
139611767.jpg,train,17.6386554622,0.1624924012159865,1.649969604863946
1396758393.jpg,train,54.25,0.595880077369372,3.383520309477488
139999071.jpg,test,25.68125,0.2576968085106251,2.0307872340425
1402675396.jpg,val,29.9102564103,0.3077577741412476,2.2310310965649904
1404458044.jpg,train,42.0957943925,0.4520043746268416,2.8080174985073665
1408118135.jpg,test,44.5132743363,0.4806213519112781,2.9224854076451123
1408827056.jpg,train,30.6852678571,0.316931990880929,2.267727963523716
14092652.jpg,train,69.0275423729,0.7708095924992242,4.083238369996897
1410303503.jpg,train,68.9888392857,0.7703514437687329,4.081405775074932
141087919.jpg,train,79.5483193277,0.8953495440724655,4.581398176289862
1413089132.jpg,train,40.5405405405,0.4335940195509452,2.7343760782037805
141683460.jpg,train,68.5945378151,0.7656838905771051,4.06273556230842
1418012844.jpg,train,21.411637931,0.2071551724133797,1.828620689653519
142117255.jpg,val,67.9625,0.7582021276594816,4.032808510637926
142607218.jpg,train,55.8625,0.6149680851063127,3.459872340425251
1427484100.jpg,train,71.65,0.8018529980656641,4.2074119922626565
1428835063.jpg,train,52.775862069,0.5784299339695295,3.313719735878118
1429120335.jpg,train,59.5675675676,0.6588269120187081,3.635307648074833
1429419760.jpg,train,68.4807692308,0.7643371522097628,4.057348608839051
1429848565.jpg,train,67.8325688073,0.7566640640244258,4.026656256097703
1430765461.jpg,train,52.8571428571,0.5793920972638659,3.3175683890554635
1431934782.jpg,train,64.1272321429,0.712802051672154,3.851208206688616
143394138.jpg,test,29.94375,0.3081542553191277,2.23261702127651
1434258458.jpg,val,67.8608695652,0.7569990749303211,4.027996299721284
143622689.jpg,test,62.7375,0.696351063829704,3.785404255318816
143643298.jpg,train,22.1449579832,0.2158358662614712,1.8633434650458849
143899204.jpg,train,44.8625,0.4847553191488867,2.939021276595547
144272742.jpg,train,24.16875,0.239792553191479,1.959170212765916
1446670895.jpg,train,61.3326086957,0.6797206290476643,3.718882516190657
145089144.jpg,train,19.425,0.183638297872339,1.7345531914893562
145215893.jpg,val,10.14375,0.0737712765957608,1.295085106383043
145517507.jpg,train,41.35625,0.4432499999999572,2.772999999999829
1459611891.jpg,train,34.7236842105,0.3647368421049213,2.458947368419685
1461013559.jpg,train,63.8881578947,0.7099720044787619,3.839888017915048
1465282532.jpg,test,35.6941964286,0.3762253039516739,2.5049012158066954
1465706268.jpg,test,59.78125,0.6613563829786459,3.645425531914584
1466864952.jpg,train,47.3169291339,0.5138096833644875,3.05523873345795
146926363.jpg,train,9.9375,0.071329787234059,1.285319148936236
1473138944.jpg,train,31.8050458716,0.3301873902015071,2.3207495608060285
147639760.jpg,val,47.40625,0.5148670212765415,3.059468085106166
147783170.jpg,train,34.2079831933,0.3586322188452241,2.4345288753808965
1487386722.jpg,train,28.9459459459,0.2963427257038646,2.185370902815458
14898266.jpg,train,38.7727272727,0.4126674872512658,2.650669949005063
1490095554.jpg,train,55.0669642857,0.6055509118538656,3.4222036474154622
1492755190.jpg,train,60.2058823529,0.6663829787228385,3.665531914891354
1494601659.jpg,train,31.0481651376,0.3212277962129592,2.284911184851837
149795981.jpg,train,63.0483193277,0.7000303951363264,3.8001215805453055
149836125.jpg,val,46.756302521,0.5071732522794828,3.0286930091179314
149867784.jpg,train,72.8928571429,0.816565349544478,4.266261398177912
1500316824.jpg,train,72.0955882353,0.8071276595744369,4.228510638297747
15012954.jpg,train,25.891025641,0.2601800327329071,2.0407201309316285
1511406857.jpg,train,74.9679487179,0.8411292962349963,4.364517184939985
1513796016.jpg,train,70.1216216216,0.7837607820583014,4.135043128233205
1516506386.jpg,train,66.786637931,0.7442828319877622,3.977131327951049
1519242706.jpg,train,73.9430693069,0.828997261427803,4.315989045711212
1519650440.jpg,test,53.156779661,0.5829390551746352,3.3317562206985407
1527228794.jpg,train,25.3125,0.2533317214700068,2.013326885880028
152780037.jpg,train,40.6554621849,0.4349544072950997,2.739817629180399
1529757375.jpg,train,66.775,0.7441450676981685,3.976580270792674
153557108.jpg,train,67.4159663866,0.7517325227967978,4.006930091187192
153876946.jpg,train,52.9264705882,0.5802127659569644,3.320851063827857
1539716347.jpg,train,37.9827586207,0.4033162142333948,2.6132648569335792
1540229828.jpg,val,72.9125,0.8167978723403232,4.267191489361293
154270569.jpg,test,70.4772727273,0.7879708106209391,4.151883242483756
1543375325.jpg,train,23.9474789916,0.2371732522796651,1.9486930091186605
1543929747.jpg,val,33.7203389831,0.3528597187167453,2.411438874866981
154603426.jpg,train,64.0,0.7112959381043632,3.845183752417453
154740129.jpg,train,7.6,0.043659574468106,1.174638297872424
155289213.jpg,train,48.0735294118,0.5227659574471709,3.091063829788684
155365010.jpg,train,21.14375,0.2039840425531868,1.815936170212748
155711788.jpg,train,13.16875,0.1095797872340529,1.4383191489362115
155797839.jpg,train,79.4096638655,0.8937082066862684,4.574832826745073
1558503807.jpg,train,58.6728971963,0.6482362298671508,3.592944919468603
156015117.jpg,train,62.0777310924,0.6885410334341309,3.754164133736524
156117321.jpg,train,32.2668067227,0.3356534954408331,2.3426139817633325
1561250178.jpg,val,61.4191176471,0.6807446808514707,3.722978723405882
1562015932.jpg,train,56.0233050847,0.616871619184386,3.467486476737544
156266461.jpg,test,41.0125,0.4391808510637877,2.7567234042551507
156451756.jpg,train,48.0735294118,0.5227659574471709,3.091063829788684
1565882132.jpg,train,43.5878378378,0.469666474985129,2.878665899940516
1571972975.jpg,test,50.9004854369,0.5562301177442873,3.2249204709771493
1572596360.jpg,train,56.0252293578,0.6168943978137322,3.467577591254929
1572804254.jpg,train,50.7844827586,0.5548569332352044,3.2194277329408174
1573719804.jpg,train,72.5,0.8119148936169197,4.247659574467679
1576235224.jpg,train,28.9065217391,0.2958760407026732,2.183504162810693
1580074951.jpg,train,67.5892857143,0.7537841945289523,4.015136778115809
158100229.jpg,train,53.7584033613,0.5900607902729628,3.360243161091851
159144665.jpg,test,74.15,0.8314468085105338,4.325787234042135
159838722.jpg,train,74.9033613445,0.8403647416407837,4.361458966563134
160123908.jpg,train,63.3949579832,0.7041337386018189,3.816534954407276
16057476.jpg,train,41.6363636364,0.4465658519434151,2.78626340777366
16079437.jpg,test,53.0868644068,0.5821114316626352,3.328445726650541
160981911.jpg,train,64.25,0.7142553191488502,3.857021276595401
160999577.jpg,val,30.5909090909,0.3158150167046352,2.2632600668185407
161483962.jpg,train,53.9375,0.5921808510637633,3.368723404255053
161551525.jpg,train,42.86875,0.4611542553191032,2.844617021276413
1626230781.jpg,val,15.2293577982,0.1339722818665132,1.535889127466053
163208499.jpg,test,27.3181818182,0.2770740284862197,2.1082961139448786
1634910276.jpg,train,76.9,0.8639999999998902,4.455999999999561
163666873.jpg,train,44.8151260504,0.4841945288750919,2.936778115500368
163977327.jpg,train,22.38125,0.2186329787233973,1.874531914893589
1646704912.jpg,train,59.7617924528,0.6611260537932223,3.644504215172889
165074300.jpg,train,71.3676470588,0.7985106382974945,4.194042553189978
16523804.jpg,train,42.1806722689,0.4530091185408995,2.812036474163598
1654836945.jpg,train,48.4375,0.5270744680850502,3.108297872340201
1663721615.jpg,train,15.4201680672,0.1362310030392015,1.5449240121568062
166528976.jpg,test,62.25625,0.6906542553190668,3.762617021276267
1669800671.jpg,train,60.0878378378,0.6649856239212681,3.659942495685073
1674951001.jpg,train,44.468487395,0.480091185410783,2.920364741643132
1679551869.jpg,train,67.1398305085,0.7484637576633901,3.993855030653561
16799807.jpg,test,39.9030172414,0.4260473220838439,2.7041892883353755
1682888994.jpg,train,66.4934210526,0.7408118701003198,3.963247480401279
1693839090.jpg,train,22.0669642857,0.2149126139815874,1.8596504559263496
169625095.jpg,train,43.9831932773,0.4743465045590935,2.897386018236374
169779095.jpg,train,66.3125,0.7386702127658675,3.95468085106347
1708787959.jpg,train,58.9579831933,0.6516109422494327,3.606443768997731
171857013.jpg,train,48.9875,0.5335851063829214,3.134340425531686
174715115.jpg,train,28.3151260504,0.2888753799389528,2.155501519755811
1748861184.jpg,test,62.2457627119,0.6905301117926218,3.762120447170487
175326787.jpg,test,35.2272727273,0.3706980833482782,2.482792333393113
1755366250.jpg,train,14.7262931034,0.1280172413787463,1.5120689655149857
17606027.jpg,test,69.3863636364,0.7750571478814673,4.10022859152587
176663631.jpg,train,66.1818181818,0.7371232635833068,3.9484930543332273
1777841357.jpg,train,55.7981651376,0.6142065196171679,3.4568260784686715
178403727.jpg,train,32.2125,0.3350106382978468,2.340042553191388
1792473649.jpg,train,73.8516949153,0.8279156148579926,4.31166245943197
1794888173.jpg,test,49.5911016949,0.5407302560401506,3.1629210241606023
1795186582.jpg,train,35.3378378378,0.3720069005170595,2.488027602068238
1796317547.jpg,train,81.6077981651,0.9197286746041596,4.678914698416639
1797683075.jpg,test,34.8897058824,0.3667021276601009,2.466808510640404
1798554647.jpg,train,49.4048672566,0.5385257013740078,3.154102805496031
1799451312.jpg,val,62.0945945946,0.6887406555491482,3.754962622196593
1802306299.jpg,test,40.2236842105,0.4298432250836343,2.719372900334537
1805206682.jpg,train,30.7876106195,0.3181434758052769,2.272573903221108
1807195948.jpg,test,34.0,0.3561702127659286,2.424680851063714
1809848435.jpg,test,24.7278761062,0.2464112219921433,1.9856448879685733
1812202754.jpg,test,78.4661016949,0.882538766678394,4.530155066713576
181220864.jpg,train,28.98125,0.2967606382978529,2.187042553191412
1814122396.jpg,train,60.5128205128,0.6700163666117895,3.680065466447158
1820291567.jpg,train,26.9978991597,0.2732826747724485,2.0931306990897944
18238731.jpg,train,21.1666666667,0.204255319149326,1.817021276597304
183156510.jpg,val,48.8361344538,0.5317933130700707,3.127173252280283
18438855.jpg,test,74.6207627119,0.8370194734947262,4.348077893978905
185458280.jpg,train,11.1911764706,0.0861702127661108,1.3446808510644432
186520031.jpg,val,60.8298319328,0.6737689969607251,3.695075987842901
187485230.jpg,train,45.7163865546,0.4948632218841888,2.9794528875367554
187499391.jpg,test,46.8256302521,0.5079939209725813,3.0319756838903253
187640892.jpg,train,37.8181818182,0.4013680323546718,2.605472129418687
1896792999.jpg,train,67.7783018868,0.756021678040944,4.024086712163776
189899579.jpg,train,45.825,0.4961489361701616,2.9845957446806466
1929087646.jpg,train,45.6470588235,0.4940425531910902,2.976170212764361
19300996.jpg,train,23.4935897436,0.2318003273323546,1.9272013093294185
194278089.jpg,train,61.5,0.6817021276594937,3.726808510637975
194369363.jpg,train,29.4625,0.3024574468084903,2.209829787233961
1946326263.jpg,test,67.0736607143,0.7476804711246979,3.990721884498792
1947195937.jpg,val,41.0818584071,0.4400018828847778,2.760007531539112
19502065.jpg,train,5.08974358974,0.0139443535188047,1.055777414075219
1966235400.jpg,train,68.7094594595,0.7670442783212595,4.068177113285039
196734006.jpg,train,72.4768907563,0.8116413373858868,4.246565349543547
1970440733.jpg,test,55.875,0.6151160541585372,3.460464216634149
197324620.jpg,val,62.5630252101,0.6942857142858205,3.777142857143282
1979184408.jpg,train,53.5200892857,0.5872397416411026,3.3489589665644104
198187235.jpg,train,60.1365546218,0.66556231002974,3.66224924011896
1987196687.jpg,train,23.6008403361,0.2330699088141725,1.9322796352566904
1988371580.jpg,test,68.4935344828,0.7644882611889505,4.057953044755802
1990074154.jpg,test,82.4868421053,0.9301343784997558,4.720537513999023
1990510796.jpg,train,64.4179389313,0.7162433003085327,3.86497320123413
1992159390.jpg,train,72.4756637168,0.8116268122761383,4.246507249104553
1993125888.jpg,train,53.5735294118,0.5878723404258839,3.3514893617035355
19943010.jpg,test,77.2605042017,0.8682674772037657,4.473069908815063
1995190133.jpg,val,77.369266055,0.8695549482718428,4.478219793087371
20079130.jpg,train,44.7179487179,0.4830441898520746,2.9321767594082986
200825729.jpg,train,67.06875,0.7476223404254405,3.990489361701762
2017266.jpg,train,62.5953389831,0.6946682293549887,3.778672917419955
2020522728.jpg,train,65.7747524752,0.732304613439416,3.929218453757664
202351926.jpg,train,74.6953781513,0.8379027355626719,4.351610942250687
202551289.jpg,train,34.3466386555,0.3602735562314211,2.441094224925685
2034844231.jpg,train,61.0630841121,0.6765301252727479,3.706120501090992
2035975268.jpg,test,15.1428571429,0.1329483282679912,1.5317933130719648
203950866.jpg,test,72.7542016807,0.814924012158281,4.259696048633124
2041755502.jpg,test,74.1064356436,0.8309311143883519,4.323724457553407
2044507520.jpg,train,80.26875,0.9038776595743518,4.615510638297407
2047083409.jpg,train,47.536407767,0.5164077669903517,3.065631067961407
20522527.jpg,train,64.6730769231,0.7192635024551782,3.877054009820713
2053452455.jpg,train,62.0647321429,0.6883871580551367,3.753548632220547
2054743275.jpg,train,54.625,0.6003191489361024,3.401276595744409
2055589084.jpg,test,38.4806034483,0.4092094644169762,2.636837857667905
205662428.jpg,train,36.6344537815,0.3873556231001208,2.549422492400484
2058985902.jpg,train,40.4247787611,0.4322236866884154,2.728894746753662
2059981058.jpg,test,58.75,0.6491489361701371,3.5965957446805485
2060529660.jpg,train,43.2456896552,0.4656162876011606,2.8624651504046428
206294085.jpg,train,26.9875,0.2731595744680694,2.092638297872278
2063421762.jpg,train,34.8102678571,0.3657617781149638,2.463047112459855
2063914625.jpg,train,44.3125,0.4782446808510154,2.912978723404062
2064478851.jpg,train,42.5420353982,0.4572867633210071,2.8291470532840286
2064690658.jpg,train,40.7898230088,0.4365449067965849,2.74617962718634
2065542928.jpg,train,60.6651785714,0.6718199088141722,3.687279635256689
2065722620.jpg,test,67.9662162162,0.7582461184585995,4.032984473834398
2068650026.jpg,train,65.1928571429,0.7254164133742796,3.901665653497119
2070418201.jpg,test,46.8109756098,0.507820446290036,3.031281785160144
2072843602.jpg,train,63.9946428571,0.7112325227957598,3.844930091183039
2074092022.jpg,test,68.2866972477,0.7620398204175545,4.048159281670218
2082936451.jpg,train,68.8815789474,0.7690817469207718,4.076326987683087
2084725313.jpg,train,65.8950892857,0.7337291033432068,3.9349164133728274
2088433684.jpg,test,33.8526785714,0.3544262917929462,2.4177051671717846
208949930.jpg,val,72.6848739496,0.8141033434651824,4.256413373860729
2093280771.jpg,train,41.941588785,0.4501789620196853,2.8007158480787413
2093652366.jpg,train,45.2291666667,0.4890957446811956,2.9563829787247826
2094668596.jpg,train,55.8834745763,0.6152163721603863,3.460865488641545
2096424103.jpg,train,54.8851351351,0.6033985048873823,3.4135940195495293
2097618827.jpg,train,35.8581081081,0.3781656124208031,2.5126624496832126
2098594651.jpg,train,21.4776785714,0.2079369300908419,1.831747720363368
2099199686.jpg,train,67.0,0.7468085106382067,3.987234042552827
2100483102.jpg,train,55.768907563,0.6138601823704523,3.455440729481809
2102208013.jpg,test,81.017699115,0.912743362831217,4.650973451324868
2111309017.jpg,train,71.425,0.7991895551256258,4.196758220502503
2113239475.jpg,train,58.5328947368,0.6465789473678475,3.58631578947139
2113638482.jpg,train,50.2790178571,0.5488734802425942,3.1954939209703768
2114240861.jpg,train,52.046875,0.5698005319148306,3.2792021276593224
2114797362.jpg,train,56.9428571429,0.6277568389062103,3.511027355624841
211562425.jpg,train,35.2478991597,0.370942249240518,2.4837689969620724
2115915075.jpg,val,55.8086956522,0.6143311748383516,3.4573246993534066
211603206.jpg,test,65.474789916,0.7287537993924069,3.915015197569628
2124048872.jpg,train,49.7826086957,0.5429972247923668,3.171988899169467
2125272449.jpg,train,47.0379464286,0.5105072188452695,3.042028875381078
2125535764.jpg,train,55.7224770642,0.6133105602183131,3.4532422408732524
2125600207.jpg,train,70.4189189189,0.7872800460031287,4.149120184012515
2126677316.jpg,test,29.3990384615,0.3017062193121268,2.206824877248508
2126890271.jpg,train,44.8658536585,0.484795018162465,2.9391800726498603
2127908996.jpg,train,36.0448717949,0.3803764320788608,2.521505728315443
2128879923.jpg,train,31.2008928571,0.3230357142851833,2.2921428571407336
2129246782.jpg,train,64.7429245283,0.7200903251705049,3.88036130068202
2129680216.jpg,train,79.5642201835,0.895537770837448,4.5821510833497925
2131254561.jpg,train,39.2369565217,0.4181628122104138,2.6726512488416554
2133766199.jpg,train,46.4090909091,0.5030631264287523,3.012252505715009
213439801.jpg,train,20.6197478992,0.1977811550156714,1.7911246200626856
2138715193.jpg,train,53.425,0.586114119922565,3.34445647969026
2138874780.jpg,test,70.4779411765,0.7879787234045057,4.151914893618023
213906996.jpg,test,86.6625,0.9795638297871058,4.918255319148424
214064484.jpg,train,53.73125,0.5897393617020615,3.358957446808246
2140758242.jpg,test,69.0817757009,0.7714515808306747,4.085806323322698
2140864586.jpg,train,62.552173913,0.6941572617940371,3.776629047176149
2142428164.jpg,train,74.0088495575,0.8297759367347118,4.319103746938847
2144290999.jpg,train,17.3565217391,0.1591526364473758,1.6366105457895033
2144963177.jpg,train,60.296875,0.6674601063829002,3.669840425531601
2145860500.jpg,train,62.7276785714,0.6962348024311896,3.78493920972476
2147067327.jpg,train,67.1486486486,0.7485681426100285,3.994272570440114
2147811000.jpg,train,45.2894736842,0.4898096304589516,2.9592385218358066
2148143527.jpg,train,58.0181451613,0.6404855868222777,3.561942347289111
2149719899.jpg,val,38.1621621622,0.4054399079935106,2.6217596319740424
2149726014.jpg,train,25.4527027027,0.2549913743530317,2.019965497412127
2150291485.jpg,test,50.8650442478,0.5558105818114208,3.2232423272456834
2152767186.jpg,train,73.4334862385,0.822965059534945,4.29186023813978
2154184161.jpg,train,53.6890756303,0.5892401215810481,3.3569604863241924
215794898.jpg,train,52.7878151261,0.5785714285719511,3.3142857142878044
2159705303.jpg,train,43.3549107143,0.4669091945289979,2.867636778115992
2161809899.jpg,test,57.7924107143,0.6378134498481196,3.5512537993924784
2164495332.jpg,train,39.9929245283,0.4271116017662963,2.708446407065185
2166503846.jpg,train,49.3851351351,0.5382921219086694,3.153168487634677
2167658722.jpg,train,54.3260869565,0.5967807585565672,3.387123034226269
2168323029.jpg,test,53.05,0.5816750483558345,3.326700193423338
2169516596.jpg,train,60.9054054054,0.6746635997698391,3.698654399079357
2170460897.jpg,train,47.1415929204,0.5117341366979115,3.046936546791646
2172409998.jpg,val,56.0,0.6165957446807806,3.4663829787231224
2174764653.jpg,train,72.9543478261,0.8172932469935765,4.269172987974306
2178785463.jpg,train,58.2599009901,0.6433473772908577,3.5733895091634307
2181528959.jpg,test,71.1949152542,0.7964659213842413,4.185863685536965
2182811741.jpg,train,68.6176470588,0.7659574468081379,4.063829787232551
2183577836.jpg,train,42.6976744186,0.4591291439880243,2.836516575952097
218453569.jpg,train,61.6617647059,0.6836170212767235,3.734468085106894
218457399.jpg,train,43.075,0.463595744680805,2.85438297872322
21852937.jpg,train,45.8636363636,0.4966062950584245,2.986425180233698
2189906236.jpg,train,57.1294642857,0.629965805470883,3.519863221883532
2189933975.jpg,train,46.1578947368,0.5000895856657431,3.0003583426629725
2190310.jpg,val,58.3269230769,0.6441407528638091,3.5765630114552365
2191202126.jpg,train,44.4173728814,0.479486116120199,2.917944464480796
2191549592.jpg,test,50.7682926829,0.5546652828226628,3.2186611312906512
2191619969.jpg,test,59.575,0.6589148936169441,3.635659574467776
2191898704.jpg,train,63.6282608696,0.7068954671603639,3.827581868641456
2194214783.jpg,train,75.1113445378,0.8428267477200792,4.371306990880317
2195703133.jpg,test,52.3982300885,0.5739597062699944,3.295838825079977
2196513263.jpg,train,13.375,0.1120212765957546,1.448085106383019
2197565905.jpg,train,67.4852941176,0.7525531914887126,4.010212765954851
2197636094.jpg,val,72.286407767,0.8093864903945603,4.237545961578242
2198895718.jpg,train,44.9766949153,0.4861071042197492,2.944428416878997
2199106763.jpg,val,50.775,0.5547446808510033,3.218978723404013
2199234449.jpg,test,45.2894736842,0.4898096304589516,2.9592385218358066
2199696686.jpg,train,75.5995762712,0.8486062026686431,4.394424810674572
2201178081.jpg,train,55.1357142857,0.6063647416410994,3.4254589665643977
220183616.jpg,train,41.5567226891,0.4456231003041966,2.7824924012167864
2202105982.jpg,train,37.2410714286,0.3945364741644369,2.578145896657748
2203797715.jpg,val,76.3096330275,0.8570115166890595,4.428046066756238
2204368170.jpg,val,44.2775423729,0.4778308690950155,2.911323476380062
220503608.jpg,train,27.0672268908,0.274103343465547,2.0964133738621884
2208434983.jpg,train,29.9096638655,0.3077507598778511,2.2310030395114047
2211658928.jpg,test,72.7873134328,0.815315973324339,4.261263893297356
2212296403.jpg,train,63.90625,0.7101861702126806,3.8407446808507215
2214729676.jpg,train,25.975,0.2611740812378973,2.0446963249515893
2215032826.jpg,train,71.95,0.8054042553190485,4.221617021276193
2215695798.jpg,test,63.0172413793,0.6996625091707404,3.7986500366829614
2217543976.jpg,val,76.1339285714,0.8549316109418027,4.41972644376721
2220192526.jpg,train,70.3302752294,0.7862307241854499,4.1449228967418
2221745311.jpg,val,39.110619469,0.4166672942945069,2.6666691771780275
2223002938.jpg,test,63.2569444444,0.7024999999993897,3.809999999997559
2223255997.jpg,val,46.825,0.5079864603481093,3.0319458413924374
222335349.jpg,train,64.9894957983,0.7230091185407173,3.892036474162869
2224984425.jpg,test,67.4459459459,0.7520874065548557,4.008349626219423
2225421381.jpg,train,77.3298319328,0.8690881458968642,4.476352583587457
2225683996.jpg,val,73.5168067227,0.8239513677811808,4.295805471124723
2227011292.jpg,val,70.6580188679,0.7901103974303623,4.160441589721449
2231043641.jpg,train,57.625,0.6358317214699458,3.543326885879784
2231397523.jpg,train,65.531779661,0.7294284168767394,3.9177136675069577
223186789.jpg,train,57.1,0.6296170212765233,3.518468085106093
223191871.jpg,train,40.724789916,0.4357750759881982,2.743100303952793
2232895391.jpg,train,46.9642857143,0.5096352583587783,3.0385410334351133
2233947320.jpg,train,45.9330357143,0.4974278115502696,2.9897112462010784
2234060892.jpg,train,27.7763157895,0.2824972004482227,2.1299888017928907
2234064642.jpg,test,44.125,0.4760251450676502,2.904100580270601
2235352888.jpg,test,70.5774336283,0.7891564677082116,4.156625870832846
2236041996.jpg,train,34.2894736842,0.3595968645015256,2.438387458006103
2236324282.jpg,test,72.5,0.8119148936169197,4.247659574467679
2237630871.jpg,val,78.55,0.883531914893504,4.5341276595740165
2239201463.jpg,train,68.2866972477,0.7620398204175545,4.048159281670218
2239403255.jpg,val,77.4711538462,0.8707610474636105,4.483044189854442
2239600333.jpg,train,58.525,0.6464854932300989,3.5859419729203954
2239987680.jpg,test,29.9121621622,0.3077803335254411,2.2311213341017644
224076897.jpg,test,62.2857142857,0.6910030395134265,3.764012158053706
2243689404.jpg,train,64.18125,0.7134414893616163,3.853765957446465
2243706700.jpg,test,53.3986486486,0.5858021851632459,3.343208740652984
2249130247.jpg,train,75.9708737864,0.8530014459820351,4.412005783928141
2250728053.jpg,train,76.6123853211,0.8605953542844788,4.442381417137915
2251792086.jpg,train,58.3938848921,0.6449334149702384,3.579733659880953
22533278.jpg,train,50.5,0.5514893617020676,3.2059574468082706
2255689742.jpg,val,58.75,0.6491489361701371,3.5965957446805485
2255948084.jpg,test,74.8644859813,0.8399045535889772,4.359618214355908
2256741921.jpg,train,45.8175675676,0.4960609545719255,2.9842438182877022
2259747766.jpg,train,51.5951327434,0.5644530220301275,3.25781208812051
2260527943.jpg,val,58.4472477064,0.645565098574718,3.582260394298872
2261421219.jpg,train,75.25,0.8444680851062762,4.377872340425105
2263434837.jpg,val,77.525862069,0.8714086573737381,4.485634629494952
226477214.jpg,train,38.5756302521,0.4103343465045117,2.641337386018047
2264946914.jpg,train,39.1737288136,0.4174143526870638,2.669657410748256
2266672191.jpg,test,57.30625,0.6320585106382249,3.5282340425529
2268779821.jpg,train,46.5642201835,0.5048994729651698,3.019597891860679
2269141846.jpg,train,54.8899082569,0.6034550068320942,3.4138200273283767
2275633566.jpg,train,39.3200934579,0.4191469477027618,2.676587790811048
2276757352.jpg,train,57.0405405405,0.6289131684870842,3.515652673948337
2276823208.jpg,train,69.2297297297,0.7732029902238194,4.092811960895277
2279663213.jpg,train,62.0654205607,0.6883953072174888,3.753581228869955
2280116666.jpg,test,34.0711206897,0.3570121056498047,2.4280484225992187
2280432289.jpg,val,43.4836448598,0.4684330880888816,2.8737323523555265
2280531345.jpg,train,32.7909482759,0.3418580337495053,2.367432134998021
2280668053.jpg,test,48.0907079646,0.522969308981283,3.091877235925132
22848476.jpg,train,58.0681818182,0.6410778969581152,3.564311587832461
2285382083.jpg,train,64.1272321429,0.712802051672154,3.851208206688616
2285789022.jpg,test,51.6,0.5645106382978102,3.258042553191241
228617373.jpg,train,34.2773109244,0.3594528875383226,2.4378115501532904
2286627596.jpg,train,37.5656779661,0.398379011900413,2.593516047601652
2286659351.jpg,train,62.53125,0.6939095744680024,3.7756382978720096
2287163032.jpg,train,60.475,0.6695686653770971,3.678274661508389
2292384520.jpg,train,66.9236111111,0.7459042553189263,3.9836170212757054
2292770854.jpg,train,57.4142857143,0.6333373860183331,3.5333495440733325
2293775114.jpg,val,43.6483050847,0.4703822574822817,2.8815290299291267
229400288.jpg,train,46.375,0.5026595744680329,3.010638297872132
22947511.jpg,val,13.9743589744,0.1191162029464847,1.476464811785939
2295329994.jpg,train,27.6869565217,0.2814394079551165,2.1257576318204663
2295909322.jpg,train,69.75,0.7793617021275632,4.117446808510253
2297923850.jpg,train,52.9181034483,0.5801137197360979,3.320454878944392
2298149104.jpg,train,63.0306603774,0.6998213568851929,3.799285427540772
2298165172.jpg,train,66.1357142857,0.7365775075985256,3.9463100303941023
2298963655.jpg,test,72.5514018692,0.8125233644863665,4.250093457945466
2300197705.jpg,train,59.4736842105,0.6577155655091299,3.63086226203652
2301461383.jpg,test,57.25,0.6313926499032154,3.5255705996128617
2303343292.jpg,train,60.8963414634,0.6745563051372666,3.6982252205490656
2304159288.jpg,train,54.8741610738,0.6032685991714134,3.4130743966856536
2304572915.jpg,train,37.6238317757,0.3990674090275928,2.5962696361103714
2305236722.jpg,val,25.4605263158,0.2550839865622619,2.020335946249048
2306462251.jpg,val,35.0405405405,0.3684876365722321,2.4739505462889286
2308986836.jpg,val,64.6869158879,0.719427321535596,3.877709286142384
2310631117.jpg,train,34.1542056075,0.357995625373085,2.43198250149234
231161527.jpg,train,52.8375,0.5791595744680206,3.3166382978720823
2311702728.jpg,train,41.5133928571,0.4451101823702703,2.7804407294810813
2311738871.jpg,train,44.7392241379,0.4832960381507207,2.933184152602883
2313971368.jpg,test,69.891025641,0.7810310965626113,4.124124386250445
2314346258.jpg,val,54.2754237288,0.5961810313737356,3.3847241254949423
2314745999.jpg,train,66.4310344828,0.7400733675719331,3.960293470287733
2317296071.jpg,train,37.546728972,0.3981547027246065,2.592618810898426
2318824279.jpg,train,60.9173728814,0.6748052650563381,3.699221060225352
2319588792.jpg,train,69.5631067961,0.7771493493077029,4.108597397230811
2322053874.jpg,val,80.0336134454,0.9010942249241548,4.60437689969662
2322154086.jpg,train,54.9785714286,0.6045045592707864,3.4180182370831456
2322493147.jpg,test,68.0951327434,0.7597721709662666,4.039088683865066
232327907.jpg,val,57.0861344538,0.6294528875381403,3.5178115501525613
2323279407.jpg,train,45.0924369748,0.487477203647486,2.949908814589944
2323828778.jpg,train,42.1875,0.4530899419728763,2.8123597678915053
2324511288.jpg,train,37.139380531,0.3933327057054196,2.5733308228216787
2325353113.jpg,val,14.5882352941,0.1263829787232031,1.5055319148928124
2329115753.jpg,train,51.7,0.565694390715605,3.26277756286242
2329258631.jpg,train,32.6768867925,0.3405078281819852,2.362031312727941
2329975863.jpg,train,57.4102564103,0.6332896890348128,3.533158756139251
233025659.jpg,train,66.3125,0.7386702127658675,3.95468085106347
233045606.jpg,train,65.2125,0.725648936170125,3.9025957446805
233045618.jpg,train,40.8634453782,0.4374164133743952,2.7496656534975807
2331420998.jpg,train,47.4869565217,0.5158223866784833,3.0632895467139334
2332998569.jpg,train,12.5347222222,0.1020744680848549,1.4082978723394195
2333476039.jpg,train,20.9137931034,0.2012619222297985,1.805047688919194
2337030121.jpg,test,74.2837837838,0.8330304772858835,4.332121909143535
23371433.jpg,train,43.5192307692,0.4688543371517983,2.875417348607193
2338832331.jpg,test,55.5338983051,0.6110782545980195,3.444313018392078
2339673410.jpg,train,29.7941176471,0.3063829787238707,2.225531914895483
2339723901.jpg,train,65.5135135135,0.7292121909140703,3.916848763656281
2341720836.jpg,train,62.6476377953,0.6952873178088842,3.781149271235537
2342012928.jpg,train,72.0825892857,0.8069737841942589,4.227895136777036
2344211137.jpg,val,68.6351351351,0.7661644623341649,4.06465784933666
2345921877.jpg,train,53.0882352941,0.5821276595741943,3.3285106382967773
2347131131.jpg,train,61.731092437,0.684437689969822,3.737750759879288
234944177.jpg,test,72.56875,0.8127287234041536,4.250914893616614
2349676135.jpg,test,37.025,0.3919787234042207,2.5679148936168827
2350031609.jpg,test,40.0,0.4271953578336154,2.7087814313344616
2355192446.jpg,train,64.6428571429,0.7189057750764084,3.8756231003056336
2355891811.jpg,val,34.9082568807,0.3669217255510023,2.467686902204009
2360058082.jpg,train,24.281779661,0.2411305445363917,1.964522178145567
2361724609.jpg,train,40.66875,0.435111702127618,2.7404468085104723
2362202039.jpg,test,75.6730769231,0.8494762684126043,4.397905073650417
2362957665.jpg,train,74.1041666667,0.8309042553194389,4.323617021277755
2363413290.jpg,train,47.75,0.5189361702127111,3.0757446808508444
2363717244.jpg,val,75.5296610169,0.8477785791554594,4.391114316621838
2364482871.jpg,train,59.5668316832,0.658818200969331,3.635272803877324
2364901003.jpg,train,43.5845588235,0.4696276595740729,2.878510638296292
2365109175.jpg,train,51.8871681416,0.5679099981171366,3.2716399924685464
2365855574.jpg,train,62.3918918919,0.6922599194939756,3.7690396779759023
2366273919.jpg,test,29.5066964286,0.3029806231006218,2.211922492402487
2366307779.jpg,train,63.7146017699,0.7079175296552109,3.831670118620844
2367261033.jpg,val,18.3175675676,0.1705290396783604,1.682116158713442
2367765365.jpg,val,44.3486842105,0.4786730123176691,2.9146920492706765
2371655336.jpg,train,40.5537383178,0.4337502485588291,2.7350009942353166
2371669291.jpg,train,66.8601694915,0.7451532636130233,3.980613054452093
2372696116.jpg,test,62.0353982301,0.6880399171531328,3.7521596686125314
2375572237.jpg,train,67.1299212598,0.7483464566923186,3.9933858267692735
2376113642.jpg,train,31.6959459459,0.3288959171932211,2.3155836687728844
2376602512.jpg,train,50.7920353982,0.5549463377890768,3.219785351156307
2378761573.jpg,train,64.5495049505,0.717800716241809,3.871202864967236
2380962902.jpg,train,72.1180555556,0.8073936170217019,4.229574468086808
2381196755.jpg,train,23.5401785714,0.2323518237078592,1.9294072948314367
2383953966.jpg,test,65.5526315789,0.7296752519590374,3.9187010078361495
2389241544.jpg,train,51.1,0.5585918762088363,3.2343675048353453
239029957.jpg,train,74.2794117647,0.8329787234040807,4.331914893616323
2393187912.jpg,train,36.482300885,0.3855545095090573,2.5422180380362294
240236110.jpg,train,72.8235294118,0.8157446808513794,4.262978723405517
2403326474.jpg,train,51.11875,0.5588138297871728,3.235255319148691
2405333928.jpg,val,51.0593220339,0.5581103498016179,3.232441399206472
2405495711.jpg,train,45.504587156,0.4923560413823865,2.9694241655295457
240689125.jpg,train,58.40625,0.6450797872339676,3.5803191489358706
2407446104.jpg,train,63.425,0.7044893617020432,3.817957446808173
2409675838.jpg,test,37.1890756303,0.393920972644909,2.575683890579636
2410920428.jpg,train,80.843220339,0.9106779661017782,4.642711864407113
2410933503.jpg,train,73.66875,0.8257499999998963,4.302999999999585
2413968824.jpg,train,27.7361111111,0.2820212765955961,2.128085106382384
2415334988.jpg,test,38.4094827586,0.4083675715331,2.6334702861324004
2415583702.jpg,val,29.3156779661,0.3007194374323436,2.2028777497293746
2415943373.jpg,train,70.9285714286,0.7933130699090541,4.173252279636216
2416231204.jpg,val,57.5921052632,0.6354423292277486,3.5417693169109943
2417107784.jpg,train,61.5257009346,0.682006363094217,3.728025452376868
2418067534.jpg,test,32.1281512605,0.3340121580546361,2.3360486322185445
2421141390.jpg,train,34.3716216216,0.3605692926966667,2.442277170786667
2421862008.jpg,train,75.7435897436,0.8503109656301283,4.401243862520513
2422029745.jpg,test,27.0486111111,0.2738829787232569,2.095531914893028
2422172125.jpg,train,34.6875,0.3643085106382677,2.457234042553071
242395156.jpg,train,13.4090909091,0.1124248285564741,1.4496993142258967
242503451.jpg,train,17.9772727273,0.1665007912786783,1.6660031651147134
2425646672.jpg,train,53.7860169492,0.5903876667873689,3.3615506671494755
2426998006.jpg,train,57.5304347826,0.6347123034225804,3.538849213690322
2428050358.jpg,train,57.4413793103,0.6336581071160506,3.5346324284642026
2429849599.jpg,train,63.5428571429,0.7058844984806658,3.8235379939226632
2431828879.jpg,train,54.4516806723,0.598267477203948,3.393069908815792
2433641656.jpg,val,55.2455752212,0.6076652231212927,3.4306608924851707
2434624532.jpg,train,28.9230769231,0.2960720130935435,2.184288052374174
2437860365.jpg,val,71.725,0.8027408123790101,4.21096324951604
2444482022.jpg,train,42.4902912621,0.4566742408588564,2.8266969634354258
244484608.jpg,train,16.0441176471,0.1436170212770881,1.5744680851083526
2444937456.jpg,train,67.7173913043,0.7553006475479074,4.0212025901916295
2447131470.jpg,train,50.2,0.5479381044486833,3.191752417794733
2447797924.jpg,val,41.65,0.4467272727272293,2.7869090909089174
2448776548.jpg,test,56.75625,0.6255478723403537,3.5021914893614148
2451920772.jpg,train,65.8214285714,0.7328571428567158,3.931428571426863
2455942045.jpg,train,57.7837837838,0.6377113283497443,3.550845313398977
2459843879.jpg,test,63.7,0.707744680850979,3.830978723403916
2459857216.jpg,train,75.25,0.8444680851062762,4.377872340425105
2460847286.jpg,val,36.3349056604,0.3838097149741407,2.535238859896563
2461703201.jpg,train,68.5894495413,0.7656236580129735,4.062494632051894
246188030.jpg,train,10.35,0.0762127659574625,1.30485106382985
2464934588.jpg,train,40.7986111111,0.4366489361700395,2.746595744680158
2465673065.jpg,train,39.373853211,0.4197833300798835,2.6791333203195338
2466673147.jpg,test,69.5603448276,0.7771166544388054,4.108466617755221
2471109874.jpg,train,18.6049107143,0.1739304711247893,1.6957218844991573
2473676566.jpg,train,15.0608695652,0.1319777983346761,1.5279111933387044
2473938827.jpg,train,63.6440677966,0.7070825820409055,3.828330328163622
2474265369.jpg,test,40.6717391304,0.4351470860309991,2.7405883441239967
2474539087.jpg,train,51.0298165138,0.5577610774940511,3.2310443099762045
2475938786.jpg,train,31.3875,0.3252446808510398,2.3009787234041594
2476813465.jpg,val,54.5114678899,0.5989752098378202,3.3959008393512806
2477552466.jpg,train,22.1081081081,0.2153996549740206,1.8615986198960823
2478250944.jpg,train,61.125,0.6772630560927633,3.709052224371053
2479736959.jpg,train,68.5894495413,0.7656236580129735,4.062494632051894
2481588554.jpg,train,12.7163865546,0.1042249240119106,1.4168996960476423
2486040810.jpg,test,57.5304347826,0.6347123034225804,3.538849213690322
2488865108.jpg,train,66.8625,0.7451808510637389,3.980723404254956
2489035588.jpg,train,40.9142857143,0.438018237082194,2.752072948328776
2489209226.jpg,train,54.8805309735,0.6033440030131232,3.4133760120524927
2490462635.jpg,train,58.3608490566,0.6445423524687685,3.578169409875074
2491353954.jpg,test,47.2876106195,0.513462624741416,3.053850498965664
2492228578.jpg,test,31.1756756757,0.3227372052906611,2.2909488211626448
2495556421.jpg,train,78.6875,0.8851595744679719,4.540638297871888
2495772957.jpg,train,45.8156779661,0.4960385863684826,2.9841543454739305
249590486.jpg,train,62.39375,0.6922819148935345,3.769127659574138
2496466506.jpg,train,16.1376146789,0.144723794651587,1.578895178606348
2500167386.jpg,train,79.4807692308,0.8945499181671889,4.578199672668756
2500618710.jpg,val,71.0891304348,0.795213691026934,4.180854764107735
2501256504.jpg,train,47.0889423077,0.5111108837970915,3.044443535188366
2502332369.jpg,train,66.4393203883,0.7401714521786256,3.9606858087145023
2503231447.jpg,train,54.953539823,0.6042082470342836,3.416832988137134
2503685415.jpg,train,53.9137931034,0.5919002201020767,3.367600880408306
2503869220.jpg,val,42.0186915888,0.4510916683238554,2.8043666732954216
2504686366.jpg,train,72.0338983051,0.8063974035341585,4.225589614136634
2508139577.jpg,train,32.95,0.3437408123790834,2.374963249516333
2508976529.jpg,train,76.8365384615,0.8632487725035266,4.452995090014106
2510458503.jpg,test,74.3173913043,0.8334283071223632,4.333713228489453
2512779647.jpg,train,57.6120689655,0.6356786500364062,3.542714600145625
2515829883.jpg,train,73.0260869565,0.8181424606841914,4.2725698427367655
2517368566.jpg,train,43.28125,0.4660372340425067,2.864148936170027
2517718928.jpg,test,73.0681818182,0.8186407596273326,4.2745630385093305
2519235976.jpg,train,31.2766990291,0.323933071679071,2.295732286716284
251925288.jpg,train,31.525,0.3268723404255076,2.3074893617020305
2519479147.jpg,val,66.5657894737,0.741668533034811,3.966674132139244
25239707.jpg,train,84.2756410256,0.951309328968294,4.8052373158731765
252435496.jpg,train,33.3125,0.3480319148935894,2.3921276595743577
2527050529.jpg,train,73.3414179104,0.821875198475038,4.287500793900152
2528064728.jpg,train,57.325,0.6322804642165616,3.5291218568662464
2529798721.jpg,train,44.2942477876,0.4780286198454294,2.9121144793817173
2530204171.jpg,train,73.2051282051,0.8202618657933439,4.281047463173376
2532088252.jpg,train,70.9456521739,0.7935152636445204,4.174061054578082
253771260.jpg,train,37.7125,0.4001170212765598,2.600468085106239
2537782042.jpg,train,67.2291666667,0.7495212765960476,3.9980851063841913
2538038277.jpg,val,68.8025210084,0.7681458966564007,4.072583586625603
2539036531.jpg,train,70.5656779661,0.7890173097726912,4.156069239090765
2539083530.jpg,train,53.6959459459,0.5893214491080732,3.3572857964322926
2539097876.jpg,train,58.3340336134,0.6442249240115461,3.5768996960461843
2539818768.jpg,test,40.1707317073,0.4292163985467215,2.716865594186886
2540676775.jpg,train,41.8455882353,0.4490425531915152,2.796170212766061
2542492471.jpg,val,40.8869565217,0.4376947271040277,2.7507789084161107
2545877303.jpg,train,39.7357142857,0.424066869300703,2.696267477202812
2547820942.jpg,train,74.3738938053,0.8340971568440652,4.336388627376261
2549004146.jpg,test,41.7740384615,0.448195581014231,2.7927823240569243
254969296.jpg,train,51.7478991597,0.5662613981766571,3.2650455927066284
255478501.jpg,train,8.76470588235,0.0574468085106221,1.229787234042489
2555211479.jpg,train,48.2043478261,0.5243145235893678,3.0972580943574712
2555644998.jpg,test,66.55,0.7414816247581302,3.9659264990325207
2557729909.jpg,test,77.1280487805,0.8666995329528103,4.466798131811242
255857546.jpg,val,75.1806722689,0.8436474164131776,4.37458966565271
255984640.jpg,train,43.2125,0.4652234042552728,2.860893617021091
255985226.jpg,train,24.6407563025,0.2453799392094665,1.9815197568378664
2562592972.jpg,train,33.0754310345,0.345225605282642,2.3809024211305685
2564368557.jpg,train,66.0917431193,0.736056997853133,3.944227991412532
2567523621.jpg,train,56.4230769231,0.6216039279871086,3.4864157119484345
2568268182.jpg,test,47.5586956522,0.516671600370282,3.066686401481128
2569693875.jpg,train,74.2628205128,0.8327823240585722,4.331129296234289
2569774614.jpg,train,37.1216216216,0.3931224841860232,2.572489936744093
2569803000.jpg,val,57.8815789474,0.6388689809633458,3.555475923853383
2569997123.jpg,train,71.9197247706,0.805045871559033,4.220183486236132
2570828036.jpg,train,70.1025641026,0.7835351882163671,4.134140752865468
257114018.jpg,train,46.99375,0.509984042553138,3.039936170212552
2571521736.jpg,train,58.247826087,0.643204440333465,3.57281776133386
2574200121.jpg,train,55.7828947368,0.614025755878491,3.456103023513964
25742613.jpg,train,17.0769230769,0.1558428805234614,1.6233715220938458
257457837.jpg,test,38.74375,0.4123244680850685,2.649297872340274
2575730355.jpg,train,60.1621621622,0.6658654399083627,3.66346175963345
2576250575.jpg,train,50.5,0.5514893617020676,3.2059574468082706
2578696926.jpg,train,75.6150442478,0.8487893052156296,4.395157220862519
2578890441.jpg,train,71.7142857143,0.802613981762987,4.210455927051948
2579041082.jpg,test,63.5096153846,0.7054909983630722,3.8219639934522887
2580252988.jpg,train,58.6691176471,0.6481914893621141,3.5927659574484565
2584408449.jpg,train,76.35,0.8574893617020188,4.429957446808075
258502837.jpg,train,49.5294117647,0.5399999999998721,3.159999999999489
2585752058.jpg,test,58.6728971963,0.6482362298671508,3.592944919468603
2585795694.jpg,train,48.2760869565,0.5251637372799829,3.100654949119932
2588726621.jpg,train,71.3899082569,0.7987741557682332,4.195096623072933
2588767665.jpg,train,61.0572033898,0.6764605120803379,3.705842048321352
258893048.jpg,train,58.475,0.6458936170212015,3.583574468084806
2589128365.jpg,train,51.3642857143,0.5617203647417488,3.246881458966995
2590631506.jpg,train,78.75625,0.8859734042552058,4.543893617020823
2593384818.jpg,train,31.8445945946,0.3306555491662266,2.3226221966649065
2596393826.jpg,train,53.472972973,0.5866820011503405,3.346728004601362
2601194994.jpg,train,51.0689655172,0.5582245047683412,3.2328980190733647
2601219815.jpg,train,46.4789915966,0.5038905775070887,3.0155623100283546
2602273170.jpg,train,45.3737864078,0.4908076843630753,2.9632307374523013
260267679.jpg,train,71.725,0.8027408123790101,4.21096324951604
2602795550.jpg,train,31.375,0.3250967117988155,2.300386847195262
2603439486.jpg,train,55.4646017699,0.6102579551871414,3.4410318207485657
2604683646.jpg,test,58.371559633,0.6446691391758632,3.578676556703453
2608308562.jpg,train,68.1785714286,0.7607598784196976,4.04303951367879
2612353606.jpg,test,79.375,0.893297872340311,4.573191489361244
2614925521.jpg,train,29.9885321101,0.3086843646301759,2.234737458520704
2615955728.jpg,train,66.7828947368,0.744238521835917,3.976954087343668
261641635.jpg,train,78.6689189189,0.8849396204711983,4.539758481884793
2619769686.jpg,train,72.0217391304,0.8062534690096633,4.225013876038654
2620467173.jpg,test,53.6025641026,0.588216039280228,3.352864157120912
2620618611.jpg,train,68.9576271186,0.7699819689860405,4.079927875944162
262123064.jpg,train,53.0868644068,0.5821114316626352,3.328445726650541
2621420457.jpg,train,45.34375,0.4904521276595241,2.9618085106380967
2622466873.jpg,test,57.9174311927,0.6392933827839182,3.557173531135673
2624809780.jpg,test,57.2375,0.6312446808509911,3.524978723403964
2624882684.jpg,test,70.0504201681,0.7829179331309901,4.1316717325239605
2627264031.jpg,test,74.5810810811,0.8365497412307107,4.346198964922843
2630235144.jpg,train,57.3876146789,0.6330216669919347,3.532086667967739
2631446955.jpg,train,79.925,0.8998085106381822,4.5992340425527285
2631646011.jpg,train,68.85625,0.7687819148935224,4.07512765957409
2633540206.jpg,train,71.506302521,0.8001519756836913,4.200607902734765
2634194915.jpg,train,43.4285714286,0.4677811550154891,2.8711246200619565
26344318.jpg,train,33.2948717949,0.3478232405895043,2.391292962358017
2634922777.jpg,train,35.5137614679,0.3740894007418405,2.496357602967362
2636294461.jpg,train,67.5546218487,0.753373860181811,4.013495440727244
2636589178.jpg,val,54.6973684211,0.6011758118705935,3.404703247482374
2638753115.jpg,train,35.5865384615,0.3749509001631789,2.499803600652716
2639149999.jpg,train,68.0023364486,0.7586736925829476,4.03469477033179
2640025600.jpg,test,47.2119565217,0.5125670675295477,3.050268270118191
264173063.jpg,train,34.9705882353,0.367659574468124,2.470638297872496
2641860474.jpg,train,42.0972222222,0.4520212765954374,2.80808510638175
2642678784.jpg,train,60.4462616822,0.6692284748453061,3.676913899381225
2643679552.jpg,train,72.3834745763,0.8105355210965254,4.242142084386101
2646059323.jpg,train,67.4380530973,0.7519939747687203,4.007975899074881
264903403.jpg,train,71.3075221239,0.7977989079269181,4.191195631707672
2649433967.jpg,train,33.1160714286,0.3457066869304022,2.3828267477216087
2649625286.jpg,train,67.6629464286,0.7546561550154433,4.0186246200617735
2650447326.jpg,train,28.4828125,0.290860372340407,2.1634414893616283
2652397944.jpg,test,70.3,0.7858723404254345,4.143489361701738
2653425342.jpg,train,58.4703389831,0.6458384421209539,3.5833537684838155
2654797164.jpg,val,71.6357142857,0.8016838905772387,4.206735562308955
2655416178.jpg,train,62.125,0.6891005802707111,3.756402321082844
2655543598.jpg,train,73.1138392857,0.8191812310027676,4.27672492401107
2656455723.jpg,train,48.0818965517,0.5228650036680373,3.0914600146721494
2657101675.jpg,test,61.5504587156,0.6822994339253968,3.7291977357015873
2659313316.jpg,test,71.9345794393,0.8052217140589246,4.2208868562356985
2664892520.jpg,val,54.5939849624,0.5999520076786324,3.3998080307145297
2667565926.jpg,train,69.1554054054,0.7723231742379086,4.0892926969516346
2670033779.jpg,train,55.0669642857,0.6055509118538656,3.4222036474154622
2670820241.jpg,train,42.25,0.4538297872339981,2.815319148935992
2672397400.jpg,train,67.7300884956,0.7554509508569133,4.0218038034276535
2676057580.jpg,train,73.5131578947,0.8239081746915097,4.295632698766038
2676808752.jpg,train,37.1197478992,0.3931003039518104,2.5724012158072416
2676837522.jpg,test,60.7720588235,0.6730851063825511,3.6923404255302046
2678740354.jpg,train,58.4553571429,0.6456610942253562,3.582644376901425
2679224314.jpg,test,17.01875,0.155154255319152,1.6206170212766082
2680180441.jpg,train,34.2864583333,0.3595611702123419,2.438244680849368
268066639.jpg,test,54.1666666667,0.5948936170216043,3.379574468086417
2683241926.jpg,train,68.0487288136,0.7592228633253072,4.036891453301228
26842976.jpg,train,39.5233050847,0.4215524702482469,2.686209880992988
26847054.jpg,val,58.6794871795,0.6483142389526131,3.5932569558104523
2688019250.jpg,val,52.8571428571,0.5793920972638659,3.3175683890554635
2688943738.jpg,train,46.890625,0.5087632978722871,3.0350531914891485
2688944098.jpg,train,27.4717391304,0.2788917668820879,2.115567067528352
268926698.jpg,train,53.4575471698,0.5864993978319963,3.3459975913279854
2690466413.jpg,train,49.0526315789,0.5343561030228982,3.1374244120915926
2692538398.jpg,train,59.1804347826,0.6542442183161944,3.6169768732647776
2693336679.jpg,train,39.9036697248,0.426055045871867,2.704220183487468
2693433475.jpg,train,58.8230088496,0.6500131801924813,3.6000527207699253
269509962.jpg,train,58.6763392857,0.6482769756836461,3.593107902734584
2696730288.jpg,train,67.8175675676,0.7564864864867776,4.025945945947111
2698401109.jpg,train,76.525,0.8595609284331598,4.438243713732639
2700852747.jpg,test,55.511682243,0.610815271425772,3.443261085703088
2702264162.jpg,train,60.5128205128,0.6700163666117895,3.680065466447158
2703329173.jpg,train,67.0736607143,0.7476804711246979,3.990721884498792
2703740653.jpg,val,61.2642857143,0.6789118541034322,3.715647416413729
2704389795.jpg,train,76.2987288136,0.8568824377933767,4.427529751173507
2704811.jpg,train,47.3974358974,0.5147626841239071,3.0590507364956285
2706980942.jpg,train,68.375,0.763085106382885,4.05234042553154
2709928858.jpg,train,51.025,0.5577040618954902,3.2308162475819606
271262860.jpg,train,58.891025641,0.6508183306051852,3.603273322420741
2713735764.jpg,test,51.5683453237,0.5641359253017638,3.256543701207056
2715023572.jpg,train,75.472972973,0.8471075330651926,4.388430132260771
2715181629.jpg,train,64.880733945,0.7217216474726401,3.886886589890561
2716631816.jpg,train,25.9579831933,0.2609726443771545,2.043890577508618
271837545.jpg,train,79.4121621622,0.8937377803338584,4.574951121335434
2718449902.jpg,train,36.179245283,0.3819670814931197,2.527868325972479
2720757001.jpg,test,32.8541666667,0.3426063829790913,2.370425531916365
272115602.jpg,train,57.2767857143,0.6317097264438652,3.526838905775461
2722913532.jpg,test,60.7935779817,0.6733398399380327,3.693359359752131
272411695.jpg,train,15.2627118644,0.1343671114315886,1.5374684457263543
2725001053.jpg,train,29.9513888889,0.308244680851174,2.2329787234046963
2725180694.jpg,train,71.0897435897,0.7952209492628877,4.180883797051551
272518935.jpg,train,57.65,0.6361276595743945,3.544510638297578
2725531194.jpg,test,68.1785714286,0.7607598784196976,4.04303951367879
2725531293.jpg,train,46.890625,0.5087632978722871,3.0350531914891485
2726553628.jpg,train,64.4891304348,0.7170860314524784,3.8683441258099136
2726774995.jpg,val,27.55,0.2798181818181651,2.1192727272726604
2730274502.jpg,train,44.6764705882,0.4825531914888948,2.930212765955579
2730850462.jpg,train,63.2155963303,0.7020105406990185,3.808042162796074
273181633.jpg,test,68.6792035398,0.7666861231402847,4.0667444925611385
2734143216.jpg,train,68.7331932773,0.7673252279633022,4.069300911853208
2736161037.jpg,train,46.2571428571,0.5012644376894102,3.005057750757641
2737304398.jpg,test,53.875,0.5914410058026415,3.365764023210566
273844105.jpg,test,79.7368421053,0.8975811870103994,4.590324748041597
2739007601.jpg,test,51.2071428571,0.559860182370252,3.239440729481008
2739038267.jpg,train,77.4934210526,0.8710246360577459,4.484098544230983
2741340609.jpg,train,62.3550420168,0.691823708206525,3.7672948328261
2741661469.jpg,val,69.0046728972,0.7705388745276883,4.082155498110753
2741854107.jpg,train,33.3067226891,0.3479635258361271,2.3918541033445084
2742066850.jpg,train,27.5022123894,0.2792524948222812,2.117009979289125
274223521.jpg,val,32.9976635514,0.3443050308211877,2.3772201232847507
2743703757.jpg,val,52.75,0.5781237911024502,3.3124951644098006
274390572.jpg,test,36.5169491525,0.3859646592133125,2.5438586368532503
2745252477.jpg,train,64.5907079646,0.7182884579174221,3.873153831669689
2746983219.jpg,test,67.5789473684,0.7536618141094009,4.014647256437604
2747111058.jpg,train,69.6283185841,0.77792129542484,4.11168518169936
2748301393.jpg,val,40.825,0.4369613152804224,2.747845261121689
2748370097.jpg,test,56.0252293578,0.6168943978137322,3.467577591254929
2749377637.jpg,train,57.3621495327,0.6327202227080972,3.530880890832389
2753587179.jpg,train,61.6850961538,0.6838932078553464,3.7355728314213854
2753606061.jpg,train,62.2096774194,0.6901029512701848,3.7604118050807394
2756512177.jpg,train,53.8584070796,0.5912445867062237,3.364978346824895
2759049308.jpg,train,45.3819444444,0.4909042553185724,2.9636170212742896
275983561.jpg,train,50.7270642202,0.554177239898632,3.216708959594528
276009784.jpg,train,62.8050847458,0.697151099892172,3.788604399568688
2761179748.jpg,train,63.2245762712,0.7021168409665388,3.8084673638661553
2762549217.jpg,train,69.8448275862,0.7804842259719421,4.121936903887768
2764211276.jpg,train,32.4217391304,0.3374875115629296,2.3499500462517187
2764419323.jpg,train,56.4230769231,0.6216039279871086,3.4864157119484345
2764641436.jpg,train,70.2673267327,0.7854855698337982,4.141942279335193
276570133.jpg,train,38.6449579832,0.4111550151976103,2.644620060790441
276590560.jpg,test,40.1689189189,0.429194939620207,2.716779758480828
2766412345.jpg,test,37.1216216216,0.3931224841860232,2.572489936744093
2768178889.jpg,train,42.6880530973,0.4590152513645117,2.836061005458047
2770155406.jpg,train,63.2433035714,0.702338525835444,3.809354103341776
2771131265.jpg,train,65.2065217391,0.7255781683621791,3.902312673448717
277244271.jpg,train,49.0582524272,0.5344226399505501,3.1376905598022
277758418.jpg,train,55.6995798319,0.6130395136773538,3.452158054709415
2778039171.jpg,test,68.8581081081,0.7688039102930813,4.075215641172325
2779185055.jpg,test,49.9889380531,0.5454396535492098,3.181758614196839
2780719978.jpg,train,59.9842519685,0.6637594236889356,3.6550376947557424
278235103.jpg,train,39.722972973,0.4239160437035579,2.695664174814232
2785267250.jpg,train,74.1146788991,0.8310286941246382,4.324114776498552
2785774595.jpg,train,59.5675675676,0.6588269120187081,3.635307648074833
278636331.jpg,val,58.0870535714,0.6413012917929005,3.565205167171602
2786566950.jpg,train,31.2268907563,0.3233434650455392,2.293373860182157
27896611.jpg,train,56.0705128205,0.6174304418983046,3.4697217675932186
2789763994.jpg,train,69.2570754717,0.7735266961059085,4.094106784423634
2790138273.jpg,train,59.2610619469,0.655198644322995,3.62079457729198
2795083224.jpg,train,66.8601694915,0.7451532636130233,3.980613054452093
2796774323.jpg,test,78.4174107143,0.8819623860182936,4.527849544073174
2798808586.jpg,test,62.1559633028,0.6894671091162351,3.757868436464941
2799264783.jpg,train,74.4809322034,0.8353642264695427,4.341456905878171
2799634889.jpg,train,62.2236842105,0.6902687569984864,3.7610750279939458
280028696.jpg,train,30.7415966387,0.3175987841950333,2.2703951367801336
2800893640.jpg,train,20.8925233645,0.2010101411813111,1.8040405647252444
2801033102.jpg,test,43.4978991597,0.4686018237085875,2.8744072948343504
2806740564.jpg,train,72.5245535714,0.8122055471120223,4.24882218844809
2807676440.jpg,val,63.175,0.7015299806575562,3.806119922630225
2807762234.jpg,test,70.4663865546,0.7878419452883976,4.15136778115359
2808063507.jpg,train,35.7331932773,0.376686930091024,2.506747720364096
2808265543.jpg,train,39.7682926829,0.4244525168652368,2.697810067460947
2808286292.jpg,test,72.3552631579,0.8102015677491211,4.240806270996485
2809274597.jpg,train,41.15,0.4408085106382554,2.7632340425530217
2811625726.jpg,train,74.9033613445,0.8403647416407837,4.361458966563134
2815247737.jpg,train,40.1327433628,0.4287667106002225,2.71506684240089
281609508.jpg,train,60.7361111111,0.6726595744678743,3.690638297871497
28173586.jpg,test,63.5862068966,0.7063976522381976,3.8255906089527913
2817883212.jpg,test,79.7695652174,0.8979685476410607,4.591874190564242
2818844013.jpg,test,71.0471698113,0.794716981131731,4.178867924526924
2819296433.jpg,test,46.1956521739,0.5005365402403117,3.0021461609612468
2819647550.jpg,train,66.7642857143,0.7440182370821453,3.976072948328581
2822019435.jpg,train,70.8551401869,0.7924438258100137,4.169775303240055
2823812300.jpg,train,61.2884615385,0.6791980360069215,3.716792144027686
2824487894.jpg,train,27.6911764706,0.2814893617022499,2.125957446809
2824866912.jpg,train,62.9826086957,0.6992525439412781,3.797010175765113
282730228.jpg,train,54.6986607143,0.6011911094225935,3.404764437690374
2828824744.jpg,train,41.2278761062,0.4417303709282824,2.766921483713129
28311109.jpg,train,5.16025641026,0.0147790507365655,1.0591162029462622
2832980159.jpg,train,71.640625,0.8017420212764959,4.206968085105983
2833068342.jpg,train,65.3220338983,0.7269455463395562,3.907782185358225
2833148596.jpg,train,65.3782051282,0.7276104746316023,3.910441898526409
2835381273.jpg,train,41.8495145631,0.4490890311917783,2.7963561247671134
2836089223.jpg,train,39.6155462185,0.4226443768998057,2.690577507599223
2836927819.jpg,train,82.0897435897,0.9254337152203136,4.701734860881254
2837843986.jpg,train,33.6673387097,0.3522323266989349,2.40892930679574
2838554535.jpg,train,39.9867256637,0.427038222556718,2.708152890226872
2838590977.jpg,train,47.9891304348,0.5217668825163393,3.087067530065357
2839454152.jpg,train,33.9294871795,0.3553355155484045,2.4213420621936184
2839494557.jpg,test,71.4369747899,0.799331306990593,4.197325227962372
2840937282.jpg,train,31.9564220183,0.3319793089980329,2.327917235992132
2841048687.jpg,train,55.6944444444,0.6129787234036593,3.4519148936146373
2841924891.jpg,train,68.945754717,0.7698414291450503,4.079365716580201
2844388238.jpg,train,67.8839285714,0.7572720364737332,4.029088145894933
2844802224.jpg,test,52.5067567568,0.5752443933299478,3.3009775733197912
2848340403.jpg,train,50.7079831933,0.5539513677813632,3.215805471125453
2848415190.jpg,train,72.6486486486,0.8136745255887415,4.254698102354967
2848420274.jpg,train,66.6732673267,0.7429408047182924,3.9717632188731695
2848518668.jpg,train,61.7018348624,0.6840913527231064,3.7363654108924256
285149839.jpg,train,42.6989795918,0.4591445940073356,2.8365783760293426
2851510265.jpg,test,63.1399082569,0.7011145813001637,3.804458325200655
285183593.jpg,train,20.8445945946,0.2004427832088005,1.8017711328352024
2852195444.jpg,test,64.3509174312,0.7154499316806566,3.8617997267226265
2852488757.jpg,train,71.4594594595,0.7995974698106161,4.198389879242464
2855163439.jpg,train,52.125,0.5707253384912329,3.2829013539649314
2856053454.jpg,test,26.95,0.2727156673113964,2.0908626692455856
2857618850.jpg,train,73.2394957983,0.8206686930087868,4.282674772035147
2858136334.jpg,train,34.1486486486,0.3579298447377503,2.431719378951001
2858839896.jpg,train,59.7631578947,0.6611422172447271,3.644568868978909
2859973577.jpg,train,74.1417910448,0.831349634804878,4.325398539219512
2861346409.jpg,test,62.5344036697,0.6939469061093253,3.775787624437301
286576891.jpg,train,48.0529661017,0.5225225387666834,3.0900901550667337
2866097268.jpg,test,46.0193965517,0.4984501100510199,2.99380044020408
2866556638.jpg,train,50.7972972973,0.5550086256468949,3.22003450258758
2867718050.jpg,test,31.86875,0.3309414893616772,2.323765957446709
2868335466.jpg,train,54.8214285714,0.6026443768992896,3.4105775075971585
2868514181.jpg,train,48.3411214953,0.5259335852054295,3.103734340821718
2871570084.jpg,train,65.9600840336,0.7344984802429126,3.9379939209716506
2871745051.jpg,train,78.9555084746,0.8883321312659442,4.553328525063777
287350518.jpg,train,33.5105932203,0.3503768481783783,2.401507392713513
2876226509.jpg,test,38.3676470588,0.4078723404252162,2.631489361700865
288113726.jpg,train,22.0128205128,0.2142716857607983,1.8570867430431928
288435225.jpg,train,45.9734513274,0.4979062323475074,2.9916249293900297
2886173632.jpg,train,45.9509345794,0.4976396897986487,2.990558759194595
2887792801.jpg,train,56.7756410256,0.6257774140747289,3.5031096562989155
2888444557.jpg,train,60.1378504673,0.665577649632177,3.662310598528708
2889093136.jpg,train,64.7121848739,0.7197264437683232,3.8789057750732927
288926242.jpg,train,53.9663865546,0.5925227963522584,3.3700911854090334
2889734029.jpg,test,74.6260504202,0.8370820668695734,4.348328267478294
2890317632.jpg,train,46.0344036697,0.4986277571731862,2.994511028692745
2893674566.jpg,train,73.4908088235,0.8236436170208251,4.294574468083301
289395722.jpg,train,38.3177570093,0.407281765758021,2.629127063032084
289462174.jpg,test,26.9695652174,0.2729472710454157,2.091789084181663
2897238920.jpg,train,40.2413043478,0.4300518038849419,2.720207215539768
2899446484.jpg,train,35.71875,0.3765159574467764,2.506063829787106
2901332011.jpg,train,61.5466101695,0.6822538766678882,3.7290155066715527
290161904.jpg,test,68.925,0.7695957446807562,4.078382978723025
2902284957.jpg,train,76.1184210526,0.8547480403130676,4.418992161252271
2903155533.jpg,train,60.5069444444,0.6699468085100332,3.6797872340401327
2904337110.jpg,train,31.8846153846,0.3311292962354722,2.3245171849418886
2904731239.jpg,train,63.8881578947,0.7099720044787619,3.839888017915048
2905127622.jpg,train,58.9,0.6509245647968294,3.6036982591873175
2905606337.jpg,train,61.9174107143,0.6866432370821544,3.7465729483286174
2906250648.jpg,train,43.7287735849,0.4713348052989624,2.8853392211958493
2906852026.jpg,train,69.608974359,0.7776923076925152,4.11076923077006
2906945782.jpg,train,62.39375,0.6922819148935345,3.769127659574138
2907072293.jpg,test,21.1666666667,0.204255319149326,1.817021276597304
290776828.jpg,train,71.3177570093,0.7979200636302991,4.191680254521197
290784782.jpg,train,71.5444915254,0.8006040389466083,4.202416155786433
2908299910.jpg,train,47.702173913,0.518370027751512,3.073480111006048
2908654044.jpg,train,41.5870535714,0.4459821428567614,2.7839285714270456
2909358760.jpg,train,70.5152173913,0.7884199814984632,4.153679925993853
2910495331.jpg,train,66.4159292035,0.7398945584630047,3.959578233852018
2910515798.jpg,train,65.7133027523,0.731577200858859,3.926308803435436
2910782740.jpg,test,56.1155462185,0.6179635258359448,3.47185410334378
2916069086.jpg,train,70.5256410256,0.7885433715215114,4.154173486086046
2916773975.jpg,train,68.3616504854,0.7629270811810437,4.051708324724174
2918475321.jpg,train,45.8175675676,0.4960609545719255,2.9842438182877022
2920995979.jpg,train,46.5543478261,0.504782608695754,3.019130434783016
2923794448.jpg,train,72.4466019417,0.811282792810738,4.245131171242952
2924727768.jpg,val,67.2920353982,0.7502654867252159,4.001061946900864
2926374384.jpg,train,68.3258928571,0.7625037993914963,4.050015197565985
2927008302.jpg,train,58.1554054054,0.6421104082804826,3.5684416331219304
2928622708.jpg,train,55.6206896552,0.6121056493032649,3.44842259721306
2931243331.jpg,train,66.3125,0.7386702127658675,3.95468085106347
2931922629.jpg,train,63.5862068966,0.7063976522381976,3.8255906089527913
2932540851.jpg,test,67.6239495798,0.7541945288749096,4.016778115499639
2933417983.jpg,train,37.4551282051,0.3970703764317093,2.588281505726837
2933544143.jpg,train,48.7931034483,0.5312839325020631,3.1251357300082523
2937190977.jpg,train,73.1875,0.8200531914892588,4.280212765957035
2937238676.jpg,train,53.5353773585,0.5874207145725068,3.349682858290027
2937429297.jpg,train,47.3040540541,0.513657274296062,3.054629097184248
2938430307.jpg,val,72.5982142857,0.8130775075985133,4.252310030394053
2939787669.jpg,train,68.8652173913,0.7688880666048493,4.075552266419397
2941933060.jpg,val,79.4789915966,0.8945288753793669,4.578115501517468
2943372707.jpg,test,64.2033898305,0.7137035701404557,3.854814280561823
2944165349.jpg,train,39.9583333333,0.4267021276591397,2.7068085106365585
2946225988.jpg,train,33.3370535714,0.3483225683886918,2.393290273554768
2946661592.jpg,val,71.0210084034,0.7944072948331856,4.177629179332742
2948923084.jpg,train,74.9033613445,0.8403647416407837,4.361458966563134
2949029930.jpg,train,34.4375,0.3613491295937807,2.445396518375123
2951011449.jpg,train,68.2110091743,0.7611438610186996,4.044575444074798
2951329736.jpg,train,74.0818584071,0.830640180757056,4.322560723028224
2951685771.jpg,train,74.9679487179,0.8411292962349963,4.364517184939985
2952066894.jpg,val,70.2702702703,0.7855204140313069,4.142081656125228
2952908030.jpg,test,50.2179487179,0.5481505728307877,3.192602291323151
2953741163.jpg,train,45.186440678,0.4885899747569325,2.9543598990277298
2954125895.jpg,train,77.828125,0.874986702127548,4.499946808510192
2954406623.jpg,test,26.3739495798,0.2658966565345619,2.063586626138248
2956548148.jpg,train,28.5973451327,0.2922161551491573,2.1688646205966293
2957895882.jpg,train,44.8493150685,0.4845992422034709,2.938396968813884
2958115632.jpg,train,77.6071428571,0.8723708206680745,4.489483282672298
295960855.jpg,train,69.7037815126,0.7788145896654975,4.11525835866199
2960552821.jpg,test,23.9565217391,0.2372802960218314,1.9491211840873257
2962584804.jpg,test,61.3326086957,0.6797206290476643,3.718882516190657
296426748.jpg,train,27.0084745763,0.2734078615221429,2.093631446088572
2964711556.jpg,train,71.4196428571,0.7991261398170224,4.19650455926809
2964746234.jpg,test,38.725,0.412102514506732,2.6484100580269283
2965834083.jpg,train,81.775,0.921707930367386,4.686831721469543
2967177700.jpg,test,52.4888392857,0.5750322948325939,3.3001291793303755
296739390.jpg,test,55.0833333333,0.6057446808506005,3.422978723402402
2971073872.jpg,train,49.8060747664,0.5432750049716395,3.173100019886558
2971372651.jpg,train,71.7421259843,0.8029435416322326,4.21177416652893
2973164436.jpg,train,32.5652173913,0.3391859389453432,2.3567437557813733
2974085281.jpg,test,42.9551282051,0.4621767594104223,2.848707037641689
2975238945.jpg,train,71.7948717949,0.8035679214404956,4.214271685761982
2976379229.jpg,test,75.9491525424,0.85274432023101,4.41097728092404
2977820017.jpg,test,62.5855263158,0.6945520716685748,3.778208286674299
2978991004.jpg,train,50.56875,0.5523031914893015,3.209212765957206
2979597587.jpg,train,46.7354368932,0.5069262549059123,3.027705019623649
2980838635.jpg,train,65.3648648649,0.7274525589422485,3.909810235768994
2982904736.jpg,test,74.4469026549,0.8349614008664092,4.339845603465637
298323953.jpg,train,57.7382075472,0.637171818547052,3.548687274188208
298392087.jpg,test,64.2242990654,0.7139510837141269,3.8558043348565074
2985434942.jpg,test,49.125,0.5352127659573893,3.1408510638295573
2986131608.jpg,val,50.5723684211,0.5523460246365588,3.209384098546235
2988609766.jpg,train,49.9159292035,0.5445754095268656,3.1783016381074622
2990464677.jpg,train,71.5444915254,0.8006040389466083,4.202416155786433
2990600386.jpg,train,54.2234513274,0.595565806815577,3.382263227262308
2991438895.jpg,train,38.0909090909,0.4045964480392438,2.618385792156975
299211567.jpg,train,30.55,0.3153307543520086,2.261323017408034
2992631389.jpg,train,60.064159292,0.6647053285628619,3.658821314251448
299519765.jpg,train,74.95,0.8409168278528919,4.363667311411568
2998270477.jpg,train,41.2012711864,0.4414154345468975,2.76566173818759
2999079951.jpg,train,36.8473451327,0.3898757296172268,2.559502918468908
3000370105.jpg,train,62.25625,0.6906542553190668,3.762617021276267
3001984740.jpg,train,40.5720338983,0.4339668229353474,2.73586729174139
3003071617.jpg,train,71.0048543689,0.7942160710592204,4.176864284236881
3004729679.jpg,train,71.2836538462,0.7975163666125583,4.190065466450234
3005225950.jpg,train,74.3660714286,0.8340045592707498,4.336018237083
3005232085.jpg,train,50.266509434,0.5487254114817198,3.19490164592688
30054528.jpg,val,69.3072033898,0.7741200865484074,4.09648034619363
3006180799.jpg,val,55.1824324324,0.6069177688322096,3.4276710753288384
3007216990.jpg,val,39.1302521008,0.4168996960481161,2.6675987841924647
3009167692.jpg,train,79.1785714286,0.8909726443771238,4.563890577508495
3010841196.jpg,train,35.9712389381,0.3795048013561994,2.518019205424798
301104017.jpg,test,72.43125,0.8111010638296858,4.244404255318743
3011247965.jpg,test,55.2567567568,0.6077975848193043,3.4311903392772174
3012507882.jpg,train,47.6995412844,0.5183388639468078,3.073355455787232
3013640771.jpg,test,70.9776785714,0.7938943768992592,4.175577507597037
3014660789.jpg,train,73.525,0.8240483558993164,4.296193423597265
3014908112.jpg,train,67.7112068966,0.7552274394722325,4.02090975788893
3015139450.jpg,train,47.9857142857,0.5217264437687725,3.08690577507509
3016703765.jpg,train,72.2642857143,0.8091246200608583,4.236498480243434
3016815898.jpg,train,48.8361344538,0.5317933130700707,3.127173252280283
3017896883.jpg,train,20.9957627119,0.2022322394522741,1.8089289578090968
3018181041.jpg,test,49.2086956522,0.536203515263896,3.144814061055584
3020768905.jpg,train,69.0137795276,0.770646674485228,4.082586697940911
3020941119.jpg,train,48.4564220183,0.5272984579341721,3.1091938317366883
3021480593.jpg,train,77.468487395,0.8707294832830612,4.482917933132245
3021647597.jpg,train,66.8457943925,0.7449830980310502,3.979932392124201
3021659624.jpg,test,53.18125,0.5832287234041902,3.3329148936167607
3022463774.jpg,test,71.1596638655,0.7960486322181988,4.184194528872795
3022996908.jpg,train,58.75,0.6491489361701371,3.5965957446805485
3024891214.jpg,train,72.0887850467,0.8070471266648973,4.228188506659589
3025565947.jpg,train,73.2756410256,0.821096563010868,4.284386252043472
3026154930.jpg,test,56.61875,0.6239202127658858,3.495680851063544
302681636.jpg,test,53.5762711864,0.5879047962490018,3.351619184996008
3026852045.jpg,train,70.6238317757,0.789705706899871,4.158822827599484
3032057861.jpg,train,66.9243119266,0.7459125512393519,3.983650204957408
3033284037.jpg,train,24.1294642857,0.2393275075986048,1.957310030394419
3034148847.jpg,train,66.5105932203,0.7410151460506563,3.964060584202625
3035737878.jpg,train,46.3391304348,0.5022349676227253,3.0089398704909014
3038029410.jpg,train,54.3823529412,0.5974468085108494,3.3897872340433977
3038577350.jpg,train,72.0089285714,0.806101823707768,4.224407294831072
3039024.jpg,train,43.4487179487,0.4680196399342743,2.872078559737097
3040037970.jpg,train,77.1482300885,0.866938429674203,4.467753718696812
3043517594.jpg,train,67.2313084112,0.7495466295483495,3.998186518193398
3044304939.jpg,train,56.8995327103,0.6272439848878119,3.5089759395512474
3045035343.jpg,train,65.4697580645,0.7286942347286157,3.914776938914463
304760277.jpg,train,74.2660550459,0.8328206129223478,4.331282451689392
3047954017.jpg,train,74.725,0.8382533849128536,4.353013539651414
3048478105.jpg,train,75.3898305085,0.8461233321314597,4.384493328525839
3048498691.jpg,train,54.8788461538,0.6033240589191889,3.413296235676756
3048643650.jpg,val,53.2283464567,0.5837862288490722,3.3351449153962887
3049913075.jpg,val,71.2103448276,0.7966485693324192,4.186594277329677
3050837263.jpg,test,53.7702702703,0.5902012650951679,3.360805060380672
3051112804.jpg,train,33.9288793103,0.3553283198820524,2.42131327952821
3051623040.jpg,train,48.726635514,0.5304971167227286,3.1219884668909144
3052939128.jpg,train,73.1875,0.8200531914892588,4.280212765957035
3059406578.jpg,train,59.6418918919,0.659706728004619,3.638826912018476
306264588.jpg,train,20.2013274336,0.1928280926375832,1.7713123705503329
306315468.jpg,train,30.8967889908,0.3194358774152497,2.277743509660999
3067436148.jpg,train,31.018907563,0.3208814589662436,2.2835258358649746
3067455040.jpg,train,44.7457983193,0.4833738601819933,2.9334954407279734
3068655528.jpg,train,58.2434210526,0.6431522956322503,3.572609182529001
306909339.jpg,train,42.5446428571,0.4573176291787789,2.829270516715116
3069379747.jpg,val,63.1553398058,0.7012972526333706,3.8051890105334825
3070894795.jpg,test,37.743697479,0.4004863221885133,2.6019452887540533
3071201670.jpg,train,49.675,0.5417234042552607,3.1668936170210427
3072804517.jpg,test,63.1176470588,0.7008510638294249,3.803404255317699
3073021963.jpg,train,43.7831858407,0.4719789116925715,2.8879156467702862
3073780494.jpg,train,53.9059633028,0.5918075346481656,3.3672301385926624
3073970642.jpg,train,68.44375,0.7638989361701188,4.055595744680476
3074454678.jpg,train,62.641509434,0.6952147731838242,3.7808590927352967
307525026.jpg,train,60.9358974359,0.6750245499181176,3.7000981996724702
3075864902.jpg,test,19.0945378151,0.1797264437686878,1.7189057750747514
3076588969.jpg,train,63.1351351351,0.701058079355452,3.804232317421808
3077228870.jpg,test,34.3055555556,0.3597872340430498,2.4391489361722
3077416434.jpg,train,67.0,0.7468085106382067,3.987234042552827
3077626117.jpg,train,23.531512605,0.232249240121074,1.9289969604842965
3078114304.jpg,train,20.8925233645,0.2010101411813111,1.8040405647252444
3078217018.jpg,train,44.6592920354,0.4823498399547827,2.929399359819131
3078720945.jpg,train,46.6448598131,0.5058540465302606,3.0234161861210422
3084516747.jpg,test,30.6153846154,0.3161047463176719,2.264418985270688
3084860790.jpg,test,12.1850961538,0.097935761046929,1.3917430441877163
3085307148.jpg,train,52.6902654867,0.5774166823570035,3.309666729428014
3086003946.jpg,train,48.3611111111,0.5261702127657699,3.10468085106308
3087855667.jpg,test,45.5202702703,0.4925416906270983,2.970166762508393
3090534929.jpg,test,37.0320512821,0.3920621931265649,2.5682487725062595
3091624267.jpg,val,4.94871794872,0.0122749590835198,1.0490998363340795
3092999912.jpg,val,33.55,0.350843326885852,2.403373307543408
3093374173.jpg,train,49.2625,0.5368404255318572,3.1473617021274287
3093435000.jpg,test,73.4474789916,0.8231306990880822,4.292522796352329
3094633355.jpg,train,56.65,0.6242901353964467,3.497160541585787
3094978642.jpg,train,32.685840708,0.3406138203732037,2.362455281492815
3099787122.jpg,train,62.3274336283,0.691496893240142,3.765987572960568
3100238639.jpg,train,55.5376106195,0.6111221992094856,3.4444887968379425
3100436628.jpg,train,56.4036697248,0.6213741948080062,3.4854967792320246
3102411945.jpg,train,56.275,0.6198510638297162,3.479404255318865
3102604471.jpg,train,60.1483050847,0.6657014064184208,3.662805625673683
310467976.jpg,test,75.7352941176,0.8502127659567822,4.400851063827129
3105942236.jpg,train,62.6239130435,0.6950064754858359,3.780025901943344
3105967281.jpg,train,52.2217391304,0.5718704902862966,3.287481961145186
3106852276.jpg,train,72.4481132075,0.8113006824561848,4.245202729824739
3107236272.jpg,train,42.4652173913,0.4563774283070267,2.825509713228107
3107928091.jpg,train,47.0940366972,0.5111711887559697,3.0446847550238787
3108798537.jpg,train,56.3279816514,0.6204782354091514,3.481912941636605
3108925603.jpg,train,71.5337837838,0.800477285796527,4.201909143186108
3109009017.jpg,train,68.5921052632,0.7656550951851746,4.062620380740698
3109733480.jpg,train,83.0805084746,0.937161918499979,4.748647673999916
3111479555.jpg,train,37.2847222222,0.3950531914890635,2.5802127659562544
3112707699.jpg,train,31.6428571429,0.3282674772041303,2.313069908816521
3112828024.jpg,train,63.6697247706,0.7073862970909635,3.829545188363854
3114317948.jpg,train,59.2897196262,0.6555378802945926,3.6221515211783695
3115128591.jpg,train,49.0398230088,0.5342044812646545,3.136817925058618
3115284513.jpg,train,31.7627118644,0.3296862603677277,2.318745041470911
3115828038.jpg,val,24.4928571429,0.2436291793318033,1.9745167173272136
3116503568.jpg,train,43.1339285714,0.4642933130695244,2.857173252278097
3117619556.jpg,train,48.4525547445,0.5272526789870617,3.109010715948247
3117729596.jpg,test,50.6513761468,0.5532812804997772,3.213125121999109
3118054377.jpg,train,63.7160194175,0.7079343110929518,3.831737244371807
3118439925.jpg,test,62.2432432432,0.69050028752097,3.76200115008388
3118885310.jpg,test,62.4428571429,0.6928632218849232,3.771452887539693
311996877.jpg,test,45.0924369748,0.487477203647486,2.949908814589944
3120415423.jpg,train,60.4545454545,0.669326534200192,3.677306136800768
3121612010.jpg,train,57.2767857143,0.6317097264438652,3.526838905775461
3124199543.jpg,train,23.531512605,0.232249240121074,1.9289969604842965
3125804438.jpg,val,56.4125,0.6214787234041841,3.4859148936167363
312749227.jpg,train,76.4487179487,0.8586579378065524,4.43463175122621
3127532138.jpg,train,67.6513157895,0.7545184770438922,4.018073908175569
31286602.jpg,train,80.7962184874,0.9101215805470548,4.64048632218822
3128928410.jpg,val,72.5252293578,0.8122135467498713,4.248854186999486
3129387328.jpg,train,31.25,0.323617021276572,2.2944680851062884
3129647217.jpg,train,80.6013513514,0.9078148361131676,4.63125934445267
3130211082.jpg,test,76.7697368421,0.8624580067187531,4.449832026875012
3130276162.jpg,val,41.63125,0.4465053191488928,2.786021276595571
3131665013.jpg,train,49.125,0.5352127659573893,3.1408510638295573
3132046766.jpg,train,63.7434210526,0.7082586786109634,3.8330347144438535
3132085493.jpg,test,68.4807692308,0.7643371522097628,4.057348608839051
3132104449.jpg,val,74.8571428571,0.839817629178718,4.359270516714872
3132669524.jpg,test,28.5924369748,0.2921580547113468,2.168632218845388
313424539.jpg,train,75.1052631579,0.8427547592384776,4.371019036953911
313550822.jpg,train,54.4357798165,0.5980792504389655,3.392317001755862
3136368482.jpg,test,46.6399082569,0.5057954323640246,3.0231817294560983
313650765.jpg,train,39.6946902655,0.4235812464697089,2.6943249858788354
3137057232.jpg,train,46.1924778761,0.5004989644133562,3.0019958576534247
3138088232.jpg,train,64.7640186916,0.7203400278385823,3.881360111354329
3138790639.jpg,train,68.2375,0.7614574468084171,4.045829787233668
3141055360.jpg,test,54.6973684211,0.6011758118705935,3.404703247482374
3141860810.jpg,train,72.671875,0.8139494680850046,4.255797872340018
3142311257.jpg,train,59.5981308411,0.6591887055077217,3.636754822030887
3146365512.jpg,val,79.2654867257,0.8920015063079786,4.568006025231915
3146477274.jpg,train,46.0855263158,0.4992329227324357,2.9969316909297428
3146801905.jpg,train,35.375,0.3724468085106068,2.489787234042427
3147028593.jpg,train,46.1578947368,0.5000895856657431,3.0003583426629725
3147348702.jpg,train,46.5483193277,0.5047112462001873,3.018844984800749
3147416579.jpg,train,22.203271028,0.2165261483391809,1.866104593356724
3147925879.jpg,train,64.6684782609,0.7192090656801995,3.876836262720798
3147927973.jpg,test,55.9075630252,0.6155015197566492,3.462006079026597
3148698494.jpg,test,47.1697247706,0.5120671481548243,3.0482685926192974
31490353.jpg,train,61.8081896552,0.6853503301543171,3.741401320617269
3149433848.jpg,train,15.4736842105,0.1368645016794258,1.547458006717703
3152357796.jpg,train,54.2905405405,0.5963599769977277,3.3854399079909108
3154777716.jpg,train,55.8513513514,0.6148361127089589,3.4593444508358355
3154948821.jpg,train,52.818627451,0.5789361702129336,3.3157446808517346
3156288845.jpg,train,61.8262711864,0.6855643707170714,3.7422574828682857
3157055534.jpg,train,41.1548672566,0.4408661269059382,2.7634645076237527
3157096755.jpg,train,54.7648305085,0.6019743959612859,3.4078975838451435
3157335389.jpg,train,37.0847826087,0.3926864014801277,2.5707456059205107
3158018696.jpg,train,34.5546218487,0.3627355623095329,2.450942249238132
3158477442.jpg,train,52.0218446602,0.569504234662266,3.278016938649064
3159188052.jpg,train,40.724789916,0.4357750759881982,2.743100303952793
3161274755.jpg,train,67.1542056075,0.7486339232453632,3.9945356929814526
3162134277.jpg,train,27.4485294118,0.278617021276997,2.114468085107988
3164597811.jpg,test,68.3357142857,0.7626200607900109,4.050480243160044
3164921799.jpg,test,57.2767857143,0.6317097264438652,3.526838905775461
3165807292.jpg,train,68.7934782609,0.7680388529142343,4.072155411656937
316618516.jpg,train,33.7401574803,0.3530943206565209,2.412377282626084
3166870228.jpg,train,23.3928571429,0.2306079027360607,1.922431610944243
3168536494.jpg,train,51.0546218487,0.558054711245672,3.232218844982688
3169607082.jpg,train,36.0448717949,0.3803764320788608,2.521505728315443
3170684406.jpg,val,69.8424369748,0.7804559270516945,4.121823708206778
3171148345.jpg,train,23.1848739496,0.2281458966567652,1.9125835866270608
3172797742.jpg,train,61.1970338983,0.6781157591055214,3.712463036422085
3174536924.jpg,test,54.7648305085,0.6019743959612859,3.4078975838451435
3175529254.jpg,test,55.873853211,0.6151024790160227,3.4604099160640907
3175555002.jpg,train,64.6326086957,0.7187844588348921,3.875137835339568
3176625404.jpg,train,50.5,0.5514893617020676,3.2059574468082706
3177560540.jpg,test,61.3,0.6793346228239041,3.717338491295616
3177839887.jpg,test,78.4410377358,0.8822420714565525,4.52896828582621
3178336001.jpg,train,51.157079646,0.55926755789843,3.23707023159372
3178679066.jpg,train,79.5172413793,0.8949816581068795,4.579926632427518
3183550454.jpg,train,63.3509615385,0.703612929623939,3.814451718495756
3183852879.jpg,train,56.1486486486,0.6183553766526024,3.4734215066104097
3184407773.jpg,test,39.6816037736,0.4234263348054381,2.6937053392217525
3184831791.jpg,test,71.1621621622,0.7960782058657888,4.184312823463156
318700026.jpg,train,73.781779661,0.827087991344809,4.308351965379236
3187135828.jpg,train,42.175,0.4529419729206519,2.8117678916826074
3187350017.jpg,train,64.2008928571,0.7136740121574615,3.854696048629846
3188292993.jpg,test,77.9256756757,0.876141460609722,4.504565842438888
3188930402.jpg,train,64.75,0.7201740812378241,3.880696324951297
3189407345.jpg,train,34.5945945946,0.3632087406555831,2.452834962622332
3190025525.jpg,train,49.2477678571,0.5366660334340855,3.146664133736342
3191275443.jpg,train,22.3241525424,0.2179570861885579,1.871828344754232
3193120688.jpg,val,61.6334951456,0.6832823796731724,3.7331295186926896
3194036363.jpg,test,67.15,0.748584139264899,3.994336557059596
3194726912.jpg,train,59.1959459459,0.6544278320867862,3.617711328347145
3194756721.jpg,train,46.5847457627,0.5051424450052162,3.020569780020865
3195516092.jpg,val,69.4092920354,0.7753285633589914,4.101314253435966
319557469.jpg,train,59.3445945946,0.6561874640597917,3.624749856239167
3197293330.jpg,test,65.8786407767,0.7335343937202281,3.934137574880912
3199733593.jpg,train,62.0654205607,0.6883953072174888,3.753581228869955
3201560837.jpg,val,41.734375,0.4477260638297437,2.790904255318975
3201827278.jpg,train,63.7961165049,0.7088824623016324,3.8355298492065297
3202755866.jpg,train,75.1800847458,0.8436404615942764,4.374561846377105
3204890107.jpg,train,27.3394495413,0.2773257856726258,2.109303142690504
3206140446.jpg,train,61.6527777778,0.6835106382980543,3.734042553192217
3206690420.jpg,train,56.6682242991,0.6245058659776691,3.4980234639106764
3206894685.jpg,test,56.9428571429,0.6277568389062103,3.511027355624841
3207112247.jpg,test,58.1659292035,0.6422349839949352,3.5689399359797407
3207463467.jpg,train,72.4,0.810731141199125,4.2429245647965
3207613793.jpg,train,34.3,0.3597214700193129,2.4388858800772515
3207927028.jpg,train,33.0128205128,0.3444844517182244,2.3779378068728976
3207975884.jpg,train,38.1949152542,0.4058276235119631,2.6233104940478524
3208711501.jpg,train,73.452970297,0.8231957025485233,4.292782810194093
320987228.jpg,test,83.4306722689,0.9413069908812473,4.765227963524989
3210385990.jpg,test,70.3846153846,0.7868739770864633,4.147495908345853
3217227849.jpg,test,48.6666666667,0.5297872340428912,3.1191489361715647
322036819.jpg,train,36.2427184466,0.3827184466018856,2.5308737864075423
3220921320.jpg,train,61.6486486486,0.6834617596313155,3.733847038525262
322245825.jpg,train,58.5229357798,0.6464610579735728,3.585844231894291
3222932292.jpg,train,54.2304347826,0.5956484736353527,3.3825938945414107
3224295308.jpg,test,61.0334821429,0.676179711246628,3.704718844986512
3224700403.jpg,train,60.8125,0.6735638297871546,3.6942553191486174
3225818665.jpg,train,13.2571428571,0.110626139817132,1.4425045592685284
3225993642.jpg,train,49.1892523364,0.535973354543014,3.143893418172056
3226455393.jpg,train,78.1486486486,0.8787809085674545,4.515123634269818
3228786952.jpg,train,46.7912844037,0.5075873511617341,3.0303494046469366
3228957282.jpg,val,69.5282258065,0.7767364447499622,4.106945778999849
3230042702.jpg,train,57.6217948718,0.6357937806873849,3.54317512274954
3230415578.jpg,train,44.777027027,0.4837435307644382,2.934974123057753
3231616959.jpg,train,56.2894736842,0.6200223964163777,3.4800895856655107
3233213622.jpg,test,65.474789916,0.7287537993924069,3.915015197569628
3235296899.jpg,train,60.2881355932,0.6673566534436043,3.669426613774417
323541643.jpg,train,23.55,0.2324680851063738,1.929872340425496
3238163707.jpg,train,60.125,0.6654255319148155,3.661702127659262
3241749396.jpg,test,58.5943396226,0.6473063026891163,3.589225210756465
3241852622.jpg,train,53.8277310924,0.5908814589660614,3.363525835864245
3241859937.jpg,train,66.2243589744,0.7376268412442585,3.950507364977034
324220404.jpg,val,62.6100917431,0.6948428655081802,3.779371462032721
324339500.jpg,train,40.9858870968,0.4388658201787122,2.755463280714849
3243501762.jpg,test,37.3445945946,0.3957619321449396,2.5830477285797584
3243513416.jpg,train,55.0195652174,0.6049898242368521,3.4199592969474084
3244463289.jpg,train,57.5247524752,0.6346450389713465,3.538580155885386
3245550884.jpg,train,48.002293578,0.5219227015422271,3.0876908061689083
3247694646.jpg,train,62.8341584158,0.6974952601637388,3.789981040654955
3247974707.jpg,train,59.575,0.6589148936169441,3.635659574467776
3248930020.jpg,train,56.3279816514,0.6204782354091514,3.481912941636605
3248976854.jpg,train,73.8397435897,0.8277741407522442,4.311096563008977
3250381402.jpg,train,31.4857142857,0.3264072948326335,2.305629179330534
3250534214.jpg,train,41.7521551724,0.4479365370504168,2.791746148201667
3251401307.jpg,train,55.3185840708,0.6085294671436369,3.4341178685745475
325203196.jpg,train,15.224137931,0.1339104915623276,1.5356419662493104
3252078614.jpg,test,47.81875,0.519749999999945,3.07899999999978
325223545.jpg,test,67.1434782609,0.7485069380206203,3.994027752082481
325296963.jpg,train,44.5416666667,0.4809574468088564,2.9238297872354257
3253020934.jpg,train,69.8986486486,0.781121334099385,4.12448533639754
3253636665.jpg,test,77.79375,0.874579787233931,4.498319148935725
3254432034.jpg,test,60.5525210084,0.670486322188331,3.681945288753324
3254444597.jpg,train,33.6826923077,0.3524140752864785,2.409656301145914
3255665645.jpg,train,76.3,0.8568974854931214,4.427589941972485
3256723994.jpg,test,54.9933035714,0.6046789513673744,3.418715805469497
3256967457.jpg,train,51.7411504425,0.566181510073632,3.264726040294528
3258713133.jpg,train,35.1353211009,0.3696096037475666,2.4784384149902667
3258938541.jpg,train,73.875,0.828191489361598,4.312765957446392
3259283855.jpg,val,45.4623893805,0.4918565241946496,2.9674260967785986
3259319485.jpg,train,71.224,0.7968102127658584,4.187240851063434
3260332459.jpg,train,46.1323529412,0.4997872340427798,2.999148936171119
3260477963.jpg,train,49.675,0.5417234042552607,3.1668936170210427
3261123302.jpg,train,76.6880733945,0.8614913136833334,4.445965254733334
3261304564.jpg,train,66.4054054054,0.7397699827485521,3.959079930994208
3261536707.jpg,train,31.8663793103,0.3309134262650351,2.32365370506014
326195053.jpg,test,50.9194915254,0.5564551027764343,3.225820411105737
326299244.jpg,train,42.4671052632,0.4563997760362877,2.8255991041451507
3265420201.jpg,train,67.8319327731,0.756656534954205,4.02662613981682
3265568572.jpg,test,70.1025641026,0.7835351882163671,4.134140752865468
3272637437.jpg,train,70.2410714286,0.785174772036715,4.14069908814686
3273769271.jpg,train,70.1959459459,0.7846405980442122,4.138562392176849
3274581285.jpg,train,68.0221238938,0.7589079269439224,4.035631707775689
3275523745.jpg,test,57.5304347826,0.6347123034225804,3.538849213690322
3277047132.jpg,train,70.2161016949,0.7848791922103244,4.139516768841298
3277064835.jpg,train,43.1512605042,0.464498480243095,2.85799392097238
3277170769.jpg,train,57.9097222222,0.6392021276592375,3.55680851063695
3277186380.jpg,test,54.2754237288,0.5961810313737356,3.3847241254949423
3281012528.jpg,train,62.7710084034,0.6967477203651161,3.786990881460465
3281066235.jpg,val,73.0911214953,0.8189123086096382,4.275649234438553
3282770938.jpg,train,69.2359813084,0.7732769934378311,4.093107973751325
3284203868.jpg,val,70.0,0.7823210831720502,4.129284332688201
3285723816.jpg,train,35.8177966102,0.3776884240897626,2.5107536963590507
3285865052.jpg,train,49.3950892857,0.5384099544070677,3.153639817628271
3288428899.jpg,train,33.4701834862,0.349898496973945,2.39959398789578
3289145933.jpg,train,58.3495145631,0.6444081801279175,3.57763272051167
3290454927.jpg,train,43.7881355932,0.4720375045074652,2.8881500180298607
3292481650.jpg,train,73.1875,0.8200531914892588,4.280212765957035
3293762912.jpg,train,57.9180672269,0.6393009118541387,3.557203647416555
3294786142.jpg,train,72.5233050847,0.812190768120525,4.248763072482101
3295126634.jpg,train,37.7087155963,0.4000722233062619,2.600288893225048
3295438012.jpg,train,43.1991150442,0.4650649595173696,2.8602598380694784
3296835726.jpg,test,66.0337837838,0.735370902817814,3.941483611271256
3297887749.jpg,test,69.608974359,0.7776923076925152,4.11076923077006
33000255.jpg,train,4.70550847458,0.0093959610530816,1.0375838442123266
3301567767.jpg,train,47.563559322,0.5167291741791331,3.0669166967165324
3301587792.jpg,test,43.4174528302,0.4676495383381041,2.8705981533524163
3302975736.jpg,test,57.7456521739,0.6372599444956091,3.5490397779824363
3303080079.jpg,test,80.527027027,0.9069350201260729,4.627740080504291
3303907744.jpg,train,80.1554054054,0.9025359401953348,4.610143760781339
3304434529.jpg,train,70.609375,0.7895345744679871,4.1581382978719486
3304676774.jpg,val,63.4642857143,0.7049544072949174,3.8198176291796697
3304800536.jpg,train,33.8601694915,0.3545149657407451,2.4180598629629806
3305619554.jpg,train,71.0871559633,0.7951903181728142,4.180761272691257
3305968848.jpg,test,23.7064220183,0.2343197345299634,1.9372789381198536
3306813341.jpg,train,70.5460526316,0.7887849944010473,4.15513997760419
3307215666.jpg,test,50.5705128205,0.5523240589195917,3.2092962356783667
3308046325.jpg,train,49.8486842105,0.5437793952963822,3.175117581185529
3308341801.jpg,test,27.8474576271,0.2833393436708763,2.1333573746835053
3308768118.jpg,train,72.8728813559,0.816328885682892,4.265315542731567
3309384812.jpg,train,60.3421052632,0.6679955207171051,3.671982082868421
3309773235.jpg,train,44.2178899083,0.4771247316030388,2.908498926412156
3310204675.jpg,train,31.0882352941,0.3217021276593421,2.286808510637369
3310575214.jpg,train,32.3348623853,0.3364591059923069,2.345836423969228
3311728409.jpg,test,75.4615384615,0.8469721767588484,4.387888707035394
3312331811.jpg,test,18.9601769912,0.1781359442672025,1.7125437770688103
331340631.jpg,train,51.4012605042,0.5621580547111646,3.2486322188446586
331406867.jpg,train,19.4411764706,0.1838297872341803,1.7353191489367217
3314110889.jpg,train,67.8102678571,0.7564000759872419,4.025600303948968
3314904869.jpg,train,32.5619266055,0.3391469841888713,2.356587936755485
3315237185.jpg,train,70.4375,0.7874999999999024,4.14999999999961
3315383233.jpg,test,21.2905405405,0.2057216791254496,1.8228867165017983
3317434594.jpg,train,40.6282051282,0.4346317512273938,2.738527004909576
3320115265.jpg,train,72.925,0.8169458413925476,4.267783365570191
332288233.jpg,train,46.1194690265,0.499634720391012,2.9985388815640484
3323033903.jpg,test,26.2702702703,0.2646693502016027,2.0586774008064106
3323937813.jpg,val,58.75,0.6491489361701371,3.5965957446805485
3324248317.jpg,train,59.6418918919,0.659706728004619,3.638826912018476
3324496492.jpg,train,46.8333333333,0.508085106382531,3.032340425530124
3326988489.jpg,test,57.375,0.6328723404254589,3.531489361701836
332883741.jpg,train,48.8794642857,0.5323062310028135,3.129224924011254
3329470769.jpg,train,55.5875,0.6117127659573771,3.4468510638295085
3330470420.jpg,test,54.6628440367,0.6007671286355298,3.40306851454212
3331414151.jpg,train,58.8898305085,0.6508041831953206,3.6032167327812825
333145920.jpg,train,65.0423728814,0.7236350522903728,3.8945402091614914
3332423009.jpg,train,50.2828947368,0.5489193728997779,3.1956774915991115
3332902834.jpg,train,63.8974358974,0.7100818330600462,3.840327332240185
3333985138.jpg,train,35.682038835,0.3760813881434882,2.504325552573953
3335618194.jpg,test,75.4101941748,0.8463643875236376,4.38545755009455
3338894282.jpg,test,63.7311320755,0.7081132075474198,3.832452830189679
3340734956.jpg,test,63.7995689655,0.7089233308874584,3.8356933235498336
3341085556.jpg,test,20.6032110092,0.1975853991804683,1.7903415967218734
3342346685.jpg,train,44.5132743363,0.4806213519112781,2.9224854076451123
3343738489.jpg,train,76.2288135593,0.856054814280193,4.424219257120772
3344016385.jpg,train,57.85,0.6384951644099841,3.5539806576399364
3346416285.jpg,test,57.2362385321,0.6312297481942252,3.5249189927769007
3347228837.jpg,val,70.7714285714,0.7914528875375574,4.165811550150229
3347823880.jpg,test,67.0,0.7468085106382067,3.987234042552827
3350005307.jpg,train,14.8655462185,0.1296656534955971,1.5186626139823884
3351610329.jpg,val,65.8950892857,0.7337291033432068,3.9349164133728274
3351620207.jpg,train,63.5096153846,0.7054909983630722,3.8219639934522887
3352596853.jpg,train,31.6428571429,0.3282674772041303,2.313069908816521
3355200103.jpg,test,75.3645833333,0.8458244680846049,4.383297872338419
3355209894.jpg,train,59.8260869565,0.6618871415352802,3.6475485661411207
3355464174.jpg,test,60.3282608696,0.6678316373731361,3.671326549492544
3355714233.jpg,val,58.8898305085,0.6508041831953206,3.6032167327812825
3356044640.jpg,train,62.05,0.6882127659573649,3.75285106382946
3356844198.jpg,train,61.6617647059,0.6836170212767235,3.734468085106894
3357164852.jpg,train,51.6785714286,0.5654407294835586,3.2617629179342345
3358149726.jpg,train,50.7152173913,0.5540370027750963,3.216148011100385
3358523670.jpg,train,70.8545081967,0.792436344610741,4.169745378442964
3358682007.jpg,train,66.777027027,0.7441690626792903,3.976676250717161
3358754066.jpg,train,40.7434782609,0.4359962997227978,2.743985198891191
3359889192.jpg,train,69.0435779817,0.7709994144061022,4.083997657624408
336052627.jpg,val,42.6216216216,0.4582288671647362,2.832915468658945
3361988100.jpg,train,69.578125,0.7773271276594784,4.109308510637914
3362731032.jpg,test,76.69375,0.8615585106381883,4.446234042552753
3364202369.jpg,train,76.1839622642,0.8555238859900347,4.422095543960139
3364722083.jpg,test,44.5334821429,0.4808605623104889,2.923442249241956
3364868711.jpg,val,26.5675675676,0.26818861414643,2.07275445658572
3365417061.jpg,train,51.4326086957,0.5625291396859807,3.250116558743923
3365447434.jpg,train,22.4375,0.2192988394584068,1.877195357833628
3365471102.jpg,train,33.1081081081,0.3456124209314467,2.3824496837257865
3366831652.jpg,train,62.2857142857,0.6910030395134265,3.764012158053706
3367044769.jpg,train,76.5672268908,0.8600607902739643,4.440243161095857
3367220434.jpg,train,69.5044642857,0.7764551671729872,4.105820668691949
3367803108.jpg,val,66.9221698113,0.7458871938976962,3.983548775590785
3368873733.jpg,train,61.1071428571,0.6770516717319355,3.708206686927742
3369391628.jpg,train,70.3,0.7858723404254345,4.143489361701738
3370673214.jpg,train,63.3581081081,0.7036975273143683,3.814790109257473
3370823326.jpg,train,56.5401785714,0.6229901215801374,3.49196048632055
3371032149.jpg,train,64.6544117647,0.719042553191333,3.876170212765332
3371856854.jpg,train,64.2733050847,0.7145311936524555,3.858124774609822
3372381586.jpg,train,35.3258928571,0.3718655015192181,2.4874620060768726
3372418412.jpg,train,65.125,0.7246131528045545,3.898452611218218
3376034906.jpg,train,33.3760504202,0.3487841945292257,2.395136778116903
3376076568.jpg,test,56.9625,0.6279893617020554,3.5119574468082217
3376669178.jpg,train,50.5771028037,0.552402068005054,3.209608272020216
3377992408.jpg,train,71.3805309735,0.7986631519492623,4.19465260779705
3378003631.jpg,train,63.1129807692,0.7007958265134635,3.803183306053854
3379476157.jpg,val,62.4555084746,0.6930129823298052,3.772051929319221
3381345467.jpg,test,46.6305309735,0.5056844285450537,3.0227377141802148
3381533789.jpg,train,30.2641509434,0.3119470092332625,2.2477880369330503
3383452055.jpg,train,63.3644067797,0.7037720879917222,3.815088351966889
3383593963.jpg,train,53.9013157895,0.5917525195971096,3.3670100783884385
3383701765.jpg,test,65.6621621622,0.7309718228870759,3.923887291548304
3385195104.jpg,train,70.0063559322,0.782396321673141,4.129585286692564
3385580051.jpg,train,39.4533898305,0.420724846736247,2.682899386944988
3385696346.jpg,train,58.4579646018,0.645691960083128,3.582767840332512
3385987418.jpg,train,70.0394736842,0.7827883538631604,4.1311534154526415
3386943260.jpg,train,46.6644736842,0.50608622620363,3.02434490481452
3386957170.jpg,train,69.8947368421,0.7810750279953618,4.124300111981447
3388691081.jpg,train,55.2836134454,0.6081155015199464,3.4324620060797857
3388708914.jpg,train,69.325,0.7743307543519354,4.097323017407742
3388712525.jpg,test,48.1216216216,0.5233352501434493,3.093341000573797
338924292.jpg,val,32.317961165,0.3362590373883689,2.345036149553476
3390605400.jpg,test,25.0688073394,0.2504470037081659,2.0017880148326634
3390896088.jpg,train,67.9575892857,0.7581439969602242,4.032575987840897
3391217731.jpg,train,34.9252336449,0.3671226884076831,2.468490753630732
3394722862.jpg,train,50.121559633,0.5470095647077936,3.1880382588311744
3395475764.jpg,train,60.6305147059,0.6714095744682148,3.6856382978728592
3396059055.jpg,train,42.5369565217,0.4572266419976416,2.8289065679905665
3398709851.jpg,train,42.59375,0.4578989361701676,2.8315957446806705
3398940973.jpg,train,59.4800884956,0.6577913763888437,3.631165505555375
3398954278.jpg,train,66.8577586207,0.7451247248716383,3.980498899486553
3401900404.jpg,train,74.8080357143,0.8392363221885131,4.356945288754052
3403374656.jpg,train,58.8973214286,0.6508928571431195,3.603571428572478
3405525198.jpg,val,34.2115384615,0.3586743044185007,2.4346972176740027
3411974393.jpg,val,50.5,0.5514893617020676,3.2059574468082706
3412359483.jpg,val,67.9545454545,0.7581079655348008,4.032431862139204
341491962.jpg,train,58.1810344828,0.6424137931038636,3.5696551724154544
3416685588.jpg,train,27.2232142857,0.2759498480241308,2.103799392096524
3416752031.jpg,train,68.5331858407,0.7649576350967802,4.059830540387121
3417613077.jpg,train,49.859223301,0.5439041520349895,3.175616608139958
3417674715.jpg,train,52.1644736842,0.5711926091823429,3.284770436729372
3418463077.jpg,train,75.9736842105,0.853034714445269,4.412138857781076
3418667339.jpg,train,61.8004201681,0.6852583586629205,3.741033434651682
3420154563.jpg,val,52.7372881356,0.5779733141002684,3.3118932564010737
3421464878.jpg,val,63.5940366972,0.7064903376921087,3.825961350768434
342221498.jpg,test,32.3361344538,0.3364741641339317,2.345896656535727
3423724895.jpg,train,73.80625,0.8273776595743642,4.309510638297457
3423896683.jpg,train,68.7837837838,0.7679240943071705,4.071696377228681
3423975366.jpg,train,67.9012605042,0.7574772036473036,4.029908814589215
3424993568.jpg,train,78.0466101695,0.8775730256040273,4.510292102416109
3426740196.jpg,train,25.0263157895,0.2499440089588661,1.9997760358354648
3427902428.jpg,test,71.2983193277,0.7976899696043959,4.190759878417584
3427902514.jpg,test,69.3130841121,0.7741896997408174,4.09675879896327
3431105203.jpg,train,65.811440678,0.7327389109271064,3.9309556437084257
3431390099.jpg,train,36.5553097345,0.3864187535302177,2.545675014120871
3433315492.jpg,test,49.6238938053,0.5411184334398564,3.1644737337594258
3434261812.jpg,train,47.3325892857,0.5139950607900504,3.0559802431602017
3435545140.jpg,train,46.6546610169,0.505970068517216,3.023880274068864
3437594883.jpg,val,34.7690677966,0.3652740714026621,2.4610962856106484
3438059129.jpg,train,35.2222222222,0.3706382978720462,2.4825531914881847
3439365851.jpg,train,71.2289915966,0.7968693009112974,4.187477203645189
3440235836.jpg,train,37.2282608696,0.3943848288625414,2.5775393154501653
3442838312.jpg,train,54.4456521739,0.5981961147083813,3.392784458833525
3443268586.jpg,train,72.7115384615,0.8144189852694919,4.257675941077967
344443695.jpg,train,51.2910958904,0.5608539784317528,3.243415913727011
3444483519.jpg,test,66.1680672269,0.7369604863222083,3.947841945288834
3446054675.jpg,train,47.6304347826,0.517520814060897,3.070083256243588
344636344.jpg,train,69.1361607143,0.7720953647417153,4.088381458966861
3446366493.jpg,test,67.2313084112,0.7495466295483495,3.998186518193398
3448332578.jpg,train,54.5154867257,0.5990227829037699,3.3960911316150795
3449919327.jpg,train,67.9705882353,0.7582978723404021,4.0331914893616085
3450351361.jpg,val,82.3318584071,0.9282997552251256,4.713199020900502
3450753884.jpg,test,69.2632743363,0.7736000753154868,4.094400301261947
3452963187.jpg,test,25.3040540541,0.2532317423812099,2.01292696952484
3455219027.jpg,train,30.7,0.3171063829787007,2.268425531914803
3455882031.jpg,train,42.1782608696,0.4529805735433831,2.8119222941735327
3456840631.jpg,test,76.8214285714,0.8630699088141418,4.452279635256567
3458045907.jpg,test,60.5178571429,0.6700759878423737,3.680303951369495
3458950384.jpg,train,75.4066455696,0.8463223808237846,4.385289523295139
3461062752.jpg,test,44.5540540541,0.4811040828067055,2.924416331226822
3462395913.jpg,test,49.5424107143,0.54015387538005,3.1606155015202
3463146453.jpg,test,68.6805555556,0.7667021276600062,4.0668085106400245
3463376543.jpg,test,56.3055555556,0.620212765957902,3.480851063831608
3464327257.jpg,train,48.9579439252,0.5332352356328712,3.132940942531485
3464988666.jpg,train,15.325,0.1351044487427529,1.5404177949710118
3465087333.jpg,train,35.849137931,0.3780594277325015,2.5122377109300063
3465276119.jpg,train,68.1186440678,0.7600504868373071,4.040201947349228
346617303.jpg,train,32.5267857143,0.3387310030396566,2.3549240121586266
346617779.jpg,train,21.9144736842,0.2131075027994213,1.8524300111976848
3466610103.jpg,test,70.3559322034,0.7865344392355079,4.146137756942032
3467784087.jpg,train,69.925,0.781433268858704,4.125733075434816
3468424403.jpg,val,54.3453389831,0.5970086548869191,3.3880346195476765
3469092597.jpg,test,68.1148648649,0.760005750431605,4.04002300172642
3469199125.jpg,train,49.8125,0.5433510638297285,3.173404255318914
34713269.jpg,train,34.0,0.3561702127659286,2.424680851063714
347162205.jpg,test,31.5425531915,0.3270801267542891,2.3083205070171564
3471704982.jpg,train,65.55625,0.7297180851062945,3.918872340425178
3471964559.jpg,train,72.8235294118,0.8157446808513794,4.262978723405517
3472660238.jpg,train,70.5869565217,0.7892691951890781,4.157076780756313
3475569667.jpg,train,35.7023809524,0.3763221884500414,2.5052887538001656
3475877294.jpg,train,29.3156779661,0.3007194374323436,2.2028777497293746
34796696.jpg,test,66.1538461538,0.7367921440255507,3.947168576102203
3479727829.jpg,train,22.8296460177,0.2239408774242165,1.895763509696866
348162485.jpg,test,26.3046218487,0.2650759878414633,2.060303951365853
3482375790.jpg,train,62.05,0.6882127659573649,3.75285106382946
3483143101.jpg,test,6.06092436975,0.0254407294833313,1.1017629179333257
3483457230.jpg,train,55.0069444444,0.6048404255313202,3.419361702125281
3483459470.jpg,train,33.9175,0.3551936170212478,2.420774468084991
3483540691.jpg,test,46.1891891892,0.5004600345026637,3.001840138010655
3484057115.jpg,train,54.391509434,0.5975551987157547,3.3902207948630187
3485554199.jpg,val,50.3457943925,0.5496639490949112,3.198655796379645
3486204187.jpg,train,58.4444444444,0.6455319148930159,3.5821276595720635
3487085790.jpg,test,69.0442477876,0.771007343249638,4.084029372998552
3487701269.jpg,test,69.5631067961,0.7771493493077029,4.108597397230811
3489731995.jpg,test,66.0043103448,0.7350220102710442,3.9400880410841768
3490117565.jpg,train,67.55,0.753319148936078,4.013276595744312
3490456545.jpg,val,38.9639830508,0.4149314821486967,2.6597259285947867
3491336743.jpg,train,37.2688679245,0.3948655158567153,2.579462063426861
3491534419.jpg,train,63.4,0.7041934235975945,3.816773694390378
3492624391.jpg,train,33.5540540541,0.3508913168492795,2.403565267397118
3494126077.jpg,train,75.5394736842,0.8478947368418734,4.391578947367494
3494272101.jpg,train,69.8448275862,0.7804842259719421,4.121936903887768
3494678423.jpg,val,48.2214285714,0.524516717324834,3.098066869299336
3496521334.jpg,train,78.2936893204,0.8804978310266729,4.521991324106692
3497202348.jpg,test,55.5540540541,0.6113168487641316,3.4452673950565265
349896134.jpg,train,38.705078125,0.4118666888297494,2.6474667553189977
3499629801.jpg,train,63.4324324324,0.7045773433002792,3.818309373201117
35002160.jpg,test,68.468220339,0.764188604399674,4.056754417598696
3501996576.jpg,train,69.75,0.7793617021275632,4.117446808510253
3502153355.jpg,val,63.860619469,0.7096460176987155,3.838584070794862
3503300231.jpg,test,76.41875,0.8583031914892528,4.433212765957011
3505262206.jpg,test,50.4269911504,0.5506251176797234,3.2025004707188938
3505627590.jpg,test,40.703125,0.435518617021235,2.7420744680849403
3510063780.jpg,test,46.052173913,0.498838112857898,2.995352451431592
3511207085.jpg,train,70.8782051282,0.7927168576103154,4.170867430441262
3515651386.jpg,train,63.8023255814,0.708955962394824,3.835823849579296
3515663938.jpg,test,73.4821428571,0.8235410334340397,4.294164133736159
3518265762.jpg,train,73.7712264151,0.826963067041312,4.307852268165248
3518866605.jpg,train,60.762195122,0.6729683445775608,3.6918733783102433
3519364135.jpg,train,37.254587156,0.394696466914317,2.578785867657268
351997474.jpg,test,50.6586538462,0.5533674304423845,3.213469721769538
3522690935.jpg,train,47.1153846154,0.5114238952538109,3.045695581015244
352331466.jpg,train,38.3125,0.4072195357833285,2.628878143133314
3524216401.jpg,train,75.6391509434,0.8490746688076449,4.39629867523058
3524447745.jpg,train,61.2027027027,0.6781828637146664,3.7127314548586656
3525647615.jpg,train,52.4151785714,0.5741603343461027,3.296641337384411
352602458.jpg,test,29.552173913,0.303518963921759,2.214075855687036
3526523265.jpg,train,60.2565217391,0.6669824236813374,3.6679296947253497
352744670.jpg,test,14.3783783784,0.1238987924096947,1.4955951696387793
3530486052.jpg,train,77.6474358974,0.8728477905068288,4.491391162027315
3530563948.jpg,train,53.297826087,0.5846086956526232,3.3384347826104928
35311267.jpg,val,26.9978991597,0.2732826747724485,2.0931306990897944
3532282772.jpg,val,60.3857758621,0.6685124724874493,3.674049889949797
353228664.jpg,test,66.0508849558,0.7355733383548352,3.9422933534193407
3532374814.jpg,test,68.8245192308,0.7684063011459323,4.073625204583729
3533949779.jpg,test,63.6415929204,0.7070532856340506,3.828213142536202
3534610078.jpg,train,76.7101769912,0.8617529655436894,4.447011862174758
3535978712.jpg,train,66.3060747664,0.7385941539077786,3.9543766156311135
3536025260.jpg,train,30.6116071429,0.3160600303956216,2.2642401215824863
3537044665.jpg,test,34.2796610169,0.3594807068151118,2.437922827260447
3537245055.jpg,train,59.0,0.6521083172146241,3.6084332688584966
3537658496.jpg,train,78.3158783784,0.8807604945372337,4.523041978148935
3538380259.jpg,train,48.4189189189,0.5268545140882765,3.107418056353106
3539454254.jpg,train,61.2669491525,0.6789433826175212,3.7157735304700847
3541249074.jpg,train,70.2839805825,0.7856827101834617,4.142730840733847
354153075.jpg,train,41.575,0.4458394584138833,2.7833578336555336
3542002438.jpg,test,47.0336134454,0.5104559270518768,3.0418237082075072
3545028223.jpg,train,58.4004237288,0.6450108186077703,3.5800432744310813
3545446713.jpg,train,61.4513274336,0.6811259649779309,3.724503859911724
3545702131.jpg,train,46.9757281553,0.5097707085307706,3.039082834123082
3547062481.jpg,val,64.0535714286,0.7119300911856629,3.847720364742651
3547073718.jpg,test,77.2942477876,0.8686669177177075,4.47466767087083
3548223665.jpg,train,42.907079646,0.4616079834303604,2.846431933721442
354899371.jpg,train,59.2702702703,0.6553076480738809,3.621230592295524
3549424661.jpg,val,41.0125,0.4391808510637877,2.7567234042551507
3551648026.jpg,train,56.5202702703,0.6227544565845243,3.4910178263380973
3552766173.jpg,train,72.3086956522,0.8096503237744908,4.238601295097963
3552877026.jpg,train,67.2796610169,0.7501190046873899,4.000476018749559
3555094283.jpg,train,55.93125,0.6157819148935467,3.463127659574187
3556213355.jpg,train,75.6118421053,0.8487513997763645,4.395005599105458
3558351395.jpg,train,20.3947368421,0.1951175811869445,1.7804703247477782
3560022258.jpg,train,38.7683486239,0.412615654890229,2.6504626195609164
3560032600.jpg,train,66.2995283019,0.7385166599759797,3.954066639903919
3561351919.jpg,train,60.5525210084,0.670486322188331,3.681945288753324
3561898679.jpg,train,68.4864864865,0.7644048303623432,4.057619321449373
3562407133.jpg,train,78.1703539823,0.8790378459799187,4.516151383919675
3563134047.jpg,test,70.0353773585,0.7827398635086459,4.130959454034583
356523006.jpg,train,64.3986486486,0.7160149511206719,3.864059804482688
3566079728.jpg,val,63.1351351351,0.701058079355452,3.804232317421808
3566137302.jpg,train,62.3175675676,0.6913801035080647,3.765520414032258
3566227002.jpg,train,68.8422330097,0.768615988431944,4.074463953727776
3566285762.jpg,train,67.308411215,0.7504593358525196,4.001837343410078
3567613299.jpg,train,67.89375,0.7573882978722475,4.02955319148899
3567892894.jpg,train,65.2219827586,0.7257611885543261,3.903044754217305
3569097033.jpg,train,52.5420792079,0.5756625236988684,3.3026500947954736
3569259520.jpg,train,59.4932432432,0.6579470960316135,3.631788384126454
3572950777.jpg,train,76.7428571429,0.862139817629577,4.448559270518308
3574423584.jpg,train,61.8163716814,0.6854471850872842,3.7417887403491368
357452255.jpg,train,26.3340707965,0.265424590473061,2.061698361892244
3575258454.jpg,val,64.0142857143,0.7114650455927888,3.845860182371155
3576199867.jpg,train,73.9,0.8284874274660468,4.313949709864187
357641600.jpg,test,21.3130252101,0.2059878419454728,1.823951367781892
3576734927.jpg,train,63.2433035714,0.702338525835444,3.809354103341776
3576771116.jpg,val,52.997706422,0.5810560218619082,3.3242240874476328
3577464388.jpg,val,67.6629464286,0.7546561550154433,4.0186246200617735
3577744786.jpg,train,27.0526315789,0.2739305711080461,2.095722284432185
3579701723.jpg,train,22.1449579832,0.2158358662614712,1.8633434650458849
3581381105.jpg,train,75.3199152542,0.8452957086182761,4.381182834473105
358360301.jpg,train,66.8539823009,0.7450800225947022,3.9803200903788087
358433606.jpg,test,27.0607476636,0.2740266454569126,2.0961065818276507
358438532.jpg,train,35.0117924528,0.3681473303890137,2.472589321556055
3585032307.jpg,test,48.4571428571,0.5273069908808955,3.109227963523582
3585744087.jpg,train,29.3550420168,0.3011854103342468,2.204741641336988
3586744131.jpg,train,73.724789916,0.8264133738604765,4.305653495441906
3586827526.jpg,train,70.225,0.7849845261120884,4.139938104448353
3587076357.jpg,test,62.9108695652,0.6984033302494794,3.7936133209979177
3587337138.jpg,test,44.5862831858,0.4814855959324385,2.925942383729754
3588199753.jpg,train,69.81875,0.780175531914797,4.120702127659188
3589240869.jpg,train,68.8922018349,0.7692074956083927,4.076829982433571
3591617396.jpg,train,39.6673913043,0.423258094356471,2.693032377425884
3592827455.jpg,train,64.5094339623,0.7173263749501572,3.8693054998006287
3593791366.jpg,train,76.2523364486,0.8563332670510172,4.425333068204068
3595766183.jpg,train,71.640625,0.8017420212764959,4.206968085105983
3596611917.jpg,test,54.4152542373,0.597836278398919,3.391345113595676
3596718064.jpg,train,74.6958955224,0.8379088599555771,4.351635439822308
3597095413.jpg,test,76.0588235294,0.8540425531912419,4.416170212764968
3597199001.jpg,test,71.3347457627,0.7981211684094248,4.192484673637699
359723983.jpg,test,72.0934782609,0.8071026827014621,4.228410730805848
3597613662.jpg,train,69.6490825688,0.7781670895957568,4.112668358383028
3599779537.jpg,train,61.6165254237,0.683081500179888,3.732326000719552
3600948934.jpg,train,42.6183035714,0.45818958966527,2.8327583586610805
3601117533.jpg,train,65.625,0.7305319148935284,3.9221276595741137
3601352242.jpg,val,66.9294871795,0.7459738134206827,3.983895253682731
3603046487.jpg,val,49.3717948718,0.5381342062193154,3.1525368248772616
3603762742.jpg,train,54.109375,0.594215425531848,3.376861702127392
3604508101.jpg,val,63.55,0.7059690522242866,3.8238762088971465
3606644176.jpg,train,67.275,0.7500638297871424,4.00025531914857
3606669688.jpg,test,60.2831858407,0.6672980606287107,3.669192242514842
3608137140.jpg,test,70.4932432432,0.7881598619890395,4.152639447956158
3608691305.jpg,train,59.8549107143,0.6622283434651369,3.648913373860548
3609473273.jpg,test,77.4358974359,0.8703436988542567,4.481374795417027
3609983548.jpg,train,62.6148648649,0.6948993674528919,3.779597469811568
361037189.jpg,train,86.0487804878,0.97229891022296,4.88919564089184
3611703355.jpg,train,79.5125,0.8949255319147789,4.579702127659115
3612122165.jpg,train,63.2285714286,0.702164133738856,3.808656534955424
3612174577.jpg,train,34.233490566,0.3589341629862763,2.4357366519451054
361252644.jpg,train,43.6621621622,0.4705462909722236,2.8821851638888942
3613844312.jpg,train,78.0,0.8770212765956328,4.508085106382531
3615125120.jpg,test,67.6991525424,0.7550847457629404,4.0203389830517615
3615267731.jpg,test,70.3584070796,0.7865637356423628,4.146254942569451
3615562.jpg,train,24.3516949153,0.2419581680495754,1.9678326721983013
3616806128.jpg,test,63.3669724771,0.703802459496728,3.815209837986912
3618474326.jpg,test,69.0810810811,0.7714433582519977,4.085773433007991
3618795157.jpg,test,83.3443396226,0.9402850260933248,4.7611401043733
3619220193.jpg,train,56.3716216216,0.6209948246115188,3.483979298446075
3619609860.jpg,train,81.4375,0.9177127659573284,4.670851063829314
362016009.jpg,train,48.25,0.524854932301685,3.09941972920674
3620678223.jpg,val,59.2041284404,0.6545246925632658,3.618098770253064
3620726.jpg,test,24.224789916,0.2404559270520591,1.9618237082082368
362290262.jpg,train,72.4256756757,0.8110350776310089,4.244140310524036
3625351305.jpg,train,64.825,0.7210618955511702,3.8842475822046807
3628043.jpg,train,70.75,0.7911992263055111,4.164796905222044
3628605791.jpg,train,52.9957983193,0.5810334346500629,3.3241337386002514
3629779382.jpg,train,70.8823529412,0.7927659574469885,4.171063829787954
3630233855.jpg,train,59.9632352941,0.6635106382975856,3.6540425531903424
3632417985.jpg,test,4.16741071429,0.0030262158055492,1.012104863222197
363482906.jpg,train,68.5381355932,0.7650162279116738,4.060064911646695
3635405613.jpg,train,52.0608108108,0.569965497412115,3.27986198964846
3636701462.jpg,train,77.3325242718,0.8691200165248719,4.476480066099487
3637251050.jpg,train,49.0619266055,0.5344661331250103,3.1378645325000414
3638870308.jpg,train,56.1285046729,0.6181169218532137,3.4724676874128546
3639490630.jpg,test,46.2375,0.501031914893565,3.00412765957426
3641084203.jpg,train,49.7567567568,0.5426912018405913,3.170764807362365
3642904232.jpg,train,71.8940677966,0.804742156508975,4.2189686260359
36434642.jpg,train,53.6025641026,0.588216039280228,3.352864157120912
3644585173.jpg,train,50.9935897436,0.5573322422259196,3.2293289689036784
3645413545.jpg,train,33.2633928571,0.3474506079022008,2.389802431608804
3645793167.jpg,test,71.7257281553,0.8027494319349793,4.210997727739917
3647757599.jpg,train,55.5217391304,0.6109343200735243,3.4437372802940973
364777572.jpg,val,63.2433035714,0.702338525835444,3.809354103341776
3648316650.jpg,test,65.0321100917,0.723513566269166,3.894054265076664
364905354.jpg,train,74.7389380531,0.8384183769534184,4.3536735078136735
3649082846.jpg,train,53.25,0.5840425531914242,3.3361702127656967
3651951998.jpg,test,56.8276699029,0.6263933071677191,3.5055732286708765
3652633823.jpg,train,71.8321428571,0.8040091185404258,4.216036474161703
3653350159.jpg,train,76.3617021277,0.857627885921601,4.430511543686404
3653613515.jpg,train,62.4587155963,0.6930509467104706,3.7722037868418825
3654348116.jpg,train,56.2171052632,0.6191657334830704,3.476662933932281
3655930326.jpg,train,46.890625,0.5087632978722871,3.0350531914891485
3658535721.jpg,val,78.0,0.8770212765956328,4.508085106382531
3658667754.jpg,val,69.8448275862,0.7804842259719421,4.121936903887768
3660430593.jpg,train,71.8529411765,0.8042553191491839,4.217021276596736
3660664464.jpg,train,67.762605042,0.7558358662611067,4.023343465044427
3661422978.jpg,train,34.515625,0.3622739361701829,2.4490957446807315
3662491369.jpg,val,48.2121848739,0.5244072948321841,3.0976291793287363
3662558151.jpg,val,45.8073394495,0.4959398789766219,2.983759515906488
3662997757.jpg,train,76.0530973451,0.8539747693461432,4.415899077384573
3663320781.jpg,test,75.9612068966,0.8528870139403021,4.411548055761209
3663369776.jpg,val,74.6260504202,0.8370820668695734,4.348328267478294
3663960871.jpg,test,56.856557377,0.6267352633408177,3.506941053363271
366471935.jpg,train,79.65,0.8965531914892467,4.5862127659569865
3665983083.jpg,test,78.1486486486,0.8787809085674545,4.515123634269818
3667890322.jpg,train,59.9978991597,0.6639209726447266,3.6556838905789055
3669066809.jpg,train,40.031512605,0.4275683890572131,2.710273556228852
3670445078.jpg,val,31.7397260274,0.3294141649664899,2.31765665986596
3670448728.jpg,train,33.0660377358,0.3451144118821702,2.3804576475286807
3671193503.jpg,test,60.1621621622,0.6658654399083627,3.66346175963345
3673357278.jpg,train,67.5110619469,0.7528582187910645,4.0114328751642585
3673502264.jpg,train,49.9054054054,0.5444508338124131,3.1778033352496524
3674117315.jpg,test,61.5723684211,0.6825587905939848,3.7302351623759393
3675002443.jpg,train,46.2710084034,0.501428571428977,3.005714285715908
3676465885.jpg,train,60.4423076923,0.6691816693942655,3.676726677577062
3677460940.jpg,train,51.325,0.5612553191488746,3.2450212765954984
3678866923.jpg,train,68.4102564103,0.7635024549922388,4.054009819968956
3680743288.jpg,test,34.6292372881,0.3636188243774786,2.4544752975099144
3683418770.jpg,test,55.9533898305,0.6160439956723861,3.4641759826895444
3686287517.jpg,train,46.7094594595,0.5066187464064075,3.02647498562563
36869449.jpg,train,64.6228813559,0.7186693112148225,3.87467724485929
3688540831.jpg,train,70.9040178571,0.793022416412768,4.172089665651072
3688594216.jpg,train,58.1554054054,0.6421104082804826,3.5684416331219304
368909912.jpg,train,58.3849557522,0.6448277160607839,3.579310864243136
3689126503.jpg,test,74.4174311927,0.8346125317200572,4.338450126880229
3689872234.jpg,val,40.875,0.4375531914893198,2.75021276595728
3691978983.jpg,train,73.9698275862,0.8293140132059769,4.317256052823908
3693087386.jpg,train,44.0665137615,0.4753328128053292,2.901331251221317
369451183.jpg,train,47.3325892857,0.5139950607900504,3.0559802431602017
369605204.jpg,train,65.14375,0.7248351063828911,3.899340425531564
3697066196.jpg,train,64.9975728155,0.7231047304271081,3.892418921708432
3697493807.jpg,val,82.2909482759,0.9278154805579226,4.7112619222316905
3697530291.jpg,val,82.0064655172,0.924447909023602,4.697791636094408
3697878601.jpg,train,78.1227678571,0.8784745440723288,4.513898176289315
3698386210.jpg,train,49.8008474576,0.5432131265773339,3.172852506309336
3702144450.jpg,train,55.8428571429,0.6147355623104676,3.45894224924187
3702671816.jpg,train,68.8,0.7681160541585127,4.072464216634051
3704662776.jpg,train,31.4266055046,0.3257075932072332,2.302830372828933
3705698114.jpg,test,53.7123893805,0.5895160986627191,3.3580643946508766
3705884386.jpg,test,46.2673913043,0.5013857539309267,3.005543015723706
3706984010.jpg,train,27.8861607143,0.2837974924013676,2.13518996960547
3707022590.jpg,val,81.5256410256,0.9187561374789376,4.67502454991575
3707755654.jpg,train,45.6217391304,0.4937428307118408,2.974971322847363
3708130060.jpg,train,52.5625,0.575904255319085,3.30361702127634
3708879448.jpg,train,59.5391304348,0.6584902867716367,3.6339611470865454
3711573590.jpg,train,61.5948275862,0.6828246515038726,3.7312986060154905
3711772310.jpg,train,38.9797297297,0.4151178838408978,2.660471535363591
3712529193.jpg,test,36.7037815126,0.3881762917932194,2.5527051671728778
3713010621.jpg,test,44.0178571429,0.4747568389062345,2.899027355624938
3713773458.jpg,test,64.7572815534,0.7202602768022497,3.881041107208999
3714832332.jpg,train,46.6176470588,0.5055319148932857,3.022127659573143
3715014568.jpg,test,48.9391891892,0.5330132259920203,3.132052903968081
3715780832.jpg,val,61.8347826087,0.6856651248843364,3.7426604995373456
3716186057.jpg,train,18.7110091743,0.1751864142102823,1.7007456568411294
3716651057.jpg,train,77.5378151261,0.8715501519761597,4.486200607904639
3716891886.jpg,train,72.2299107143,0.8087177051672414,4.234870820668966
371935095.jpg,train,81.325,0.9163810444873092,4.665524177949237
3719984050.jpg,train,63.1399082569,0.7011145813001637,3.804458325200655
372117089.jpg,train,67.0717391304,0.7476577243288217,3.990630897315287
3721179887.jpg,test,43.5878378378,0.469666474985129,2.878665899940516
3722409963.jpg,test,34.1386554622,0.3578115501521255,2.431246200608502
3722476330.jpg,train,62.5905172414,0.6946111518710352,3.7784446074841407
3722623767.jpg,test,51.1991525424,0.5597655968268013,3.239062387307205
3725954413.jpg,train,48.7477876106,0.5307475051776454,3.1229900207105814
3726632967.jpg,train,65.725,0.7317156673113232,3.926862669245293
3727572481.jpg,test,52.5817757009,0.5761324318945357,3.3045297275781427
372866056.jpg,train,44.5206422018,0.4807085691972743,2.9228342767890974
3729465678.jpg,train,33.7828947368,0.3536002239636389,2.4144008958545555
3731180333.jpg,train,68.4513888889,0.7639893617021652,4.0559574468086605
3733701155.jpg,train,79.0405405405,0.8893387004019364,4.557354801607746
3733759776.jpg,test,68.9888392857,0.7703514437687329,4.081405775074932
3734378087.jpg,train,46.5125,0.5042872340425006,3.0171489361700026
3734577194.jpg,test,66.6108490566,0.7422019269368381,3.968807707747352
3734652007.jpg,train,54.1844660194,0.5951043172895423,3.380417269158169
3736336896.jpg,val,49.8310810811,0.5435710178265022,3.1742840713060088
3736358849.jpg,test,31.8,0.3301276595744433,2.3205106382977734
3736418288.jpg,train,49.6674311927,0.5416338083158487,3.166535233263395
3736752039.jpg,train,75.8726415094,0.8518386190279926,4.407354476111971
3736907392.jpg,test,65.3207964602,0.7269308981361287,3.907723592544514
3737792738.jpg,train,33.4107142857,0.3491945288751831,2.3967781155007324
3738819299.jpg,train,68.0951327434,0.7597721709662666,4.039088683865066
3739339628.jpg,train,55.2763157895,0.6080291153417878,3.432116461367152
3740923361.jpg,train,34.275,0.3594255319148642,2.437702127659457
3741259519.jpg,val,66.342920354,0.7390303144418443,3.956121257767377
3741472599.jpg,train,64.25,0.7142553191488502,3.857021276595401
3742811862.jpg,train,54.8075221239,0.602479758990779,3.409919035963116
3743649571.jpg,train,61.7018348624,0.6840913527231064,3.7363654108924256
374612387.jpg,val,64.1334745763,0.7128759466284559,3.851503786513824
3749654443.jpg,train,35.5331858407,0.374319337224502,2.497277348898008
3750200495.jpg,train,68.0576923077,0.7593289689034348,4.037315875613739
3750653207.jpg,train,44.9294871795,0.4855482815058305,2.942193126023322
375084308.jpg,test,59.0527522936,0.6527327737655563,3.610931095062225
3750920837.jpg,train,31.6650943396,0.3285307105577163,2.3141228422308653
3753143338.jpg,test,11.51875,0.090047872340439,1.3601914893617562
375446021.jpg,val,48.2165178571,0.5244585866255768,3.097834346502307
3754491822.jpg,train,38.2723214286,0.4067439209729456,2.626975683891782
3754591467.jpg,train,38.0871559633,0.4045520203005359,2.618208081202144
3755058211.jpg,train,77.1869565217,0.8673968547635337,4.469587419054134
3755358004.jpg,test,69.3040540541,0.7740828062109142,4.096331224843657
3757841253.jpg,train,64.391025641,0.7159247135838983,3.863698854335593
3758354055.jpg,train,66.625,0.7423694390714762,3.969477756285905
3758613590.jpg,train,60.2637614679,0.6670681241460491,3.668272496584197
3758636614.jpg,train,39.4756637168,0.4209885144038601,2.6839540576154404
3758843972.jpg,test,64.343220339,0.7153588171656392,3.861435268662557
3759443485.jpg,train,41.4931192661,0.4448701932466339,2.779480772986536
3759763464.jpg,test,48.5776699029,0.5287337326996495,3.114934930798598
3761038439.jpg,train,56.1279069767,0.618109846609995,3.47243938643998
3761173384.jpg,test,53.4464285714,0.5863677811546113,3.345471124618445
3761272199.jpg,train,61.277027027,0.6790626797005773,3.716250718802309
3761519418.jpg,train,77.10625,0.8664414893615919,4.465765957446368
3764660296.jpg,train,81.9722222222,0.924042553191107,4.696170212764428
3766742048.jpg,train,29.1285714286,0.2985045592708352,2.194018237083341
376684942.jpg,train,56.4427966102,0.6218373602599364,3.4873494410397456
3767341492.jpg,test,35.275,0.371263056092812,2.4850522243712483
3767933394.jpg,test,75.0943396226,0.8426254516252553,4.3705018065010215
3768070080.jpg,train,22.5609243697,0.2207598784188785,1.8830395136755145
3770559253.jpg,train,55.1261682243,0.6062517399084728,3.4250069596338912
377273746.jpg,train,12.4782608696,0.1014061054583327,1.4056244218333311
3773463532.jpg,train,81.1536697248,0.9143529182122148,4.657411672848859
3775591333.jpg,val,43.6378504673,0.470258500696038,2.881034002784152
3775862144.jpg,train,70.6184210526,0.7896416573343547,4.158566629337418
3776716867.jpg,train,62.9486607143,0.6988506838906631,3.795402735562652
3779249317.jpg,train,70.3717391304,0.7867215541160495,4.146886216464198
3779311128.jpg,train,59.4639423077,0.6576002454991958,3.6304009819967833
3780702032.jpg,train,70.9357798165,0.7933983993751045,4.1735935975004175
3782183827.jpg,train,37.3883928571,0.3962803951362355,2.585121580544942
3783245891.jpg,test,52.5974576271,0.5763180670750849,3.30527226830034
3783312451.jpg,train,31.202173913,0.3230508788153729,2.292203515261492
3783568353.jpg,test,60.6152173913,0.6712284921367797,3.684913968547119
3784715028.jpg,train,61.1681034483,0.6777732942041674,3.7110931768166697
3785783338.jpg,train,63.395631068,0.7041417062594127,3.816566825037651
3787014324.jpg,train,52.4038461538,0.5740261865787681,3.296104746315073
3787979013.jpg,train,76.9138655462,0.8641641337382732,4.456656534953092
3788379941.jpg,test,74.8849557522,0.8401468649969229,4.360587459987691
3788909806.jpg,train,63.8967889908,0.7100741752875278,3.8402967011501112
3789837472.jpg,train,71.5265486726,0.8003916399927669,4.201566559971067
3791999774.jpg,train,22.873853211,0.2244641811437445,1.897856724574978
3792338234.jpg,train,58.8898305085,0.6508041831953206,3.6032167327812825
3792378354.jpg,train,63.8040540541,0.7089764232322011,3.835905692928805
379323686.jpg,train,72.025,0.8062920696323946,4.225168278529578
379362291.jpg,train,56.8622881356,0.6268031013343032,3.5072124053372127
3794248989.jpg,train,67.0705128205,0.7476432078557307,3.9905728314229214
379437662.jpg,test,68.6651376147,0.7665196174118283,4.066078469647313
3794461596.jpg,train,71.0441176471,0.7946808510642184,4.178723404256873
37951657.jpg,train,16.7243589744,0.1516693944358412,1.606677577743365
3796455854.jpg,train,59.0527522936,0.6527327737655563,3.610931095062225
3797715149.jpg,train,66.8552631579,0.7450951847704081,3.9803807390816326
3800059044.jpg,train,67.9625,0.7582021276594816,4.032808510637926
3800600451.jpg,train,77.7457983193,0.8740121580542715,4.496048632217086
3801275835.jpg,train,62.8391304348,0.6975541165588645,3.790216466235458
3804031946.jpg,train,72.1283783784,0.8075158136861815,4.230063254744726
3805107589.jpg,val,59.4612068966,0.6575678650041629,3.630271460016652
38056572.jpg,test,64.8326271186,0.7211521817520058,3.884608727008023
3806051518.jpg,train,15.7591743119,0.140243997657313,1.5609759906292524
3809644203.jpg,train,60.8514150943,0.6740244881568179,3.696097952627272
3810011859.jpg,test,36.497706422,0.3857368729257691,2.5429474917030763
381148704.jpg,train,57.4430693069,0.6336781124916638,3.534712449966656
3812031514.jpg,test,70.9851694915,0.793983050847058,4.175932203388232
3812657000.jpg,train,60.607615894,0.6711385092287023,3.684554036914809
3812865597.jpg,train,67.8102678571,0.7564000759872419,4.025600303948968
3812926720.jpg,test,70.3302752294,0.7862307241854499,4.1449228967418
3814668128.jpg,train,59.7678571429,0.6611978447089127,3.644791378835651
3815063597.jpg,test,47.3325892857,0.5139950607900504,3.0559802431602017
3815098207.jpg,test,74.7297297297,0.8383093732025325,4.3532374928101305
3816407980.jpg,train,64.343220339,0.7153588171656392,3.861435268662557
3817723435.jpg,train,55.3529411765,0.6089361702130449,3.43574468085218
3817779484.jpg,test,50.7426470588,0.5543617021273206,3.2174468085092824
3818998606.jpg,train,63.4847826087,0.7051970397779503,3.820788159111802
3820650799.jpg,train,35.0794392523,0.3689481010136557,2.475792404054623
3821275434.jpg,train,71.3097014925,0.7978247062554132,4.1912988250216525
3822506826.jpg,train,38.506302521,0.4095136778114133,2.638054711245653
3822808828.jpg,train,75.8046218487,0.8510334346498806,4.404133738599523
3824105113.jpg,val,55.8834745763,0.6152163721603863,3.460865488641545
3824362477.jpg,train,75.027027027,0.8418286371473599,4.367314548589439
3824413541.jpg,test,76.3879310345,0.8579383712400072,4.431753484960028
3824485636.jpg,val,48.1625,0.5238191489361146,3.0952765957444583
3825250471.jpg,train,77.6592920354,0.8729881378270609,4.491952551308243
3825304964.jpg,train,56.75,0.6254738878142415,3.501895551256966
3825365753.jpg,train,66.8613445378,0.7451671732520097,3.980668693008039
3825837186.jpg,test,70.0320512821,0.7827004909988431,4.130801963995372
3826205454.jpg,train,64.0384615385,0.7117512274962781,3.847004909985112
3826585780.jpg,train,72.3834745763,0.8105355210965254,4.242142084386101
3827560087.jpg,test,73.0260869565,0.8181424606841914,4.2725698427367655
382774042.jpg,train,20.8147321429,0.200089285714789,1.800357142859156
3827911032.jpg,val,72.3971962617,0.8106979518792101,4.2427918075168405
3827968988.jpg,train,52.8475609756,0.5792786715099394,3.3171146860397576
3828155719.jpg,train,62.3111510791,0.6913041481703084,3.7652165926812335
3828472247.jpg,train,55.2836134454,0.6081155015199464,3.4324620060797857
3829660645.jpg,train,56.0462184874,0.6171428571428463,3.4685714285713853
3835050024.jpg,train,51.814159292,0.5670457540947924,3.2681830163791696
3838001890.jpg,train,47.3040540541,0.513657274296062,3.054629097184248
3839953318.jpg,test,57.281779661,0.6317688424086699,3.52707536963468
3840546727.jpg,train,52.8571428571,0.5793920972638659,3.3175683890554635
3840923045.jpg,train,53.1013513514,0.5822829212196023,3.3291316848784094
3841233055.jpg,test,43.0981308411,0.4638695565715826,2.8554782262863303
3841305755.jpg,test,61.3368644068,0.6797710061307047,3.719084024522819
3841509426.jpg,train,35.7934782609,0.3774005550419561,2.5096022201678245
3843377036.jpg,train,57.2635135135,0.6315526164460007,3.5262104657840028
3843859642.jpg,val,65.8214285714,0.7328571428567158,3.931428571426863
3844930238.jpg,train,66.7911392405,0.744336116347801,3.977344465391204
3845656628.jpg,test,62.5855263158,0.6945520716685748,3.778208286674299
3846071699.jpg,val,66.3503937008,0.7391187803652794,3.956475121461118
3846844854.jpg,train,66.4602803738,0.7404195665137513,3.961678266055005
3847022878.jpg,val,66.475,0.740593810444784,3.962375241779136
384788069.jpg,train,77.35,0.8693268858799666,4.477307543519867
3847915749.jpg,train,23.1766055046,0.2280480187391637,1.9121920749566548
3847965007.jpg,test,43.0,0.4627079303674589,2.850831721469836
3848727332.jpg,train,79.8495575221,0.8989154584819967,4.595661833927987
3848893941.jpg,train,64.18125,0.7134414893616163,3.853765957446465
3850107264.jpg,train,56.1848739496,0.6187841945290433,3.4751367781161733
3850147128.jpg,train,71.4,0.7988936170211772,4.195574468084709
3850577376.jpg,train,44.0434782609,0.4750601295100256,2.9002405180401025
3851672801.jpg,test,75.9189189189,0.8523864289818418,4.409545715927367
3851941327.jpg,test,55.495412844,0.6106226820217487,3.442490728086995
3853359984.jpg,test,61.4471153846,0.6810761047460547,3.724304418984219
3854279335.jpg,test,30.5558252427,0.3153997108033122,2.2615988432132488
3855419676.jpg,test,76.2905405405,0.85678550891258,4.42714203565032
3856196713.jpg,train,73.2586206897,0.8208950843731349,4.283580337492539
3856507445.jpg,train,59.6907894737,0.6602855543114198,3.641142217245679
3856900502.jpg,train,70.8076923077,0.7918821603927914,4.167528641571165
3860253466.jpg,train,62.0789473684,0.688555431130688,3.754221724522752
3860848792.jpg,test,43.6585365854,0.4705033731191946,2.882013492476778
3861043546.jpg,train,72.5982142857,0.8130775075985133,4.252310030394053
3861673008.jpg,train,32.7184466019,0.3409997934305886,2.3639991737223545
3864280906.jpg,train,74.0921052632,0.8307614781638877,4.323045912655551
3866688343.jpg,train,50.9230769231,0.5564975450083957,3.2259901800335826
3867441709.jpg,test,65.9048672566,0.7338448503101469,3.935379401240588
386746008.jpg,test,62.4243697479,0.6926443768996234,3.7705775075984937
3867705645.jpg,train,19.5810810811,0.1854859114435805,1.741943645774322
3867707916.jpg,train,58.1273584906,0.6417784022484208,3.567113608993683
387003357.jpg,test,31.7702702703,0.3297757331803157,2.319102932721263
3870343367.jpg,test,62.4705882353,0.6931914893616892,3.7727659574467567
3870457394.jpg,train,63.6722689076,0.707416413374213,3.829665653496852
3871801313.jpg,test,50.6398305085,0.553144608727251,3.212578434909004
3872043875.jpg,train,64.123853211,0.7127620534840922,3.8510482139363686
3872509611.jpg,train,43.6642857143,0.4705714285715505,2.882285714286202
387259022.jpg,train,50.2828947368,0.5489193728997779,3.1956774915991115
3872832716.jpg,train,52.3,0.5727969052223737,3.291187620889495
3874298550.jpg,test,61.84375,0.6857712765956633,3.743085106382653
3874382715.jpg,test,32.5721153846,0.3392675941078114,2.357070376431245
3876341199.jpg,train,73.9807692308,0.8294435351884758,4.317774140753903
3876523676.jpg,val,72.2105263158,0.8084882418813225,4.2339529675252905
3879362113.jpg,train,74.4608695652,0.8351267345047768,4.340506938019107
3880140639.jpg,test,34.5840707965,0.3630841649411305,2.452336659764522
3880718005.jpg,train,48.8655660377,0.5321417101560822,3.128566840624329
3881103730.jpg,train,78.8156779661,0.8866768842407607,4.5467075369630425
3885568060.jpg,train,73.5431034483,0.8242626559062718,4.297050623625087
3886483510.jpg,train,72.8701923077,0.8162970540098087,4.265188216039235
3886718406.jpg,train,65.6376146789,0.7306812414600041,3.922724965840017
3886757277.jpg,train,45.859375,0.4965558510637785,2.9862234042551137
3886880606.jpg,train,75.7798165138,0.8507398008982597,4.402959203593039
3888454309.jpg,train,25.1953781513,0.2519452887542546,2.0077811550170184
3890421755.jpg,train,57.9931192661,0.640189342182773,3.560757368731092
3890811565.jpg,test,64.1575630252,0.7131610942247189,3.8526443768988754
3891717415.jpg,val,71.4196428571,0.7991261398170224,4.19650455926809
3892086124.jpg,train,61.2928082192,0.6792494899448016,3.7169979597792064
3892332557.jpg,train,53.1971153846,0.5834165302779852,3.333666121111941
3894915205.jpg,train,72.7415540541,0.8147742955726098,4.259097182290439
3895433023.jpg,test,58.1760869565,0.6423552266416663,3.5694209065666653
3895663827.jpg,val,46.6805555556,0.5062765957451542,3.0251063829806166
3896434582.jpg,train,47.5586956522,0.516671600370282,3.066686401481128
3898078585.jpg,train,19.9679487179,0.190065466447866,1.7602618657914642
3900873243.jpg,train,53.7860169492,0.5903876667873689,3.3615506671494755
3900966844.jpg,train,37.09375,0.3927925531914546,2.5711702127658187
390226070.jpg,test,72.2566371681,0.8090340802102897,4.236136320841158
3902626347.jpg,train,21.9369747899,0.2133738601821756,1.8534954407287023
3903483278.jpg,train,42.25,0.4538297872339981,2.815319148935992
3904942577.jpg,val,18.2173913043,0.1693432007394902,1.677372802957961
3905518312.jpg,test,39.3035714286,0.4189513677814543,2.675805471125817
3908700784.jpg,train,71.9210526316,0.8050615901457255,4.220246360582902
3908763168.jpg,train,73.2787610619,0.8211334965160053,4.284533986064021
3908866899.jpg,test,38.2777777778,0.4068085106385239,2.627234042554096
3910222592.jpg,train,67.9705882353,0.7582978723404021,4.0331914893616085
3910973897.jpg,train,29.1059322034,0.2982365668951602,2.192946267580641
3913177014.jpg,train,51.6282051282,0.5648445171848199,3.2593780687392795
3913188131.jpg,train,79.9642857143,0.9002735562310565,4.601094224924227
3916222248.jpg,train,79.7354368932,0.8975645527781905,4.590258211112761
3916243478.jpg,train,51.8878504673,0.5679180751641075,3.27167230065643
3916637949.jpg,train,47.0336134454,0.5104559270518768,3.0418237082075072
3916850615.jpg,train,65.7625,0.7321595744679963,3.928638297871985
3916915691.jpg,train,50.9583333333,0.5569148936165658,3.227659574466263
3917849504.jpg,test,49.4956521739,0.5396003700275395,3.158401480110158
3918062562.jpg,val,76.7435344828,0.86214783565702,4.44859134262808
3918280584.jpg,train,60.3108108108,0.6676250718801845,3.670500287520738
3918838221.jpg,train,34.6346153846,0.3636824877248287,2.4547299508993152
3919380535.jpg,test,69.1361607143,0.7720953647417153,4.088381458966861
392103652.jpg,test,33.3707627119,0.3487216011543785,2.3948864046175142
3921589638.jpg,test,72.8407079646,0.8159480323854916,4.263792129541967
392179845.jpg,val,16.2482758621,0.1460337490832773,1.5841349963331095
3922421993.jpg,test,72.0416666667,0.8064893617024215,4.225957446809685
3923233289.jpg,train,28.8004201681,0.2946200607906424,2.1784802431625696
3923541475.jpg,train,54.9046610169,0.6036296429852857,3.4145185719411426
3925412649.jpg,train,65.4668141593,0.7286593861796332,3.914637544718533
392558137.jpg,train,40.7302631579,0.4358398656215212,2.743359462486085
3927444590.jpg,train,65.9772727273,0.7347019518201738,3.938807807280696
3927881802.jpg,train,63.1399082569,0.7011145813001637,3.804458325200655
3928559890.jpg,train,63.3169642857,0.7032104863219352,3.8128419452877407
3930941584.jpg,test,36.4527027027,0.3852041403104577,2.540816561241831
3931210821.jpg,test,55.2567567568,0.6077975848193043,3.4311903392772174
3932630945.jpg,val,61.6227678571,0.6831553951361897,3.732621580544759
3932684731.jpg,train,48.85,0.5319574468084537,3.1278297872338148
3932785686.jpg,train,40.6987179487,0.4354664484449178,2.741865793779671
3934165977.jpg,train,55.2455752212,0.6076652231212927,3.4306608924851707
3934821151.jpg,test,69.5683962264,0.7772119630667667,4.108847852267067
3934995195.jpg,train,75.7394067797,0.8502614496938267,4.401045798775307
3935177366.jpg,test,21.0256410256,0.2025859247130942,1.810343698852377
3937913166.jpg,train,71.0192307692,0.7943862520453636,4.177545008181454
3938367619.jpg,test,50.2155172414,0.5481217901689308,3.1924871606757232
3939043948.jpg,train,41.21875,0.4416223404254893,2.7664893617019573
3939622523.jpg,train,55.0337837838,0.6051581368603879,3.4206325474415515
3940105265.jpg,train,46.161637931,0.5001338958175884,3.000535583270353
3940357186.jpg,train,45.1703539823,0.4883995481076405,2.953598192430562
3940847938.jpg,train,27.55,0.2798181818181651,2.1192727272726604
3941788092.jpg,train,65.2477876106,0.7260666541137845,3.904266616455138
3943080167.jpg,train,28.8525641026,0.2952373158760195,2.180949263504078
3944642127.jpg,train,69.4470338983,0.775775333573591,4.103101334294363
3945869834.jpg,train,76.0,0.8533462282397372,4.413384912958948
3946405001.jpg,val,71.6228448276,0.8015315480558228,4.206126192223291
3947046278.jpg,train,68.375,0.763085106382885,4.05234042553154
3948135332.jpg,train,72.9342105263,0.8170548712203155,4.268219484881263
3948277105.jpg,val,57.9789719626,0.6400218731355389,3.560087492542156
3948522988.jpg,train,49.6238938053,0.5411184334398564,3.1644737337594258
3948731617.jpg,train,74.5688073394,0.8364044505165831,4.345617802066332
3949143151.jpg,test,68.99375,0.7704095744679902,4.081638297871961
3949472497.jpg,train,66.497826087,0.7408640148015346,3.9634560592061385
395036065.jpg,train,27.4325657895,0.2784280515120531,2.1137122060482127
395147567.jpg,train,41.8517241379,0.4491151870868963,2.7964607483475854
3951898034.jpg,train,71.95,0.8054042553190485,4.221617021276193
3952840501.jpg,val,76.0,0.8533462282397372,4.413384912958948
395315549.jpg,test,52.1875,0.5714651837523546,3.285860735009418
39540491.jpg,test,73.3088235294,0.8214893617018854,4.285957446807542
3954258141.jpg,train,65.3348623853,0.7270974038645851,3.908389615458341
3955560376.jpg,val,63.0847457627,0.7004615939413553,3.801846375765421
3956832242.jpg,train,44.023364486,0.4748220322133371,2.8992881288533483
3957754780.jpg,train,40.7635135135,0.4362334675098616,2.7449338700394463
3960128594.jpg,val,53.5555555556,0.5876595744685454,3.3506382978741818
3960444662.jpg,test,73.7375,0.8265638297871302,4.306255319148521
3960629357.jpg,train,60.9537671233,0.6752360827747674,3.7009443310990697
3961390501.jpg,train,74.0389908257,0.8301327347257833,4.320530938903133
3961459513.jpg,train,74.1394230769,0.8313216039276091,4.325286415710437
3962058482.jpg,train,25.4527027027,0.2549913743530317,2.019965497412127
396221760.jpg,test,61.5948275862,0.6828246515038726,3.7312986060154905
3962244093.jpg,train,67.0771028037,0.747721216941193,3.990884867764772
3964553280.jpg,train,55.1081081081,0.6060379528462987,3.4241518113851948
396505725.jpg,train,28.5705128205,0.2918985270047395,2.1675941080189585
3965556653.jpg,train,57.25,0.6313926499032154,3.5255705996128617
3966627187.jpg,train,71.6630434783,0.8020074005554049,4.20802960222162
3966829877.jpg,val,68.0760869565,0.7595467160033498,4.038186864013399
3969622447.jpg,test,45.3737864078,0.4908076843630753,2.9632307374523013
3970268650.jpg,train,69.9518348624,0.781750927191176,4.127003708764704
3971050023.jpg,train,77.51875,0.8713244680849953,4.485297872339981
3971662930.jpg,train,49.8831775701,0.5441877112746258,3.176750845098504
3971799391.jpg,train,58.8256880734,0.6500448955689919,3.600179582275968
3973001148.jpg,train,38.1596638655,0.4054103343459206,2.6216413373836827
3973813247.jpg,train,39.98125,0.4269734042552789,2.707893617021116
3974701478.jpg,train,54.6590909091,0.6007227008968219,3.402890803587288
3975469304.jpg,test,82.3851351351,0.9289304197809476,4.71572167912379
3976452832.jpg,train,55.2567567568,0.6077975848193043,3.4311903392772174
3976883946.jpg,val,56.5265957447,0.6228293345406714,3.4913173381626854
3977122123.jpg,train,60.1904761905,0.6662006079029391,3.664802431611757
3978652004.jpg,train,52.2569444444,0.5722872340419637,3.2891489361678548
3978837773.jpg,train,63.0778688525,0.7003801883505932,3.801520753402373
3980206588.jpg,test,63.6116071429,0.7066983282678997,3.826793313071599
3980253534.jpg,train,54.2234513274,0.595565806815577,3.382263227262308
3980401611.jpg,val,45.4782608696,0.4920444033306109,2.968177613322444
3982768803.jpg,train,53.5275229358,0.5873277376538917,3.3493109506155667
3983499964.jpg,test,67.1542056075,0.7486339232453632,3.9945356929814526
3984248064.jpg,test,24.602173913,0.2449232192409172,1.9796928769636688
3985027264.jpg,test,40.0260869565,0.4275041628119133,2.710016651247653
3985258920.jpg,test,52.3877118644,0.5738351965379016,3.2953407861516064
398551269.jpg,train,48.7905405405,0.5312535940190147,3.125014376076059
3985602874.jpg,train,66.4,0.7397059961314381,3.958823984525752
3986881860.jpg,train,76.718220339,0.8618481788677435,4.447392715470974
3987605606.jpg,train,84.05,0.9486382978722172,4.794553191488868
3989767571.jpg,train,55.0609756098,0.6054800207581055,3.421920083032422
3992677101.jpg,train,21.6596638655,0.2100911854097816,1.8403647416391269
3993808694.jpg,test,40.875,0.4375531914893198,2.75021276595728
3994007574.jpg,train,73.130733945,0.8193812219407097,4.277524887762839
3994759280.jpg,train,66.4602803738,0.7404195665137513,3.961678266055005
3994759840.jpg,train,49.8599137931,0.543912325751918,3.175649303007672
3995400927.jpg,train,63.2912844037,0.7029065000978733,3.811626000391493
3999106249.jpg,test,50.2828947368,0.5489193728997779,3.1956774915991115
4000012271.jpg,val,77.45,0.8705106382977615,4.482042553191047
4000500172.jpg,train,52.9527027027,0.5805232892465968,3.322093156986387
4000774743.jpg,train,60.1642857143,0.6658905775076897,3.663562310030759
4001539544.jpg,train,42.3263888889,0.4547340425532784,2.8189361702131137
4002090879.jpg,train,73.6109271523,0.8250655206422096,4.300262082568839
4002265121.jpg,train,65.8646788991,0.7333691196565686,3.9334764786262735
4003392015.jpg,test,37.7905405405,0.4010408280615886,2.6041633122463548
4004417944.jpg,test,30.8475609756,0.3188531395950873,2.2754125583803493
4005014529.jpg,val,56.1067961165,0.6178599462919603,3.471439785167841
4005164524.jpg,train,42.7620689655,0.459891415993881,2.839565663975524
4005784260.jpg,train,69.981092437,0.7820972644378916,4.128389057751567
4007753969.jpg,train,64.108974359,0.7125859247138021,3.850343698855208
4008219206.jpg,val,57.6041666667,0.6355851063832999,3.5423404255332
4010417256.jpg,train,50.9459459459,0.5567682576187166,3.2270730304748665
4010451143.jpg,train,71.8241525424,0.8039145329969751,4.215658131987901
4011871379.jpg,train,54.5192307692,0.5990671031092244,3.3962684124368976
4014803633.jpg,train,23.89375,0.2365372340425433,1.9461489361701727
4016051317.jpg,test,32.3348623853,0.3364591059923069,2.345836423969228
4016200124.jpg,train,67.375,0.7512475822049371,4.004990328819749
4016398417.jpg,val,61.2544642857,0.6787955927049177,3.715182370819671
4016639569.jpg,val,66.0508849558,0.7355733383548352,3.9422933534193407
4017312321.jpg,train,29.6458333333,0.3046276595740528,2.218510638296212
4018386659.jpg,test,58.0688073394,0.6410853015804441,3.5643412063217763
4018505209.jpg,train,73.1327433628,0.8194050084725008,4.277620033890003
4018879156.jpg,test,38.2867647059,0.4069148936171931,2.6276595744687725
4019770428.jpg,train,70.3277310924,0.7862006079022005,4.144802431608802
4023100592.jpg,train,26.9590517241,0.2728228173142822,2.091291269257129
4023245742.jpg,val,53.5504201681,0.587598784194851,3.350395136779404
4023598688.jpg,val,53.0733944954,0.581951981260763,3.327807925043052
4026925102.jpg,train,65.8214285714,0.7328571428567158,3.931428571426863
4027767419.jpg,train,55.5887850467,0.6117279777287582,3.446911910915033
4028266820.jpg,test,65.9423076923,0.7342880523729786,3.937152209491914
4029731030.jpg,val,50.95,0.5568162475821442,3.227264990328577
4033495510.jpg,train,31.3308823529,0.3245744680845951,2.2982978723383805
4034220859.jpg,train,49.125,0.5352127659573893,3.1408510638295573
4034290606.jpg,train,61.8819444444,0.6862234042547115,3.744893617018846
4034550282.jpg,train,35.5381355932,0.3743779300393957,2.4975117201575827
4035961068.jpg,train,40.1111111111,0.4285106382977003,2.7140425531908017
4036944943.jpg,train,80.134,0.9022825531913734,4.609130212765494
4037056912.jpg,train,43.3194444444,0.466489361701555,2.8659574468062203
4037555676.jpg,val,24.1419491525,0.2394752975112082,1.957901190044833
4039710407.jpg,test,70.85,0.7923829787233058,4.169531914893224
403993453.jpg,train,32.3919491525,0.3371348719792778,2.348539487917111
404033442.jpg,val,62.8050847458,0.697151099892172,3.788604399568688
4040650709.jpg,test,45.0,0.4863829787233545,2.9455319148934183
4040905906.jpg,train,67.1375,0.7484361702126746,3.9937446808506976
4041954882.jpg,train,75.86875,0.8517925531913816,4.407170212765527
4042188530.jpg,test,39.4495412844,0.4206792894787383,2.6827171579149534
4042245241.jpg,train,40.6987179487,0.4354664484449178,2.741865793779671
4042292027.jpg,train,57.3987068966,0.6331529713871454,3.5326118855485817
4042306910.jpg,train,49.4594594595,0.539171937895764,3.156687751583056
4042433513.jpg,test,49.4976635514,0.5396241797573268,3.158496719029307
4042572733.jpg,test,41.4324324324,0.444151811385427,2.776607245541708
4042987026.jpg,train,26.85,0.2715319148936016,2.0861276595744065
4045599734.jpg,train,72.7056074766,0.814348777092339,4.257395108369356
4046637583.jpg,train,35.1402439024,0.3696678775293461,2.4786715101173846
4046716515.jpg,val,41.0534351145,0.4396654214714084,2.7586616858856337
4047293612.jpg,train,68.314159292,0.7623649030309315,4.049459612123727
4047658369.jpg,train,64.8,0.7207659574467215,3.883063829786886
4049047636.jpg,train,20.156779661,0.192300757302357,1.769203029209428
4050875089.jpg,train,68.3630434783,0.7629435707681771,4.051774283072708
4054072823.jpg,train,57.1308411215,0.6299821037979545,3.519928415191818
4054594935.jpg,train,71.3108108108,0.7978378378376106,4.191351351350443
4054655583.jpg,train,50.6571428571,0.5533495440723807,3.2133981762895227
4054847919.jpg,test,76.9951923077,0.8651268412438435,4.460507364975374
4056860839.jpg,train,77.402173913,0.8699444958365623,4.479777983346249
405908679.jpg,val,65.2281879195,0.725834642296508,3.903338569186032
4062759482.jpg,train,33.6474358974,0.3519967266771246,2.4079869067084987
4063780436.jpg,train,60.6357142857,0.6714711246198125,3.68588449847925
4065100469.jpg,train,65.125,0.7246131528045545,3.898452611218218
4067961238.jpg,val,40.0879310345,0.4282362435805012,2.7129449743220047
4068780416.jpg,val,43.9868421053,0.4743896976487646,2.8975587905950584
406881914.jpg,train,76.7625,0.8623723404254223,4.449489361701689
4069729710.jpg,train,73.7797029703,0.8270634084684375,4.308253633873751
4074943155.jpg,train,60.1724137931,0.6659867938370049,3.66394717534802
4075989770.jpg,train,46.6399082569,0.5057954323640246,3.0231817294560983
4076940518.jpg,train,67.5840707965,0.7537224628134087,4.014889851253635
4077667734.jpg,train,76.2019230769,0.8557364975446266,4.422945990178507
4078925567.jpg,val,44.6539735099,0.4822868817805854,2.9291475271223417
4079545582.jpg,test,58.8243243243,0.650028752156048,3.600115008624192
4079839829.jpg,train,44.1102941176,0.4758510638291822,2.9034042553167287
4080245276.jpg,train,17.6447368421,0.162564389697588,1.650257558790352
4080731983.jpg,train,66.1824324324,0.7371305347896357,3.948522139158543
4081025902.jpg,test,43.9868421053,0.4743896976487646,2.8975587905950584
4081293153.jpg,train,61.6334951456,0.6832823796731724,3.7331295186926896
4083824869.jpg,train,52.7239130435,0.5778149861241524,3.311259944496609
4084687519.jpg,train,68.5945378151,0.7656838905771051,4.06273556230842
4085075628.jpg,train,53.8,0.5905531914892954,3.3622127659571817
408607884.jpg,train,59.7899159664,0.6614589665654311,3.645835866261725
4086204414.jpg,val,27.625,0.2807059961315112,2.122823984526045
4087443308.jpg,train,68.4864864865,0.7644048303623432,4.057619321449373
4088500384.jpg,train,56.4230769231,0.6216039279871086,3.4864157119484345
4089514101.jpg,test,74.1548672566,0.8315044247782164,4.326017699112866
4091583861.jpg,train,40.9473684211,0.438409854423811,2.753639417695244
409233389.jpg,val,46.0576923077,0.4989034369885828,2.995613747954331
4092627138.jpg,train,64.4131355932,0.716186440677639,3.864745762710556
409280416.jpg,train,49.6680672269,0.5416413373860691,3.1665653495442765
409446076.jpg,train,39.8407079646,0.4253097345132134,2.7012389380528536
4094774604.jpg,train,37.2123893805,0.3941969497265801,2.57678779890632
4094850958.jpg,test,29.2638888889,0.3001063829788349,2.20042553191534
4095160762.jpg,test,65.8318584071,0.7329806062889864,3.9319224251559457
4095383312.jpg,val,39.4495412844,0.4206792894787383,2.6827171579149534
4095785910.jpg,train,52.046875,0.5698005319148306,3.2792021276593224
409597917.jpg,test,40.251953125,0.4301778590425125,2.72071143617005
409821164.jpg,train,62.7673913043,0.6967049028670658,3.786819611468263
4098700616.jpg,test,65.5897435897,0.7301145662841746,3.9204582651366975
4099198318.jpg,val,49.7431192661,0.5425297677147035,3.170119070858814
4100096331.jpg,test,18.5405405405,0.1731684876360931,1.6926739505443724
4100631766.jpg,val,42.0986238532,0.4520378684362885,2.808151473745154
4103115026.jpg,train,13.7875,0.1169042553191581,1.4676170212766326
4103158795.jpg,train,71.5265486726,0.8003916399927669,4.201566559971067
4106514523.jpg,train,75.3986486486,0.8462277170780981,4.384910868312392
4106517753.jpg,val,75.108974359,0.8427986906712281,4.371194762684913
4107362083.jpg,test,80.75,0.9095744680849892,4.638297872339957
4107566763.jpg,train,56.3598130841,0.6208550407633563,3.483420163053425
4109408743.jpg,test,73.9915254237,0.8295708618819924,4.318283447527969
411025625.jpg,test,71.8931034483,0.8047307410126577,4.218922964050631
4110400471.jpg,val,59.7543478261,0.6610379278446653,3.644151711378661
411090819.jpg,test,16.9,0.1537485493230207,1.614994197292083
4112798557.jpg,train,80.1074766355,0.9019685822228244,4.607874328891297
41130035.jpg,train,76.0256410256,0.8536497545002244,4.414599018000898
4113272660.jpg,train,60.3705357143,0.6683320668693913,3.673328267477565
4113685341.jpg,test,7.51680672269,0.0426747720365061,1.1706990881460246
4114019902.jpg,train,68.0668103448,0.7594369038880616,4.037747615552247
4114743309.jpg,train,77.732300885,0.8738523818494051,4.49540952739762
411787882.jpg,val,75.4652173913,0.8470157261793049,4.38806290471722
4122173034.jpg,train,54.7697368421,0.602032474803901,3.408129899215604
412289790.jpg,train,17.4263392857,0.1599791033432983,1.6399164133731932
4124391067.jpg,train,22.8834745763,0.2245780742881081,1.8983122971524324
4124667437.jpg,train,42.7702702703,0.4599884991377418,2.8399539965509675
4125943270.jpg,train,76.7232142857,0.8619072948325481,4.4476291793301925
4126410943.jpg,test,40.0065789474,0.4272732362825284,2.709092945130114
4127387822.jpg,val,75.5344827586,0.8478356566394131,4.391342626557652
4127400247.jpg,train,47.0721830986,0.5109124962541669,3.043649985016668
4128658349.jpg,train,74.0163551402,0.8298647842513928,4.319459137005572
4130373740.jpg,train,55.9742990654,0.6162915092460572,3.465166036984229
4131278870.jpg,train,80.40625,0.9055053191488196,4.622021276595278
4132558989.jpg,val,75.8340707965,0.8513820372814782,4.405528149125913
4132747677.jpg,test,62.6458333333,0.6952659574463309,3.781063829785324
4135617147.jpg,train,68.849137931,0.7686977256047797,4.074790902419119
4136576616.jpg,train,68.44375,0.7638989361701188,4.055595744680476
4137012282.jpg,train,46.1924778761,0.5004989644133562,3.0019958576534247
4138608778.jpg,val,65.7415254237,0.7319112874139228,3.927645149655691
4139461254.jpg,test,66.2142857143,0.737507598784274,3.950030395137096
4139991387.jpg,test,56.7413043478,0.625370952821081,3.501483811284324
4141916319.jpg,train,72.3804347826,0.8104995374651057,4.241998149860423
4142709624.jpg,train,73.703125,0.8261569148935132,4.304627659574052
4142940823.jpg,train,66.0987394958,0.7361398176291098,3.94455927051644
4143454418.jpg,train,56.5789473684,0.6234490481519749,3.4937961926078995
4143494301.jpg,train,55.813559322,0.6143887486472027,3.457554994588811
414385138.jpg,test,68.7408256881,0.7674155768106832,4.069662307242733
4144540155.jpg,test,62.9121621622,0.6984186313977192,3.793674525590877
4146534497.jpg,train,45.6036585366,0.4935288012455817,2.9741152049823265
4147791219.jpg,test,58.2102803738,0.6427599920456817,3.5710399681827267
414892775.jpg,train,61.1071428571,0.6770516717319355,3.708206686927742
4149241552.jpg,train,63.6440677966,0.7070825820409055,3.828330328163622
4149265699.jpg,test,66.6071428571,0.7421580547106484,3.9686322188425938
4149460224.jpg,train,33.0375,0.3447765957446538,2.379106382978615
4151017008.jpg,train,64.0796460177,0.7122387497645642,3.848954999058257
4151551954.jpg,train,59.3,0.6556595744680084,3.6226382978720335
415283727.jpg,val,49.9889380531,0.5454396535492098,3.181758614196839
4154530402.jpg,train,53.25,0.5840425531914242,3.3361702127656967
4155484757.jpg,train,64.1736111111,0.7133510638295699,3.85340425531828
4156345687.jpg,test,75.193877551,0.8438037342593131,4.375214937037253
4156534842.jpg,train,58.5972222222,0.6473404255315766,3.5893617021263062
415663858.jpg,train,45.993697479,0.4981458966565829,2.992583586626332
4156652933.jpg,test,62.5576923077,0.6942225859247219,3.776890343698888
4157144630.jpg,train,50.2203389831,0.5481788676528844,3.192715470611537
4157443022.jpg,train,73.6,0.8249361702126623,4.299744680850649
4157689684.jpg,test,47.1415929204,0.5117341366979115,3.046936546791646
4158327759.jpg,train,55.140625,0.6064228723403567,3.425691489361427
4162089194.jpg,train,52.8798076923,0.5796603927985351,3.3186415711941404
4162338388.jpg,val,66.5373831776,0.7413322728179214,3.965329091271685
4163479239.jpg,train,42.9034653465,0.4615651990726429,2.846260796290572
4164273130.jpg,train,76.1839622642,0.8555238859900347,4.422095543960139
416573735.jpg,train,39.2884615385,0.4187725040920694,2.675090016368278
4167140049.jpg,train,60.1123853211,0.6652762053483396,3.661104821393359
4167190092.jpg,train,37.4957627119,0.3975513883884132,2.590205553553653
4167198294.jpg,train,38.65,0.4112147001933858,2.644858800773544
4167927417.jpg,test,48.3846153846,0.5264484451716113,3.105793780686445
416910261.jpg,train,30.2155963303,0.3113722428267403,2.245488971306961
4169148705.jpg,train,63.025,0.6997543520308641,3.799017408123457
4169643886.jpg,test,48.9111111111,0.5326808510636412,3.1307234042545646
4170535749.jpg,train,53.4071428571,0.5859027355617371,3.3436109422469484
4171644754.jpg,train,64.0328947368,0.7116853303465605,3.846741321386242
4172438232.jpg,train,68.5277777778,0.7648936170214455,4.059574468085782
4172609703.jpg,test,39.0769230769,0.4162684124383135,2.6650736497532543
4172859607.jpg,test,57.4121621622,0.6333122484190062,3.533248993676025
4172951303.jpg,test,56.1216814159,0.6180361513835038,3.472144605534015
4174114328.jpg,train,69.497706422,0.7763751707980472,4.105500683192188
4174901273.jpg,train,48.325,0.5257427466150312,3.1029709864601247
4175024777.jpg,train,38.1628440367,0.4054479796993906,2.6217919187975625
4176378029.jpg,test,47.95,0.5213036750483007,3.0852147001932027
417711208.jpg,train,71.3899082569,0.7987741557682332,4.195096623072933
4178406108.jpg,train,32.2125,0.3350106382978468,2.340042553191388
4178432884.jpg,test,48.4551282051,0.5272831423891353,3.1091325695565413
417853178.jpg,train,74.2087378641,0.8321421193969785,4.328568477587914
4178645830.jpg,train,69.1673728814,0.7724648395244076,4.08985935809763
4180311266.jpg,train,72.3772321429,0.8104616261402237,4.241846504560895
418145002.jpg,val,58.6714285714,0.6482188449843888,3.592875379937555
4182412787.jpg,train,22.2542372881,0.2171294626753743,1.8685178507014968
4182428810.jpg,train,43.504,0.4686740425531446,2.8746961702125784
418308346.jpg,train,61.75,0.6846615087039807,3.7386460348159214
4183330908.jpg,train,67.48125,0.7525053191488441,4.010021276595376
4184866542.jpg,train,58.2,0.6426382978722659,3.570553191489064
4185039279.jpg,test,72.7542016807,0.814924012158281,4.259696048633124
4186216137.jpg,train,64.820754717,0.7210116419110154,3.8840465676440616
4186428624.jpg,train,65.8434579439,0.7331179160863095,3.932471664345238
4187118157.jpg,test,76.1034482759,0.8545707997068704,4.418283198827481
4187182991.jpg,train,46.9343220339,0.509280562567583,3.037122250270332
4190943330.jpg,train,44.468487395,0.480091185410783,2.920364741643132
4191882783.jpg,test,45.025,0.4866789168278032,2.9467156673112127
4193122125.jpg,val,59.725,0.6606905222436363,3.642762088974545
4193696727.jpg,val,56.1631355932,0.6185268662095695,3.474107464838278
4193794378.jpg,train,11.402173913,0.088667900092006,1.354671600368024
4194035905.jpg,val,70.6418918919,0.7899194939620451,4.15967797584818
4194428227.jpg,train,75.8739495798,0.8518541033429791,4.407416413371916
4195621541.jpg,train,55.4210526316,0.6097424412095863,3.4389697648383453
4195632386.jpg,train,29.4871794872,0.3027495908349196,2.2109983633396784
4196095816.jpg,train,60.2831858407,0.6672980606287107,3.669192242514842
4196316000.jpg,test,31.73125,0.3293138297872094,2.317255319148837
4198235482.jpg,train,39.2429906542,0.4182342413997755,2.672936965599102
4199130600.jpg,train,71.3421052632,0.7982082866745311,4.192833146698124
4201007649.jpg,train,63.896039604,0.7100653044031642,3.8402612176126567
4201088382.jpg,train,57.58125,0.6353138297871606,3.5412553191486422
4202847613.jpg,train,44.0665137615,0.4753328128053292,2.901331251221317
4204561283.jpg,train,28.7630434783,0.2941776133214432,2.1767104532857733
4206004485.jpg,train,20.1125,0.1917765957446781,1.7671063829787128
4206098907.jpg,test,43.7867647059,0.4720212765959061,2.888085106383625
4207059536.jpg,train,54.0357142857,0.593343465045357,3.373373860181428
4210559322.jpg,train,32.7625,0.3415212765957182,2.3660851063828727
4210983675.jpg,train,60.5833333333,0.6708510638293136,3.6834042553172543
4211408239.jpg,train,53.25,0.5840425531914242,3.3361702127656967
4213244648.jpg,test,66.9282608696,0.7459592969475917,3.983837187790367
4213334951.jpg,train,32.8214285714,0.3422188449844375,2.36887537993775
4213592284.jpg,train,49.2364864865,0.5365324899368475,3.14612995974739
4214550696.jpg,val,56.8130434783,0.6262201665128797,3.504880666051519
4214561622.jpg,train,45.9705882353,0.49787234042555,2.9914893617022003
4214814193.jpg,train,71.640625,0.8017420212764959,4.206968085105983
4215055375.jpg,train,36.3349056604,0.3838097149741407,2.535238859896563
4215952664.jpg,train,76.4911504425,0.8591602334778407,4.436640933911363
4216117221.jpg,train,29.35,0.3011257253384712,2.2045029013538846
4217228822.jpg,train,45.6217391304,0.4937428307118408,2.974971322847363
4217243298.jpg,val,55.7566371681,0.6137149312741506,3.454859725096602
4217551619.jpg,train,64.1272321429,0.712802051672154,3.851208206688616
4220863406.jpg,train,57.9469026549,0.6396422519302702,3.558569007721081
422092606.jpg,train,62.1689189189,0.6896204715350591,3.758481886140237
4222055381.jpg,train,57.0694444444,0.6292553191483375,3.51702127659335
4223697086.jpg,train,64.472972973,0.7168947671077666,3.867579068431066
4224633098.jpg,test,80.2146017699,0.90323667859135,4.6129467143654
4228738752.jpg,train,72.2027027027,0.8083956296720923,4.233582518688369
4229929371.jpg,train,75.5420353982,0.8479250611932854,4.3917002447731415
4231049527.jpg,train,54.3303571429,0.5968313069913215,3.387325227965286
4232014784.jpg,train,9.25,0.0631914893617199,1.2527659574468797
4232963375.jpg,train,21.0902777778,0.2033510638300457,1.813404255320183
4233571199.jpg,train,77.93125,0.8762074468083989,4.504829787233596
4234199993.jpg,train,66.1824324324,0.7371305347896357,3.948522139158543
4236326911.jpg,train,51.5596330275,0.5640327932848509,3.256131173139404
4236329723.jpg,train,24.5125,0.2438617021276485,1.9754468085105945
4236732050.jpg,test,67.5606796117,0.7534455690977878,4.013782276391151
4237536969.jpg,val,75.4206896552,0.8464886280266317,4.385954512106527
4239274380.jpg,train,27.5017123288,0.2792465753428383,2.116986301371353
4239526963.jpg,test,72.43125,0.8111010638296858,4.244404255318743
4240173491.jpg,train,73.5576923077,0.8244353518821479,4.297741407528592
4240917469.jpg,train,53.425,0.586114119922565,3.34445647969026
4241084648.jpg,train,13.4449152542,0.1128489001077545,1.4513956004310182
4242548000.jpg,test,64.7572815534,0.7202602768022497,3.881041107208999
4243451745.jpg,train,74.2711864407,0.8328813559323595,4.331525423729438
4243562466.jpg,test,67.1398305085,0.7484637576633901,3.993855030653561
4243875190.jpg,test,69.1949541284,0.772791333202628,4.091165332810512
4244098975.jpg,train,55.3888888889,0.6093617021277218,3.437446808510887
4244935320.jpg,test,64.1575630252,0.7131610942247189,3.8526443768988754
4245591001.jpg,train,67.3525641026,0.7509819967270107,4.003927986908042
4246091470.jpg,train,47.4799107143,0.5157389817630327,3.0629559270521307
4246274521.jpg,train,64.4615384615,0.7167594108014222,3.867037643205689
4246970583.jpg,train,28.8716216216,0.2954629097179537,2.181851638871815
4247073360.jpg,train,11.4173728814,0.0888478182479208,1.3553912729916835
4248616737.jpg,train,46.375,0.5026595744680329,3.010638297872132
42490373.jpg,test,62.9461206897,0.698820616288048,3.795282465152192
4250403356.jpg,train,33.237394958,0.3471428571430286,2.3885714285721145
4251971063.jpg,train,75.890776699,0.8520532947733543,4.408213179093417
4252517673.jpg,train,61.722972973,0.68434157561841,3.73736630247364
4252888669.jpg,train,74.871559633,0.8399882881120023,4.359953152448009
4253075090.jpg,train,72.1995798319,0.8083586626134928,4.233434650453971
4254945684.jpg,train,22.4915966387,0.2199392097269638,1.8797568389078552
4255841453.jpg,test,61.0540540541,0.6764232317428446,3.7056929269713774
4255843674.jpg,train,62.875,0.6979787234041719,3.791914893616688
4256128407.jpg,test,31.4891304348,0.3264477335802002,2.305790934320801
4257293580.jpg,test,26.9978991597,0.2732826747724485,2.0931306990897944
4258180825.jpg,train,63.5741525424,0.7062549585289056,3.825019834115624
4258446622.jpg,train,60.0243902439,0.6642345614944443,3.656938245977777
4258644297.jpg,train,68.525210084,0.7648632218840065,4.059452887536025
4259043215.jpg,test,64.5529661017,0.7178416877028224,3.8713667508112897
4259140344.jpg,val,54.6635514019,0.6007755020881874,3.4031020083527497
425916994.jpg,train,37.575,0.398489361702092,2.593957446808368
4259335567.jpg,train,39.9459459459,0.4265554916612906,2.7062219666451623
4260146768.jpg,test,69.6490825688,0.7781670895957568,4.112668358383028
426081951.jpg,train,76.4391891892,0.8585451408855853,4.434180563542341
4261186099.jpg,train,45.4,0.4911179883945337,2.9644719535781348
42614998.jpg,train,55.5609243697,0.6113981762911567,3.4455927051646267
4262472308.jpg,train,70.8600917431,0.7925024399762497,4.170009759904999
4263025475.jpg,train,72.277027027,0.8092754456580034,4.237101782632013
4264601430.jpg,test,73.8869565217,0.8283330249763059,4.313332099905224
4265829347.jpg,train,75.6183035714,0.8488278875375483,4.395311550150193
4265877256.jpg,test,50.2268211921,0.5482556009586483,3.1930224038345933
426656293.jpg,train,47.7739130435,0.5192192414433107,3.0768769657732427
4268587808.jpg,train,66.0198019802,0.7352053928796476,3.9408215715185904
4270305165.jpg,train,47.0096153846,0.510171849426933,3.040687397707732
4270574025.jpg,val,39.175,0.4174294003868085,2.6697176015472337
427196028.jpg,train,37.6238317757,0.3990674090275928,2.5962696361103714
4273357838.jpg,train,64.25,0.7142553191488502,3.857021276595401
4275452644.jpg,test,66.8526785714,0.7450645896652245,3.980258358660898
4277299546.jpg,train,43.5731132075,0.4694921718179414,2.877968687271766
4277539505.jpg,train,65.0675675676,0.7239332949974211,3.895733179989685
4278181256.jpg,train,45.1913043478,0.4886475485657836,2.9545901942631345
4278539127.jpg,train,58.4703389831,0.6458384421209539,3.5833537684838155
4281546585.jpg,train,64.0129310345,0.7114490095379028,3.845796038151611
4281583432.jpg,test,62.66875,0.6955372340424703,3.782148936169881
4281731487.jpg,train,78.625,0.8844197292068502,4.537678916827401
4281871655.jpg,train,28.9910714286,0.2968768996963674,2.1875075987854697
4282135501.jpg,train,56.9247787611,0.6275428356245545,3.510171342498218
4285776519.jpg,train,29.6370192308,0.3045233224226021,2.2180932896904086
4286933249.jpg,train,74.4097222222,0.8345212765953766,4.338085106381506
4286953087.jpg,test,35.3983050847,0.3727226830142122,2.4908907320568487
4287953710.jpg,train,51.53125,0.5636968085105764,3.2547872340423054
4288180189.jpg,train,50.5717391304,0.5523385753926825,3.20935430157073
4289036535.jpg,train,33.2699115044,0.347527772547222,2.390111090188888
4290975910.jpg,train,48.7430555556,0.5306914893621715,3.122765957448686
4292573500.jpg,train,65.4618644068,0.7286007933647396,3.9144031734589584
4293785816.jpg,train,41.9527027027,0.4503105232891708,2.8012420931566835
4294746447.jpg,train,33.5105932203,0.3503768481783783,2.401507392713513
4295279371.jpg,train,49.9260869565,0.5446956521735967,3.178782608694387
4295525241.jpg,train,40.4511278195,0.4325355943042916,2.7301423772171667
4296403133.jpg,train,28.7700892857,0.2942610182368939,2.1770440729475755
4296647005.jpg,test,72.3428571429,0.8100547112466067,4.240218844986426
4297219009.jpg,train,40.8026315789,0.4366965285548286,2.746786114219314
4297599043.jpg,test,63.7,0.707744680850979,3.830978723403916
4297818651.jpg,train,41.25,0.4419922630560502,2.767969052224201
4298067776.jpg,test,72.7,0.8142823984525094,4.2571295938100375
4298186333.jpg,train,69.5169491525,0.7766029570855908,4.106411828342363
4298923773.jpg,train,54.0044247788,0.5929730747509121,3.3718922990036484
4299216840.jpg,train,6.68487394958,0.0328267477203893,1.1313069908815574
4299510764.jpg,train,67.8761061947,0.7571794389004178,4.028717755601671
4299890430.jpg,val,62.6148648649,0.6948993674528919,3.779597469811568
4300118450.jpg,train,71.3948598131,0.7988327699344692,4.195331079737876
4300400521.jpg,train,45.475,0.4920058027078798,2.968023210831519
430051470.jpg,val,62.2857142857,0.6910030395134265,3.764012158053706
4302524395.jpg,train,42.5306122449,0.45715154146763,2.82860616587052
4304984630.jpg,val,63.7995689655,0.7089233308874584,3.8356933235498336
4305975001.jpg,val,73.9977678571,0.8296447568382941,4.318579027353176
4306124216.jpg,train,23.0982142857,0.2271200607900961,1.9084802431603844
4307315285.jpg,train,67.4852941176,0.7525531914887126,4.010212765954851
4309440479.jpg,train,58.75,0.6491489361701371,3.5965957446805485
430961914.jpg,train,69.3469827586,0.774590975788361,4.0983639031534445
4310499723.jpg,test,52.5086956522,0.5752673450511238,3.301069380204495
4311062470.jpg,val,64.5394736842,0.7176819708844474,3.8707278835377896
4312794040.jpg,test,62.9789915966,0.6992097264432278,3.796838905772911
4313162470.jpg,test,67.2079831933,0.7492705167175022,3.997082066870009
4313852687.jpg,train,70.3277310924,0.7862006079022005,4.144802431608802
4315078660.jpg,test,41.6207627119,0.446381175622448,2.785524702489792
4316201498.jpg,test,67.2946428571,0.7502963525829875,4.00118541033195
4316264959.jpg,train,65.0423728814,0.7236350522903728,3.8945402091614914
4319709983.jpg,train,65.4668141593,0.7286593861796332,3.914637544718533
4319921272.jpg,train,40.7635135135,0.4362334675098616,2.7449338700394463
4320399633.jpg,val,61.7075471698,0.6841589723000658,3.7366358892002633
4321538602.jpg,train,64.847826087,0.7213320999079207,3.8853283996316814
432158024.jpg,train,74.2543103448,0.8326815847391138,4.330726338956455
4321643395.jpg,train,59.8782051282,0.6625040916528894,3.6500163666115575
4321708869.jpg,train,51.0347222222,0.5578191489358462,3.2312765957433847
432256405.jpg,train,53.5063559322,0.587077172737002,3.348308690948008
4323308644.jpg,train,64.0840517241,0.7122909024205951,3.849163609682381
4323755897.jpg,test,61.4256756757,0.6808223116735828,3.723289246694331
4324984866.jpg,test,63.3419811321,0.7035066238460511,3.814026495384205
4324997197.jpg,train,42.5369565217,0.4572266419976416,2.8289065679905665
4325351330.jpg,train,52.3422330097,0.573296839495805,3.29318735798322
432860543.jpg,train,84.0347222222,0.9484574468081244,4.793829787232497
4330138497.jpg,train,76.4399038462,0.8585536006551018,4.434214402620407
4331601397.jpg,train,65.3919491525,0.727773169851556,3.911092679406224
4333231936.jpg,train,33.7027027027,0.3526509488211012,2.410603795284405
4333476367.jpg,train,29.25625,0.3000159574467886,2.200063829787154
4335495125.jpg,train,25.3040540541,0.2532317423812099,2.01292696952484
4335627943.jpg,train,61.6527777778,0.6835106382980543,3.734042553192217
4335962068.jpg,train,57.203125,0.6308377659573741,3.5233510638294963
4336185725.jpg,train,68.5894495413,0.7656236580129735,4.062494632051894
4336460350.jpg,val,75.3236607143,0.8453400455927674,4.38136018237107
4336745838.jpg,train,61.9538834951,0.6870749845067115,3.748299938026846
4336949009.jpg,train,68.2411504425,0.761500659009771,4.046002636039084
433731087.jpg,test,24.325,0.2416421663442833,1.9665686653771333
4337515200.jpg,train,64.3685344828,0.7156584739549158,3.862633895819663
4338156096.jpg,val,64.421875,0.716289893616935,3.86515957446774
4340329166.jpg,train,72.2629310345,0.8091085840059724,4.23643433602389
434108213.jpg,train,38.8782608696,0.4139167437561553,2.655666975024621
434127863.jpg,test,58.3080357143,0.643917173252374,3.575668693009496
4343097092.jpg,train,66.2826086957,0.738316373728506,3.953265494914024
4343304474.jpg,train,47.0067567568,0.5101380103512347,3.040552041404939
4344642946.jpg,train,74.3254310345,0.8335234776229897,4.334093910491959
4345036113.jpg,train,76.7101769912,0.8617529655436894,4.447011862174758
4345778112.jpg,train,72.925,0.8169458413925476,4.267783365570191
4345842908.jpg,train,57.2767857143,0.6317097264438652,3.526838905775461
434605634.jpg,val,70.0581896552,0.7830099046223866,4.1320396184895465
4346944645.jpg,train,68.0043478261,0.7586975023127348,4.034790009250939
4346999174.jpg,test,72.373853211,0.8104216279521617,4.241686511808647
4347028779.jpg,train,60.85,0.6740077369438277,3.696030947775311
4347235307.jpg,train,76.75,0.862224371373198,4.448897485492791
4347675881.jpg,val,50.0769230769,0.5464811783957396,3.1859247135829585
434815119.jpg,train,22.952173913,0.2253913043473033,1.9015652173892128
435179511.jpg,train,77.9513274336,0.87644511391407,4.50578045565628
4352372142.jpg,train,71.2723214286,0.7973822188452238,4.189528875380895
4353430545.jpg,test,27.2697368421,0.2765005599103358,2.106002239641344
4353485101.jpg,test,32.3938053097,0.3371568442850108,2.348627377140043
4353658003.jpg,train,15.09375,0.1323670212766025,1.52946808510641
4356238035.jpg,train,51.5043478261,0.5633783533765957,3.253513413506383
4356674628.jpg,train,60.7212389381,0.6724835247604081,3.689934099041632
4357293162.jpg,train,71.4745762712,0.7997764154346082,4.199105661738432
435823507.jpg,train,68.0760869565,0.7595467160033498,4.038186864013399
4358436337.jpg,train,64.9201680672,0.7221884498476187,3.8887537993904746
4359434065.jpg,train,76.1261061947,0.8548390133684873,4.419356053473949
4359682859.jpg,test,78.1913043478,0.8792858464380618,4.517143385752247
4359967769.jpg,train,46.4115044248,0.5030916964792049,3.01236678591682
4360105019.jpg,test,29.4652317881,0.3024897844161731,2.2099591376646925
4360193081.jpg,train,72.8235294118,0.8157446808513794,4.262978723405517
4360974596.jpg,train,48.4201680672,0.5268693009114797,3.1074772036459186
4363262095.jpg,train,58.0067567568,0.6403507763086608,3.561403105234643
4364606780.jpg,train,78.9625,0.8884148936169076,4.553659574467631
4364793888.jpg,train,72.7330508475,0.8146736386588922,4.258694554635569
4365387751.jpg,val,67.2946428571,0.7502963525829875,4.00118541033195
4367292033.jpg,train,58.8223684211,0.6500055991046283,3.600022396418513
4367864472.jpg,train,57.4327731092,0.6335562310024491,3.5342249240097963
4370903350.jpg,train,58.54375,0.6467074468084355,3.586829787233742
4370988573.jpg,val,39.0609243697,0.4160790273550175,2.6643161094200702
4371356797.jpg,train,49.3409090909,0.5377685950411568,3.151074380164628
4372249937.jpg,train,35.3630434783,0.3723052728958989,2.4892210915835955
4373157351.jpg,train,58.6800847458,0.6483213126581373,3.593285250632549
4373225530.jpg,train,68.75,0.7675241779496154,4.070096711798461
4374031327.jpg,train,62.9142857143,0.6984437689970461,3.793775075988184
4374263037.jpg,train,61.6964285714,0.6840273556226809,3.736109422490724
43749901.jpg,test,37.3559322034,0.3958961413632297,2.58358456545292
4376625237.jpg,train,41.0389908257,0.4394944368535051,2.757977747414021
4376675146.jpg,train,38.6169724771,0.4108237360925194,2.6432949443700777
4378419360.jpg,test,62.6857798165,0.695738824907035,3.78295529962814
4383247323.jpg,train,48.3050458716,0.5255065391376462,3.102026156550585
4384734404.jpg,train,35.4009433962,0.3727539140903824,2.4910156563615296
4385399670.jpg,test,50.4294871795,0.5506546644845436,3.2026186579381744
4388983100.jpg,val,32.5878378378,0.339453709027703,2.357814836110812
4389152317.jpg,train,76.3014705882,0.8569148936164949,4.427659574465979
4389836139.jpg,test,37.5357142857,0.3980243161092178,2.5920972644368714
4389975585.jpg,train,60.2364864865,0.6667452558942736,3.6669810235770943
4390875397.jpg,test,56.0252293578,0.6168943978137322,3.467577591254929
4391005979.jpg,train,47.3157894737,0.5137961926093154,3.0551847704372617
4391517237.jpg,test,54.8899082569,0.6034550068320942,3.4138200273283767
4393459228.jpg,test,75.8392857143,0.8514437689970218,4.405775075988087
4394545032.jpg,train,51.964953271,0.5688307814670939,3.2753231258683755
4395388551.jpg,train,63.9495798319,0.7106990881454234,3.8427963525816935
4396087406.jpg,test,59.4189189189,0.6570672800457026,3.6282691201828094
4396643142.jpg,test,72.925,0.8169458413925476,4.267783365570191
4397008731.jpg,train,54.0656779661,0.5936981608365521,3.3747926433462085
4397075898.jpg,train,71.0884955752,0.7952061758610693,4.180824703444277
439745674.jpg,train,41.2875,0.4424361702127233,2.769744680850893
4397886158.jpg,train,61.1381578947,0.6774188129894054,3.7096752519576217
4398385361.jpg,train,80.4418103448,0.905926265590166,4.623705062360664
44009500.jpg,test,5.5,0.0188007736944155,1.0752030947776623
4401185827.jpg,test,46.0953389831,0.4993490804188496,2.9973963216753985
440297710.jpg,test,57.5277777778,0.6346808510640195,3.538723404256078
4404389524.jpg,train,42.9932432432,0.4626279470954744,2.8505117883818976
4404462627.jpg,train,52.8571428571,0.5793920972638659,3.3175683890554635
4405802084.jpg,train,46.588362069,0.5051852531184773,3.020741012473909
4406684120.jpg,train,59.78125,0.6613563829786459,3.645425531914584
4406927427.jpg,train,53.1490825688,0.5828479406596178,3.331391762638471
4407707944.jpg,train,72.7972972973,0.8154341575617471,4.261736630246988
4407839974.jpg,train,61.5,0.6817021276594937,3.726808510637975
4408351965.jpg,val,61.1681034483,0.6777732942041674,3.7110931768166697
4409503429.jpg,train,29.1689189189,0.298982173662781,2.195928694651124
4410900135.jpg,test,25.8243243243,0.2593904542837699,2.03756181713508
4410907563.jpg,train,41.21875,0.4416223404254893,2.7664893617019573
4411055719.jpg,train,24.1163366337,0.2391721087006551,1.9566884348026208
4411284601.jpg,train,62.6282051282,0.6950572831422459,3.780229132568984
4411449023.jpg,train,66.6108490566,0.7422019269368381,3.968807707747352
441241455.jpg,val,45.0,0.4863829787233545,2.9455319148934183
4413028246.jpg,train,70.3445945946,0.7864002300172178,4.145600920068871
4414969933.jpg,train,66.8382352941,0.7448936170209769,3.979574468083908
4416477559.jpg,train,71.5337837838,0.800477285796527,4.201909143186108
4418637804.jpg,train,70.1216216216,0.7837607820583014,4.135043128233205
4420506536.jpg,train,69.13125,0.7720372340424579,4.088148936169832
4420983663.jpg,train,30.2837837838,0.3121794134561793,2.248717653824717
4422544352.jpg,train,63.8881578947,0.7099720044787619,3.839888017915048
4422726404.jpg,test,68.1049107143,0.7598879179332066,4.039551671732827
4423100872.jpg,train,17.1413043478,0.1566049953743472,1.6264199814973888
4423467099.jpg,train,56.1067961165,0.6178599462919603,3.471439785167841
4423499380.jpg,test,59.4491525424,0.6574251712948709,3.629700685179484
4423525827.jpg,val,47.7242990654,0.5186319347779877,3.074527739111951
4424481742.jpg,test,73.0641025641,0.8185924713582958,4.274369885433183
4424741537.jpg,train,61.641025641,0.6833715220945418,3.733486088378167
4425198356.jpg,train,66.1911764706,0.7372340425532411,3.948936170212965
4426149096.jpg,train,66.7032374101,0.7432955763051551,3.97318230522062
4428546636.jpg,train,53.3170731707,0.584836533471277,3.339346133885108
4429141481.jpg,train,71.8529411765,0.8042553191491839,4.217021276596736
4429610219.jpg,test,74.2628205128,0.8327823240585722,4.331129296234289
4429773001.jpg,train,69.75,0.7793617021275632,4.117446808510253
4430203972.jpg,train,67.7638888889,0.7558510638298261,4.023404255319305
4430414110.jpg,val,79.3403361345,0.8928875379943537,4.571550151977415
4430662019.jpg,train,49.2415254237,0.5365921384777836,3.1463685539111346
4432333136.jpg,train,23.2908653846,0.229400572831233,1.917602291324932
4432502474.jpg,val,59.5068807339,0.6581085301575013,3.632434120630005
4433497740.jpg,test,60.7212389381,0.6724835247604081,3.689934099041632
4434357623.jpg,test,71.5444915254,0.8006040389466083,4.202416155786433
4435718106.jpg,val,55.3529411765,0.6089361702130449,3.43574468085218
4435765484.jpg,train,56.7821100917,0.6258539918010964,3.5034159672043854
4436002363.jpg,val,51.2208737864,0.5600227225778264,3.240090890311305
4436568659.jpg,test,67.0705128205,0.7476432078557307,3.9905728314229214
443706084.jpg,train,61.2943925234,0.6792682441840743,3.717072976736297
443805629.jpg,train,59.7721238938,0.6612483524758528,3.644993409903411
4438338527.jpg,train,59.3392857143,0.6561246200608827,3.6244984802435294
4439151807.jpg,train,79.8333333333,0.8987234042548092,4.5948936170192365
4441487494.jpg,train,69.8986486486,0.781121334099385,4.12448533639754
4441540278.jpg,train,64.2745535714,0.7145459726439527,3.858183890575811
4441586110.jpg,train,68.464953271,0.764149930403233,4.056599721612932
4441689311.jpg,train,60.8304347826,0.6737761332098083,3.695104532839233
4441990593.jpg,train,72.1658878505,0.8079598329690674,4.2318393318762695
4442175074.jpg,train,82.7826086957,0.9336355226646452,4.7345420906585804
4443705808.jpg,test,34.6513157895,0.363880179171614,2.455520716686456
4446289911.jpg,train,35.03125,0.3683776595744372,2.473510638297749
4447897373.jpg,train,49.88125,0.5441648936169624,3.1766595744678496
4448002516.jpg,val,71.2364864865,0.7969580218516996,4.187832087406799
4448707293.jpg,train,74.4809322034,0.8353642264695427,4.341456905878171
4456140613.jpg,train,77.4358974359,0.8703436988542567,4.481374795417027
4456369143.jpg,test,62.3855932203,0.6921853588166216,3.7687414352664863
4458082894.jpg,train,52.1644736842,0.5711926091823429,3.284770436729372
445846327.jpg,train,80.275,0.903951644100464,4.615806576401857
4458877862.jpg,train,45.4623893805,0.4918565241946496,2.9674260967785986
4459598484.jpg,train,65.4353448276,0.7282868672047706,3.9131474688190826
4460254023.jpg,train,69.2916666667,0.773936170213065,4.09574468085226
4462477090.jpg,train,43.8365384615,0.4726104746312484,2.890441898524994
4463196857.jpg,train,31.1526548673,0.3224646959146303,2.289858783658521
4463467980.jpg,val,80.81875,0.9103882978722232,4.641553191488892
4463917829.jpg,train,50.1316964286,0.5471295592707955,3.188518237083182
4464186761.jpg,test,77.725,0.873765957446697,4.495063829786789
4466660724.jpg,train,70.0841121495,0.7833167627754156,4.133267051101663
446796521.jpg,train,34.9326086957,0.3672099907498417,2.4688399629993665
4468108530.jpg,test,60.695754717,0.6721818546769807,3.688727418707922
4468449550.jpg,train,58.5290178571,0.6465330547106637,3.5861322188426548
4469938423.jpg,train,55.5540540541,0.6113168487641316,3.4452673950565265
4471526544.jpg,val,61.8262711864,0.6855643707170714,3.7422574828682857
4472735511.jpg,test,51.925,0.5683578336556432,3.2734313346225727
4473061240.jpg,train,60.6081081081,0.6711443358250118,3.684577343300047
4475438101.jpg,train,65.9868421053,0.7348152295636168,3.939260918254467
4476029726.jpg,test,67.2972972973,0.750327774583034,4.0013110983321365
4476603465.jpg,train,68.6357758621,0.766172046955519,4.064688187822076
447697089.jpg,train,67.8481308411,0.7568482799757912,4.027393119903165
4478081768.jpg,train,47.0512295082,0.5106644576211922,3.0426578304847687
4478237731.jpg,train,60.5525210084,0.670486322188331,3.681945288753324
447977798.jpg,train,57.3621495327,0.6327202227080972,3.530880890832389
4480082097.jpg,val,76.3782051282,0.8578232405890284,4.431292962356114
4483042022.jpg,test,65.7364864865,0.7318516388729867,3.9274065554919466
448305008.jpg,test,66.3067226891,0.7386018237084053,3.954407294833621
4483151821.jpg,train,36.1172566372,0.381233289399704,2.524933157598816
4484527101.jpg,test,66.325,0.738818181818092,3.955272727272368
4486733557.jpg,train,58.975,0.6518123791101754,3.6072495164407017
4488104431.jpg,train,43.5413043478,0.4691156336721697,2.876462534688679
4488491323.jpg,train,37.4932432432,0.3975215641167614,2.5900862564670453
4489064763.jpg,train,64.3509174312,0.7154499316806566,3.8617997267226265
4489102480.jpg,train,55.9533898305,0.6160439956723861,3.4641759826895444
4490789851.jpg,train,77.6188118812,0.8725089530229914,4.490035812091966
4491574274.jpg,test,71.3421052632,0.7982082866745311,4.192833146698124
4492079346.jpg,test,60.869266055,0.6742357993357038,3.696943197342815
4492298311.jpg,test,67.3466386555,0.7509118541036993,4.003647416414797
4493244545.jpg,train,72.268907563,0.8091793313065914,4.2367173252263655
449395753.jpg,train,54.4,0.5976557059960641,3.3906228239842564
4495516735.jpg,train,63.8109243697,0.7090577507592262,3.8362310030369047
4495630749.jpg,train,76.35,0.8574893617020188,4.429957446808075
4495910719.jpg,train,45.4661016949,0.4919004688061157,2.967601875224463
4496338663.jpg,train,42.7897196262,0.4602187313584535,2.840874925433814
4497186913.jpg,train,51.0110619469,0.5575390698549254,3.2301562794197016
4497739993.jpg,train,63.5685840708,0.7061890416117064,3.8247561664468255
4499122119.jpg,train,29.2960526316,0.3004871220606995,2.201948488242798
450063799.jpg,val,61.3472222222,0.6798936170209331,3.719574468083733
45015821.jpg,train,23.9322033898,0.2369924269740249,1.9479697078961
4501585211.jpg,train,22.0995575221,0.2152984372055099,1.86119374882204
4502165045.jpg,train,56.6138392857,0.6238620820666286,3.4954483282665145
4502409601.jpg,test,24.6286407767,0.2452365213798804,1.980946085519522
450338979.jpg,val,7.27876106195,0.0398569007720408,1.1594276030881634
450407660.jpg,train,61.7115384615,0.6842062193120658,3.7368248772482633
4504123530.jpg,train,65.0588235294,0.7238297872338157,3.895319148935263
4504355317.jpg,train,78.5654205607,0.8837144561536279,4.534857824614512
4504786016.jpg,test,45.3163716814,0.4901280361511451,2.9605121446045803
4506321902.jpg,train,65.0357142857,0.7235562310027829,3.894224924011132
450789020.jpg,train,49.6824324324,0.5418113858534966,3.1672455434139866
4509028861.jpg,test,54.0044247788,0.5929730747509121,3.3718922990036484
4510024370.jpg,train,71.6725663717,0.8021201280362714,4.208480512145085
4511318356.jpg,test,72.1262135922,0.807490187977199,4.229960751908796
4512110934.jpg,train,30.5183486239,0.3149560804221595,2.259824321688638
4512123861.jpg,val,74.2423664122,0.8325401981481815,4.330160792592726
4512474932.jpg,val,74.8680555556,0.8399468085110583,4.359787234044234
4513142635.jpg,test,42.3973214286,0.4555737082069804,2.8222948328279216
4513570407.jpg,train,80.4855769231,0.906444353518978,4.6257774140759125
4515471665.jpg,train,65.4353448276,0.7282868672047706,3.9131474688190826
4515954109.jpg,train,20.0651260504,0.1912158054708832,1.764863221883533
451764144.jpg,train,63.7139830508,0.7079102055529054,3.8316408222116216
4518358107.jpg,test,39.8142857143,0.4249969604864513,2.6999878419458057
4518414673.jpg,train,47.0792682927,0.5109963674106311,3.0439854696425246
4519546786.jpg,test,59.3956521739,0.6567918593892229,3.627167437556892
4520096475.jpg,train,56.6525423729,0.6243202307971198,3.4972809231884794
4520380552.jpg,train,55.3940677966,0.609423007572836,3.437692030291344
4521235979.jpg,train,41.5133928571,0.4451101823702703,2.7804407294810813
4522459343.jpg,train,75.25,0.8444680851062762,4.377872340425105
4524543534.jpg,train,61.8163716814,0.6854471850872842,3.7417887403491368
4524766514.jpg,train,79.0344036697,0.8892660550454644,4.557064220181857
4525361026.jpg,train,65.8894230769,0.7336620294595396,3.93464811783816
4525459727.jpg,val,76.6,0.8604487427465057,4.441794970986023
4525595896.jpg,train,53.8445945946,0.5910810810810787,3.364324324324315
4525681285.jpg,train,47.2297297297,0.5127774583089674,3.051109833235869
4526077589.jpg,test,65.1974789916,0.7254711246200127,3.901884498480051
4526456137.jpg,test,72.5,0.8119148936169197,4.247659574467679
452671189.jpg,train,23.4665178571,0.2314798632213681,1.9259194528854728
452715885.jpg,train,57.1987179487,0.6307855973810569,3.5231423895242275
4528580529.jpg,train,75.5369565217,0.8478649398699198,4.391459759479679
4529654985.jpg,train,32.1822033898,0.3346520014420945,2.338608005768378
4530384020.jpg,val,63.6214285714,0.7068145896652305,3.827258358660922
4530875549.jpg,train,72.1857142857,0.8081945288751099,4.232778115500439
45323583.jpg,test,10.0256410256,0.0723731587556681,1.2894926350226728
4532664267.jpg,train,43.7058823529,0.4710638297866993,2.884255319146797
4533734353.jpg,train,30.0223214286,0.3090843465048761,2.236337386019504
4535431418.jpg,train,51.2823275862,0.5607501834187857,3.2430007336751427
4535544675.jpg,train,78.9625,0.8884148936169076,4.553659574467631
4535634069.jpg,train,64.8141025641,0.7209328968902262,3.883731587560905
4537863241.jpg,train,60.1378504673,0.665577649632177,3.662310598528708
4538412115.jpg,test,17.7079831933,0.163313069909085,1.65325227963634
4538779976.jpg,train,47.575,0.5168646034815703,3.067458413926281
4539089246.jpg,train,64.8638392857,0.7215216565346981,3.886086626138793
4539567531.jpg,train,48.6584821429,0.5296903495445237,3.1187613981780946
4539671181.jpg,train,73.0641025641,0.8185924713582958,4.274369885433183
4540896523.jpg,train,38.9934210526,0.4152799552067546,2.6611198208270186
4541000790.jpg,train,79.7765486726,0.8980512144608364,4.592204857843345
4541090785.jpg,train,44.5572033898,0.4811413631441987,2.924565452576795
4542216557.jpg,train,71.6009615385,0.8012725040920085,4.205090016368034
4542866851.jpg,test,45.2563559322,0.4894175982689324,2.957670393075729
4543035277.jpg,train,72.8318965517,0.815843727072246,4.263374908288984
4545054058.jpg,val,24.7012711864,0.2460962856107584,1.9843851424430337
4548390935.jpg,train,76.1261061947,0.8548390133684873,4.419356053473949
4548596684.jpg,train,57.0707964602,0.629271323668059,3.517085294672236
4549109010.jpg,train,71.125,0.7956382978722415,4.1825531914889655
4549687373.jpg,train,60.7948717949,0.6733551554830695,3.693420621932278
4550104555.jpg,val,69.4264705882,0.7755319148931036,4.102127659572414
4551121129.jpg,test,80.9173913043,0.9115559666968188,4.646223866787275
4551794095.jpg,train,72.5,0.8119148936169197,4.247659574467679
4555534725.jpg,train,18.2960526316,0.1702743561032734,1.6810974244130938
4555936051.jpg,train,74.6953781513,0.8379027355626719,4.351610942250687
4556815018.jpg,train,63.4861111111,0.7052127659572307,3.820851063828923
4556962196.jpg,train,63.4426605505,0.7046984188955828,3.8187936755823313
4561013937.jpg,train,52.3877118644,0.5738351965379016,3.2953407861516064
4562682674.jpg,val,39.8928571429,0.4259270516721998,2.703708206688799
4562998069.jpg,test,72.1944444444,0.8082978723397986,4.233191489359195
4563172093.jpg,train,71.125,0.7956382978722415,4.1825531914889655
456472871.jpg,test,62.5803571429,0.6944908814593911,3.777963525837564
4565000392.jpg,train,57.2898230088,0.6318640557327241,3.5274562229308963
4565683087.jpg,val,80.3680555556,0.9050531914897714,4.620212765959085
4567181047.jpg,test,69.6490825688,0.7781670895957568,4.112668358383028
4567215412.jpg,train,47.6714285714,0.5180060790269627,3.072024316107851
4567762490.jpg,test,73.2756410256,0.821096563010868,4.284386252043472
4568018818.jpg,test,73.0127118644,0.8179841327080755,4.271936530832302
4568150681.jpg,train,74.2543103448,0.8326815847391138,4.330726338956455
4570337647.jpg,train,48.6077981651,0.5290903767318816,3.1163615069275266
4570575045.jpg,test,57.2941176471,0.6319148936174359,3.527659574469744
4571847379.jpg,val,53.1517857143,0.5828799392098305,3.331519756839322
4571937568.jpg,val,56.2894736842,0.6200223964163777,3.4800895856655107
4572287798.jpg,train,50.3565217391,0.549790934319654,3.199163737278616
4572672183.jpg,train,50.2203389831,0.5481788676528844,3.192715470611537
4573273622.jpg,train,71.7596153846,0.8031505728311416,4.212602291324567
4573303796.jpg,train,45.7279411765,0.4950000000002971,2.980000000001189
457397602.jpg,train,47.360619469,0.5143268687625764,3.057307475050305
4574265376.jpg,train,40.1875,0.4294148936169806,2.7176595744679224
4576647416.jpg,train,59.3445945946,0.6561874640597917,3.624749856239167
4576844747.jpg,train,66.0069444444,0.7350531914887464,3.9402127659549855
4577459748.jpg,train,50.2226890756,0.5482066869296736,3.1928267477186942
4578361888.jpg,train,61.3326086957,0.6797206290476643,3.718882516190657
4578563691.jpg,train,69.6517857143,0.7781990881459696,4.112796352583878
4578866514.jpg,train,78.9871794872,0.8887070376433368,4.554828150573347
4578965343.jpg,train,36.3771186441,0.3843094121893128,2.537237648757251
4579620271.jpg,train,68.147826087,0.7603959296951485,4.041583718780593
4580698398.jpg,test,34.0711206897,0.3570121056498047,2.4280484225992187
4582906874.jpg,train,54.85,0.6029825918761407,3.4119303675045627
4583125138.jpg,train,71.1608695652,0.7960629047175489,4.184251618870196
4583413420.jpg,test,66.9243119266,0.7459125512393519,3.983650204957408
4585004484.jpg,train,57.4347826087,0.6335800185013659,3.534320074005464
4585233162.jpg,val,43.9717391304,0.4742109158182269,2.896843663272908
4585460509.jpg,train,59.3846153846,0.6566612111290373,3.626644844516149
4586207743.jpg,train,61.29375,0.6792606382977919,3.717042553191168
4586793310.jpg,val,50.5693277311,0.5523100303951661,3.2092401215806645
4589538888.jpg,test,44.8,0.484015473887765,2.93606189555106
4590098379.jpg,train,55.5887850467,0.6117279777287582,3.446911910915033
4591255467.jpg,train,60.2101769912,0.6664338166075503,3.665735266430201
4591311320.jpg,train,70.0196078431,0.7825531914888239,4.130212765955296
4591422965.jpg,train,76.4391891892,0.8585451408855853,4.434180563542341
45917867.jpg,train,23.0474137931,0.2265187087306919,1.906074834922768
4594091723.jpg,train,71.7243589744,0.8027332242229716,4.210932896891887
4594670956.jpg,train,54.1418918919,0.594600345025906,3.378401380103624
4595899816.jpg,train,73.2586206897,0.8208950843731349,4.283580337492539
4596719098.jpg,train,54.8851351351,0.6033985048873823,3.4135940195495293
4597162839.jpg,test,74.7297297297,0.8383093732025325,4.3532374928101305
4597898813.jpg,train,56.0,0.6165957446807806,3.4663829787231224
4598047073.jpg,train,54.3453389831,0.5970086548869191,3.3880346195476765
4598385226.jpg,train,54.7806603774,0.6021617824171234,3.408647129668493
459891743.jpg,train,71.4594594595,0.7995974698106161,4.198389879242464
4599648667.jpg,train,26.7721238938,0.2706100546035747,2.0824402184142987
4600229706.jpg,train,54.0588235294,0.5936170212763897,3.374468085105559
460024423.jpg,test,71.95,0.8054042553190485,4.221617021276193
460148364.jpg,train,45.737804878,0.4951167618052874,2.9804670472211496
4601884206.jpg,train,34.0,0.3561702127659286,2.424680851063714
4602499723.jpg,train,47.1852678571,0.512251139817068,3.049004559268272
4602555754.jpg,train,46.6985294118,0.5064893617024926,3.0259574468099704
460276399.jpg,train,64.8097345133,0.7208811899832708,3.883524759933083
4602769821.jpg,val,75.3886554622,0.8461094224924733,4.384437689969893
4603364479.jpg,train,64.9932432432,0.7230534790103266,3.8922139160413054
4603966605.jpg,train,33.24375,0.3472180851063555,2.388872340425422
4605015781.jpg,train,58.3455882353,0.6443617021276543,3.577446808510617
4605356871.jpg,train,65.7588495575,0.7321163622666423,3.92846544906657
4605589887.jpg,test,62.5630252101,0.6942857142858205,3.777142857143282
4605755313.jpg,train,49.2889908257,0.5371540113215747,3.148616045286299
4605842170.jpg,train,67.2079831933,0.7492705167175022,3.997082066870009
4606934450.jpg,train,56.5401785714,0.6229901215801374,3.49196048632055
460737356.jpg,train,46.225,0.5008839458413407,3.003535783365362
4607436163.jpg,train,67.9088983051,0.7575676163001237,4.030270465200495
4610304834.jpg,train,39.56875,0.4220904255318755,2.688361702127502
461078499.jpg,train,13.3050847458,0.1111936530837548,1.4447746123350194
4611014636.jpg,test,73.0452586207,0.8183694057226905,4.273477622890762
46116416.jpg,train,68.2090517241,0.7611206896546299,4.04448275861852
4611753437.jpg,train,39.9621848739,0.4267477203641145,2.7069908814564583
461213420.jpg,train,12.48125,0.1014414893617138,1.4057659574468553
4614592470.jpg,test,35.2110091743,0.3705055631464214,2.482022252585686
4615199637.jpg,test,35.1565420561,0.3698608073178258,2.479443229271303
4617163865.jpg,val,28.9044117647,0.2958510638296983,2.183404255318793
4617747913.jpg,test,48.0691964286,0.5227146656537782,3.090858662615113
4617763829.jpg,train,68.0487288136,0.7592228633253072,4.036891453301228
4619633197.jpg,test,77.4054054054,0.8699827487059782,4.479930994823913
4620749659.jpg,test,69.1887755102,0.7727181936602994,4.0908727746411975
4622287144.jpg,train,74.425,0.8347021276594693,4.338808510637877
4622900651.jpg,train,66.6972477064,0.7432246730427876,3.9728986921711504
4623510365.jpg,train,67.2796610169,0.7501190046873899,4.000476018749559
4625855199.jpg,train,49.2307692308,0.5364648117842673,3.145859247137069
4625946312.jpg,train,37.1890756303,0.393920972644909,2.575683890579636
4626592042.jpg,train,48.4047619048,0.5266869300915802,3.1067477203663207
4626914740.jpg,test,69.7991071429,0.7799430091189519,4.119772036475808
4629048299.jpg,train,20.639380531,0.1980135567692806,1.7920542270771227
4630540392.jpg,train,70.3445945946,0.7864002300172178,4.145600920068871
4631127472.jpg,test,45.504587156,0.4923560413823865,2.9694241655295457
4631601517.jpg,train,47.7986725664,0.5195123328942739,3.078049331577096
4631640521.jpg,val,73.7168141593,0.8263189606477027,4.305275842590811
463199566.jpg,train,54.6635514019,0.6007755020881874,3.4031020083527497
4632834953.jpg,train,66.2948717949,0.7384615384617825,3.95384615384713
4633306112.jpg,train,33.1189320388,0.3457405494728083,2.382962197891233
463426919.jpg,val,35.2478991597,0.370942249240518,2.4837689969620724
4634635214.jpg,train,62.2652173913,0.6907604070303935,3.763041628121574
463525569.jpg,test,69.0435779817,0.7709994144061022,4.083997657624408
4635702029.jpg,train,67.8918918919,0.7573663024726887,4.029465209890755
4636057593.jpg,train,65.3220338983,0.7269455463395562,3.907782185358225
4637538714.jpg,train,23.89375,0.2365372340425433,1.9461489361701727
4638196012.jpg,val,73.7898230088,0.8271832046688631,4.308732818675452
4638688609.jpg,test,72.6155462185,0.8132826747720839,4.253130699088336
4638773413.jpg,train,61.6617647059,0.6836170212767235,3.734468085106894
4639008494.jpg,train,36.5443925234,0.3862895207798656,2.5451580831194627
4639050491.jpg,train,59.9836448598,0.6637522370250207,3.655008948100083
4640205988.jpg,train,71.8915929204,0.8047128601021201,4.21885144040848
464118000.jpg,train,40.3,0.4307466150869998,2.7229864603479994
4643295751.jpg,train,50.6269230769,0.5529918166936109,3.2119672667744434
4643928912.jpg,train,53.275,0.5843384912958728,3.337353965183491
4644879921.jpg,train,57.2767857143,0.6317097264438652,3.526838905775461
4644913731.jpg,test,58.68125,0.6483351063829033,3.593340425531613
4647260189.jpg,train,70.025,0.7826170212764989,4.130468085105996
4647732482.jpg,train,66.8513513514,0.7450488786663849,3.98019551466554
4650909917.jpg,train,69.75,0.7793617021275632,4.117446808510253
4651317050.jpg,train,39.6848739496,0.4234650455929042,2.693860182371617
4651402324.jpg,train,70.1293103448,0.7838517975050789,4.135407190020316
4655744443.jpg,train,71.6102941176,0.8013829787227474,4.20553191489099
4656581279.jpg,train,71.1596638655,0.7960486322181988,4.184194528872795
4656808355.jpg,test,58.1043478261,0.6415060129510514,3.566024051804205
4658471909.jpg,train,29.2432432432,0.2998619896486919,2.199447958594768
4659357736.jpg,train,46.9439655172,0.5093947175343064,3.0375788701372257
4663774613.jpg,train,75.0120192308,0.8416509819969845,4.3666039279879385
466432603.jpg,train,54.3355263158,0.5968924972005053,3.387569988802021
4664658605.jpg,test,61.3677884615,0.6801370703758962,3.720548281503585
46658329.jpg,train,53.7435897436,0.5898854337152761,3.3595417348611045
46667675.jpg,train,41.8340336134,0.448905775075407,2.7956231003016283
4668385279.jpg,train,65.6369565217,0.7306734505082364,3.9226938020329456
4668832694.jpg,train,68.1213592233,0.7600826275561853,4.0403305102247415
4668889560.jpg,test,66.5619469027,0.7416230465076931,3.966492186030772
4668901744.jpg,train,70.9152542373,0.7931554273350582,4.172621709340232
4669146975.jpg,train,41.6331775701,0.4465281368065563,2.7861125472262254
4669754441.jpg,val,73.6717391304,0.8257853839032773,4.3031415356131095
4670475171.jpg,test,78.1617647059,0.8789361702128626,4.5157446808514505
4670590256.jpg,train,59.1959459459,0.6544278320867862,3.617711328347145
4671382441.jpg,train,74.747826087,0.8385235892696041,4.3540943570784165
4671409819.jpg,train,48.2760869565,0.5251637372799829,3.100654949119932
4671787703.jpg,test,63.4642857143,0.7049544072949174,3.8198176291796697
4672698013.jpg,train,71.6261682243,0.8015708888446119,4.206283555378448
4672766619.jpg,train,74.5199115044,0.8358256448875697,4.343302579550279
4673438844.jpg,train,80.6471962617,0.9083575263472796,4.633430105389119
4673878145.jpg,train,61.5518867925,0.6823163388202286,3.7292653552809134
4674436980.jpg,train,71.1602564103,0.7960556464815953,4.184222585926381
4674618399.jpg,train,56.4427966102,0.6218373602599364,3.4873494410397456
4674790248.jpg,train,70.4932432432,0.7881598619890395,4.152639447956158
4676269978.jpg,train,81.2429245283,0.915409474106644,4.661637896426576
4676525770.jpg,train,45.6689189189,0.49430132259892,2.97720529039568
46766983.jpg,train,28.4294871795,0.2902291325696914,2.160916530278766
4676944717.jpg,train,39.4742990654,0.4209723603099181,2.6838894412396725
4679147725.jpg,test,70.0200892857,0.7825588905772416,4.130235562308966
4680082599.jpg,test,77.6592920354,0.8729881378270609,4.491952551308243
4681215652.jpg,train,66.4602803738,0.7404195665137513,3.961678266055005
4681329966.jpg,test,72.5,0.8119148936169197,4.247659574467679
4682349014.jpg,train,48.9934782609,0.5336558741908674,3.1346234967634694
4682743182.jpg,train,35.3357142857,0.3719817629177326,2.48792705167093
4683130999.jpg,train,63.6533018868,0.7071918908069094,3.828767563227637
4683892759.jpg,val,52.4275700935,0.574307019288563,3.297228077154252
468518360.jpg,test,64.880733945,0.7217216474726401,3.886886589890561
468574107.jpg,train,18.5596330275,0.1733944954125727,1.693577981650291
4685744038.jpg,train,75.3199152542,0.8452957086182761,4.381182834473105
4687542962.jpg,train,52.2217391304,0.5718704902862966,3.287481961145186
468764619.jpg,test,58.6065217391,0.6474505087877236,3.5898020351508944
4688027801.jpg,train,58.75,0.6491489361701371,3.5965957446805485
4688672987.jpg,val,61.2943925234,0.6792682441840743,3.717072976736297
4688942670.jpg,train,65.2065217391,0.7255781683621791,3.902312673448717
4689159899.jpg,train,27.2697368421,0.2765005599103358,2.106002239641344
4689181626.jpg,test,49.7791262136,0.5429560008263088,3.171824003305235
469009898.jpg,train,62.6370192308,0.6951616202948803,3.780646481179521
4690644950.jpg,train,68.3995535714,0.7633757598779874,4.05350303951195
4690684792.jpg,train,59.4129464286,0.6569965805473739,3.627986322189496
4691973869.jpg,val,34.0,0.3561702127659286,2.424680851063714
4692095992.jpg,train,56.2,0.6189632495163703,3.475852998065481
4692485168.jpg,train,66.4889380531,0.7407588024853489,3.963035209941396
4693844054.jpg,train,56.1527777778,0.6184042553193413,3.473617021277365
4694563082.jpg,train,69.8665254237,0.7807410746479575,4.12296429859183
4696097531.jpg,train,64.3567961165,0.71551952076003,3.86207808304012
4696239138.jpg,test,68.9411764706,0.7697872340425976,4.079148936170391
4696642475.jpg,train,68.3865546218,0.7632218844978095,4.0528875379912375
4697031191.jpg,train,62.7941176471,0.6970212765961489,3.788085106384596
4697661900.jpg,train,64.0328947368,0.7116853303465605,3.846741321386242
4698449914.jpg,val,43.7891791045,0.4720498570977089,2.888199428390836
469890496.jpg,train,56.7224576271,0.6251478543091197,3.5005914172364787
4698931028.jpg,val,65.5192307692,0.7292798690666505,3.917119476266602
4699352200.jpg,test,71.9345794393,0.8052217140589246,4.2208868562356985
4699474732.jpg,test,53.3004587156,0.5846398594573273,3.3385594378293093
4701833798.jpg,train,63.2765486726,0.7027320655246972,3.810928262098789
4702275189.jpg,train,71.4925742574,0.7999894670314052,4.199957868125621
470258883.jpg,train,47.7745535714,0.5192268237078136,3.0769072948312544
4702733058.jpg,train,61.9288990826,0.6867792309196707,3.747116923678683
4702824874.jpg,train,47.4357142857,0.5152158054709013,3.060863221883605
4704193975.jpg,train,52.3581081081,0.5734847613569423,3.293939045427769
4704223777.jpg,train,70.6580188679,0.7901103974303623,4.160441589721449
4704686099.jpg,train,50.0285714286,0.5459088145899448,3.183635258359779
4704859608.jpg,test,34.7279411765,0.3647872340428711,2.459148936171484
4705856366.jpg,train,56.8995327103,0.6272439848878119,3.5089759395512474
4706726398.jpg,val,40.935840708,0.4382733948412732,2.753093579365093
4707334942.jpg,train,70.7693965517,0.7914288334552286,4.1657153338209145
4708680413.jpg,train,62.1383928571,0.6892591185404441,3.757036474161776
47095522.jpg,val,67.4194915254,0.7517742517125735,4.007097006850295
4710464067.jpg,val,73.3918918919,0.8224726854514016,4.289890741805607
4711101546.jpg,test,61.5504587156,0.6822994339253968,3.7291977357015873
4711939216.jpg,train,31.5454545455,0.3271144716024128,2.308457886409651
4712201579.jpg,train,72.1658878505,0.8079598329690674,4.2318393318762695
4713092038.jpg,train,73.935840708,0.8289116927135515,4.315646770854206
4714778162.jpg,val,65.6642857143,0.7309969604864026,3.9239878419456105
4714961173.jpg,val,66.2860576923,0.7383572013091482,3.9534288052365927
4718032191.jpg,val,58.8205128205,0.6499836333876612,3.5999345335506447
4718226346.jpg,train,51.11875,0.5588138297871728,3.235255319148691
4718542749.jpg,train,54.8805309735,0.6033440030131232,3.4133760120524927
4719295519.jpg,test,49.3108108108,0.5374123059227585,3.149649223691034
4719558314.jpg,train,23.9247787611,0.2369045377522763,1.9476181510091053
4722268334.jpg,train,71.0154867257,0.794341931839909,4.177367727359636
4722272826.jpg,train,76.3076923077,0.8569885433715043,4.427954173486017
4722588778.jpg,train,72.4508928571,0.811333586625531,4.2453343465021245
4725670933.jpg,train,61.2608695652,0.6788714153558655,3.715485661423462
4725890838.jpg,train,51.2173913043,0.5599814986117684,3.239925994447073
4726274782.jpg,train,24.7794117647,0.2470212765956635,1.988085106382654
4727744330.jpg,test,74.2012711864,0.8320537324191758,4.328214929676703
4728497082.jpg,val,70.8453389831,0.7923278038230583,4.169311215292233
4728646090.jpg,test,21.296460177,0.205791752965643,1.823167011862572
4728690118.jpg,train,78.8060344828,0.8865627292740375,4.54625091709615
4730475136.jpg,train,50.5,0.5514893617020676,3.2059574468082706
4730781966.jpg,train,28.7570093458,0.2941061841320815,2.1764247365283262
4731015701.jpg,test,54.4078947368,0.5977491601338127,3.390996640535251
4731319039.jpg,train,37.2038834951,0.3940962611025027,2.576385044410011
4731330377.jpg,test,51.7375,0.566138297872278,3.264553191489112
4732322374.jpg,test,75.8445945946,0.8515066129959308,4.406026451983723
4732496293.jpg,train,51.025,0.5577040618954902,3.2308162475819606
4733042196.jpg,val,73.6282051282,0.8252700490996718,4.301080196398687
4733189524.jpg,test,53.7435897436,0.5898854337152761,3.3595417348611045
4735563555.jpg,val,68.3623853211,0.7629357798164093,4.0517431192656375
473566328.jpg,train,71.0114678899,0.7942943587739594,4.177177435095837
4737751146.jpg,train,69.8004587156,0.7799590083934664,4.119836033573866
4737850701.jpg,train,60.3421052632,0.6679955207171051,3.671982082868421
473881316.jpg,test,16.984375,0.1547473404255351,1.6189893617021405
4738960229.jpg,train,32.725,0.3410773694390451,2.3643094777561804
4739066142.jpg,train,75.31875,0.8452819148935101,4.381127659574041
4739558783.jpg,train,64.3028846154,0.7148813420622891,3.8595253682491566
474070389.jpg,train,77.5862831858,0.8721238938047167,4.488495575218867
4740901654.jpg,train,53.5625,0.5877417794970328,3.350967117988131
4742025728.jpg,train,62.359375,0.6918749999999175,3.76749999999967
4743492963.jpg,train,40.8876146789,0.4377025180557956,2.7508100722231825
4743830608.jpg,train,68.452,0.7639965957445869,4.055986382978348
4745213797.jpg,train,73.5694444444,0.8245744680844768,4.298297872337907
4746340677.jpg,train,62.5916030534,0.6946240051968379,3.778496020787352
4747712670.jpg,train,62.1934782609,0.6899111933397787,3.7596447733591134
4748697171.jpg,test,41.2794117647,0.4423404255318026,2.7693617021272106
4748829159.jpg,train,53.125,0.5825628626691807,3.3302514506767227
4750416133.jpg,val,65.6016949153,0.7302560403899231,3.921024161559693
4750521580.jpg,train,81.0408653846,0.91301759410772,4.65207037643088
4752962359.jpg,train,57.3378378378,0.6324324324319116,3.5297297297276464
4757093692.jpg,train,72.2429906542,0.8088725392720537,4.235490157088215
4757384229.jpg,train,36.6283185841,0.3872829975525618,2.549131990210247
475853335.jpg,train,29.1875,0.2992021276595547,2.1968085106382187
47612135.jpg,train,65.5441176471,0.7295744680855053,3.918297872342021
4761802851.jpg,val,50.1972477064,0.5479055241066484,3.1916220964265936
4761960995.jpg,train,55.9191176471,0.6156382978727576,3.4625531914910304
4764407251.jpg,train,56.0743243243,0.6174755606666915,3.469902242666766
4764540278.jpg,test,65.4618644068,0.7286007933647396,3.9144031734589584
4764809752.jpg,train,55.3362068966,0.6087380777701281,3.4349523110805125
4765706226.jpg,test,72.0887850467,0.8070471266648973,4.228188506659589
4765708291.jpg,train,70.7754237288,0.7915001803098747,4.166000721239499
4766339964.jpg,train,63.7415966387,0.7082370820673115,3.832948328269246
4767640691.jpg,train,45.1297169811,0.4879185066234163,2.951674026493665
4769301151.jpg,train,35.8679245283,0.3782818145322616,2.5131272581290465
4770124841.jpg,train,63.8109243697,0.7090577507592262,3.8362310030369047
4770169005.jpg,test,70.3147321429,0.7860467325232062,4.144186930092825
4770545465.jpg,train,71.8185840708,0.803848616079776,4.215394464319104
4770991170.jpg,test,60.925,0.6748955512571736,3.6995822050286944
4771924563.jpg,train,55.873853211,0.6151024790160227,3.4604099160640907
4772591404.jpg,train,62.7673913043,0.6967049028670658,3.786819611468263
4773063971.jpg,train,51.1239495798,0.5588753799387705,3.235501519755082
4773302631.jpg,train,59.1880530973,0.6543344003006508,3.6173376012026033
4774195402.jpg,train,76.1184210526,0.8547480403130676,4.418992161252271
4777018149.jpg,train,69.4672897196,0.7760151123479738,4.104060449391895
4777807371.jpg,train,58.3783783784,0.644749856239399,3.578999424957596
4778402744.jpg,train,67.675,0.7547988394583215,4.019195357833286
4778495597.jpg,train,55.0490654206,0.6053390336054865,3.421356134421946
477928479.jpg,train,45.5777310924,0.4932218844979918,2.9728875379919675
477939756.jpg,train,73.9241071429,0.8287727963529866,4.315091185411946
4780164434.jpg,train,57.8417431193,0.6383974233850634,3.553589693540254
4780450043.jpg,train,69.1388888889,0.7721276595745044,4.088510638298017
4781142781.jpg,test,56.1631355932,0.6185268662095695,3.474107464838278
4781552174.jpg,val,68.2110091743,0.7611438610186996,4.044575444074798
4782504809.jpg,train,69.6714285714,0.7784316109418148,4.113726443767259
4782546865.jpg,val,67.0693277311,0.7476291793313052,3.990516717325221
4782608700.jpg,train,54.5192307692,0.5990671031092244,3.3962684124368976
4782637866.jpg,train,77.3125,0.8688829787232937,4.475531914893175
4782987041.jpg,val,79.03125,0.8892287234041415,4.556914893616566
4784361629.jpg,train,60.9711538462,0.6754418985274714,3.7017675941098855
4786690796.jpg,val,36.5651260504,0.3865349544070223,2.5461398176280894
4787504766.jpg,val,62.1513157895,0.6894120940651791,3.757648376260717
4787556835.jpg,train,67.9,0.7574622823983598,4.029849129593439
4788033646.jpg,train,75.59375,0.8485372340424459,4.394148936169783
4789129778.jpg,train,59.1959459459,0.6544278320867862,3.617711328347145
4791175187.jpg,val,61.1764705882,0.6778723404250339,3.711489361700136
4792717107.jpg,test,70.4816513761,0.7880226429819758,4.152090571927904
4794011269.jpg,test,70.2860169492,0.7857068157235081,4.142827262894032
4794298678.jpg,train,65.6383495146,0.7306899400953697,3.922759760381479
4794780770.jpg,test,62.1758474576,0.6897024882794383,3.758809953117753
4795531186.jpg,train,66.0337837838,0.735370902817814,3.941483611271256
4796228876.jpg,train,72.2436440678,0.8088802740713419,4.235521096285368
4800263969.jpg,train,54.9719626168,0.6044263273013164,3.4177053092052656
4801184295.jpg,test,72.7972972973,0.8154341575617471,4.261736630246988
4801726337.jpg,train,55.1824324324,0.6069177688322096,3.4276710753288384
4803889024.jpg,train,55.7429906542,0.6135533903359146,3.4542135613436584
4804088480.jpg,test,66.2216981132,0.7375953432354694,3.9503813729418775
4804146129.jpg,val,39.8819444444,0.4257978723398594,2.7031914893594378
4804146646.jpg,train,76.0981308411,0.8545078544438608,4.418031417775444
4804414192.jpg,train,64.421875,0.716289893616935,3.86515957446774
4805041131.jpg,train,57.3876146789,0.6330216669919347,3.532086667967739
4805501528.jpg,train,64.9724576271,0.7228074287771893,3.891229715108757
4806036650.jpg,train,17.7972972973,0.1643703277746167,1.657481311098467
4806110659.jpg,train,63.9158878505,0.7103002585009978,3.841201034003991
480626798.jpg,train,25.3340336134,0.2535866261392679,2.0143465045570714
4806281586.jpg,test,57.5485436893,0.6349266680434779,3.5397066721739114
4806591146.jpg,train,57.7794117647,0.6376595744679417,3.550638297871767
4808255488.jpg,train,75.25,0.8444680851062762,4.377872340425105
4809080599.jpg,train,76.5783898305,0.8601929318425601,4.44077172737024
4814084144.jpg,train,63.0367647059,0.6998936170214017,3.799574468085607
4815901200.jpg,test,81.0818965517,0.9135033015403156,4.654013206161262
4819833644.jpg,val,23.6008403361,0.2330699088141725,1.9322796352566904
4819847439.jpg,train,28.5743243243,0.2919436457731264,2.167774583092505
4820110338.jpg,train,54.9305555556,0.6039361702132237,3.4157446808528946
482147713.jpg,train,73.8082524272,0.8274013633547587,4.309605453419035
4822559131.jpg,test,51.9347826087,0.5684736355226528,3.273894542090612
4822674187.jpg,train,55.6474358974,0.6124222585919766,3.4496890343679065
4822965011.jpg,test,63.3728448276,0.7038719735877532,3.815487894351013
4824776407.jpg,train,76.6509433962,0.8610517864307301,4.44420714572292
4826544292.jpg,train,39.0217391304,0.4156151711373852,2.662460684549541
4828138245.jpg,train,36.6125,0.3870957446808171,2.548382978723269
4828896285.jpg,train,75.8,0.8509787234041475,4.40391489361659
4830054430.jpg,train,73.5377358491,0.8241991168209643,4.296796467283857
4830420359.jpg,train,58.3849557522,0.6448277160607839,3.579310864243136
4831070004.jpg,test,11.9294871795,0.0949099836335524,1.3796399345342096
483164670.jpg,train,42.0384615385,0.4513256955814259,2.805302782325704
4835256174.jpg,test,79.7433035714,0.8976576747715831,4.590630699086333
4835865863.jpg,test,56.6875,0.6247340425531198,3.49893617021248
483591009.jpg,train,62.8349514563,0.6975046477998316,3.7900185911993263
4837135935.jpg,train,63.6845794393,0.7075621395908551,3.830248558363421
4837286609.jpg,train,76.8857758621,0.8638316214235885,4.4553264856943535
4838893362.jpg,train,58.75,0.6491489361701371,3.5965957446805485
4840518597.jpg,val,56.1766055046,0.6186863166114418,3.474745266445767
4841257153.jpg,test,54.6949152542,0.6011467724481022,3.404587089792409
4842717407.jpg,train,62.5066964286,0.6936189209728999,3.7744756838916
4843346384.jpg,train,58.9579831933,0.6516109422494327,3.606443768997731
4843845900.jpg,train,50.9380530973,0.5566748258325813,3.2266993033303253
4845155288.jpg,train,62.1383928571,0.6892591185404441,3.757036474161776
4845527109.jpg,train,73.3130434783,0.8215393154490188,4.286157261796076
4845803922.jpg,train,36.475,0.3854680851063494,2.541872340425398
4845997437.jpg,test,49.6518691589,0.5414495923644831,3.1657983694579324
4846003639.jpg,val,57.9385245902,0.6395430763868195,3.558172305547278
4847778477.jpg,train,74.4174311927,0.8346125317200572,4.338450126880229
4847844430.jpg,train,71.3805309735,0.7986631519492623,4.19465260779705
4847954914.jpg,val,54.49609375,0.5987932180850388,3.395172872340156
4848345613.jpg,test,75.7435897436,0.8503109656301283,4.401243862520513
484860366.jpg,train,30.425,0.3138510638297651,2.2554042553190605
4850291252.jpg,train,37.7566964286,0.4006401975686913,2.602560790274765
4851066149.jpg,test,34.6875,0.3643085106382677,2.457234042553071
4851467262.jpg,train,66.2431192661,0.7378489166508425,3.95139566660337
485174290.jpg,test,67.2972972973,0.750327774583034,4.0013110983321365
4851762296.jpg,train,51.5951327434,0.5644530220301275,3.25781208812051
4852617544.jpg,test,72.2063106796,0.8084383391858796,4.233753356743518
4852968688.jpg,train,61.2544642857,0.6787955927049177,3.715182370819671
4854909641.jpg,train,35.71875,0.3765159574467764,2.506063829787106
4855511701.jpg,train,48.625,0.5292940038684154,3.1171760154736616
4856036467.jpg,train,71.9797297297,0.805756181713176,4.223024726852704
4857542718.jpg,train,74.0304347826,0.8300314523587196,4.320125809434878
4858031538.jpg,train,43.9868421053,0.4743896976487646,2.8975587905950584
4858527470.jpg,test,48.50625,0.5278882978722842,3.111553191489137
486068453.jpg,train,43.3879310345,0.467300073367729,2.869200293470916
486170909.jpg,val,56.5401785714,0.6229901215801374,3.49196048632055
4862383971.jpg,test,65.7547169811,0.7320674427935902,3.9282697711743606
4862615903.jpg,train,66.7809734513,0.744215778572358,3.976863114289432
4863093063.jpg,test,41.3173913043,0.4427900092500849,2.77116003700034
4864265547.jpg,train,66.55,0.7414816247581302,3.9659264990325207
4866523929.jpg,train,65.5192307692,0.7292798690666505,3.917119476266602
4867071134.jpg,train,64.3685344828,0.7156584739549158,3.862633895819663
4867659714.jpg,train,61.0630841121,0.6765301252727479,3.706120501090992
4867994945.jpg,test,21.0256410256,0.2025859247130942,1.810343698852377
4868050690.jpg,train,72.593220339,0.8130183916337087,4.252073566534834
4868558209.jpg,train,41.15,0.4408085106382554,2.7632340425530217
4868895324.jpg,train,72.475,0.811618955512471,4.246475822049884
4870809935.jpg,train,78.8855932203,0.8875045077527607,4.550018031011042
4871159312.jpg,train,67.7004716981,0.7551003613004337,4.020401445201735
4871407891.jpg,train,61.6165254237,0.683081500179888,3.732326000719552
4871444135.jpg,train,72.7972972973,0.8154341575617471,4.261736630246988
4871847706.jpg,test,72.5743243243,0.8127947096028305,4.251178838411322
4872116932.jpg,train,44.8428571429,0.4845227963530415,2.938091185412166
4873047491.jpg,test,74.5448717949,0.8361211129298521,4.344484451719408
4875935356.jpg,test,58.6829268293,0.6483549558902842,3.593419823561137
4875993491.jpg,test,63.4426605505,0.7046984188955828,3.8187936755823313
4877994171.jpg,val,54.2905405405,0.5963599769977277,3.3854399079909108
487860600.jpg,train,15.8220338983,0.1409880995311388,1.5639523981245556
4880270138.jpg,train,66.0673913043,0.7357687326542935,3.943074930617174
4881913692.jpg,train,72.84375,0.8159840425530893,4.263936170212357
4882295000.jpg,train,75.25,0.8444680851062762,4.377872340425105
4882358476.jpg,train,66.1610169492,0.7368770284894733,3.947508113957893
4882465125.jpg,train,32.4668141593,0.338021088307355,2.3520843532294204
4882952027.jpg,train,59.8605769231,0.6622954173488043,3.649181669395217
4883254364.jpg,val,68.3258928571,0.7625037993914963,4.050015197565985
4883647933.jpg,train,59.5889830508,0.6590804183188707,3.6363216732754826
4883939911.jpg,train,26.25,0.2644294003868329,2.057717601547332
4885160336.jpg,test,72.1038135593,0.8072250270461583,4.228900108184633
4885242381.jpg,train,64.1013513514,0.7124956871770284,3.8499827487081135
4885928195.jpg,test,52.2217391304,0.5718704902862966,3.287481961145186
4886153819.jpg,test,62.95,0.698866537717518,3.795466150870072
4886277173.jpg,val,30.025,0.3091160541585859,2.236464216634344
4886518096.jpg,val,50.9230769231,0.5564975450083957,3.2259901800335826
4886525195.jpg,train,59.6991150442,0.6603841084535087,3.641536433814035
4887400905.jpg,train,61.45,0.6811102514505963,3.724441005802386
4887754576.jpg,val,51.0110619469,0.5575390698549254,3.2301562794197016
488823133.jpg,train,65.3014705882,0.7267021276590687,3.906808510636275
4889658118.jpg,train,71.7142857143,0.802613981762987,4.210455927051948
4889890723.jpg,train,58.375,0.6447098646034067,3.578839458413627
4890086996.jpg,val,59.9911504425,0.6638410845417015,3.655364338166806
4890155523.jpg,test,74.7582781457,0.8386473157671747,4.354589263068698
4891468275.jpg,test,77.7027027027,0.8735020126508054,4.494008050603222
4891817119.jpg,train,71.0513392857,0.7947663373857503,4.179065349543001
4893296719.jpg,train,61.6799065421,0.6838317757013734,3.7353271028054937
4894150529.jpg,train,76.0432692308,0.8538584288054932,4.4154337152219725
4895451556.jpg,train,76.1588983051,0.8552271907681932,4.420908763072773
489975423.jpg,test,71.675,0.8021489361701127,4.208595744680451
4900369405.jpg,train,59.0369565217,0.6525457909337807,3.610183163735123
4900565313.jpg,val,49.4485294118,0.5390425531918491,3.1561702127673965
4900640591.jpg,train,60.5178571429,0.6700759878423737,3.680303951369495
4901671249.jpg,train,47.4357142857,0.5152158054709013,3.060863221883605
4902129359.jpg,train,75.625,0.8489071566730066,4.395628626692027
4902504109.jpg,train,22.7828947368,0.2233874580062127,1.893549832024851
4903384785.jpg,test,63.2094594595,0.7019378953425466,3.8077515813701854
4903418699.jpg,test,49.33125,0.5376542553190911,3.150617021276364
4904294830.jpg,train,70.1625,0.7842446808509667,4.136978723403867
4905609957.jpg,train,47.1710526316,0.5120828667415168,3.048331466966068
4905995730.jpg,train,78.3819444444,0.8815425531908507,4.526170212763403
4906359700.jpg,train,74.102173913,0.8308806660493345,4.323522664197338
4906429431.jpg,train,80.2838983051,0.904056978002228,4.616227912008912
4906735319.jpg,train,78.4583333333,0.882446808510131,4.5297872340405245
4906902596.jpg,train,61.5723684211,0.6825587905939848,3.7302351623759393
4907748522.jpg,train,65.3919491525,0.727773169851556,3.911092679406224
4907901600.jpg,train,68.2090517241,0.7611206896546299,4.04448275861852
4908270930.jpg,val,46.3371559633,0.5022115947686054,3.0088463790744218
4908441792.jpg,train,46.2193396226,0.5008169409870119,3.003267763948048
4909946838.jpg,train,70.4551282051,0.7877086743039874,4.1508346972159496
4910377121.jpg,train,28.3233944954,0.2889732578565543,2.155893031426217
4911877298.jpg,train,56.9084821429,0.6273499240125933,3.509399696050373
4911990100.jpg,train,55.4375,0.609937137330685,3.43974854932274
4912317009.jpg,val,76.2617924528,0.8564452027293613,4.425780810917445
4912437730.jpg,train,79.2571428571,0.8919027355616885,4.567610942246754
4913587642.jpg,train,75.8093220339,0.8510890732058265,4.404356292823306
4915971389.jpg,train,52.297029703,0.5727617442598205,3.291046977039282
4918086314.jpg,train,67.0693277311,0.7476291793313052,3.990516717325221
491839128.jpg,train,34.6292372881,0.3636188243774786,2.4544752975099144
4918979865.jpg,val,68.0760869565,0.7595467160033498,4.038186864013399
4919695267.jpg,train,55.5064102564,0.6107528641569286,3.4430114566277146
4920401436.jpg,train,44.8125,0.4841634429399893,2.936653771759957
4920539113.jpg,train,74.6153846154,0.8369558101473761,4.347823240589504
4921474940.jpg,val,63.0306603774,0.6998213568851929,3.799285427540772
4921721859.jpg,train,70.4696261682,0.7878802942927146,4.151521177170858
4921823031.jpg,train,70.4779411765,0.7879787234045057,4.151914893618023
4922516594.jpg,train,44.0337837838,0.4749453709029618,2.8997814836118474
4922576334.jpg,val,68.4601769912,0.7640933910756198,4.056373564302479
4922763994.jpg,train,58.441588785,0.6454981109558244,3.5819924438232977
4922860865.jpg,test,47.0379464286,0.5105072188452695,3.042028875381078
4922892935.jpg,test,74.3411016949,0.8337089794443593,4.334835917777437
4923216773.jpg,train,75.0290178571,0.8418522036468028,4.367408814587211
4923537063.jpg,test,56.3279816514,0.6204782354091514,3.481912941636605
4924398774.jpg,val,51.4575892857,0.5628248480240852,3.2512993920963407
4925153617.jpg,test,69.322815534,0.7743048956828444,4.097219582731378
4925167261.jpg,test,60.968487395,0.6754103343469221,3.701641337387688
4925344781.jpg,train,72.8407079646,0.8159480323854916,4.263792129541967
4926447658.jpg,val,59.9610091743,0.6634842865506301,3.65393714620252
4926787829.jpg,test,55.1939655172,0.6070542920023759,3.428217168009504
492751146.jpg,train,52.9092920354,0.5800094144228523,3.320037657691409
4930262989.jpg,train,62.80625,0.697164893616938,3.788659574467752
493128717.jpg,train,66.8513513514,0.7450488786663849,3.98019551466554
4931966065.jpg,train,49.0441176471,0.5342553191493663,3.137021276597465
4932130784.jpg,train,64.6625,0.7191382978722536,3.8765531914890143
4932950485.jpg,train,44.4711538462,0.4801227495913323,2.920490998365329
4933863195.jpg,test,48.7162162162,0.5303737780331039,3.121495112132416
4935990245.jpg,train,57.3621495327,0.6327202227080972,3.530880890832389
4936086328.jpg,val,73.1875,0.8200531914892588,4.280212765957035
4937662029.jpg,train,71.0471698113,0.794716981131731,4.178867924526924
4938188075.jpg,test,47.4418103448,0.5152879677178877,3.0611518708715506
494015270.jpg,val,50.9541284404,0.5568651180951963,3.2274604723807854
4940371977.jpg,train,66.4797297297,0.740649798734463,3.962599194937852
4940996206.jpg,train,69.0067567568,0.7705635422660869,4.082254169064347
4941076531.jpg,train,63.8706896552,0.7097652237713346,3.839060895085338
4941401132.jpg,test,76.5758928571,0.8601633738595659,4.440653495438264
4941443673.jpg,train,63.3644067797,0.7037720879917222,3.815088351966889
4942239073.jpg,train,52.3252212389,0.5730954622476502,3.2923818489906007
494236256.jpg,train,38.6926605505,0.4117196954913742,2.646878781965497
4943600012.jpg,train,69.3798076923,0.7749795417346742,4.099918166938696
49445241.jpg,train,50.5,0.5514893617020676,3.2059574468082706
4944793972.jpg,train,60.3844339623,0.6684965877161225,3.67398635086449
4945508144.jpg,train,51.2051282051,0.5598363338784919,3.2393453355139674
4947244.jpg,train,36.1818181818,0.3819975382448721,2.5279901529794886
4947500856.jpg,test,73.3276699029,0.8217124561038582,4.286849824415433
4947572555.jpg,test,69.9027777778,0.7811702127661239,4.124680851064495
4948021193.jpg,test,62.6652542373,0.6954958528669886,3.781983411467954
4948125167.jpg,test,63.90625,0.7101861702126806,3.8407446808507215
4949714700.jpg,train,59.6991150442,0.6603841084535087,3.641536433814035
4950276392.jpg,val,39.4768907563,0.4210030395136087,2.684012158054435
4950643421.jpg,train,63.5067567568,0.7054571592873738,3.821828637149496
4952399474.jpg,val,59.8260869565,0.6618871415352802,3.6475485661411207
4953282690.jpg,train,11.1218487395,0.0853495440730123,1.3413981762920493
4953733701.jpg,train,82.311440678,0.9280580598632456,4.712232239452982
4953755434.jpg,val,58.45,0.6455976789167528,3.582390715667011
4954115704.jpg,train,62.8143382353,0.6972606382978587,3.789042553191434
4954209731.jpg,train,42.3230088496,0.4546940312563422,2.818776125025369
4955052105.jpg,test,61.6195652174,0.6831174838113078,3.732469935245231
4955674278.jpg,test,59.1299342105,0.6536464165729604,3.6145856662918416
4958359048.jpg,train,63.5685840708,0.7061890416117064,3.8247561664468255
4958737471.jpg,train,66.1438679245,0.7366740264949588,3.9466961059798353
4960025889.jpg,train,48.7905405405,0.5312535940190147,3.125014376076059
4960147659.jpg,train,42.25,0.4538297872339981,2.815319148935992
4960586032.jpg,train,55.1824324324,0.6069177688322096,3.4276710753288384
496109303.jpg,train,45.4661016949,0.4919004688061157,2.967601875224463
4961168084.jpg,train,73.4166666667,0.8227659574470998,4.291063829788399
4961486371.jpg,train,62.7351694915,0.6963234763789885,3.785293905515954
496162577.jpg,train,45.3163716814,0.4901280361511451,2.9605121446045803
4962117985.jpg,test,32.3919491525,0.3371348719792778,2.348539487917111
4962875195.jpg,train,74.8119469027,0.8392826209757626,4.357130483903051
4965455693.jpg,train,48.9217391304,0.5328066604990687,3.1312266419962747
4965802871.jpg,train,37.9040178571,0.4023841185404898,2.60953647416196
4965946284.jpg,train,52.876,0.5796153191488717,3.3184612765954866
4966132108.jpg,train,56.6262376238,0.6240088476936537,3.496035390774615
4966811903.jpg,train,62.6,0.6947234042552363,3.778893617020945
4967412135.jpg,test,67.5789473684,0.7536618141094009,4.014647256437604
4968475623.jpg,train,56.7413043478,0.625370952821081,3.501483811284324
4969822064.jpg,test,56.1766055046,0.6186863166114418,3.474745266445767
497163401.jpg,test,73.7118644068,0.8262603678328092,4.305041471331236
4972378781.jpg,train,74.0304347826,0.8300314523587196,4.320125809434878
4972553952.jpg,test,65.5878378378,0.7300920068999811,3.920368027599925
4972615412.jpg,train,36.4308035714,0.3849449088142179,2.539779635256872
4973124317.jpg,train,56.8781512605,0.6269908814588447,3.507963525835379
497525662.jpg,train,51.7287234043,0.5660344047084792,3.264137618833917
4975468754.jpg,val,63.745412844,0.7082822564898182,3.833129025959273
4975653682.jpg,train,73.1513157895,0.8196248600226052,4.278499440090421
4975773859.jpg,train,78.1964285714,0.8793465045588201,4.51738601823528
4975990286.jpg,train,69.1554054054,0.7723231742379086,4.0892926969516346
4976142964.jpg,val,52.6554054054,0.5770040253017695,3.308016101207078
4976232823.jpg,train,74.3774038462,0.8341387070380845,4.336554828152337
4976269857.jpg,train,76.8580508475,0.863503425892927,4.454013703571707
4976501337.jpg,train,61.9390756303,0.6868996960491176,3.7475987841964704
4978032841.jpg,train,25.6800847458,0.2576830147858591,2.0307320591434364
4979420600.jpg,train,62.4662162162,0.6931397354798865,3.772558941919546
4979581696.jpg,train,65.130859375,0.7246825132977847,3.898730053191138
4980059014.jpg,val,60.2867647059,0.6673404255320452,3.669361702128181
4980829250.jpg,test,26.7288135593,0.2700973674717759,2.080389469887104
4981035833.jpg,test,69.925,0.781433268858704,4.125733075434816
4981184708.jpg,test,55.5887850467,0.6117279777287582,3.446911910915033
4982428461.jpg,test,65.8564356436,0.7332715399202823,3.933086159681129
4982617348.jpg,train,56.7453271028,0.6254185722806554,3.501674289122622
498265046.jpg,val,36.8875,0.3903510638297529,2.561404255319012
4983471695.jpg,train,62.4587155963,0.6930509467104706,3.7722037868418825
4984086049.jpg,train,24.9567307692,0.2491202945986419,1.996481178394568
4985059388.jpg,train,75.25,0.8444680851062762,4.377872340425105
4985166775.jpg,train,60.60625,0.6711223404254528,3.6844893617018113
4985465789.jpg,test,61.6033834586,0.6829259318502711,3.731703727401084
4985988258.jpg,train,55.6995798319,0.6130395136773538,3.452158054709415
4986076377.jpg,test,69.55,0.7769941972919736,4.107976789167894
4986510349.jpg,test,21.4152542373,0.2071979805266409,1.828791922106564
4986682017.jpg,test,13.5677570093,0.1143030423538123,1.4572121694152491
4987072948.jpg,train,65.2321428571,0.7258814589659702,3.903525835863881
4987191446.jpg,train,25.1906779661,0.2518896501983088,2.007558600793235
4987318624.jpg,train,44.5,0.4804642166343806,2.921856866537522
49874259.jpg,test,62.4318181818,0.6927325479160025,3.77093019166401
4988320464.jpg,train,69.2564102564,0.7735188216037112,4.094075286414845
4989044190.jpg,train,67.9705882353,0.7582978723404021,4.0331914893616085
4989495161.jpg,train,77.2942477876,0.8686669177177075,4.47466767087083
499095228.jpg,val,81.9862385321,0.9242084715984338,4.696833886393735
4991407708.jpg,train,68.4347826087,0.7637927844587921,4.055171137835169
4991538106.jpg,train,60.869266055,0.6742357993357038,3.696943197342815
4991939718.jpg,train,62.641509434,0.6952147731838242,3.7808590927352967
4992884384.jpg,val,70.3846153846,0.7868739770864633,4.147495908345853
4994678050.jpg,train,70.3,0.7858723404254345,4.143489361701738
4995010778.jpg,train,57.4864864865,0.634192064404917,3.536768257619668
4995119944.jpg,test,73.6155660377,0.825120433560291,4.300481734241163
4996107093.jpg,train,78.9330357143,0.8880661094225479,4.552264437690192
4996581735.jpg,val,78.6470588235,0.8846808510633686,4.538723404253474
4996783204.jpg,train,78.5817307692,0.883907528641094,4.535630114564376
4996914779.jpg,train,52.525,0.575460348162412,3.301841392649648
4999850616.jpg,train,46.0803571429,0.4991717325232519,2.9966869300930075
5000010668.jpg,train,55.6836283186,0.6128506872529902,3.4514027490119608
5000264687.jpg,train,52.4576271186,0.5746628200499014,3.2986512801996057
500101169.jpg,train,74.2012711864,0.8320537324191758,4.328214929676703
5001067426.jpg,train,71.7243589744,0.8027332242229716,4.210932896891887
50012842.jpg,train,78.8636363636,0.8872445929307027,4.548978371722811
5001626870.jpg,train,19.675,0.186597678916826,1.746390715667304
5001719293.jpg,val,36.936440678,0.390930400288863,2.563721601155452
5001805928.jpg,test,40.1689189189,0.429194939620207,2.716779758480828
5001866078.jpg,test,65.8051724138,0.7326647101980851,3.930658840792341
5003189524.jpg,train,74.725,0.8382533849128536,4.353013539651414
5003482891.jpg,val,67.4194915254,0.7517742517125735,4.007097006850295
5004699048.jpg,train,69.6052631579,0.7776483762597646,4.110593505039058
5005406987.jpg,val,67.6991525424,0.7550847457629404,4.0203389830517615
5005558786.jpg,test,71.7142857143,0.802613981762987,4.210455927051948
5005908077.jpg,test,64.063559322,0.7120483231152722,3.848193292461089
5007844069.jpg,train,52.9029126214,0.5799338979553861,3.3197355918215443
500876950.jpg,train,73.2413043478,0.82069010175722,4.28276040702888
5008940426.jpg,val,59.8782051282,0.6625040916528894,3.6500163666115575
5010052937.jpg,train,76.9151376147,0.8641791918798979,4.456716767519591
5012894248.jpg,val,65.9239130435,0.7340703052730636,3.9362812210922544
5013129486.jpg,train,68.3623853211,0.7629357798164093,4.0517431192656375
5013265495.jpg,train,74.2837837838,0.8330304772858835,4.332121909143535
5013613228.jpg,train,67.0,0.7468085106382067,3.987234042552827
5014526130.jpg,test,69.9154135338,0.7813197888332806,4.125279155333122
5014551340.jpg,train,71.8310810811,0.8039965497413543,4.2159861989654175
5016016369.jpg,train,68.6205357143,0.765991641337461,4.063966565349844
5016420324.jpg,train,65.8214285714,0.7328571428567158,3.931428571426863
5016657118.jpg,test,49.4454887218,0.5390065589504565,3.156026235801826
501669092.jpg,train,27.4441964286,0.2785657294836043,2.114262917934417
5016823142.jpg,val,49.2184466019,0.5363189423667276,3.1452757694669105
5017205636.jpg,train,62.4509345794,0.6929588387347878,3.7718353549391512
5017257541.jpg,train,72.3259493671,0.8098545650417788,4.239418260167115
5017267795.jpg,test,61.6195652174,0.6831174838113078,3.732469935245231
5017618497.jpg,test,65.1822033898,0.7252902993143725,3.90116119725749
5018846919.jpg,train,47.4158878505,0.5149811095648588,3.059924438259435
5021524796.jpg,train,66.7079646018,0.7433515345511976,3.973406138204792
502182808.jpg,test,71.7683486239,0.8032539527625071,4.213015811050028
5022600998.jpg,train,77.1482300885,0.866938429674203,4.467753718696812
5022993325.jpg,train,70.7844036697,0.7916064805773949,4.16642592230958
5023353600.jpg,train,52.5442477876,0.5756881943134989,3.302752777253996
502416007.jpg,train,38.0871559633,0.4045520203005359,2.618208081202144
5024762120.jpg,val,76.2162162162,0.855905692926669,4.423622771706675
5025588176.jpg,train,68.2195652174,0.7612451433857634,4.044980573543054
5026427468.jpg,val,64.0586956522,0.7119907493064211,3.8479629972256846
5027216651.jpg,train,66.1897321429,0.7372169452891715,3.948867781156686
5027281781.jpg,train,69.0817757009,0.7714515808306747,4.085806323322698
5027882580.jpg,test,78.6513157895,0.8847312430013182,4.5389249720052725
5028374263.jpg,train,30.7160194175,0.3172960132206736,2.2691840528826948
5028389463.jpg,test,48.8808411215,0.532322529329885,3.12929011731954
5028571969.jpg,train,60.0301724138,0.6643030080704365,3.657212032281746
5032381168.jpg,train,38.125,0.4049999999999633,2.619999999999853
503291895.jpg,test,64.391025641,0.7159247135838983,3.863698854335593
5032946224.jpg,val,40.9915254237,0.4389325640097141,2.755730256038857
503496072.jpg,train,55.375,0.6091972920695633,3.436789168278253
5034975248.jpg,train,64.5408653846,0.7176984451715808,3.870793780686323
5035645781.jpg,test,57.7875,0.6377553191488624,3.5510212765954496
5036248276.jpg,train,61.3233944954,0.6796115557288325,3.71844622291533
5036262446.jpg,test,68.2336448598,0.7614118114930902,4.045647245972361
5036806312.jpg,train,39.5486725664,0.4218527584262043,2.6874110337048176
5037000610.jpg,train,69.3571428571,0.774711246200005,4.09884498480002
5037503230.jpg,test,61.9390756303,0.6868996960491176,3.7475987841964704
5038562159.jpg,train,75.8392857143,0.8514437689970218,4.405775075988087
5038604558.jpg,test,78.222972973,0.8796607245545491,4.5186428982181965
5040119968.jpg,train,34.8325688073,0.3660257661521475,2.46410306460859
5040602393.jpg,train,56.05,0.617187620889678,3.468750483558712
5040853192.jpg,val,23.7896039604,0.2353044027807408,1.9412176111229635
5041593593.jpg,test,47.8986486486,0.5206958021845329,3.082783208738132
5043851130.jpg,val,38.5216346154,0.4096951718495717,2.638780687398288
5044457387.jpg,test,64.294,0.7147761702126798,3.8591046808507192
5047082376.jpg,train,66.3653846154,0.7392962356793066,3.9571849427172254
5050399849.jpg,test,54.5935114504,0.5999464024688839,3.3997856098755355
5051600612.jpg,test,63.08125,0.7004202127658736,3.801680851063496
5053500577.jpg,train,65.1584821429,0.7250094984806628,3.900037993922651
5055213857.jpg,test,48.8194444444,0.531595744680268,3.126382978721072
5056056125.jpg,train,67.0743243243,0.7476883266241175,3.99075330649647
5056738651.jpg,train,70.6050420168,0.7894832826745944,4.157933130698378
5058312922.jpg,train,57.1891891892,0.6306728004600898,3.522691201840359
5058695994.jpg,train,80.9348739496,0.911762917933252,4.647051671733008
5059274251.jpg,train,62.6370192308,0.6951616202948803,3.780646481179521
5059626281.jpg,train,52.3652173913,0.5735689176687101,3.2942756706748404
5060000840.jpg,train,75.25,0.8444680851062762,4.377872340425105
5060158839.jpg,train,54.1330275229,0.5944954128435462,3.377981651374185
5060270217.jpg,train,59.2478448276,0.6550421863537184,3.6201687454148734
5062026548.jpg,val,38.5592105263,0.4101399776033589,2.640559910413436
5062110567.jpg,test,48.6184210526,0.5292161254195025,3.11686450167801
5062330348.jpg,train,68.2195652174,0.7612451433857634,4.044980573543054
5063711541.jpg,train,55.5609243697,0.6113981762911567,3.4455927051646267
5064165053.jpg,train,76.2205882353,0.8559574468084717,4.423829787233887
5064176245.jpg,test,75.1756756757,0.8435882691203654,4.374353076481462
5064264405.jpg,train,58.9597457627,0.6516318067073206,3.6065272268292814
5064418031.jpg,train,37.2853982301,0.3950611937489242,2.580244774995697
5064515429.jpg,train,57.5178571429,0.6345634153085302,3.538253661234121
5064578225.jpg,train,67.0,0.7468085106382067,3.987234042552827
5064823395.jpg,train,41.2660550459,0.4421823150500696,2.7687292602002787
5065354809.jpg,val,67.7795275591,0.7560361869664296,4.024144747865718
5066476555.jpg,train,75.5296610169,0.8477785791554594,4.391114316621838
5067206886.jpg,train,32.9103773585,0.3432717784023329,2.373087113609332
5068225832.jpg,train,54.5036764706,0.5988829787234758,3.3955319148939034
5069309990.jpg,train,22.7828947368,0.2233874580062127,1.893549832024851
5070455487.jpg,train,68.849137931,0.7686977256047797,4.074790902419119
5071049710.jpg,train,51.0546218487,0.558054711245672,3.232218844982688
5071912841.jpg,train,64.2739130435,0.7145383903794498,3.858153561517799
5073500906.jpg,test,58.825,0.6500367504834833,3.600147001933933
5073566975.jpg,train,60.0301724138,0.6643030080704365,3.657212032281746
5073919092.jpg,train,47.1852678571,0.512251139817068,3.049004559268272
5074508109.jpg,train,55.6,0.6118607350096015,3.447442940038406
507507455.jpg,train,72.15625,0.8078457446807502,4.231382978723001
5075275205.jpg,test,76.00625,0.8534202127658492,4.413680851063397
5076506.jpg,train,73.3088235294,0.8214893617018854,4.285957446807542
5077869968.jpg,test,42.8289473684,0.4606830907051923,2.8427323628207697
5078692396.jpg,train,66.10625,0.7362287234041659,3.944914893616664
5078922181.jpg,val,56.171875,0.6186303191488655,3.474521276595462
5079448176.jpg,test,68.8177966102,0.7683267219620409,4.073306887848164
5081374671.jpg,train,44.0752212389,0.4754358877795807,2.9017435511183227
5081637571.jpg,val,50.9852941176,0.5572340425525735,3.228936170210294
5082407583.jpg,test,56.6592465753,0.6243995919551237,3.497598367820495
5082552221.jpg,train,36.5603448276,0.3864783565665271,2.5459134262661083
5083127743.jpg,train,73.975,0.8293752417793927,4.317500967117571
5083763203.jpg,val,42.7610619469,0.4598794953868559,2.839517981547424
5086754457.jpg,train,67.0778301887,0.7477298273787173,3.990919309514869
5090001239.jpg,train,59.1216216216,0.6535480161008753,3.614192064403501
5090174589.jpg,test,30.49375,0.314664893616999,2.258659574467996
5090549164.jpg,test,66.3599137931,0.739231474688057,3.956925898752228
5090550218.jpg,train,64.4955357143,0.7171618541034261,3.868647416413705
5090803058.jpg,test,54.3303571429,0.5968313069913215,3.387325227965286
5091406011.jpg,train,69.4527027027,0.7758424381827359,4.103369752730943
5091924028.jpg,val,25.8308823529,0.2594680851058821,2.0378723404235286
5092945872.jpg,val,28.775,0.2943191489361512,2.1772765957446047
5094262203.jpg,test,68.7331932773,0.7673252279633022,4.069300911853208
5094631896.jpg,train,57.9931192661,0.640189342182773,3.560757368731092
5095300668.jpg,train,76.0961538462,0.8544844517189323,4.417937806875729
5095808820.jpg,train,35.8025210084,0.3775075987841224,2.5100303951364897
5096803300.jpg,train,69.6052631579,0.7776483762597646,4.110593505039058
5097068931.jpg,test,82.7361111111,0.9330851063827263,4.732340425530905
5097561600.jpg,train,72.5705128205,0.8127495908344438,4.250998363337775
5097621606.jpg,val,62.2316513761,0.6903630685139062,3.7614522740556247
5098218882.jpg,train,39.0934782609,0.4164643848291839,2.665857539316736
5098219464.jpg,train,39.0609243697,0.4160790273550175,2.6643161094200702
5099738809.jpg,train,67.0778301887,0.7477298273787173,3.990919309514869
5101081807.jpg,train,72.6766055046,0.814005465547581,4.256021862190324
5101108569.jpg,test,45.1195652174,0.4877983348751686,2.951193339500674
5103528737.jpg,test,33.1897321429,0.3465786474168933,2.386314589667573
5104334034.jpg,train,68.375,0.763085106382885,4.05234042553154
5105331099.jpg,val,15.8058035714,0.1407959726440441,1.5631838905761763
5106008666.jpg,train,66.5330188679,0.7412806101963275,3.96512244078531
510686957.jpg,train,58.1607142857,0.6421732522793917,3.568693009117567
5107410477.jpg,train,56.1631355932,0.6185268662095695,3.474107464838278
5107763844.jpg,val,65.3823529412,0.7276595744682754,3.910638297873102
5113314470.jpg,train,55.75,0.6136363636362937,3.454545454545175
5114869072.jpg,train,74.5133928571,0.8357484802425484,4.342993920970194
5115371206.jpg,test,57.3119266055,0.6321257075930798,3.52850283037232
5115968572.jpg,train,62.6956521739,0.6958556891764508,3.783422756705803
5116959473.jpg,train,82.8370535714,0.9342800151971092,4.7371200607884365
5117589590.jpg,val,69.5108695652,0.776530989823935,4.10612395929574
5118376207.jpg,val,65.05,0.7237253384912085,3.894901353964834
5118419705.jpg,train,56.222972973,0.6192351926396971,3.4769407705587883
5119374431.jpg,train,49.825,0.5434990328819529,3.173996131527812
5119867805.jpg,train,48.36875,0.5262606382978163,3.1050425531912653
5120849681.jpg,test,35.9642857143,0.3794224924013522,2.517689969605409
5121229620.jpg,train,43.5413043478,0.4691156336721697,2.876462534688679
5121622263.jpg,train,71.6144067797,0.8014316624597919,4.205726649839168
5122027937.jpg,train,67.3716216216,0.7512075905689448,4.004830362275779
5122879673.jpg,train,54.0357142857,0.593343465045357,3.373373860181428
5124180488.jpg,train,82.7567567568,0.9333294997128696,4.7333179988514775
5124446081.jpg,val,64.0882352941,0.7123404255316204,3.8493617021264814
5125398207.jpg,train,67.2989130435,0.7503469010177418,4.001387604070967
5125486524.jpg,train,42.1806722689,0.4530091185408995,2.812036474163598
5128049833.jpg,train,50.2884615385,0.5489852700494955,3.195941080197982
5128108683.jpg,train,69.85,0.780545454545358,4.122181818181431
5128756378.jpg,train,80.1029411765,0.9019148936172536,4.607659574469015
5129080312.jpg,train,27.8304347826,0.2831378353375302,2.132551341350121
5129172.jpg,test,18.5399159664,0.1731610942250834,1.6926443769003336
5129204001.jpg,train,54.9655963303,0.604350966230949,3.417403864923796
5129872416.jpg,train,67.2171052632,0.7493784994404964,3.9975139977619856
5130720224.jpg,val,73.6458333333,0.825478723403757,4.301914893615028
5130906829.jpg,train,61.3783185841,0.6802617209567705,3.721046883827082
513128907.jpg,train,80.4495798319,0.9060182370815624,4.6240729483262495
5131861392.jpg,train,64.525,0.7175106382977859,3.870042553191144
5132091056.jpg,val,41.0088495575,0.4391376388624337,2.756550555449735
5133576528.jpg,train,39.6037735849,0.4225050180649276,2.6900200722597103
5134748445.jpg,train,64.7627118644,0.720324558240006,3.881298232960024
5135451445.jpg,train,52.8072033898,0.5788009376122683,3.315203750449073
5135908583.jpg,train,25.9579831933,0.2609726443771545,2.043890577508618
5135958105.jpg,test,47.6995412844,0.5183388639468078,3.073355455787232
5136366226.jpg,train,70.9897540984,0.7940373212420831,4.176149284968332
5137221601.jpg,test,42.5320512821,0.457168576105278,2.828674304421112
513723164.jpg,val,56.1216814159,0.6180361513835038,3.472144605534015
5137508075.jpg,train,60.775,0.6731199226304815,3.692479690521926
5137971670.jpg,train,32.7086956522,0.3408843663277569,2.363537465311028
5138080527.jpg,train,64.7121848739,0.7197264437683232,3.8789057750732927
5138115166.jpg,train,58.3644859813,0.6445854046528381,3.5783416186113524
5138308179.jpg,train,40.9473684211,0.438409854423811,2.753639417695244
5139553196.jpg,train,72.8728813559,0.816328885682892,4.265315542731567
5140426630.jpg,train,32.8214285714,0.3422188449844375,2.36887537993775
5140673192.jpg,test,57.561440678,0.6350793364590368,3.540317345836147
5141696799.jpg,train,71.9345794393,0.8052217140589246,4.2208868562356985
5142063764.jpg,test,40.8181818182,0.4368806048885153,2.7475224195540613
5142391146.jpg,train,48.4894957983,0.5276899696045781,3.1107598784183126
5143292163.jpg,train,60.7331730769,0.6726247954169962,3.6904991816679846
51433626.jpg,train,40.8181818182,0.4368806048885153,2.7475224195540613
5143740294.jpg,train,58.6782608696,0.6482997224795223,3.593198889918089
5144117619.jpg,train,42.8846153846,0.4613420621928982,2.845368248771593
5144938786.jpg,train,73.5707964602,0.8245904726041982,4.298361890416793
514498047.jpg,test,56.2455357143,0.6195022796353565,3.478009118541426
5146023515.jpg,train,68.375,0.763085106382885,4.05234042553154
5146611755.jpg,test,48.6495327103,0.5295844104197422,3.118337641678969
5147986874.jpg,train,70.4779411765,0.7879787234045057,4.151914893618023
5149778996.jpg,train,51.1239495798,0.5588753799387705,3.235501519755082
5149825714.jpg,train,62.3274336283,0.691496893240142,3.765987572960568
5150554440.jpg,train,48.4557522124,0.5272905290906362,3.109162116362545
5150999709.jpg,test,41.5567226891,0.4456231003041966,2.7824924012167864
5153880006.jpg,test,74.9357142857,0.8407477203644664,4.362990881457866
5153889058.jpg,train,65.3076923077,0.7267757774140783,3.907103109656313
5155188582.jpg,train,55.7224770642,0.6133105602183131,3.4532422408732524
5156974621.jpg,train,33.8443396226,0.3543275792849076,2.41731031713963
5157059497.jpg,test,61.8961864407,0.686391994230255,3.74556797692102
5158391010.jpg,train,60.5022123894,0.6698907926945594,3.6795631707782377
5158556376.jpg,train,67.4459459459,0.7520874065548557,4.008349626219423
5158846580.jpg,train,38.0048543689,0.4035777731869422,2.614311092747769
5158869275.jpg,train,50.9729299363,0.5570876812574942,3.2283507250299768
5159845899.jpg,train,64.225,0.7139593810444014,3.8558375241776055
5162032167.jpg,train,48.1959459459,0.5242150661293602,3.096860264517441
5164262533.jpg,test,64.3716814159,0.7156957258515734,3.8627829034062935
5165838001.jpg,val,71.7243589744,0.8027332242229716,4.210932896891887
5166185394.jpg,test,62.8,0.6970909090908258,3.7883636363633033
5166352802.jpg,test,53.8392857143,0.5910182370821696,3.3640729483286784
5166736586.jpg,test,79.2692307692,0.8920458265134331,4.568183306053733
5167059215.jpg,test,75.7798165138,0.8507398008982597,4.402959203593039
516784418.jpg,train,73.031512605,0.8182066869294913,4.272826747717965
5168340748.jpg,train,64.343220339,0.7153588171656392,3.861435268662557
5168834860.jpg,train,86.3205128205,0.9755155482812264,4.902062193124905
5170784567.jpg,train,47.0263157895,0.5103695408737183,3.0414781634948733
5170785709.jpg,test,65.5212264151,0.7293034925732425,3.91721397029297
5170858607.jpg,val,65.3794642857,0.7276253799389525,3.91050151975581
5170894682.jpg,train,59.9911504425,0.6638410845417015,3.655364338166806
5172023888.jpg,train,60.6081081081,0.6711443358250118,3.684577343300047
5172112194.jpg,train,39.0019685039,0.4153811358681783,2.661524543472713
5172565267.jpg,test,41.6858974359,0.4471522094926219,2.788608837970488
5172812012.jpg,test,56.61875,0.6239202127658858,3.495680851063544
5173344304.jpg,train,62.7710084034,0.6967477203651161,3.786990881460465
517369320.jpg,val,60.0,0.663945841392572,3.655783365570288
5174677992.jpg,train,47.8456521739,0.5200684551339256,3.0802738205357025
5174701484.jpg,train,56.171875,0.6186303191488655,3.474521276595462
5175429795.jpg,val,74.7958715596,0.8390923287131475,4.35636931485259
5176288733.jpg,train,73.45,0.8231605415859702,4.292642166343881
5176681750.jpg,test,67.1386554622,0.7484498480244038,3.993799392097616
5177150402.jpg,train,41.6029411765,0.4461702127662624,2.7846808510650494
517716589.jpg,train,80.3538135593,0.904884601514228,4.619538406056911
5177309012.jpg,train,66.175,0.7370425531913997,3.948170212765599
5177662225.jpg,train,66.1538461538,0.7367921440255507,3.947168576102203
5179986164.jpg,test,50.9805825243,0.5571782689529681,3.2287130758118723
5180032640.jpg,train,68.2,0.7610135396517441,4.0440541586069765
5180679952.jpg,train,58.536637931,0.6466232575196927,3.586493030078771
518080817.jpg,train,61.722972973,0.68434157561841,3.73736630247364
5182390374.jpg,train,50.0540540541,0.5462104657854185,3.184841863141674
5183223776.jpg,test,69.3771186441,0.7749477100615909,4.099790840246364
5183838812.jpg,train,42.3886554622,0.455471124620195,2.82188449848078
5184506144.jpg,test,81.5588235294,0.9191489361699549,4.676595744679819
5184701000.jpg,val,24.5304347826,0.2440740055503023,1.9762960222012087
5185255513.jpg,test,72.8125,0.8156141199225284,4.262456479690114
5186117445.jpg,train,28.7601351351,0.2941431857384955,2.176572742953982
5186392915.jpg,train,41.5688073394,0.4457661526443049,2.78306461057722
5187199880.jpg,train,64.3456521739,0.7153876040700647,3.861550416280259
5188165911.jpg,train,76.1184210526,0.8547480403130676,4.418992161252271
518876891.jpg,train,33.237394958,0.3471428571430286,2.3885714285721145
5189289022.jpg,test,77.3486842105,0.8693113101899473,4.477245240759789
5189402195.jpg,train,50.5,0.5514893617020676,3.2059574468082706
5189469288.jpg,train,32.531779661,0.3387901190044613,2.3551604760178453
5189916555.jpg,train,50.875,0.555928433268798,3.223713733075192
5190438831.jpg,train,59.9978991597,0.6639209726447266,3.6556838905789055
5190675640.jpg,train,68.8177966102,0.7683267219620409,4.073306887848164
5191833722.jpg,train,33.5373831776,0.3506939749456431,2.402775899782573
5192051586.jpg,train,54.2888888889,0.5963404255319792,3.3853617021279168
5192151844.jpg,train,71.5833333333,0.8010638297867397,4.204255319146959
5192516842.jpg,train,47.5796460177,0.5169196008284251,3.067678403313701
5193757906.jpg,test,59.575,0.6589148936169441,3.635659574467776
5193876375.jpg,train,38.7650862069,0.4125770359501129,2.650308143800452
5195185160.jpg,train,69.4444444444,0.775744680850442,4.102978723401768
5195283750.jpg,train,66.9191176471,0.7458510638301836,3.983404255320736
5195745450.jpg,test,56.4036697248,0.6213741948080062,3.4854967792320246
5196364865.jpg,train,70.0663716814,0.7831067595553537,4.132427038221415
5197308883.jpg,val,69.3072033898,0.7741200865484074,4.09648034619363
5197338148.jpg,train,72.6571428571,0.8137750759872328,4.255100303948931
5197644731.jpg,test,56.570754717,0.6233520674429459,3.493408269771784
5197869977.jpg,train,21.2844036697,0.2056490337689777,1.8225961350759108
5198260109.jpg,train,59.5138888889,0.6581914893617565,3.632765957447026
5198400630.jpg,train,58.4326923077,0.6453927986906871,3.5815711947627484
5199036142.jpg,train,31.04375,0.3211755319148703,2.284702127659481
5200236444.jpg,train,65.7364864865,0.7318516388729867,3.9274065554919466
5200584536.jpg,train,46.1924778761,0.5004989644133562,3.0019958576534247
5202282320.jpg,train,76.8421052632,0.8633146696532442,4.453258678612977
5204128955.jpg,train,51.1292372881,0.5589379733136177,3.235751893254471
5204782737.jpg,train,48.2367256637,0.5246977970247876,3.0987911880991503
5204945276.jpg,train,70.3559322034,0.7865344392355079,4.146137756942032
5205048751.jpg,train,63.6282608696,0.7068954671603639,3.827581868641456
5205821036.jpg,train,42.1769911504,0.4529655432116539,2.811862172846616
5206995557.jpg,train,47.2297297297,0.5127774583089674,3.051109833235869
5209102120.jpg,train,71.5128205128,0.8002291325692157,4.200916530276863
5209744209.jpg,train,56.8511904762,0.6266717325228371,3.506686930091349
5209757780.jpg,test,58.1207627119,0.641700324558587,3.566801298234348
5209944633.jpg,train,36.9671052632,0.3912933930575747,2.565173572230299
5211888253.jpg,val,28.7775229358,0.294349014249683,2.1773960569987323
5212354067.jpg,train,37.1935483871,0.393973919011671,2.5758956760466845
5212639990.jpg,val,60.4908256881,0.6697560023426136,3.6790240093704543
5212871853.jpg,train,59.3289473684,0.6560022396413314,3.6240089585653257
5213032846.jpg,train,25.247826087,0.2525661424611868,2.010264569844748
5215794269.jpg,train,71.0093457944,0.7942692384171702,4.177076953668681
5215856083.jpg,train,71.0526315789,0.7947816349377503,4.179126539751001
5216419230.jpg,test,71.8310810811,0.8039965497413543,4.2159861989654175
5216478650.jpg,train,66.7027027027,0.7432892466933794,3.9731569867735175
5216870847.jpg,test,52.7434210526,0.5780459126535372,3.312183650614149
5216894561.jpg,train,59.5530973451,0.6586556204100041,3.634622481640017
5217550500.jpg,test,29.7193396226,0.3054977920508728,2.221991168203491
5217753146.jpg,train,59.5961538462,0.6591653027827932,3.6366612111311727
5217952997.jpg,train,66.0294117647,0.7353191489360112,3.941276595744045
5219241121.jpg,train,68.8877118644,0.7691543454740407,4.076617381896163
5219276400.jpg,train,58.4033613445,0.6450455927046446,3.5801823708185783
5219524859.jpg,train,46.3384955752,0.5022274524568607,3.008909809827443
5219577819.jpg,train,46.0066964286,0.4982997720367608,2.993199088147043
52196600.jpg,train,53.8970588235,0.5917021276591599,3.3668085106366394
5221875216.jpg,test,47.9830508475,0.5216949152546836,3.0867796610187344
5222301193.jpg,train,33.0375,0.3447765957446538,2.379106382978615
5222918882.jpg,train,74.76875,0.8387712765956388,4.355085106382555
5223615087.jpg,test,74.4676724138,0.8352072633895582,4.340829053558233
5224064761.jpg,train,71.6802884615,0.8022115384609831,4.208846153843933
5224316825.jpg,val,30.9158878505,0.3196619606287196,2.2786478425148786
5224440098.jpg,train,49.9889380531,0.5454396535492098,3.181758614196839
5225674723.jpg,train,70.5138888889,0.7884042553191827,4.15361702127673
5226685642.jpg,train,44.5540540541,0.4811040828067055,2.924416331226822
522689278.jpg,train,55.858974359,0.6149263502457326,3.4597054009829304
5227449110.jpg,train,74.9726890756,0.8411854103338822,4.364741641335529
5227846365.jpg,train,38.5919811321,0.4105279004418425,2.64211160176737
5228772358.jpg,train,67.7783018868,0.756021678040944,4.024086712163776
5229829828.jpg,train,53.5200892857,0.5872397416411026,3.3489589665644104
5230623311.jpg,train,30.8867924528,0.3193175431549789,2.277270172619916
5230942989.jpg,train,59.8648648649,0.6623461759635354,3.6493847038541416
523099326.jpg,train,67.0,0.7468085106382067,3.987234042552827
5231173987.jpg,train,28.626146789,0.2925570954519735,2.170228381807894
5231773522.jpg,train,22.3185840708,0.2178911692713587,1.8715646770854348
523281293.jpg,train,63.8157894737,0.7091153415454545,3.836461366181818
5233144595.jpg,train,75.472972973,0.8471075330651926,4.388430132260771
5233563523.jpg,train,67.8481308411,0.7568482799757912,4.027393119903165
5233564371.jpg,test,60.0897435897,0.6650081833054615,3.660032733221846
5233734612.jpg,train,57.65,0.6361276595743945,3.544510638297578
5235142622.jpg,train,55.0995575221,0.6059367350777881,3.4237469403111525
5235250770.jpg,train,65.8950892857,0.7337291033432068,3.9349164133728274
5235352004.jpg,val,42.6880530973,0.4590152513645117,2.836061005458047
5236193983.jpg,train,76.932038835,0.864379260483836,4.457517041935343
5236886996.jpg,test,73.0401785714,0.8183092705162767,4.273237082065107
5237114997.jpg,test,31.8508403361,0.330729483282242,2.322917933128968
5238246589.jpg,train,73.375,0.8222727272726241,4.289090909090497
5239610533.jpg,train,38.5069444444,0.4095212765951811,2.6380851063807245
5240635967.jpg,train,71.7142857143,0.802613981762987,4.210455927051948
5240740919.jpg,val,61.2544642857,0.6787955927049177,3.715182370819671
5241841036.jpg,test,77.51875,0.8713244680849953,4.485297872339981
5243003019.jpg,val,43.8580508475,0.4728651280206488,2.891460512082596
5243954323.jpg,train,49.4423076923,0.5389689034368395,3.155875613747358
524406040.jpg,train,38.4305555556,0.4086170212770846,2.634468085108338
5245617824.jpg,train,49.2663551402,0.536886060847184,3.147544243388736
5247748944.jpg,train,51.8865546218,0.5679027355616705,3.271610942246682
5248353672.jpg,train,40.3224299065,0.4310121296475026,2.7240485185900107
5248435224.jpg,train,58.825,0.6500367504834833,3.600147001933933
5248577035.jpg,train,43.8851351351,0.4731857389299563,2.892742955719825
5249052587.jpg,test,57.6313559322,0.6359069599710367,3.543627839884147
5250131819.jpg,train,38.0441176471,0.4040425531919402,2.616170212767761
5250684478.jpg,train,52.3,0.5727969052223737,3.291187620889495
5250708423.jpg,train,42.4133663366,0.4557636401933633,2.8230545607734534
5251074570.jpg,train,53.31875,0.584856382978658,3.339425531914632
5251948512.jpg,test,71.3860759494,0.7987287907355446,4.194915162942179
525227728.jpg,train,76.9978813559,0.8651586729169268,4.460634691667707
5252606224.jpg,test,63.3155339806,0.703193555050732,3.812774220202928
5253482286.jpg,train,58.5420168067,0.6466869300908415,3.586747720363366
5254421603.jpg,train,71.1961206897,0.7964801907561175,4.18592076302447
5254718076.jpg,train,41.1548672566,0.4408661269059382,2.7634645076237527
5255413716.jpg,train,58.5957943925,0.6473235235629807,3.589294094251923
52568944.jpg,val,29.0215517241,0.2972377109312996,2.1889508437251983
5257060848.jpg,train,43.9292035398,0.4737073997360761,2.8948295989443045
5257307362.jpg,train,44.2212389381,0.477164375824269,2.908657503297076
5257312652.jpg,train,78.9428571429,0.8881823708210622,4.552729483284249
5258392332.jpg,test,67.675,0.7547988394583215,4.019195357833286
5258646457.jpg,train,67.9407894737,0.7579451287794892,4.031780515117957
526016794.jpg,test,45.1703539823,0.4883995481076405,2.953598192430562
526020496.jpg,train,54.925,0.6038704061894867,3.415481624757947
5260460290.jpg,train,51.2366071429,0.5602089665657954,3.2408358662631818
5261084727.jpg,val,68.2411504425,0.761500659009771,4.046002636039084
5261188573.jpg,train,59.3289473684,0.6560022396413314,3.6240089585653257
5261364718.jpg,test,61.6527777778,0.6835106382980543,3.734042553192217
5263912639.jpg,train,23.1216814159,0.2273978535112256,1.9095914140449024
5265556048.jpg,train,70.4663865546,0.7878419452883976,4.15136778115359
526555735.jpg,test,50.1972477064,0.5479055241066484,3.1916220964265936
5266123407.jpg,val,74.0409482759,0.8301559060898531,4.3206236243594125
5266542779.jpg,test,64.502293578,0.7172418504783662,3.8689674019134648
5267121563.jpg,train,68.1092436975,0.7599392097265992,4.039756838906397
526762082.jpg,test,67.8319327731,0.756656534954205,4.02662613981682
5269040313.jpg,test,12.2433628319,0.0986254942577065,1.3945019770308262
5269333343.jpg,test,79.15,0.8906344294002728,4.562537717601091
5270171351.jpg,val,41.1041666667,0.4402659574471608,2.761063829788643
5270848965.jpg,train,67.515625,0.752912234042461,4.011648936169844
5271307677.jpg,train,54.755952381,0.6018693009123497,3.4074772036493988
5272496469.jpg,test,34.9491150442,0.3674053850493,2.4696215401972
5274473740.jpg,train,73.9216101695,0.8287432383699925,4.31497295347997
5274682163.jpg,train,28.8081896552,0.2947120322820389,2.178848129128156
5275524338.jpg,val,74.8680555556,0.8399468085110583,4.359787234044234
5276281329.jpg,train,54.0044247788,0.5929730747509121,3.3718922990036484
527633229.jpg,train,53.9059633028,0.5918075346481656,3.3672301385926624
5276579774.jpg,train,54.1982758621,0.5952677916363972,3.381071166545589
5276700957.jpg,test,42.1800847458,0.4530021637219982,2.812008654887993
5277411499.jpg,train,36.7991071429,0.3893047112466737,2.5572188449866946
5277615188.jpg,train,78.9858490566,0.8886912886389423,4.554765154555769
5277655082.jpg,train,47.425,0.515088974854878,3.060355899419512
5279252148.jpg,train,50.7946428571,0.5549772036468485,3.219908814587394
5279579302.jpg,train,19.0945378151,0.1797264437686878,1.7189057750747514
5286251169.jpg,train,62.1559633028,0.6894671091162351,3.757868436464941
5286481593.jpg,test,65.6004464286,0.7302412613984259,3.920965045593704
5286800940.jpg,train,59.3,0.6556595744680084,3.6226382978720335
5286915372.jpg,val,70.4137931034,0.7872193690382157,4.148877476152863
5288273177.jpg,test,58.3608490566,0.6445423524687685,3.578169409875074
5288290650.jpg,val,74.0818584071,0.830640180757056,4.322560723028224
528858440.jpg,test,36.5826086957,0.3867419056434556,2.5469676225738223
5289133619.jpg,train,52.0608108108,0.569965497412115,3.27986198964846
528938817.jpg,train,38.0909090909,0.4045964480392438,2.618385792156975
528982659.jpg,train,42.6919642857,0.4590615501517613,2.836246200607045
5289896585.jpg,train,75.0943396226,0.8426254516252553,4.3705018065010215
5290105717.jpg,train,17.3513513514,0.1590914318579677,1.6363657274318708
5290554591.jpg,train,67.3716216216,0.7512075905689448,4.004830362275779
5291504812.jpg,train,60.2364864865,0.6667452558942736,3.6669810235770943
5292219744.jpg,val,29.9115044248,0.3077725475430659,2.231090190172264
5292802931.jpg,test,40.4077669903,0.4320223094402607,2.7280892377610426
5293191802.jpg,train,65.0848214286,0.7241375379941716,3.8965501519766863
5293214322.jpg,test,72.0609243697,0.8067173252272959,4.226869300909184
5293957533.jpg,train,64.018907563,0.7115197568385218,3.846079027354087
5294012475.jpg,train,74.6099137931,0.8368910491561267,4.347564196624507
5294769560.jpg,train,71.4318181818,0.7992702655175329,4.197081062070131
5296875210.jpg,train,69.0105042017,0.7706079027356961,4.082431610942784
5297588508.jpg,test,53.1283185841,0.5826021464887009,3.330408585954804
5298103951.jpg,test,40.9121621622,0.4379930994828671,2.7519723979314685
5298580335.jpg,train,47.1074766355,0.511330284350546,3.045321137402184
5298734322.jpg,val,64.9779411765,0.7228723404257926,3.8914893617031705
5300293470.jpg,val,57.0848623853,0.6294378293965155,3.517751317586062
5300926101.jpg,train,59.5675675676,0.6588269120187081,3.635307648074833
5301312418.jpg,train,51.4662162162,0.5629269695224604,3.2517078780898414
5302119756.jpg,train,72.8407079646,0.8159480323854916,4.263792129541967
5304364574.jpg,train,62.5855263158,0.6945520716685748,3.778208286674299
5305142351.jpg,test,71.9646017699,0.8055771041232805,4.222308416493123
5305438208.jpg,test,45.8855932203,0.4968662098804825,2.9874648395219303
5306390584.jpg,train,61.6486486486,0.6834617596313155,3.733847038525262
5306558367.jpg,train,41.6207627119,0.446381175622448,2.785524702489792
53065971.jpg,train,23.5826271186,0.232854309411658,1.9314172376466323
5306806108.jpg,val,69.7731092437,0.7796352583585962,4.118541033434385
5306814937.jpg,train,74.5199115044,0.8358256448875697,4.343302579550279
5306909990.jpg,train,8.29807692308,0.0519230769231329,1.2076923076925317
5308397567.jpg,train,74.0389908257,0.8301327347257833,4.320530938903133
5308844734.jpg,test,74.8816964286,0.8401082826750041,4.360433130700017
5309326426.jpg,val,71.0884955752,0.7952061758610693,4.180824703444277
5309442831.jpg,test,73.5131578947,0.8239081746915097,4.295632698766038
5309538408.jpg,test,57.7094594595,0.6368315123638335,3.547326049455334
5310130081.jpg,train,74.734375,0.8383643617020219,4.353457446808088
5310307882.jpg,train,53.0733944954,0.581951981260763,3.327807925043052
5311906994.jpg,train,69.1361607143,0.7720953647417153,4.088381458966861
5312388504.jpg,test,68.7633587786,0.7676823128142807,4.070729251257123
5314378959.jpg,val,23.8684210526,0.2362374020152939,1.944949608061176
531477784.jpg,train,13.1323529412,0.1091489361705017,1.436595744682007
5314923965.jpg,val,49.7289719626,0.5423622986674694,3.1694491946698777
5314968272.jpg,train,63.4955752212,0.7053247975893623,3.821299190357449
5315386438.jpg,train,50.4300847458,0.5506617381900678,3.2026469527602712
5316693478.jpg,train,58.3157894737,0.6440089585667415,3.576035834266966
5317045814.jpg,test,66.621559633,0.7423287136439328,3.9693148545757313
5318008559.jpg,train,54.5210084034,0.5990881458970465,3.396352583588186
5318152871.jpg,train,50.0240384615,0.5458551554823006,3.1834206219292023
5318520232.jpg,train,47.4563106796,0.5154596157816711,3.0618384631266844
531889120.jpg,train,69.1673728814,0.7724648395244076,4.08985935809763
5320165275.jpg,val,70.796460177,0.7917491997740603,4.166996799096241
5320512069.jpg,test,46.6594827586,0.5060271460011696,3.0241085840046784
5320573901.jpg,train,31.7121848739,0.329088145896045,2.3163525835841803
5321706893.jpg,train,57.1419491525,0.6301135953834863,3.5204543815339453
5323028515.jpg,train,50.29375,0.5490478723403659,3.196191489361464
5323106663.jpg,val,54.4456521739,0.5981961147083813,3.392784458833525
5323234112.jpg,train,51.5760869565,0.5642275670672107,3.2569102682688427
5324909950.jpg,train,69.0986842105,0.7716517357218777,4.086606942887511
5325140020.jpg,train,53.2037815126,0.5834954407293584,3.3339817629174338
5325398566.jpg,train,57.281779661,0.6317688424086699,3.52707536963468
5326008096.jpg,test,64.5970873786,0.7183639743848882,3.8734558975395528
5327737580.jpg,test,52.3982300885,0.5739597062699944,3.295838825079977
5328075993.jpg,test,66.4054054054,0.7397699827485521,3.959079930994208
5328147958.jpg,train,45.7652173913,0.4954412580942545,2.9817650323770177
5328853523.jpg,train,58.6818181818,0.6483418322486981,3.5933673289947925
5329486988.jpg,train,70.7566964286,0.7912784954409694,4.165113981763877
5329734345.jpg,train,61.5743243243,0.6825819436454046,3.7303277745816175
5333075930.jpg,train,70.975,0.7938626692455493,4.175450676982197
5333965568.jpg,train,78.2291666667,0.8797340425534736,4.518936170213895
5334294455.jpg,train,68.2195652174,0.7612451433857634,4.044980573543054
5335866018.jpg,train,58.1331775701,0.6418472857426955,3.567389142970782
5337216786.jpg,train,66.806640625,0.7445196143616113,3.978078457446445
5337507620.jpg,val,63.2433035714,0.702338525835444,3.809354103341776
5338193826.jpg,val,54.1418918919,0.594600345025906,3.378401380103624
5339188116.jpg,train,68.3258928571,0.7625037993914963,4.050015197565985
5341341783.jpg,train,28.7700892857,0.2942610182368939,2.1770440729475755
5341393819.jpg,train,71.575,0.8009651837523181,4.203860735009272
5342778275.jpg,test,55.4646017699,0.6102579551871414,3.4410318207485657
5342791481.jpg,train,33.2431192661,0.3472106187785644,2.3888424751142576
5343739846.jpg,test,46.16875,0.5002180851063311,3.0008723404253246
5344616817.jpg,val,58.5384615385,0.646644844517565,3.58657937807026
5346690387.jpg,val,51.9864864865,0.5690856814262041,3.2763427257048163
5347056182.jpg,train,17.7270642202,0.1635389420263538,1.654155768105415
5347293716.jpg,train,63.5183486239,0.7055943782944377,3.822377513177751
5348237812.jpg,train,38.0135135135,0.4036802760205051,2.6147211040820206
5349969174.jpg,train,36.025,0.3801411992262728,2.5205647969050915
5350540236.jpg,train,69.3571428571,0.774711246200005,4.09884498480002
5352670374.jpg,test,66.691588785,0.7431576854238938,3.9726307416955753
5352866440.jpg,train,79.3050847458,0.8924702488283112,4.569880995313245
5353332977.jpg,train,40.2236842105,0.4298432250836343,2.719372900334537
5353881693.jpg,train,55.65625,0.6125265957446111,3.4501063829784444
5354068609.jpg,val,62.9142857143,0.6984437689970461,3.793775075988184
5354173860.jpg,train,75.3139534884,0.8452251360714754,4.380900544285902
535434144.jpg,train,74.35,0.8338143133461231,4.335257253384492
5354698.jpg,train,77.7045454545,0.873523826269792,4.494095305079168
5354741393.jpg,train,59.2847222222,0.6554787234039157,3.621914893615663
535787632.jpg,test,38.5995575221,0.410617586141649,2.642470344566596
5358352176.jpg,test,40.6605504587,0.4350146398592312,2.7400585594369247
5358640896.jpg,test,68.275,0.7619013539650903,4.047605415860361
5359127660.jpg,test,67.7891304348,0.7561498612397062,4.024599444958825
5359274053.jpg,train,28.0572033898,0.2858222142080597,2.143288856832239
5359786621.jpg,train,71.5919811321,0.8011661983141207,4.204664793256483
5360175600.jpg,test,75.6183035714,0.8488278875375483,4.395311550150193
5360940013.jpg,train,35.0668103448,0.3687986060157833,2.475194424063133
5361947887.jpg,train,62.9121621622,0.6984186313977192,3.793674525590877
5362095529.jpg,test,75.3986486486,0.8462277170780981,4.384910868312392
5362140571.jpg,train,21.1330275229,0.2038571149712681,1.8154284598850725
5362664790.jpg,train,61.9174107143,0.6866432370821544,3.7465729483286174
5363058682.jpg,train,20.2991071429,0.1939855623105346,1.7759422492421386
5363150332.jpg,test,55.203271028,0.6071644462114592,3.4286577848458366
5363442288.jpg,train,73.8221153846,0.827565466448159,4.310261865792636
5363486044.jpg,train,55.7299107143,0.6133985562311022,3.4535942249244087
5364140480.jpg,train,61.4513274336,0.6811259649779309,3.724503859911724
5364427287.jpg,test,69.2564102564,0.7735188216037112,4.094075286414845
5365003071.jpg,test,67.20625,0.7492499999999084,3.9969999999996335
5365082886.jpg,train,67.7208737864,0.7553418715139656,4.021367486055862
5367389511.jpg,val,58.8973214286,0.6508928571431195,3.603571428572478
5369434001.jpg,train,16.984375,0.1547473404255351,1.6189893617021405
5370538873.jpg,test,50.1381578947,0.5472060470319793,3.188824188127917
5370637046.jpg,train,68.9151785714,0.7694794832822418,4.077917933128967
5370690667.jpg,train,66.7920168067,0.7443465045589112,3.9773860182356446
537074410.jpg,train,39.2146226415,0.4178984343635589,2.671593737454236
5371908851.jpg,test,66.2699115044,0.7381660704195001,3.952664281678
537232636.jpg,test,40.2960526316,0.4306998880181255,2.722799552072502
5375536055.jpg,test,67.9871794872,0.7584942716859108,4.033977086743644
5376223041.jpg,test,68.0405405405,0.7591259344445104,4.036503737778041
5376228237.jpg,train,31.8360655738,0.3305545866762924,2.32221834670517
5377492041.jpg,train,58.6113445378,0.6475075987839402,3.5900303951357606
5378235552.jpg,val,67.8461538462,0.7568248772508627,4.02729950900345
5378725814.jpg,val,57.3628318584,0.6327282997550682,3.5309131990202727
5378902324.jpg,train,73.125,0.8193133462281371,4.277253384912548
5379331695.jpg,train,58.825,0.6500367504834833,3.600147001933933
5380064296.jpg,train,53.25,0.5840425531914242,3.3361702127656967
5382638405.jpg,test,44.858974359,0.4847135842883065,2.9388543371532263
5382913872.jpg,train,39.6673913043,0.423258094356471,2.693032377425884
5384624254.jpg,train,67.5593220339,0.7534294987377569,4.013717994951028
5384977865.jpg,train,51.11875,0.5588138297871728,3.235255319148691
5385663967.jpg,train,68.4009433962,0.7633922119626606,4.053568847850642
5385761239.jpg,train,48.9862385321,0.5335701737261556,3.1342806949046222
5386032677.jpg,train,47.9830508475,0.5216949152546836,3.0867796610187344
5387093344.jpg,train,60.5915178571,0.6709479483276811,3.683791793310725
5391319632.jpg,train,34.8761061947,0.3665411410281396,2.4661645641125585
5393136028.jpg,train,55.140625,0.6064228723403567,3.425691489361427
539361542.jpg,train,74.1831896552,0.8318396918564214,4.327358767425686
5394502414.jpg,val,46.3349514563,0.5021854988636925,3.00874199545477
5394508968.jpg,train,67.1571428571,0.7486686930085197,3.994674772034079
5394548782.jpg,train,46.890625,0.5087632978722871,3.0350531914891485
539524376.jpg,train,38.0864485981,0.4045436468478782,2.618174587391513
5395790450.jpg,train,32.8676470588,0.3427659574465033,2.371063829786013
5395880951.jpg,train,43.7058823529,0.4710638297866993,2.884255319146797
5396644364.jpg,train,73.798,0.827279999999896,4.309119999999584
5397802120.jpg,train,71.5337837838,0.800477285796527,4.201909143186108
5398457925.jpg,train,39.325,0.4192050290135007,2.676820116054003
5398576953.jpg,train,68.1148648649,0.760005750431605,4.04002300172642
5398610144.jpg,train,56.1037735849,0.6178241670010667,3.4712966680042667
5399180378.jpg,val,69.8589108911,0.7806509374342012,4.122603749736805
5399186343.jpg,train,60.0672268908,0.6647416413378252,3.658966565351301
5399327452.jpg,test,63.325,0.7033056092842485,3.813222437136994
5399475116.jpg,train,72.671875,0.8139494680850046,4.255797872340018
5400709579.jpg,train,69.2570754717,0.7735266961059085,4.094106784423634
5401046644.jpg,train,52.6902654867,0.5774166823570035,3.309666729428014
540261908.jpg,train,52.4275700935,0.574307019288563,3.297228077154252
5402750878.jpg,train,34.8389830508,0.366101694914662,2.464406779658648
5402777838.jpg,train,30.7297297297,0.3174583093728284,2.269833237491313
5403603296.jpg,train,74.4174311927,0.8346125317200572,4.338450126880229
5404092797.jpg,train,70.0581896552,0.7830099046223866,4.1320396184895465
5406869186.jpg,train,55.4660194175,0.6102747366248822,3.4410989464995287
5407049859.jpg,train,72.6486486486,0.8136745255887415,4.254698102354967
5407907045.jpg,test,48.1637168142,0.5238335530036271,3.0953342120145084
5407931669.jpg,test,73.6308411215,0.8253012527340936,4.301205010936375
5408161730.jpg,train,31.8326271186,0.3305138838797276,2.3220555355189108
5408602889.jpg,train,70.1730769231,0.7843698854338912,4.137479541735565
5409637634.jpg,train,66.7079646018,0.7433515345511976,3.973406138204792
5409793551.jpg,train,62.9150485437,0.6984527990085123,3.793811196034049
5409841653.jpg,train,69.6125,0.7777340425530953,4.110936170212382
5409949181.jpg,train,69.7037815126,0.7788145896654975,4.11525835866199
5411857475.jpg,val,58.0428571429,0.6407781155019527,3.563112462007811
5412162988.jpg,train,75.0402542373,0.8419852145690929,4.367940858276372
5413723205.jpg,train,76.7831858407,0.8626172095648498,4.450468838259399
5414089487.jpg,test,80.4146341463,0.9056045666833574,4.62241826673343
5414221487.jpg,train,72.775,0.8151702127658554,4.260680851063421
5414222209.jpg,test,77.9740566038,0.8767141710158571,4.506856684063429
5416465084.jpg,train,52.0590551181,0.5699447143573296,3.2797788574293185
5416851305.jpg,train,46.825,0.5079864603481093,3.0319458413924374
5417875149.jpg,val,39.0540540541,0.4159976998279925,2.66399079931197
5418130754.jpg,train,21.3130252101,0.2059878419454728,1.823951367781892
5419570020.jpg,test,66.7053571429,0.7433206686934258,3.9732826747737033
5419962760.jpg,train,69.7991071429,0.7799430091189519,4.119772036475808
5420001635.jpg,train,79.6594827586,0.8966654438734479,4.586661775493791
5420375203.jpg,test,74.2382075472,0.8324909674831912,4.329963869932765
5421015027.jpg,train,66.0294117647,0.7353191489360112,3.941276595744045
5421157000.jpg,train,52.3415178571,0.5732883738596115,3.293153495438446
5421731776.jpg,train,56.3728813559,0.6210097367467529,3.4840389469870114
5422446412.jpg,train,78.5647321429,0.8837063069912758,4.534825227965103
5422890420.jpg,train,51.3030973451,0.5609960459419345,3.243984183767738
5423246371.jpg,val,68.3107476636,0.7623245177972603,4.049298071189041
5423639636.jpg,train,62.5423387097,0.6940408373371784,3.7761633493487134
5423986833.jpg,train,49.75,0.5426112185686067,3.170444874274427
5424903451.jpg,test,68.5218446602,0.7648233835984051,4.05929353439362
5426014939.jpg,train,50.7291666667,0.5542021276599086,3.2168085106396345
5426100555.jpg,train,55.3574766355,0.6089898588186154,3.435959435274462
5427956048.jpg,train,63.9152173913,0.7102923219240075,3.84116928769603
5430352868.jpg,test,71.0884955752,0.7952061758610693,4.180824703444277
5430572465.jpg,test,69.9203539823,0.7813782715118491,4.1255130860473965
5431342278.jpg,train,29.8050847458,0.3065128020198939,2.226051208079576
5432792987.jpg,train,32.2219827586,0.335122890682048,2.340491562728192
5433364879.jpg,test,30.256302521,0.3118541033433437,2.247416413373375
5433512452.jpg,val,61.5231092437,0.6819756838905265,3.727902735562106
5434458853.jpg,train,67.0,0.7468085106382067,3.987234042552827
5434982423.jpg,test,38.0684931507,0.4043310988051549,2.61732439522062
5435410945.jpg,train,76.75,0.862224371373198,4.448897485492791
5436025882.jpg,train,65.0256410256,0.7234369885427984,3.8937479541711935
5436078668.jpg,train,78.2563559322,0.8800558961412106,4.520223584564842
5436442410.jpg,test,70.0394736842,0.7827883538631604,4.1311534154526415
5437097825.jpg,train,69.4591346154,0.7759185761048326,4.1036743044193305
5437565452.jpg,test,62.7635135135,0.6966589994247138,3.786635997698855
5437634548.jpg,train,57.9324324324,0.6394709603215661,3.557883841286265
5438123525.jpg,val,41.2543103448,0.4420432868668354,2.768173147467342
5438275650.jpg,train,63.1394230769,0.7011088379701831,3.804435351880732
5438289269.jpg,train,56.425,0.6216266924564084,3.486506769825634
5441628490.jpg,train,78.0504587156,0.8776185828615359,4.510474331446144
5442770752.jpg,train,50.4243119266,0.5505934023032127,3.202373609212851
5443109303.jpg,train,57.1419491525,0.6301135953834863,3.5204543815339453
5443343893.jpg,val,59.265625,0.6552526595743915,3.621010638297566
5443561588.jpg,train,42.1763392857,0.4529578267475069,2.811831306990028
5443888755.jpg,train,56.3029661017,0.620182113234753,3.480728452939012
5444850191.jpg,val,67.233490566,0.7495724608585544,3.998289843434218
5445781988.jpg,train,76.1599264706,0.8552393617021584,4.420957446808634
5445842177.jpg,train,63.2837837838,0.7028177113284574,3.8112708453138295
5446222117.jpg,train,72.2629310345,0.8091085840059724,4.23643433602389
5446650089.jpg,train,60.7935779817,0.6733398399380327,3.693359359752131
5447010296.jpg,train,56.8276699029,0.6263933071677191,3.5055732286708765
5447287552.jpg,train,70.4441747573,0.7875790126008231,4.150316050403292
5447567442.jpg,train,66.3125,0.7386702127658675,3.95468085106347
5447858710.jpg,train,64.7760869565,0.7204828862161219,3.881931544864488
5448376373.jpg,val,82.9551886792,0.9356784423919562,4.742713769567825
5449529114.jpg,val,72.3804347826,0.8104995374651057,4.241998149860423
545103098.jpg,train,8.34110169492,0.0524323837000396,1.2097295348001584
5451071783.jpg,train,59.5323275862,0.6584097578868552,3.6336390315474207
5451526397.jpg,train,63.6282608696,0.7068954671603639,3.827581868641456
5453819984.jpg,train,64.8326271186,0.7211521817520058,3.884608727008023
5453875819.jpg,train,64.6698473282,0.7192252720474646,3.876901088189858
5454031554.jpg,train,75.6319444444,0.8489893617014942,4.395957446805976
5454884110.jpg,train,79.8419811321,0.8988257727821902,4.595303091128761
5454942480.jpg,train,63.0847457627,0.7004615939413553,3.801846375765421
5455599246.jpg,val,58.9813084112,0.6518870550802798,3.607548220321119
5456329601.jpg,train,61.3844537815,0.6803343465043294,3.721337386017318
5456373866.jpg,train,34.2946428571,0.3596580547107094,2.4386322188428378
5457535055.jpg,test,64.3986486486,0.7160149511206719,3.864059804482688
5458340790.jpg,train,61.3233944954,0.6796115557288325,3.71844622291533
5458771275.jpg,train,61.4236111111,0.6807978723402134,3.7231914893608535
5459231907.jpg,train,73.6,0.8249361702126623,4.299744680850649
5459372516.jpg,train,68.41796875,0.7635937499999061,4.054374999999625
5459749774.jpg,test,49.7556390977,0.5426779715239722,3.170711886095889
5460394455.jpg,test,75.765625,0.8505718085105306,4.402287234042122
5461710344.jpg,train,52.225,0.5719090909090276,3.2876363636361106
5462153314.jpg,train,72.3772321429,0.8104616261402237,4.241846504560895
5462654627.jpg,val,77.0434782609,0.8656984273823038,4.462793709529215
5463672195.jpg,train,58.6788793103,0.6483070432862611,3.5932281731450444
5463929157.jpg,train,40.6294642857,0.4346466565347439,2.7385866261389755
5464134286.jpg,train,56.0252293578,0.6168943978137322,3.467577591254929
5464519026.jpg,test,48.55,0.5284061895550693,3.1136247582202774
5465127384.jpg,train,63.5986842105,0.7065453527431648,3.826181410972659
5466371904.jpg,train,85.35625,0.9641010638296614,4.856404255318646
5467862729.jpg,val,74.9579646018,0.8410111090192671,4.3640444360770685
5468320493.jpg,train,67.6629464286,0.7546561550154433,4.0186246200617735
5468530650.jpg,train,70.609375,0.7895345744679871,4.1581382978719486
5468577486.jpg,train,42.25,0.4538297872339981,2.815319148935992
5468605223.jpg,train,63.15,0.7012340425531076,3.804936170212432
5468768534.jpg,train,69.75,0.7793617021275632,4.117446808510253
5469380265.jpg,train,59.4639423077,0.6576002454991958,3.6304009819967833
5470588240.jpg,train,75.907079646,0.8522462813026387,4.408985125210554
5471871046.jpg,test,35.0951327434,0.3691338730939884,2.476535492375953
5473035889.jpg,test,73.1346153846,0.8194271685758199,4.27770867430328
5474201544.jpg,val,65.0630434783,0.7238797409809493,3.895518963923797
5474715935.jpg,train,65.5,0.7290522243712849,3.91620889748514
5476657075.jpg,val,66.1674311927,0.7369529572519877,3.947811829007951
5477401446.jpg,train,53.297826087,0.5846086956526232,3.3384347826104928
5478338784.jpg,train,69.8986486486,0.781121334099385,4.12448533639754
5478338919.jpg,train,70.6743697479,0.790303951367693,4.161215805470772
5478757587.jpg,train,69.0817757009,0.7714515808306747,4.085806323322698
5479353117.jpg,train,53.6319444444,0.5885638297866419,3.354255319146568
5479751565.jpg,train,64.7702702703,0.7204140310525939,3.881656124210376
5480071347.jpg,train,69.2632743363,0.7736000753154868,4.094400301261947
5480462577.jpg,train,49.3214285714,0.5375379939205766,3.150151975682306
5480500661.jpg,train,52.8783783784,0.579643473260686,3.318573893042744
5480545191.jpg,val,31.3205128205,0.3244517184940961,2.297806873976384
5480693901.jpg,train,74.4743589744,0.8352864157123281,4.341145662849312
5480778835.jpg,val,56.4621848739,0.6220668693002537,3.4882674772010147
5480952207.jpg,train,54.5441176471,0.5993617021280794,3.397446808512317
5481249377.jpg,val,36.2878151261,0.383252279635812,2.533009118543248
5482033930.jpg,train,68.6205357143,0.765991641337461,4.063966565349844
5482786130.jpg,test,76.5413043478,0.8597539315444478,4.439015726177791
5483050895.jpg,train,70.4059633028,0.7871266835843048,4.14850673433722
5483224233.jpg,val,62.354368932,0.6918157405489311,3.767262962195725
5483273817.jpg,test,56.3407079646,0.6206288834493525,3.48251553379741
5483514140.jpg,val,74.7605932203,0.8386747205187258,4.354698882074903
5483567910.jpg,train,71.640625,0.8017420212764959,4.206968085105983
5483697378.jpg,test,53.8147321429,0.5907275835870671,3.3629103343482685
5483904990.jpg,test,53.1013513514,0.5822829212196023,3.3291316848784094
5484179033.jpg,train,65.425,0.7281644100579389,3.912657640231755
5484776927.jpg,train,76.564159292,0.860024477499001,4.440097909996004
5485090581.jpg,train,42.1691176471,0.452872340425975,2.8114893617039
5485536219.jpg,train,43.3543307087,0.4669023286986845,2.867609314794738
5485752257.jpg,train,75.9736842105,0.853034714445269,4.412138857781076
5487306011.jpg,train,59.330078125,0.6560156249999233,3.624062499999693
5487766524.jpg,test,50.0805084746,0.5465236206277009,3.1860944825108035
5487845072.jpg,train,44.7608695652,0.4835522664197264,2.934209065678905
5489335291.jpg,test,76.4911504425,0.8591602334778407,4.436640933911363
5489747456.jpg,train,50.0695652174,0.5463940795560104,3.185576318224041
5490633123.jpg,train,58.3157894737,0.6440089585667415,3.576035834266966
5491791732.jpg,train,79.7944915254,0.8982636134146778,4.593054453658711
5492807512.jpg,train,63.0367647059,0.6998936170214017,3.799574468085607
5492904052.jpg,train,43.564159292,0.4693861796267228,2.877544718506892
5493295509.jpg,train,70.3,0.7858723404254345,4.143489361701738
5494503911.jpg,test,72.6009174312,0.8131095061487261,4.2524380245949045
5494614015.jpg,train,65.1397058824,0.7247872340430225,3.89914893617209
5494859211.jpg,train,29.641509434,0.3045764753115461,2.2183059012461843
549547230.jpg,train,48.1428571429,0.5235866261402693,3.094346504561077
5495551820.jpg,train,46.9847826087,0.5098778908418112,3.039511563367245
5495773051.jpg,test,62.5803571429,0.6944908814593911,3.777963525837564
5496213154.jpg,test,73.476635514,0.8234758401269372,4.293903360507748
5496219084.jpg,train,81.0555555556,0.9131914893621104,4.652765957448442
5498003598.jpg,train,64.1272321429,0.712802051672154,3.851208206688616
5498162547.jpg,train,53.1517857143,0.5828799392098305,3.331519756839322
5498204974.jpg,train,33.6886792453,0.3524849458050703,2.409939783220281
5500159889.jpg,train,35.725,0.3765899419728886,2.5063597678915546
5500570132.jpg,val,63.9855769231,0.711125204582839,3.844500818331356
5501090896.jpg,test,61.7563559322,0.6847367472050715,3.738946988820286
5502038719.jpg,train,65.05,0.7237253384912085,3.894901353964834
5502130313.jpg,train,52.9264705882,0.5802127659569644,3.320851063827857
5503696409.jpg,train,55.1698113208,0.606768366118492,3.427073464473968
5503983536.jpg,train,66.4889380531,0.7407588024853489,3.963035209941396
5504474324.jpg,test,54.2430555556,0.5957978723408845,3.383191489363538
5505340753.jpg,val,46.4789915966,0.5038905775070887,3.0155623100283546
5505953336.jpg,test,20.2731092437,0.1936778115501788,1.7747112462007153
5506212777.jpg,train,62.2295918367,0.6903386886664633,3.761354754665853
5506716444.jpg,val,61.775,0.6849574468084293,3.739829787233717
5507113852.jpg,val,66.5147058824,0.7410638297877008,3.964255319150803
5507499346.jpg,train,26.4432773109,0.2667173252276604,2.066869300910642
5508053398.jpg,train,73.6853448276,0.8259464416728401,4.303785766691361
5508282751.jpg,test,74.3092105263,0.8333314669649937,4.333325867859974
5508551413.jpg,test,26.3785714286,0.2659513677814787,2.0638054711259146
5511460602.jpg,train,46.161637931,0.5001338958175884,3.000535583270353
5511925995.jpg,train,73.1525423729,0.819639379733259,4.278557518933036
5512214624.jpg,train,36.0435779817,0.380361116533824,2.5214444661352964
5512989538.jpg,test,69.3469827586,0.774590975788361,4.0983639031534445
5513320745.jpg,train,67.7139423077,0.7552598199672652,4.021039279869061
5513852883.jpg,train,62.7276785714,0.6962348024311896,3.78493920972476
5513962677.jpg,train,67.0,0.7468085106382067,3.987234042552827
5514669907.jpg,train,75.45625,0.846909574467978,4.387638297871912
5514988242.jpg,train,62.5958646617,0.6946744520881261,3.778697808352504
5517184431.jpg,train,67.0,0.7468085106382067,3.987234042552827
5517232825.jpg,train,67.0717391304,0.7476577243288217,3.990630897315287
5517472829.jpg,train,75.7394067797,0.8502614496938267,4.401045798775307
5519011400.jpg,test,54.14375,0.5946223404254649,3.37848936170186
5519858461.jpg,train,69.8557692308,0.780613747954441,4.122454991817764
5519904752.jpg,train,36.4264705882,0.3848936170208252,2.539574468083301
5520092588.jpg,train,49.997826087,0.5455448658653954,3.1821794634615816
5522198347.jpg,train,43.625,0.4701063829786763,2.880425531914705
5524014245.jpg,train,60.9598214286,0.6753077507601368,3.7012310030405473
5525531268.jpg,test,47.9446902655,0.5212408209377785,3.084963283751114
5525979481.jpg,val,46.375,0.5026595744680329,3.010638297872132
552629141.jpg,test,30.5379464286,0.3151880699091304,2.260752279636522
5526408007.jpg,train,56.0245535714,0.6168863981758831,3.4675455927035324
5527632049.jpg,train,70.7027559055,0.790639973194602,4.162559892778408
5527745877.jpg,val,84.4166666667,0.9529787234045258,4.811914893618104
5527892107.jpg,train,63.8325892857,0.7093142097261895,3.837256838904758
5528731780.jpg,test,68.8877118644,0.7691543454740407,4.076617381896163
5529240672.jpg,train,60.4441964286,0.6692040273558826,3.6768161094235294
5529298204.jpg,train,66.65625,0.7427393617020371,3.970957446808149
5529999885.jpg,train,61.0334821429,0.676179711246628,3.704718844986512
5530039463.jpg,train,50.5,0.5514893617020676,3.2059574468082706
5530579735.jpg,train,42.1065217391,0.4521313598515844,2.808525439406337
5531191792.jpg,train,40.5377358491,0.433560818948686,2.734243275794744
5531274580.jpg,test,66.4701834862,0.7405367948462231,3.9621471793848926
5532612839.jpg,train,59.3392857143,0.6561246200608827,3.6244984802435294
5533176494.jpg,train,43.1061320755,0.4639642713772459,2.855857085508984
5533236075.jpg,train,70.225,0.7849845261120884,4.139938104448353
5533853499.jpg,train,63.1369047619,0.7010790273554828,3.804316109421931
5534328979.jpg,test,50.3526785714,0.5497454407290853,3.198981762916341
5534680063.jpg,train,71.8389423077,0.8040896072013001,4.216358428805201
5535054309.jpg,train,37.0762711864,0.3925856473128628,2.570342589251452
5535937496.jpg,train,49.1121495327,0.5350606482400277,3.140242592960111
5536150022.jpg,train,23.2056074766,0.2283913302839218,1.913565321135688
5536240490.jpg,train,48.9934782609,0.5336558741908674,3.1346234967634694
5536386046.jpg,train,72.5233050847,0.812190768120525,4.248763072482101
5536798233.jpg,train,61.1401869159,0.677442831576918,3.709771326307672
5536900966.jpg,train,73.9327731092,0.8288753799385882,4.315501519754353
5537272633.jpg,train,34.0736607143,0.3570421732524196,2.4281686930096784
5537911913.jpg,train,69.234375,0.7732579787233089,4.093031914893236
5538586634.jpg,test,77.9766949153,0.8767454020920274,4.506981608368109
5538859369.jpg,train,66.775,0.7441450676981685,3.976580270792674
5539522093.jpg,test,70.6844660194,0.7904234662256815,4.161693864902726
5540094499.jpg,train,72.2146226415,0.8085367322358371,4.234146928943348
5540702638.jpg,val,72.7056074766,0.814348777092339,4.257395108369356
5541438392.jpg,val,45.7457627119,0.4952109628564827,2.980843851425931
5542509126.jpg,val,73.9977678571,0.8296447568382941,4.318579027353176
5543037671.jpg,test,63.7475961538,0.7083081014723638,3.833232405889455
5543296873.jpg,train,69.4092920354,0.7753285633589914,4.101314253435966
5543308408.jpg,train,76.7625,0.8623723404254223,4.449489361701689
5544109408.jpg,train,59.072265625,0.6529637632977962,3.6118550531911846
5544820783.jpg,test,42.8289473684,0.4606830907051923,2.8427323628207697
5545551375.jpg,train,64.4791666667,0.7169680851066911,3.867872340426764
5546833927.jpg,test,62.1734693878,0.6896743378206839,3.758697351282736
5546979604.jpg,test,72.8928571429,0.816565349544478,4.266261398177912
5547599151.jpg,train,41.6273584906,0.4464592533122816,2.7858370132491266
5550230387.jpg,val,62.0051020408,0.6876812852797944,3.7507251411191778
5551470289.jpg,train,57.925,0.6393829787233302,3.5575319148933207
5552453199.jpg,train,62.94375,0.6987925531914059,3.795170212765624
5552904756.jpg,train,70.9851694915,0.793983050847058,4.175932203388232
5553150523.jpg,train,54.2430555556,0.5957978723408845,3.383191489363538
5554016525.jpg,train,82.0878378378,0.9254111558361202,4.701644623344481
5554413140.jpg,train,73.5168067227,0.8239513677811808,4.295805471124723
5554551412.jpg,val,32.1747787611,0.3345641122203459,2.338256448881384
5554808879.jpg,train,79.5543478261,0.8954209065680322,4.581683626272129
5557351990.jpg,train,40.2057522124,0.4296309546225667,2.718523818490267
5557571977.jpg,train,49.8599137931,0.543912325751918,3.175649303007672
5558342101.jpg,test,61.8961864407,0.686391994230255,3.74556797692102
5559771526.jpg,train,54.243697479,0.5958054711246524,3.3832218844986097
5560114332.jpg,train,44.65,0.4822398452610728,2.928959381044291
5561303733.jpg,test,34.8561320755,0.3663046969091764,2.4652187876367058
5561541116.jpg,test,45.3163716814,0.4901280361511451,2.9605121446045803
5561556380.jpg,train,59.9911504425,0.6638410845417015,3.655364338166806
5561903765.jpg,val,56.141025641,0.6182651391158287,3.473060556463315
5562631980.jpg,train,73.3297413793,0.8217369772558273,4.28694790902331
5562990409.jpg,val,72.2369565217,0.808801110082692,4.235204440330768
5563391138.jpg,train,46.8669724771,0.5084833105605889,3.033933242242356
5564289750.jpg,train,81.3097345133,0.91620033891941,4.664801355677639
5564570846.jpg,train,72.752293578,0.8149014249464358,4.259605699785743
5564762599.jpg,train,77.732300885,0.8738523818494051,4.49540952739762
5564925519.jpg,train,36.2211538462,0.3824631751232628,2.529852700493051
5565514955.jpg,val,45.9587155963,0.4977317977743315,2.990927191097326
5565922078.jpg,train,68.8333333333,0.7685106382973832,4.074042553189533
5566203819.jpg,train,38.6597222222,0.4113297872337418,2.6453191489349672
556649487.jpg,train,60.0022321429,0.6639722644381193,3.655889057752477
5568534829.jpg,train,58.3080357143,0.643917173252374,3.575668693009496
5569285371.jpg,train,70.6050420168,0.7894832826745944,4.157933130698378
5569562301.jpg,train,39.2299107143,0.4180794072949631,2.6723176291798527
5569876905.jpg,test,48.4025423729,0.5266606563290503,3.1066426253162014
5570837854.jpg,val,55.8296460177,0.6145791752964946,3.4583167011859786
5571612935.jpg,train,64.2733050847,0.7145311936524555,3.858124774609822
5571768533.jpg,val,54.6961206897,0.6011610418199785,3.404644167279914
5571835679.jpg,train,34.1375,0.3577978723403964,2.4311914893615856
5572325411.jpg,test,74.5625,0.8363297872339371,4.345319148935749
5572898913.jpg,train,22.3616071429,0.218400455927552,1.873601823710208
5573315618.jpg,train,47.0336134454,0.5104559270518768,3.0418237082075072
5573453953.jpg,train,55.9495412844,0.6159984384148774,3.46399375365951
5573505825.jpg,test,74.2888349515,0.833090270605659,4.332361082422636
5573708083.jpg,train,54.5135135135,0.5989994249566442,3.3959976998265766
5574048372.jpg,train,64.6118421053,0.7185386338189385,3.874154535275754
5575057872.jpg,train,57.3504464286,0.6325816869303564,3.5303267477214257
5575661562.jpg,train,75.6150442478,0.8487893052156296,4.395157220862519
5577238906.jpg,train,72.1737288136,0.808052650559342,4.232210602237368
5577299644.jpg,train,52.0065217391,0.5693228492132679,3.277291396853072
5577977748.jpg,train,28.2884615385,0.2885597381346433,2.1542389525385737
5578143578.jpg,test,72.443877551,0.8112505427699566,4.245002171079826
5580400310.jpg,train,56.9247787611,0.6275428356245545,3.510171342498218
5580904626.jpg,test,72.8598130841,0.8161741896994954,4.264696758797982
5581852297.jpg,train,29.4625,0.3024574468084903,2.209829787233961
5583866722.jpg,val,40.875,0.4375531914893198,2.75021276595728
5585956743.jpg,train,62.4930555556,0.693457446808954,3.773829787235816
5586376319.jpg,test,61.7853773585,0.6850802890405763,3.740321156162305
5586890749.jpg,train,69.475,0.7761063829786276,4.10442553191451
558820165.jpg,train,63.9679487179,0.7109165302775703,3.843666121110281
5588234773.jpg,train,25.3644859813,0.2539471067805599,2.0157884271222395
5588363134.jpg,train,64.3482142857,0.7154179331304438,3.861671732521775
5588569639.jpg,train,73.7898230088,0.8271832046688631,4.308732818675452
5588623277.jpg,train,76.0432692308,0.8538584288054932,4.4154337152219725
5588665887.jpg,train,71.764084507,0.803203476175606,4.212813904702424
5589406824.jpg,test,40.6605504587,0.4350146398592312,2.7400585594369247
5590179803.jpg,test,57.475,0.6340560928432537,3.536224371373015
5590319772.jpg,train,40.2638888889,0.430319148936261,2.721276595745044
5592031827.jpg,val,55.3058252427,0.6083784342075209,3.433513736830084
5592040758.jpg,test,69.1673728814,0.7724648395244076,4.08985935809763
5592471041.jpg,val,66.2567567568,0.7380103507767304,3.9520414031069215
5592815589.jpg,train,62.3642857143,0.6919331306991748,3.7677325227966993
5593028853.jpg,test,61.8341121495,0.685657188307346,3.742628753229384
5593982816.jpg,train,61.9910714286,0.6875151975686455,3.750060790274582
5594109805.jpg,train,74.0389908257,0.8301327347257833,4.320530938903133
5594332636.jpg,val,69.6490825688,0.7781670895957568,4.112668358383028
5594349841.jpg,train,73.070754717,0.818671216379085,4.27468486551634
5594639206.jpg,train,60.475,0.6695686653770971,3.678274661508389
5594665184.jpg,train,65.6004464286,0.7302412613984259,3.920965045593704
5596136215.jpg,val,57.3869565217,0.6330138760401668,3.532055504160667
5596270310.jpg,val,60.8714285714,0.674261398175874,3.697045592703496
5597029310.jpg,train,43.3,0.4662591876208432,2.865036750483373
5597221402.jpg,train,58.1554054054,0.6421104082804826,3.5684416331219304
5597328203.jpg,val,48.5287610619,0.5281547731117967,3.112619092447187
5598111719.jpg,train,58.5928571429,0.6472887537998241,3.5891550151992964
5599500585.jpg,test,53.8147321429,0.5907275835870671,3.3629103343482685
5599655175.jpg,test,76.3879310345,0.8579383712400072,4.431753484960028
5599685670.jpg,train,62.6148648649,0.6948993674528919,3.779597469811568
560054684.jpg,test,21.0573394495,0.2029611555724133,1.8118446222896527
5601711871.jpg,train,74.2711864407,0.8328813559323595,4.331525423729438
5602088551.jpg,test,67.2115384615,0.7493126022907788,3.997250409163115
5602195949.jpg,test,71.5833333333,0.8010638297867397,4.204255319146959
5602472061.jpg,train,60.8310810811,0.6737837837839282,3.695135135135713
5602672763.jpg,test,61.6375,0.6833297872339615,3.733319148935846
5602815566.jpg,train,66.7729357798,0.7441206324416423,3.976482529766569
5604745238.jpg,train,27.0095419847,0.2734204969948856,2.0936819879795427
5605845677.jpg,train,46.2302631579,0.5009462486002343,3.003784994400937
5606263347.jpg,val,21.1586956522,0.2041609620724595,1.8166438482898384
5606634799.jpg,train,68.8252212389,0.7684146111837893,4.073658444735157
5606693622.jpg,test,61.5231092437,0.6819756838905265,3.727902735562106
5607542951.jpg,test,48.6418918919,0.529493962047193,3.117975848188772
5609386026.jpg,test,56.7079207921,0.6249757741733364,3.499903096693345
5610005411.jpg,val,69.0798319328,0.7714285714287947,4.085714285715179
5611311337.jpg,train,31.472972973,0.3262564692354884,2.305025876941954
5611315745.jpg,train,42.5446428571,0.4573176291787789,2.829270516715116
561215186.jpg,train,63.4955752212,0.7053247975893623,3.821299190357449
5612537234.jpg,train,72.5705128205,0.8127495908344438,4.250998363337775
5613119527.jpg,train,42.6694915254,0.4587955283083647,2.8351821132334587
5613166397.jpg,train,38.5195652174,0.409670675300713,2.6386827012028524
5615226673.jpg,train,30.9936440678,0.3205824017309941,2.2823296069239767
5616548747.jpg,train,75.475,0.8471315280463144,4.388526112185257
5617741019.jpg,train,71.7879464286,0.8034859422494781,4.213943768997913
5617865491.jpg,val,53.9110576923,0.5918678396070437,3.367471358428175
5619348479.jpg,train,41.2285714286,0.4417386018240038,2.766954407296016
5619807447.jpg,train,64.7293577982,0.7199297286749305,3.879718914699722
5621762674.jpg,test,81.320754717,0.9163307908471544,4.665323163388618
5621947330.jpg,train,74.3815789474,0.8341881298994849,4.33675251959794
5622280405.jpg,train,37.2584033613,0.3947416413368237,2.578966565347294
5622618497.jpg,train,72.1302521008,0.8075379939203944,4.2301519756815775
5623266706.jpg,train,67.8918918919,0.7573663024726887,4.029465209890755
5625316207.jpg,test,64.357421875,0.7155269281914032,3.8621077127656127
5625825104.jpg,train,67.1460176991,0.7485369986817113,3.994147994726845
5626243539.jpg,train,44.6592920354,0.4823498399547827,2.929399359819131
5627315065.jpg,test,73.8397435897,0.8277741407522442,4.311096563008977
56278886.jpg,train,42.4615384615,0.4563338788865702,2.8253355155462807
5627914510.jpg,train,68.0023364486,0.7586736925829476,4.03469477033179
5628057241.jpg,train,69.4672897196,0.7760151123479738,4.104060449391895
5628498882.jpg,train,69.972972973,0.7820011500864796,4.128004600345919
5628676220.jpg,train,71.2364864865,0.7969580218516996,4.187832087406799
5628766419.jpg,train,47.2961165049,0.5135633133654933,3.0542532534619733
5628885328.jpg,train,69.4092920354,0.7753285633589914,4.101314253435966
5629171325.jpg,train,62.325,0.6914680851063006,3.7658723404252026
562942809.jpg,test,21.2027559055,0.2046825263861847,1.8187301055447391
5630657407.jpg,train,66.7203389831,0.7434980165890236,3.9739920663560944
5630751358.jpg,train,77.3125,0.8688829787232937,4.475531914893175
5631242230.jpg,train,62.8357142857,0.6975136778112977,3.790054711245191
5631644954.jpg,test,48.0818965517,0.5228650036680373,3.0914600146721494
5631740117.jpg,val,77.2212389381,0.8678026736965472,4.471210694786189
5632060967.jpg,test,65.4487179487,0.7284451718491264,3.9137806873965055
5633412794.jpg,train,72.025,0.8062920696323946,4.225168278529578
563363297.jpg,train,44.2243589744,0.4772013093294063,2.908805237317625
5634507491.jpg,train,50.9459459459,0.5567682576187166,3.2270730304748665
5634844318.jpg,test,43.9622641509,0.4740987555193101,2.8963950220772405
563494328.jpg,val,25.68125,0.2576968085106251,2.0307872340425
5635139040.jpg,train,69.1875,0.7727030947774676,4.09081237910987
5636641388.jpg,train,62.6540178571,0.6953628419446984,3.7814513677787938
5637731734.jpg,train,74.4469026549,0.8349614008664092,4.339845603465637
5642132751.jpg,train,54.0138888889,0.5930851063830436,3.3723404255321743
5642698379.jpg,train,45.8175675676,0.4960609545719255,2.9842438182877022
5643675511.jpg,train,16.3108108108,0.1467740080504803,1.5870960322019212
5643887824.jpg,val,69.3040540541,0.7740828062109142,4.096331224843657
5643888483.jpg,train,53.3243243243,0.584922369177335,3.33968947670934
5644548369.jpg,train,75.86875,0.8517925531913816,4.407170212765527
5644640425.jpg,train,68.1353211009,0.7602479016198448,4.040991606479379
5644717504.jpg,val,46.5575221239,0.5048201845227095,3.019280738090838
5645210616.jpg,train,75.9639423077,0.8529193944353348,4.411677577741339
5645276165.jpg,test,63.5810810811,0.7063369752732848,3.825347901093139
5645356042.jpg,train,72.25,0.8089555125724328,4.235822050289731
5645503965.jpg,train,53.5642857143,0.587762917933234,3.351051671732936
5645568177.jpg,train,56.2972972973,0.6201150086256079,3.4804600345024315
5645669819.jpg,train,57.4241071429,0.6334536474168476,3.5338145896673905
5645990670.jpg,train,45.2775229358,0.4896681631858221,2.9586726527432887
5646094610.jpg,train,56.5911214953,0.623593159673499,3.494372638693996
5646137718.jpg,train,45.1617647059,0.4882978723405844,2.9531914893623377
5646738672.jpg,test,62.1383928571,0.6892591185404441,3.757036474161776
5647215115.jpg,train,65.8434579439,0.7331179160863095,3.932471664345238
5647243489.jpg,train,56.3819444444,0.6211170212759984,3.4844680851039938
564783596.jpg,train,66.5105932203,0.7410151460506563,3.964060584202625
5648003529.jpg,train,75.4709821429,0.8470839665657497,4.388335866262999
5649238461.jpg,train,48.6584821429,0.5296903495445237,3.1187613981780946
5650073370.jpg,train,76.5897435897,0.8603273322416006,4.441309328966403
5650628470.jpg,test,56.2607758621,0.6196826852534145,3.478730741013658
5651165439.jpg,test,79.9976415094,0.9006684062620274,4.6026736250481095
5651460875.jpg,val,69.6517857143,0.7781990881459696,4.112796352583878
5651646348.jpg,train,69.1838235294,0.7726595744678506,4.090638297871402
5652034742.jpg,train,63.90625,0.7101861702126806,3.8407446808507215
5652671086.jpg,train,37.2282608696,0.3943848288625414,2.5775393154501653
5655651548.jpg,test,32.3642241379,0.3368066764486164,2.3472267057944656
5656494008.jpg,train,69.2297297297,0.7732029902238194,4.092811960895277
5656752407.jpg,val,77.1869565217,0.8673968547635337,4.469587419054134
5657214180.jpg,train,75.9645669291,0.8529267884062595,4.411707153625038
5657622409.jpg,val,68.2452830189,0.7615495784828232,4.046198313931293
5657790806.jpg,train,58.8193277311,0.6499696048632357,3.599878419452943
5657799294.jpg,train,33.342920354,0.3483920165695661,2.393568066278265
5658520618.jpg,train,60.5022123894,0.6698907926945594,3.6795631707782377
5659520017.jpg,train,51.2710280374,0.5606164247366657,3.242465698946663
5660004991.jpg,train,40.2394957983,0.4300303951365086,2.720121580546034
5660186741.jpg,val,37.3970588235,0.3963829787230207,2.5855319148920826
5660281772.jpg,train,18.7571428571,0.1757325227958451,1.7029300911833805
5661464368.jpg,train,77.4598214286,0.8706268996962759,4.482507598785103
5663852709.jpg,train,51.3608695652,0.561679925994182,3.246719703976728
5664036497.jpg,train,73.6,0.8249361702126623,4.299744680850649
5664282389.jpg,train,67.6875,0.7549468085105459,4.019787234042184
5664632199.jpg,test,59.5602678571,0.6587405015191724,3.6349620060766896
5665181716.jpg,train,71.833984375,0.8040309175530912,4.216123670212365
5665436785.jpg,train,71.2672413793,0.79732208363881,4.18928833455524
5666081630.jpg,train,68.7522123894,0.7675503671626289,4.070201468650516
5666479112.jpg,test,65.685840708,0.7312521182454819,3.925008472981928
5667464271.jpg,train,74.1176470588,0.831063829786851,4.3242553191474045
5667961686.jpg,train,77.2982758621,0.8687146001469919,4.474858400587968
5669528587.jpg,val,63.5428571429,0.7058844984806658,3.8235379939226632
5669648365.jpg,test,59.0527522936,0.6527327737655563,3.610931095062225
5670774641.jpg,train,66.9243119266,0.7459125512393519,3.983650204957408
5670925520.jpg,train,76.9305555556,0.8643617021280757,4.457446808512303
5671199285.jpg,train,34.7432432432,0.3649683726274049,2.45987349050962
5671296107.jpg,train,52.5067567568,0.5752443933299478,3.3009775733197912
5671373340.jpg,train,68.6205357143,0.765991641337461,4.063966565349844
5671581323.jpg,train,74.0277777778,0.8300000000001586,4.320000000000634
5673447503.jpg,train,59.8853211009,0.6625883271517753,3.650353308607101
5673514295.jpg,test,70.3277310924,0.7862006079022005,4.144802431608802
5674214513.jpg,train,71.95,0.8054042553190485,4.221617021276193
5674445474.jpg,train,67.8088235294,0.7563829787231723,4.025531914892689
5676561526.jpg,train,57.987394958,0.6401215805472372,3.560486322188949
5677087869.jpg,train,77.0665137615,0.8659711106776075,4.46388444271043
5677116051.jpg,train,74.4180672269,0.834620060790278,4.338480243161111
5678053727.jpg,train,63.0483193277,0.7000303951363264,3.8001215805453055
5678174838.jpg,train,63.2794117647,0.7027659574466547,3.811063829786619
5679411319.jpg,train,70.7754237288,0.7915001803098747,4.166000721239499
5679420644.jpg,train,73.5848623853,0.8247569783326546,4.299027913330619
5679431462.jpg,val,72.593220339,0.8130183916337087,4.252073566534834
5680237187.jpg,test,79.0066964286,0.8889380699090389,4.555752279636156
5680314396.jpg,val,48.4025423729,0.5266606563290503,3.1066426253162014
5680571645.jpg,test,31.027027027,0.3209775733176556,2.2839102932706226
5680623261.jpg,train,65.8851351351,0.7336112708448084,3.9344450833792335
5681154520.jpg,train,66.325,0.738818181818092,3.955272727272368
5681342957.jpg,train,75.025,0.8418046421662381,4.367218568664953
5681482199.jpg,train,61.3382352941,0.6797872340422638,3.7191489361690553
5681785926.jpg,train,61.988317757,0.6874826009145024,3.7499304036580097
5681801478.jpg,val,46.6351351351,0.5057389304193128,3.022955721677252
5682574149.jpg,val,51.3402777778,0.5614361702129673,3.2457446808518693
5682778748.jpg,train,43.0602678571,0.4634213525830333,2.853685410332133
5683735781.jpg,train,60.9872881356,0.6756328885683379,3.702531554273352
5683736894.jpg,test,32.3919491525,0.3371348719792778,2.348539487917111
5684082265.jpg,train,69.2632743363,0.7736000753154868,4.094400301261947
5684508410.jpg,train,80.0042372881,0.9007464839518612,4.602985935807444
5684894057.jpg,test,60.325,0.667793036750405,3.67117214700162
5684960466.jpg,train,26.1355140187,0.2630741698151581,2.0522966792606323
5685134916.jpg,train,63.6697247706,0.7073862970909635,3.829545188363854
5685822958.jpg,test,79.6696428571,0.8967857142850919,4.587142857140368
5685877023.jpg,train,52.7098214286,0.5776481762920673,3.3105927051682693
5687490427.jpg,test,44.2948717949,0.4780360065469303,2.9121440261877214
5689072971.jpg,test,46.1857798165,0.5004196759708959,3.0016787038835835
5690703973.jpg,train,44.6764705882,0.4825531914888948,2.930212765955579
5690945868.jpg,train,74.9630434783,0.8410712303426326,4.364284921370531
5690961665.jpg,test,76.9151376147,0.8641791918798979,4.456716767519591
5691962850.jpg,train,77.9294871795,0.8761865793781087,4.504746317512435
5692339429.jpg,test,72.0217391304,0.8062534690096633,4.225013876038654
5692807668.jpg,train,38.0891304348,0.4045753931546558,2.6183015726186234
5692933688.jpg,test,72.9342105263,0.8170548712203155,4.268219484881263
5692969991.jpg,train,71.9054054054,0.8048763657272652,4.21950546290906
5693602630.jpg,train,44.2212389381,0.477164375824269,2.908657503297076
5694228883.jpg,test,71.447826087,0.7994597594823762,4.197839037929505
5695511111.jpg,train,64.4348739496,0.7164437689971129,3.865775075988452
5698690184.jpg,test,69.4127358491,0.7753693295869295,4.101477318347718
5699749992.jpg,test,67.5689655172,0.7535436537044803,4.014174614817922
5699762014.jpg,train,68.4121621622,0.7635250143764324,4.05410005750573
5700146083.jpg,train,73.0550458716,0.8184852625418548,4.273941050167419
5700224418.jpg,test,50.8716216216,0.5558884416328058,3.223553766531224
5700592133.jpg,train,75.9129464286,0.8523157294835129,4.409262917934052
5700803236.jpg,test,63.9724770642,0.7109701346863826,3.8438805387455295
5701016184.jpg,train,45.0924369748,0.487477203647486,2.949908814589944
5701314350.jpg,test,75.5420353982,0.8479250611932854,4.3917002447731415
570171486.jpg,train,64.4131355932,0.716186440677639,3.864745762710556
5702257196.jpg,test,51.506097561,0.5633990659057794,3.253596263623117
5705716016.jpg,val,38.8241525424,0.4132762351246969,2.653104940498788
5706720351.jpg,test,30.256302521,0.3118541033433437,2.247416413373375
5706891854.jpg,train,66.2633928571,0.7380889057744789,3.952355623097916
5707035849.jpg,train,65.5897435897,0.7301145662841746,3.9204582651366975
5707149624.jpg,train,76.320610687,0.8571414649988081,4.428565859995232
5707373155.jpg,train,53.25,0.5840425531914242,3.3361702127656967
5707521864.jpg,train,65.6128318584,0.7303878742231378,3.921551496892551
5708496664.jpg,train,62.2544247788,0.6906326492189816,3.7625305968759264
5709659001.jpg,train,21.0573394495,0.2029611555724133,1.8118446222896527
5711022887.jpg,train,63.1260869565,0.7009509713225079,3.803803885290032
5712901839.jpg,val,50.1972477064,0.5479055241066484,3.1916220964265936
5713375255.jpg,train,32.5398230088,0.3388853323285154,2.355541329314062
5714331882.jpg,train,61.975,0.6873249516440189,3.749299806576075
5715854575.jpg,train,46.8581081081,0.5083783783782292,3.0335135135129168
5716274912.jpg,train,69.2785714286,0.7737811550154403,4.095124620061761
5717976598.jpg,train,38.0192307692,0.4037479541730853,2.614991816692341
5718858871.jpg,test,69.9575471698,0.7818185467681353,4.127274187072541
5719070301.jpg,train,37.254587156,0.394696466914317,2.578785867657268
5719459427.jpg,train,71.9054054054,0.8048763657272652,4.21950546290906
5719653094.jpg,test,17.2920168067,0.1583890577504939,1.6335562310019758
5720139957.jpg,train,54.3014705882,0.5964893617016426,3.3859574468065703
5720446079.jpg,train,46.5148305085,0.5043148214932163,3.017259285972865
5723599109.jpg,train,55.0265486726,0.6050724910566277,3.420289964226511
5724255636.jpg,val,44.6071428571,0.4817325227957963,2.926930091183185
5724656586.jpg,train,65.1281512605,0.7246504559269143,3.8986018237076574
5725492383.jpg,train,63.8064516129,0.7090048043924642,3.8360192175698566
5726241150.jpg,train,76.0391304348,0.8538094357077758,4.415237742831103
5726507119.jpg,train,41.8340336134,0.448905775075407,2.7956231003016283
5727031782.jpg,train,67.9611650485,0.7581863251388239,4.032745300555296
5727760730.jpg,train,59.3445945946,0.6561874640597917,3.624749856239167
5727908818.jpg,train,53.2254464286,0.5837518996963217,3.3350075987852867
5730689688.jpg,val,72.268907563,0.8091793313065914,4.2367173252263655
5731936449.jpg,train,65.4802631579,0.7288185890257298,3.9152743561029193
5732196042.jpg,train,69.9203539823,0.7813782715118491,4.1255130860473965
5732256845.jpg,train,36.1626213592,0.3817702953932049,2.52708118157282
5734064610.jpg,train,49.6674311927,0.5416338083158487,3.166535233263395
5734560437.jpg,train,57.3397435897,0.632454991816105,3.52981996726442
5734758076.jpg,train,65.7663551402,0.7322052097833233,3.928820839133293
5737344773.jpg,test,68.6638655462,0.7665045592702036,4.066018237080814
5737901450.jpg,train,76.2727272727,0.856574643924309,4.426298575697237
5739537678.jpg,val,46.1282051282,0.4997381342061068,2.998952536824427
5740000928.jpg,val,69.0105042017,0.7706079027356961,4.082431610942784
5740846112.jpg,test,55.8035714286,0.6142705167175934,3.457082066870373
5741757504.jpg,train,52.4369565217,0.5744181313593251,3.2976725254373003
5741853020.jpg,train,77.3125,0.8688829787232937,4.475531914893175
5743028880.jpg,train,62.3197115385,0.6914054828154302,3.765621931261721
5745624995.jpg,train,55.7828947368,0.614025755878491,3.456103023513964
5746249801.jpg,train,68.7934782609,0.7680388529142343,4.072155411656937
5746784745.jpg,test,46.375,0.5026595744680329,3.010638297872132
5747013682.jpg,test,28.075,0.2860328820115877,2.144131528046351
5748221179.jpg,test,60.8672566372,0.6742120128039126,3.6968480512156505
5748620149.jpg,test,56.9821428571,0.6282218844979006,3.5128875379916025
5748824865.jpg,train,42.1026785714,0.4520858662610157,2.808343465044062
5748929912.jpg,test,43.9831932773,0.4743465045590935,2.897386018236374
5748977191.jpg,train,59.4491525424,0.6574251712948709,3.629700685179484
57501165.jpg,test,51.8983050847,0.5680418319503512,3.2721673278014047
5750644508.jpg,train,62.004587156,0.6876751903185256,3.750700761274103
5751931658.jpg,train,49.3646788991,0.5380499707204295,3.152199882881718
5752124692.jpg,train,76.525,0.8595609284331598,4.438243713732639
5752256334.jpg,train,55.6381578947,0.6123124300106924,3.4492497200427694
5756343761.jpg,train,75.7702702703,0.85062679701002,4.40250718804008
5756631011.jpg,test,59.1959459459,0.6544278320867862,3.617711328347145
5756854423.jpg,train,42.6216216216,0.4582288671647362,2.832915468658945
5759402144.jpg,train,77.9740566038,0.8767141710158571,4.506856684063429
5761420767.jpg,train,56.7586206897,0.6255759354369959,3.5023037417479834
5761873238.jpg,train,42.5446428571,0.4573176291787789,2.829270516715116
5762320263.jpg,train,36.1491596639,0.381610942249615,2.52644376899846
5763062464.jpg,test,73.7767857143,0.8270288753800045,4.308115501520017
5763573511.jpg,train,44.7457983193,0.4833738601819933,2.9334954407279734
5764115414.jpg,test,71.7142857143,0.802613981762987,4.210455927051948
5764514076.jpg,test,29.0079617834,0.2970768396796865,2.1883073587187463
5765377670.jpg,train,69.8665254237,0.7807410746479575,4.12296429859183
5765859594.jpg,val,74.102173913,0.8308806660493345,4.323522664197338
5766806996.jpg,val,23.61875,0.2332819148936077,1.933127659574431
5768167934.jpg,train,83.641025641,0.9437970540093938,4.775188216037575
5770080490.jpg,val,65.6134453782,0.7303951367786039,3.921580547114416
5771711136.jpg,test,59.9181415929,0.6629768405193573,3.651907362077429
5771887382.jpg,test,26.0966386555,0.2626139817633516,2.0504559270534064
5773170451.jpg,train,62.546460177,0.6940896253059907,3.776358501223963
5773721595.jpg,train,57.0707964602,0.629271323668059,3.517085294672236
5775598450.jpg,train,81.5321100917,0.9188327152053052,4.67533086082122
5777168643.jpg,train,65.5897435897,0.7301145662841746,3.9204582651366975
5777912776.jpg,train,70.9357798165,0.7933983993751045,4.1735935975004175
5780359774.jpg,train,69.1172566372,0.7718715872719822,4.0874863490879285
5780360656.jpg,train,77.125,0.8666634429399284,4.466653771759713
5782679543.jpg,train,59.6826086957,0.6601887141540502,3.640754856616201
5782924074.jpg,train,74.6906779661,0.837847097006726,4.351388388026904
5782928744.jpg,train,62.3402777778,0.6916489361703934,3.766595744681573
5783124720.jpg,train,30.7961165049,0.3182441644293543,2.2729766577174173
5784134624.jpg,train,41.0512820513,0.4396399345337218,2.7585597381348874
5784673341.jpg,train,64.45625,0.7166968085105518,3.866787234042208
5785719824.jpg,train,28.9583333333,0.2964893617017137,2.1859574468068548
5786083032.jpg,train,56.1155462185,0.6179635258359448,3.47185410334378
5786468844.jpg,train,69.75,0.7793617021275632,4.117446808510253
5786557550.jpg,train,65.3919491525,0.727773169851556,3.911092679406224
5788614098.jpg,train,58.972972973,0.6517883841290535,3.607153536516214
5788815207.jpg,train,67.0,0.7468085106382067,3.987234042552827
5789601551.jpg,train,53.5663716814,0.5877876106192146,3.3511504424768583
5790219836.jpg,test,61.2330097087,0.6785416236309526,3.7141664945238095
5791107273.jpg,train,52.046875,0.5698005319148306,3.2792021276593224
5791949308.jpg,train,29.2652173913,0.3001221091581154,2.2004884366324617
5793101915.jpg,train,75.8,0.8509787234041475,4.40391489361659
5794649659.jpg,train,60.1371681416,0.6655695725852061,3.662278290340824
5794758875.jpg,train,49.5508849558,0.5402541894186961,3.1610167576747843
5795183898.jpg,train,67.4304347826,0.7519037927842639,4.007615171137056
5796436033.jpg,test,60.74375,0.6727499999999206,3.6909999999996814
5796747370.jpg,train,72.5,0.8119148936169197,4.247659574467679
5796923587.jpg,train,67.3928571429,0.7514589665657649,4.00583586626306
5797735856.jpg,train,43.9,0.4733617021276119,2.893446808510448
5798200461.jpg,test,71.2326086957,0.7969121184093476,4.18764847363739
5798775388.jpg,test,49.8370535714,0.5436417173248309,3.174566869299324
5799422140.jpg,train,44.777027027,0.4837435307644382,2.934974123057753
5802112389.jpg,train,69.75,0.7793617021275632,4.117446808510253
5802569891.jpg,train,53.7584033613,0.5900607902729628,3.360243161091851
5803562101.jpg,train,65.1834862385,0.7253054850668754,3.9012219402675017
5803914327.jpg,test,43.2905405405,0.4661472110403016,2.864588844161206
5804026649.jpg,train,77.7457983193,0.8740121580542715,4.496048632217086
5804325450.jpg,train,59.7075892857,0.6604844224921548,3.641937689968619
5804399322.jpg,train,72.8826086957,0.8164440333029616,4.265776133211846
5805622077.jpg,train,61.2091346154,0.678259001636763,3.713036006547052
5805954950.jpg,test,72.8470873786,0.8160235488529577,4.264094195411831
5807050277.jpg,train,52.997706422,0.5810560218619082,3.3242240874476328
5807238153.jpg,train,59.9952830189,0.6638900040147537,3.655560016059015
5807318968.jpg,val,51.5487288136,0.5639037143891682,3.255614857556673
5808715060.jpg,train,58.4605263158,0.64572228443454,3.58288913773816
5809947698.jpg,train,10.7232142857,0.0806306990879918,1.3225227963519672
5812785774.jpg,test,76.0602678571,0.8540596504553115,4.416238601821246
5812840397.jpg,val,70.9487179487,0.7935515548278395,4.174206219311358
5813122725.jpg,train,66.10625,0.7362287234041659,3.944914893616664
5813266787.jpg,train,42.9866071429,0.4625493920977259,2.850197568390904
5815446993.jpg,train,62.1758474576,0.6897024882794383,3.758809953117753
5817880168.jpg,test,69.119266055,0.7718953738037733,4.087581495215093
5819286075.jpg,train,77.5416666667,0.8715957446811345,4.486382978724539
5820186062.jpg,train,55.2836134454,0.6081155015199464,3.4324620060797857
5821113845.jpg,train,66.6316964286,0.7424487082069346,3.9697948328277386
582148952.jpg,test,69.8727678571,0.7808149696042593,4.123259878417038
5821971629.jpg,train,45.222972973,0.4890224266822709,2.956089706729084
5822039641.jpg,train,76.2653846154,0.8564877250409899,4.42595090016396
5822093825.jpg,train,78.6875,0.8851595744679719,4.540638297871888
5822768427.jpg,train,68.5945378151,0.7656838905771051,4.06273556230842
5824082232.jpg,train,48.025,0.5221914893616467,3.088765957446587
5825243642.jpg,train,11.0400943396,0.0843817743875424,1.33752709755017
5825508500.jpg,val,21.8541666667,0.2123936170216652,1.8495744680866608
5825939601.jpg,val,78.7120535714,0.8854502279630744,4.541800911852297
5827032065.jpg,train,46.375,0.5026595744680329,3.010638297872132
5827460813.jpg,test,60.2881355932,0.6673566534436043,3.669426613774417
5828251146.jpg,train,56.1322115385,0.6181608019643781,3.472643207857512
5828254727.jpg,train,54.2905405405,0.5963599769977277,3.3854399079909108
5829241861.jpg,train,51.5896226415,0.5643877960656632,3.257551184262653
5829966131.jpg,train,28.8819444444,0.2955851063824333,2.182340425529733
5830228003.jpg,train,64.5555555556,0.7178723404259714,3.8714893617038855
5830956184.jpg,test,63.1136363636,0.7008035871280245,3.803214348512098
5831302222.jpg,train,43.718220339,0.4712098809954653,2.884839523981861
5831366691.jpg,train,59.025,0.6524042553190728,3.609617021276291
5832751066.jpg,val,73.7941176471,0.8272340425535749,4.3089361702143
5833229623.jpg,train,66.2431192661,0.7378489166508425,3.95139566660337
5834781945.jpg,train,68.0760869565,0.7595467160033498,4.038186864013399
5835525141.jpg,test,71.35,0.7983017408122797,4.193206963249119
5836498446.jpg,test,67.6292372881,0.7542571222497568,4.017028488999028
5837969940.jpg,train,70.4137931034,0.7872193690382157,4.148877476152863
5838329706.jpg,train,57.6903669725,0.6366055045873539,3.5464220183494155
5838518725.jpg,test,65.8108108108,0.7327314548588976,3.9309258194355903
5838794545.jpg,train,60.4,0.6686808510637511,3.674723404255004
5839623776.jpg,train,54.8108108108,0.6025186889014714,3.4100747556058857
5839793009.jpg,train,64.3387096774,0.7153054220998907,3.861221688399562
5842574442.jpg,test,80.2311320755,0.9034323564835588,4.613729425934236
5842712003.jpg,test,70.3584070796,0.7865637356423628,4.146254942569451
5842931891.jpg,train,69.9027777778,0.7811702127661239,4.124680851064495
5844622887.jpg,train,67.8389830508,0.75673999278694,4.02695997114776
5844813103.jpg,train,39.1206896552,0.4167865003671258,2.667146001468504
5844921100.jpg,test,68.6923076923,0.7668412438623351,4.06736497544934
58449294.jpg,test,50.6363636364,0.5531035695449454,3.2124142781797818
5846011911.jpg,val,36.8986486486,0.3904830362271068,2.561932144908427
5846078806.jpg,train,77.3125,0.8688829787232937,4.475531914893175
5847384440.jpg,train,69.9464285714,0.7816869300907505,4.126747720363002
5847408057.jpg,train,74.7389380531,0.8384183769534184,4.3536735078136735
5847946773.jpg,train,43.8705357143,0.4730129179332522,2.892051671733009
5848411050.jpg,val,79.4121621622,0.8937377803338584,4.574951121335434
5849166675.jpg,train,41.7102803738,0.4474408431095426,2.7897633724381707
5849249346.jpg,val,77.4210526316,0.8701679731244386,4.480671892497755
5849271016.jpg,train,74.0909090909,0.8307473184453654,4.322989273781461
5849666747.jpg,train,71.7803738318,0.8033963014517683,4.213585205807073
5850096725.jpg,val,36.7,0.3881315280463877,2.552526112185551
5853259008.jpg,test,69.7013274336,0.7787855394460005,4.1151421577840015
5854130158.jpg,train,60.125,0.6654255319148155,3.661702127659262
5856115357.jpg,train,52.1351351351,0.5708453133980258,3.283381253592103
5856265647.jpg,train,75.9571428571,0.8528389057744605,4.411355623097842
5858971250.jpg,train,67.6932773109,0.7550151975680082,4.020060790272033
5859309993.jpg,train,71.9358974359,0.8052373158755437,4.220949263502175
5863209284.jpg,train,66.51875,0.7411117021275693,3.964446808510277
5864167034.jpg,train,45.5647321429,0.4930680091189976,2.9722720364759905
5864866052.jpg,train,53.0733944954,0.581951981260763,3.327807925043052
5865132229.jpg,test,57.9180672269,0.6393009118541387,3.557203647416555
5866448510.jpg,val,69.0810810811,0.7714433582519977,4.085773433007991
5866763424.jpg,test,73.3205645161,0.8216283459158196,4.286513383663278
5867990992.jpg,train,40.8152173913,0.4368455134134127,2.747382053653652
5868900850.jpg,train,82.9797297297,0.935968947670602,4.743875790682408
5869276624.jpg,train,57.1605504587,0.6303337887953704,3.521335155181481
5869585652.jpg,train,88.3888888889,1.0,5.0
5869591890.jpg,val,70.2860169492,0.7857068157235081,4.142827262894032
5870845920.jpg,val,72.4742990654,0.8116106581821965,4.246442632728786
5870955720.jpg,test,74.7102803738,0.8380791409818208,4.352316563927284
5871068150.jpg,test,62.7710084034,0.6967477203651161,3.786990881460465
5871213191.jpg,train,77.0525210084,0.8658054711244703,4.463221884497881
5871593028.jpg,test,64.5169902913,0.7174158231773913,3.869663292709565
5871779223.jpg,train,48.0884615385,0.5229427168580103,3.091770867432041
5873610214.jpg,train,50.7152173913,0.5540370027750963,3.216148011100385
5875925963.jpg,test,54.7307692308,0.6015711947629804,3.406284779051921
5876051594.jpg,train,71.125,0.7956382978722415,4.1825531914889655
5876597412.jpg,val,57.9676724138,0.6398881144534191,3.5595524578136764
5876691783.jpg,train,74.8040540541,0.8391891891896273,4.356756756758509
5876722447.jpg,test,58.6699029126,0.6482007849614565,3.592803139845826
5877192304.jpg,test,58.9690265487,0.6517416682359859,3.606966672943944
5877272501.jpg,test,79.1956521739,0.8911748381125899,4.56469935245036
5879690252.jpg,train,64.7565789474,0.720251959686737,3.881007838746948
5879706162.jpg,train,71.2289915966,0.7968693009112974,4.187477203645189
5880149356.jpg,val,53.0972222222,0.5822340425528635,3.328936170211454
5880272825.jpg,train,75.7478448276,0.8503613352898576,4.40144534115943
5880662445.jpg,train,17.0540540541,0.1555721679131404,1.6222886716525615
5881048001.jpg,train,64.391025641,0.7159247135838983,3.863698854335593
5881856929.jpg,test,56.7279411765,0.6252127659577232,3.500851063830893
5884343005.jpg,train,73.6142241379,0.825104548788964,4.300418195155856
5884382109.jpg,train,63.1217948718,0.700900163666098,3.803600654664392
5884690824.jpg,train,64.1526548673,0.7131029937869084,3.852411975147634
5884745280.jpg,train,45.6084070796,0.4935850122381542,2.974340048952617
5884906716.jpg,test,71.1949152542,0.7964659213842413,4.185863685536965
5885686436.jpg,train,71.1949152542,0.7964659213842413,4.185863685536965
5886060405.jpg,train,71.8125,0.8037765957445806,4.215106382978322
5886086971.jpg,test,44.9471153846,0.4857569558099156,2.9430278232396625
5886709832.jpg,train,70.2282608696,0.7850231267348197,4.140092506939279
5887130142.jpg,train,28.0070754717,0.2852288237655607,2.1409152950622428
5887175840.jpg,train,34.4459459459,0.3614491086825776,2.4457964347303105
5887936508.jpg,train,69.75,0.7793617021275632,4.117446808510253
5888106239.jpg,train,73.3348214286,0.8217971124622411,4.287188449848964
5889219072.jpg,val,68.3871681416,0.7632291470532756,4.052916588213103
5890294263.jpg,train,63.6116071429,0.7066983282678997,3.826793313071599
5890423400.jpg,train,66.8601694915,0.7451532636130233,3.980613054452093
5890641011.jpg,train,64.123853211,0.7127620534840922,3.8510482139363686
5890838382.jpg,val,61.375,0.6802224371372502,3.7208897485490007
5891304676.jpg,val,53.2266949153,0.5837666786878187,3.335066714751275
5891409099.jpg,train,66.4054054054,0.7397699827485521,3.959079930994208
5891437045.jpg,train,61.8055555556,0.6853191489366149,3.74127659574646
5891588921.jpg,test,75.25,0.8444680851062762,4.377872340425105
5892461244.jpg,train,75.1101694915,0.8428128380810928,4.371251352324372
5893291303.jpg,train,64.1052631579,0.7125419932810516,3.8501679731242064
5893652818.jpg,test,18.7132352941,0.1752127659572378,1.7008510638289511
5894107324.jpg,train,65.6602564103,0.7309492635028823,3.923797054011529
5894875244.jpg,test,76.6378504673,0.8608967985683161,4.443587194273265
5895424608.jpg,train,43.625,0.4701063829786763,2.880425531914705
5895477446.jpg,train,75.775,0.8506827852996989,4.402731141198796
5896106502.jpg,train,74.2794117647,0.8329787234040807,4.331914893616323
5897145842.jpg,train,28.406779661,0.2899603317704265,2.1598413270817063
5897660924.jpg,train,53.8925233645,0.5916484390535892,3.366593756214357
5898928772.jpg,test,55.495412844,0.6106226820217487,3.442490728086995
5899300375.jpg,test,39.925,0.4263075435202693,2.7052301740810774
5899684696.jpg,train,41.7389380531,0.4477800790811402,2.7911203163245606
5900853532.jpg,train,50.6513761468,0.5532812804997772,3.213125121999109
5901488995.jpg,train,41.405511811,0.4438331378787191,2.775332551514877
5901783769.jpg,val,63.7717391304,0.7085938945415938,3.8343755781663753
590233260.jpg,train,63.4198113208,0.7044279405865617,3.817711762346247
5902359095.jpg,train,67.1460176991,0.7485369986817113,3.994147994726845
5903525428.jpg,train,70.6490384615,0.7900040916524744,4.160016366609898
5903878980.jpg,test,67.6939252336,0.7550228673686348,4.020091469474539
5903930781.jpg,test,72.7669902913,0.8150753976454609,4.260301590581843
5904145977.jpg,train,73.2064220183,0.8202771813383807,4.281108725353523
5904148188.jpg,train,52.8315217391,0.5790888066600748,3.316355226640299
5904230612.jpg,train,70.9040178571,0.793022416412768,4.172089665651072
5905146921.jpg,train,53.5275229358,0.5873277376538917,3.3493109506155667
5905277829.jpg,test,57.0861344538,0.6294528875381403,3.5178115501525613
5906203942.jpg,train,53.8584070796,0.5912445867062237,3.364978346824895
5906327236.jpg,train,66.6474358974,0.7426350245494028,3.970540098197611
5906517609.jpg,train,69.0986842105,0.7716517357218777,4.086606942887511
5906582267.jpg,val,70.975,0.7938626692455493,4.175450676982197
5906624117.jpg,train,69.6432038835,0.7780975005163835,4.112390002065534
5906952351.jpg,train,79.2710084034,0.8920668693012551,4.568267477205021
5907004909.jpg,train,17.5,0.1608510638297894,1.643404255319158
5908187685.jpg,train,48.265625,0.5250398936169655,3.100159574467862
5909804133.jpg,train,48.6418918919,0.529493962047193,3.117975848188772
5909836930.jpg,train,40.6554621849,0.4349544072950997,2.739817629180399
5910545670.jpg,test,30.390625,0.3134441489361481,2.2537765957445925
5910732650.jpg,test,25.2201834862,0.2522389225058755,2.0089556900235017
5912070942.jpg,train,69.2706422018,0.773687292601483,4.094749170405931
5912436872.jpg,test,66.4054054054,0.7397699827485521,3.959079930994208
5912451823.jpg,train,69.3881578947,0.7750783874574749,4.1003135498299
5912584970.jpg,train,68.8652173913,0.7688880666048493,4.075552266419397
5913086401.jpg,train,26.725,0.2700522243713582,2.0802088974854325
5913526574.jpg,train,74.5291262136,0.8359347242305174,4.343738896922069
5914023763.jpg,train,76.1826086957,0.8555078630901893,4.422031452360757
5914304035.jpg,train,58.8986486486,0.650908568141959,3.603634272567836
5914413530.jpg,test,66.9269911504,0.7459442666158626,3.98377706646345
5914417617.jpg,train,70.1890756303,0.7845592705171871,4.138237082068748
5914426709.jpg,train,64.8050458716,0.7208256880737853,3.883302752295141
5914848066.jpg,train,74.1313559322,0.8312261089071757,4.324904435628703
5914999740.jpg,train,58.6013513514,0.6473893041983154,3.5895572167932617
5915008700.jpg,val,51.7635135135,0.5664462334672877,3.265784933869151
5915252762.jpg,train,41.3660714286,0.4433662613984717,2.7734650455938867
5916873718.jpg,train,51.4575892857,0.5628248480240852,3.2512993920963407
5917296642.jpg,test,27.5665137615,0.2800136638691902,2.120054655476761
5919030075.jpg,train,42.5369565217,0.4572266419976416,2.8289065679905665
5919706356.jpg,val,47.2876106195,0.513462624741416,3.053850498965664
5920168142.jpg,train,77.5630841121,0.871849274208887,4.487397096835548
5920736883.jpg,train,58.2852112676,0.6436469883127144,3.574587953250857
5920883206.jpg,val,61.7433628319,0.6845829410661238,3.7383317642644953
5921291430.jpg,test,64.063559322,0.7120483231152722,3.848193292461089
5921674068.jpg,train,62.7327586207,0.6962949376376035,3.785179750550414
5922077897.jpg,train,65.5857142857,0.7300668693006543,3.920267477202618
5922538133.jpg,train,44.9747706422,0.486084325590403,2.944337302361612
5922588235.jpg,val,72.0657894737,0.8067749160135239,4.227099664054096
5923029266.jpg,train,67.9491150442,0.7580436829215782,4.032174731686313
5923067948.jpg,val,72.2629310345,0.8091085840059724,4.23643433602389
5924110639.jpg,train,44.0178571429,0.4747568389062345,2.899027355624938
5925110976.jpg,train,31.9551282051,0.3319639934529962,2.327855973811985
5925314446.jpg,train,72.6816037736,0.8140646326777163,4.256258530710865
5925658885.jpg,train,55.65625,0.6125265957446111,3.4501063829784444
5926348208.jpg,test,59.1183035714,0.6535087386014091,3.614034954405637
5927112319.jpg,train,70.2847222222,0.7856914893613417,4.142765957445366
5928144781.jpg,train,81.6320754717,0.9200160578080128,4.680064231232052
5930701704.jpg,train,63.2219626168,0.702085901769386,3.808343607077544
5930876150.jpg,train,57.9676724138,0.6398881144534191,3.5595524578136764
5932454750.jpg,val,64.675,0.719286266924478,3.877145067697912
5932521378.jpg,train,33.8613445378,0.3545288753797315,2.418115501518926
5932591132.jpg,train,18.5131578947,0.1728443449043794,1.6913773796175178
5932756634.jpg,train,64.847826087,0.7213320999079207,3.8853283996316814
5933359823.jpg,train,53.3947368421,0.5857558790592227,3.34302351623689
5933439918.jpg,train,51.9009433962,0.5680730630265214,3.272292252106085
5934416034.jpg,train,67.502173913,0.7527530064748787,4.0110120258995146
5935217683.jpg,train,60.6482300885,0.671619280738064,3.686477122952256
5935609907.jpg,train,62.6540178571,0.6953628419446984,3.7814513677787938
5935910099.jpg,train,65.125,0.7246131528045545,3.898452611218218
5936087565.jpg,train,58.825,0.6500367504834833,3.600147001933933
5936297940.jpg,train,73.3918918919,0.8224726854514016,4.289890741805607
5936466945.jpg,val,52.1351351351,0.5708453133980258,3.283381253592103
5936518143.jpg,train,65.3938053097,0.727795142157289,3.911180568629156
5936667753.jpg,train,42.25,0.4538297872339981,2.815319148935992
5937141958.jpg,test,65.1184210526,0.7245352743556416,3.8981410974225663
5938961229.jpg,train,59.5602678571,0.6587405015191724,3.6349620060766896
5939994525.jpg,train,42.1776315789,0.4529731242995068,2.8118924971980275
594061158.jpg,train,77.2586956522,0.8682460684553325,4.47298427382133
5941719690.jpg,train,68.125,0.760125725338398,4.040502901353592
5941759615.jpg,train,33.7847826087,0.3536225716928999,2.4144902867716
5942438965.jpg,train,52.1217948718,0.5706873977086719,3.282749590834688
5943227958.jpg,train,75.25,0.8444680851062762,4.377872340425105
5944469044.jpg,test,61.0456521739,0.676323774282837,3.705295097131348
5945639421.jpg,test,56.171875,0.6186303191488655,3.474521276595462
5946379420.jpg,val,54.4247572816,0.5979487709155844,3.3917950836623376
5947239727.jpg,train,62.2544247788,0.6906326492189816,3.7625305968759264
5948128813.jpg,train,72.954887218,0.8172996320582341,4.269198528232936
5948378050.jpg,test,60.2428571429,0.666820668693438,3.667282674773752
5948782020.jpg,test,25.8193277311,0.2593313069909575,2.03732522796383
5949374499.jpg,train,77.2076271186,0.86764154345411,4.47056617381644
5950051723.jpg,val,75.4117647059,0.8463829787235061,4.385531914894024
5950379360.jpg,train,71.7347826087,0.8028566142460198,4.211426456984079
5950764081.jpg,train,70.8739130435,0.7926660499539053,4.170664199815621
5951267818.jpg,train,69.656779661,0.7782582041107743,4.113032816443097
5952909406.jpg,train,54.7345132743,0.6016155149684349,3.40646205987374
5952914370.jpg,train,86.35,0.9758646034814972,4.903458413925988
5952945336.jpg,train,67.6991525424,0.7550847457629404,4.0203389830517615
5952977231.jpg,train,67.1527777778,0.7486170212767673,3.994468085107069
5955759351.jpg,train,46.756302521,0.5071732522794828,3.0286930091179314
5955805991.jpg,train,76.5084745763,0.8593653083305601,4.4374612333222405
5955821366.jpg,test,63.6029411765,0.7065957446811145,3.826382978724458
5956264742.jpg,train,65.6016949153,0.7302560403899231,3.921024161559693
5956532834.jpg,test,19.7706422018,0.1877298457930656,1.7509193831722625
5956733523.jpg,train,60.4441964286,0.6692040273558826,3.6768161094235294
5957529687.jpg,train,72.5233050847,0.812190768120525,4.248763072482101
5958225311.jpg,train,71.1961206897,0.7964801907561175,4.18592076302447
5958527369.jpg,test,76.1588983051,0.8552271907681932,4.420908763072773
5958950790.jpg,val,33.3067226891,0.3479635258361271,2.3918541033445084
5959178118.jpg,train,55.1102941176,0.6060638297866082,3.424255319146433
5959274849.jpg,test,47.26875,0.5132393617020736,3.0529574468082945
5959668491.jpg,val,72.4051724138,0.8107923697725409,4.243169479090163
5960283649.jpg,test,43.7625,0.4717340425531441,2.886936170212577
5961150371.jpg,train,83.1504237288,0.937989542011979,4.751958168047916
5961872098.jpg,train,13.1924778761,0.109860666541078,1.4394426661643125
5962747.jpg,train,25.8181818182,0.2593177422192979,2.037270968877192
5963098166.jpg,train,37.0394736842,0.3921500559908821,2.5686002239635286
5963776272.jpg,train,29.8403361345,0.3069300911859364,2.2277203647437456
5964504987.jpg,train,70.0130434783,0.782475485661791,4.129901942647164
5964655534.jpg,train,49.7039473684,0.5420660694285836,3.1682642777143344
5965102816.jpg,train,75.9779411765,0.8530851063832188,4.412340425532875
5965133754.jpg,train,52.679245283,0.5772862304292589,3.3091449217170354
5965181934.jpg,test,61.5257009346,0.682006363094217,3.728025452376868
5965591233.jpg,train,40.7281553398,0.4358149142737997,2.743259657095199
596587243.jpg,train,65.4217391304,0.7281258094352078,3.912503237740831
5966496820.jpg,train,70.2702702703,0.7855204140313069,4.142081656125228
5966712198.jpg,test,58.8922413793,0.6508327219367056,3.6033308877468224
5966778623.jpg,test,36.25,0.3828046421663111,2.5312185686652446
5967167167.jpg,train,65.4934782609,0.7289750231270065,3.915900092508026
5967293937.jpg,train,61.5,0.6817021276594937,3.726808510637975
5968252137.jpg,train,64.9975728155,0.7231047304271081,3.892418921708432
5968485889.jpg,train,76.2899159664,0.8567781155015702,4.427112462006281
5968558261.jpg,test,73.9473684211,0.8290481522960891,4.316192609184356
5969471767.jpg,test,48.9105504587,0.5326742143273008,3.130696857309203
5970029392.jpg,val,64.1575630252,0.7131610942247189,3.8526443768988754
5971260303.jpg,train,60.4,0.6686808510637511,3.674723404255004
5971597371.jpg,train,73.3918918919,0.8224726854514016,4.289890741805607
5971762123.jpg,test,71.8616071429,0.8043579027359693,4.217431610943877
5973089672.jpg,train,73.9633027523,0.8292367753269285,4.316947101307714
5973209084.jpg,train,19.9470338983,0.1898178867651736,1.7592715470606946
5973304617.jpg,val,65.9956521739,0.7349195189636786,3.9396780758547134
5974147290.jpg,train,23.1486486486,0.2277170787803242,1.9108683151212968
5974719661.jpg,train,27.0084745763,0.2734078615221429,2.093631446088572
5974844404.jpg,train,67.5202702703,0.7529672225419505,4.011868890167802
5975565227.jpg,train,48.5423728814,0.5283159033542337,3.113263613416935
5976052920.jpg,train,59.3340707965,0.6560628883453391,3.624251553381357
5976377870.jpg,train,55.3310810811,0.6086774008052152,3.4347096032208606
5977841815.jpg,test,82.5673913043,0.9310878815904328,4.724351526361731
5977893194.jpg,train,59.6907894737,0.6602855543114198,3.641142217245679
5979005595.jpg,train,78.7534246575,0.8859399591950511,4.543759836780204
5979159909.jpg,train,65.453125,0.7284973404254437,3.913989361701775
5979161459.jpg,train,61.1071428571,0.6770516717319355,3.708206686927742
5980068668.jpg,train,68.2913043478,0.7620943570763783,4.048377428305513
5980262015.jpg,train,46.2710084034,0.501428571428977,3.005714285715908
5982393408.jpg,train,85.0608108108,0.9606037952843932,4.842415181137573
5984121563.jpg,train,19.5804347826,0.1854782608694606,1.7419130434778425
5984140443.jpg,train,65.5398230088,0.7295236302007936,3.9180945208031743
5985353334.jpg,test,64.502293578,0.7172418504783662,3.8689674019134648
5986724634.jpg,train,66.4159292035,0.7398945584630047,3.959578233852018
5987364665.jpg,train,62.9135514019,0.698435076556257,3.793740306225028
5987384542.jpg,test,82.8188073394,0.9340640249846528,4.736256099938611
5987658762.jpg,test,69.0625,0.7712234042552241,4.084893617020896
5990072932.jpg,val,61.7820512821,0.6850409165307736,3.7401636661230944
5991710179.jpg,train,60.0878378378,0.6649856239212681,3.659942495685073
5992863973.jpg,train,73.8378378378,0.8277515813680506,4.311006325472203
5993545370.jpg,train,72.4026548673,0.8107625682549779,4.243050273019912
5993869890.jpg,train,75.6216216216,0.8488671650370144,4.395468660148058
5993929800.jpg,train,79.9642857143,0.9002735562310565,4.601094224924227
5994198578.jpg,train,70.9487179487,0.7935515548278395,4.174206219311358
5994370430.jpg,train,67.9956896552,0.7585950110053692,4.034380044021477
5995040588.jpg,train,80.9556074766,0.9120083515604084,4.648033406241634
5995083892.jpg,train,58.527027027,0.6465094882112208,3.586037952844883
5995809590.jpg,train,49.125,0.5352127659573893,3.1408510638295573
5996266717.jpg,test,72.198630137,0.8083474205771524,4.2333896823086095
5996293393.jpg,train,68.8922018349,0.7692074956083927,4.076829982433571
5996648026.jpg,train,61.247706422,0.6787155963299777,3.714862385319911
5996831643.jpg,train,36.4470338983,0.3851370357013127,2.5405481428052505
5997968998.jpg,test,63.325,0.7033056092842485,3.813222437136994
5998921543.jpg,val,31.5107758621,0.3267039618492059,2.306815847396824
5999140032.jpg,train,43.7920560748,0.4720839133031944,2.8883356532127777
5999303076.jpg,train,42.0309734513,0.4512370551681493,2.804948220672597
5999450318.jpg,train,49.1602564103,0.5356301145667433,3.142520458266973
5999962453.jpg,train,81.002293578,0.9125609994145052,4.650243997658022
6000347443.jpg,train,70.7347972973,0.7910192639447297,4.164077055778918
6000377344.jpg,train,48.6928571429,0.5300972644381406,3.1203890577525626
6000772290.jpg,train,78.1486486486,0.8787809085674545,4.515123634269818
6000896987.jpg,train,66.691588785,0.7431576854238938,3.9726307416955753
6001045244.jpg,train,75.3886554622,0.8461094224924733,4.384437689969893
6001214984.jpg,train,63.4439655172,0.7047138664704455,3.818855465881782
6001258616.jpg,test,64.5691964286,0.7180338145899172,3.872135258359669
6001444866.jpg,train,29.1470588235,0.2987234042549512,2.194893617019805
6001560793.jpg,train,48.2352941176,0.5246808510632169,3.098723404252868
6001836316.jpg,test,44.6764705882,0.4825531914888948,2.930212765955579
6002391220.jpg,train,70.2214285714,0.784942249239686,4.139768996958744
6002788833.jpg,train,67.2426470588,0.7496808510634596,3.9987234042538384
6003444578.jpg,train,80.65,0.9083907156671944,4.633562862668779
6003830397.jpg,train,32.0588235294,0.3331914893615376,2.3327659574461506
6003925442.jpg,train,29.9128440367,0.3077884052313211,2.2311536209252845
6004179446.jpg,test,58.15,0.6420464216633684,3.568185686653474
6004662053.jpg,test,71.9934210526,0.8059182530790329,4.223673012316132
6005119430.jpg,train,56.0266990291,0.6169117950832796,3.4676471803331186
6006544496.jpg,train,49.1973684211,0.5360694288918806,3.1442777155675223
6007032209.jpg,train,25.4033613445,0.2544072948323664,2.0176291793294654
6008172185.jpg,train,63.1869747899,0.7016717325225234,3.806686930090093
6008267730.jpg,val,31.25,0.323617021276572,2.2944680851062884
6010335101.jpg,train,73.4247787611,0.8228619845606936,4.291447938242774
6011182310.jpg,train,30.4955752212,0.314686499717084,2.2587459988683363
6011321842.jpg,test,62.2,0.6899883945840571,3.759953578336229
6011443641.jpg,train,27.1012931034,0.2745066030808507,2.098026412323403
6012494248.jpg,test,32.9882075472,0.3441930951428434,2.3767723805713734
6013203590.jpg,train,31.5472972973,0.3271362852213993,2.308545140885597
6014996044.jpg,test,21.947826087,0.213502312673959,1.854009250695836
6015032576.jpg,test,44.777027027,0.4837435307644382,2.934974123057753
6015497423.jpg,train,62.5803571429,0.6944908814593911,3.777963525837564
6015802455.jpg,train,72.15625,0.8078457446807502,4.231382978723001
6015806731.jpg,train,80.702173913,0.90900832562379,4.636033302495161
6015956857.jpg,train,51.0298165138,0.5577610774940511,3.2310443099762045
6016351794.jpg,train,70.4258474576,0.7873620627475078,4.149448250990031
6016403844.jpg,train,83.6375,0.9437553191488136,4.775021276595254
6018292739.jpg,test,82.825,0.934137330754231,4.736549323016924
6018448805.jpg,train,41.1286407767,0.4405556703160195,2.7622226812640784
6018954377.jpg,train,59.1625,0.6540319148935406,3.6161276595741625
6019043810.jpg,train,49.4305555556,0.5388297872345107,3.1553191489380428
6019255824.jpg,train,47.8223684211,0.5197928331472023,3.079171332588809
6019634729.jpg,train,65.2591743119,0.7262014444657302,3.904805777862921
6019945837.jpg,train,49.4423076923,0.5389689034368395,3.155875613747358
6021031344.jpg,train,70.5044247788,0.7882922236870512,4.153168894748205
6021411453.jpg,train,55.5338983051,0.6110782545980195,3.444313018392078
6021481506.jpg,train,36.3571428571,0.3840729483277268,2.536291793310907
6022378177.jpg,train,46.9539473684,0.5095128779392272,3.0380515117569087
6022545118.jpg,train,45.8073394495,0.4959398789766219,2.983759515906488
6022867548.jpg,train,56.9821428571,0.6282218844979006,3.5128875379916025
6024552297.jpg,train,23.7756410256,0.2351391162024507,1.940556464809803
6024842797.jpg,train,36.9203539823,0.3907399736395709,2.562959894558284
6025425827.jpg,train,45.3347826087,0.4903459759481973,2.961383903792789
6026252669.jpg,train,60.3365384615,0.6679296235673875,3.67171849426955
6026326925.jpg,val,62.6323529412,0.6951063829789189,3.780425531915676
6026481577.jpg,train,43.4391891892,0.4679068430133072,2.8716273720532293
6027079771.jpg,test,35.6205357143,0.3753533434651827,2.501413373860731
6027104916.jpg,train,68.8165137615,0.768311536209538,4.073246144838151
6027592169.jpg,train,49.7289719626,0.5423622986674694,3.1694491946698777
6027700445.jpg,train,47.8482142857,0.5200987841943048,3.080395136777219
6028150139.jpg,train,33.5330188679,0.3506423123240493,2.4025692492961976
6028637115.jpg,train,40.4428571429,0.4324376899700711,2.7297507598802846
6029121560.jpg,train,71.7879464286,0.8034859422494781,4.213943768997913
6029275021.jpg,train,68.0221238938,0.7589079269439224,4.035631707775689
6030228496.jpg,train,79.7094594595,0.8972570442786856,4.589028177114742
6030949586.jpg,train,56.3108695652,0.6202756706750238,3.481102682700095
6031428768.jpg,test,76.7697368421,0.8624580067187531,4.449832026875012
6031659162.jpg,test,70.0663716814,0.7831067595553537,4.132427038221415
6031843630.jpg,val,73.3781512605,0.8223100303949838,4.289240121579935
6032331327.jpg,train,58.3195652174,0.6440536540240799,3.5762146160963195
6033104227.jpg,train,74.3738938053,0.8340971568440652,4.336388627376261
6034206796.jpg,train,63.4198113208,0.7044279405865617,3.817711762346247
6034305010.jpg,train,26.7075892857,0.2698461246198765,2.0793844984795062
6035124340.jpg,train,73.7767857143,0.8270288753800045,4.308115501520017
6035849303.jpg,val,64.391025641,0.7159247135838983,3.863698854335593
6036947560.jpg,train,78.5353982301,0.883359066089272,4.533436264357087
6037494854.jpg,train,54.9933035714,0.6046789513673744,3.418715805469497
6038209414.jpg,test,67.7638888889,0.7558510638298261,4.023404255319305
6038295974.jpg,train,49.1134453782,0.5350759878424648,3.140303951369859
6038701648.jpg,train,32.3194444444,0.336276595744129,2.345106382976516
6039555736.jpg,train,77.3310810811,0.8691029327200672,4.476411730880269
6039986831.jpg,train,63.8996815287,0.7101084157748547,3.840433663099419
6040260022.jpg,train,38.3252427184,0.4073703780204812,2.629481512081925
6041797981.jpg,train,64.8411214953,0.7212527341415687,3.8850109365662746
6042672092.jpg,train,51.1168224299,0.5587910121295093,3.2351640485180373
6043711166.jpg,train,68.8877118644,0.7691543454740407,4.076617381896163
6044839741.jpg,train,70.2702702703,0.7855204140313069,4.142081656125228
6044933517.jpg,train,77.777027027,0.8743818286367164,4.497527314546866
6045595814.jpg,train,66.0917431193,0.736056997853133,3.944227991412532
6045753888.jpg,train,64.0066371681,0.71137450574222,3.84549802296888
6046652289.jpg,val,73.0911214953,0.8189123086096382,4.275649234438553
6046933267.jpg,train,77.0833333333,0.8661702127654527,4.464680851061811
6047228959.jpg,train,65.6514423077,0.7308449263502479,3.923379705400992
6048178491.jpg,train,32.3938053097,0.3371568442850108,2.348627377140043
6048377722.jpg,train,74.2569444444,0.8327127659568159,4.330851063827264
6050570749.jpg,test,45.5909090909,0.4933778793738524,2.97351151749541
6051776132.jpg,test,77.6592920354,0.8729881378270609,4.491952551308243
6052522172.jpg,test,65.4875,0.7289042553190606,3.915617021276242
6052669253.jpg,train,65.4722222222,0.7287234042549678,3.914893617019872
6052980564.jpg,train,68.7331932773,0.7673252279633022,4.069300911853208
6052981024.jpg,train,66.925,0.7459206963248606,3.9836827852994414
6053711143.jpg,train,53.9189189189,0.5919608970669895,3.367843588267958
6054384333.jpg,train,62.1285714286,0.6891428571431133,3.756571428572453
6055173386.jpg,train,69.6985981308,0.7787532312581165,4.115012925032466
6056249968.jpg,train,48.64375,0.529515957446752,3.118063829787008
6059213593.jpg,train,61.8793103448,0.6861922230370093,3.744768892148037
6059364561.jpg,train,72.0934782609,0.8071026827014621,4.228410730805848
6059439026.jpg,train,65.9423076923,0.7342880523729786,3.937152209491914
6059676315.jpg,val,69.972972973,0.7820011500864796,4.128004600345919
6060968148.jpg,train,65.2521186441,0.7261179228275562,3.9044716913102246
6061284714.jpg,train,74.5291262136,0.8359347242305174,4.343738896922069
6061619361.jpg,train,47.5882352941,0.5170212765954812,3.068085106381925
6062434084.jpg,train,51.6,0.5645106382978102,3.258042553191241
6063249330.jpg,test,58.825,0.6500367504834833,3.600147001933933
6063545051.jpg,test,46.5959821429,0.5052754559275063,3.0211018237100253
6064738730.jpg,test,71.9338235294,0.805212765957207,4.220851063828828
6065678020.jpg,train,69.6756756757,0.7784818861416524,4.113927544566609
6065704403.jpg,test,67.7432432432,0.755606670499683,4.022426681998732
6066096952.jpg,train,56.2894736842,0.6200223964163777,3.4800895856655107
6066179576.jpg,val,54.1907894737,0.5951791713327067,3.380716685330827
6066562802.jpg,train,69.322815534,0.7743048956828444,4.097219582731378
6067571211.jpg,train,66.237394958,0.7377811550153067,3.951124620061227
6067656779.jpg,val,73.781779661,0.827087991344809,4.308351965379236
6068598546.jpg,train,62.6857798165,0.695738824907035,3.78295529962814
6068776554.jpg,train,61.232300885,0.678533232913266,3.714132931653064
6070920773.jpg,train,80.2284482759,0.9034005869409052,4.613602347763621
6070993297.jpg,val,57.3095238095,0.6320972644373353,3.528389057749341
6071037995.jpg,train,25.9709821429,0.2611265197573325,2.04450607902933
6071930227.jpg,val,21.14375,0.2039840425531868,1.815936170212748
6072006649.jpg,test,67.6823308271,0.7548856183013621,4.0195424732054486
6072373526.jpg,train,69.8528037383,0.7805786438652729,4.122314575461092
6072752880.jpg,train,67.0,0.7468085106382067,3.987234042552827
6073381897.jpg,train,73.1346153846,0.8194271685758199,4.27770867430328
6073506056.jpg,test,71.2648305085,0.797293544897425,4.1891741795897
6074442813.jpg,train,65.0460526316,0.7236786114223343,3.894714445689337
6074911475.jpg,train,49.15,0.535508704061838,3.142034816247352
6075825527.jpg,train,62.3088235294,0.6912765957444593,3.765106382977837
6077061574.jpg,test,68.468220339,0.764188604399674,4.056754417598696
6077250722.jpg,train,60.4292035398,0.6690265486722152,3.676106194688861
6077930890.jpg,train,30.1041666667,0.3100531914897347,2.240212765958939
6078173140.jpg,train,71.7142857143,0.802613981762987,4.210455927051948
6078472527.jpg,test,61.3053097345,0.6793974769344263,3.717589907737705
6079223986.jpg,train,63.3644067797,0.7037720879917222,3.815088351966889
6080237953.jpg,val,59.5068807339,0.6581085301575013,3.632434120630005
6080350914.jpg,train,76.5022321429,0.8592914133742584,4.437165653497034
6080905239.jpg,train,79.5575221239,0.8954584823949877,4.58183392957995
6081414146.jpg,train,58.5913461538,0.6472708674298203,3.5890834697192813
6082438802.jpg,train,69.8986486486,0.781121334099385,4.12448533639754
6084731334.jpg,test,38.9197247706,0.4144075736867548,2.657630294747019
6087235314.jpg,train,55.3310810811,0.6086774008052152,3.4347096032208606
6087381283.jpg,train,64.063559322,0.7120483231152722,3.848193292461089
6087844508.jpg,train,71.8915929204,0.8047128601021201,4.21885144040848
6088173087.jpg,train,68.2014563107,0.7610307787648659,4.044123115059463
6088627872.jpg,train,72.1995798319,0.8083586626134928,4.233434650453971
6088697532.jpg,train,55.5825892857,0.6116546352581199,3.44661854103248
6088929536.jpg,train,78.1732283465,0.8790718713356324,4.516287485342529
6090586494.jpg,train,70.3846153846,0.7868739770864633,4.147495908345853
6091930648.jpg,train,68.8718487395,0.768966565349499,4.075866261397996
6092043977.jpg,train,68.1785714286,0.7607598784196976,4.04303951367879
6092350487.jpg,test,70.5675675676,0.7890396779761342,4.156158711904537
6092502687.jpg,train,51.9224137931,0.5683272193689353,3.273308877475741
6093133362.jpg,test,51.9935344828,0.5691691122528114,3.2766764490112457
6093527262.jpg,train,74.7958715596,0.8390923287131475,4.35636931485259
6094279767.jpg,train,60.6651785714,0.6718199088141722,3.687279635256689
6095610288.jpg,train,37.796460177,0.4011109019017821,2.6044436076071285
6095633645.jpg,train,38.125,0.4049999999999633,2.619999999999853
6096610009.jpg,train,67.4894067797,0.752601875225757,4.010407500903028
6096713881.jpg,val,40.4077669903,0.4320223094402607,2.7280892377610426
6098070477.jpg,val,64.9932432432,0.7230534790103266,3.8922139160413054
6098120607.jpg,test,23.7989864865,0.2354154686602998,1.9416618746411995
6098553690.jpg,train,41.3008849558,0.4425946149506266,2.7703784598025063
6098945608.jpg,train,74.747826087,0.8385235892696041,4.3540943570784165
6098953309.jpg,train,63.108490566,0.7007426736245197,3.802970694498079
6099389158.jpg,test,36.4605263158,0.3852967525196879,2.541187010078752
6100280225.jpg,val,55.2683486239,0.6079348038263681,3.4317392153054724
6100334587.jpg,train,57.7628205128,0.637463175122433,3.549852700489732
6102774302.jpg,train,58.1260504202,0.6417629179334343,3.5670516717337373
6103897334.jpg,train,22.2879464286,0.2175284954410609,1.870113981764244
6104666546.jpg,train,66.5805084746,0.7418427695638399,3.96737107825536
610496828.jpg,train,75.6319444444,0.8489893617014942,4.395957446805976
6105670251.jpg,train,75.7394067797,0.8502614496938267,4.401045798775307
6106078585.jpg,val,65.0168269231,0.7233326513913477,3.893330605565391
6106478357.jpg,train,58.4703389831,0.6458384421209539,3.5833537684838155
6106890458.jpg,train,58.95625,0.6515904255318389,3.606361702127356
6107208468.jpg,train,65.0630434783,0.7238797409809493,3.895518963923797
6107409429.jpg,val,53.1794871795,0.5832078559739001,3.3328314238956005
6107838272.jpg,train,48.5086206897,0.5279163609689264,3.111665443875705
6109808754.jpg,val,75.8093220339,0.8510890732058265,4.404356292823306
6110951544.jpg,train,77.0022123894,0.8652099416306985,4.460839766522794
6111148526.jpg,train,27.6081081081,0.2805060379527336,2.122024151810934
6112454258.jpg,train,58.8960176991,0.6508774242136417,3.603509696854567
6112534853.jpg,train,54.5884955752,0.5998870269249303,3.3995481076997214
6112607748.jpg,val,72.1467889908,0.8077337497555974,4.23093499902239
611264152.jpg,train,59.3289473684,0.6560022396413314,3.6240089585653257
6112648095.jpg,train,67.1586538462,0.7486865793785236,3.9947463175140943
6113347868.jpg,test,51.7584745763,0.5663865849263515,3.265546339705406
6113677746.jpg,val,75.5767326733,0.8483357910261905,4.3933431641047616
6113689999.jpg,train,74.0921052632,0.8307614781638877,4.323045912655551
6114016805.jpg,train,62.9826086957,0.6992525439412781,3.797010175765113
6114724699.jpg,train,44.6808035714,0.4826044832822874,2.9304179331291498
6114847662.jpg,test,64.3685344828,0.7156584739549158,3.862633895819663
6114886448.jpg,train,72.5233050847,0.812190768120525,4.248763072482101
6115396985.jpg,test,70.7087155963,0.7907105211785401,4.1628420847141605
6115480209.jpg,train,62.1559633028,0.6894671091162351,3.757868436464941
6116188135.jpg,test,72.8728813559,0.816328885682892,4.265315542731567
6117273943.jpg,train,72.671875,0.8139494680850046,4.255797872340018
611785273.jpg,train,32.2099056604,0.334979927740106,2.339919710960424
6118735934.jpg,test,76.397826087,0.858055504163218,4.432222016652872
6118739597.jpg,train,48.09375,0.5230053191488807,3.092021276595523
6118760299.jpg,test,77.8962264151,0.8757928542753467,4.503171417101386
6119101323.jpg,train,66.8472222222,0.7449999999996461,3.979999999998584
6119482341.jpg,train,65.6134453782,0.7303951367786039,3.921580547114416
6119560603.jpg,train,81.7065217391,0.9208973172983184,4.6835892691932735
6120678876.jpg,train,49.675,0.5417234042552607,3.1668936170210427
6121503317.jpg,train,74.4861111111,0.8354255319146568,4.341702127658627
6121672426.jpg,train,47.2589285714,0.5131231003035592,3.052492401214237
6121771164.jpg,train,79.3026315789,0.89244120940582,4.56976483762328
6121783761.jpg,train,60.88125,0.6743776595743884,3.6975106382975538
6122580003.jpg,train,19.21875,0.1811968085106373,1.7247872340425492
6123127594.jpg,train,68.2110091743,0.7611438610186996,4.044575444074798
6123909061.jpg,train,71.2867647059,0.7975531914894713,4.190212765957885
6124044226.jpg,test,71.9797297297,0.805756181713176,4.223024726852704
6124674840.jpg,train,67.2291666667,0.7495212765960476,3.9980851063841913
6125004754.jpg,train,67.2869565217,0.7502053654018503,4.000821461607401
6125799438.jpg,train,77.2935779817,0.8686589888741718,4.474635955496687
6127342377.jpg,val,35.147826087,0.3697576318228703,2.479030527291481
6127748837.jpg,test,67.9491150442,0.7580436829215782,4.032174731686313
6128176020.jpg,train,35.6923076923,0.3762029459900569,2.5048117839602275
6128487555.jpg,train,34.9491150442,0.3674053850493,2.4696215401972
6128600017.jpg,train,80.7256637168,0.909286386744208,4.637145546976832
6128722390.jpg,train,62.3684210526,0.691982082866285,3.76792833146514
6128851294.jpg,train,64.7565789474,0.720251959686737,3.881007838746948
6129702417.jpg,train,60.0878378378,0.6649856239212681,3.659942495685073
6130471976.jpg,train,20.5200892857,0.1966014437688243,1.7864057750752975
6131302144.jpg,train,73.875,0.828191489361598,4.312765957446392
6131345309.jpg,test,69.5108695652,0.776530989823935,4.10612395929574
6132160018.jpg,train,32.8813559322,0.3429282365668282,2.371712946267313
6132687106.jpg,train,76.1418918919,0.8550258769407582,4.420103507763033
6132687448.jpg,train,58.4527027027,0.6456296722253099,3.5825186889012395
6133227550.jpg,train,51.7692307692,0.566513911619868,3.266055646479472
6133915607.jpg,train,58.4326923077,0.6453927986906871,3.5815711947627484
6135085548.jpg,train,34.8175675676,0.3658481886144996,2.463392754457998
6136695263.jpg,train,47.1029411765,0.5112765957449754,3.0451063829799017
6138227307.jpg,train,76.825,0.8631121856865441,4.452448742746176
6138363884.jpg,test,72.8928571429,0.816565349544478,4.266261398177912
6138545533.jpg,train,53.3205128205,0.5848772504089481,3.3395090016357925
6139148199.jpg,train,43.0675675676,0.4635077630825691,2.854031052330276
6141644899.jpg,train,70.139380531,0.7839710035776979,4.135884014310792
6141827403.jpg,train,73.9327731092,0.8288753799385882,4.315501519754353
6142185721.jpg,test,39.6009174312,0.4224712082764479,2.689884833105792
6142593562.jpg,train,52.5804347826,0.5761165587417387,3.304466234966955
6142750214.jpg,train,60.0672268908,0.6647416413378252,3.658966565351301
6142852545.jpg,train,59.3289473684,0.6560022396413314,3.6240089585653257
6143005598.jpg,train,27.4831932773,0.2790273556229544,2.1161094224918173
6143020134.jpg,val,68.5277777778,0.7648936170214455,4.059574468085782
6143211622.jpg,train,71.5609756098,0.8007991696942445,4.203196678776978
6143633711.jpg,train,65.96875,0.734601063829698,3.938404255318792
6143698715.jpg,test,33.6349557522,0.3518489926565752,2.4073959706263013
6144141675.jpg,train,46.2593457944,0.5012905150129615,3.005162060051846
6144182512.jpg,train,42.3898305085,0.4554850342591815,2.821940137036726
6144690260.jpg,test,76.4399038462,0.8585536006551018,4.434214402620407
6144702078.jpg,test,54.0357142857,0.593343465045357,3.373373860181428
6146146023.jpg,test,80.7739130435,0.9098575393155888,4.639430157262355
6146595160.jpg,test,71.6261682243,0.8015708888446119,4.206283555378448
6147028264.jpg,train,67.7208737864,0.7553418715139656,4.021367486055862
6147638271.jpg,test,76.5486111111,0.8598404255316742,4.439361702126696
6147756679.jpg,train,58.0625,0.641010638297798,3.564042553191192
6148781935.jpg,train,73.4871794872,0.8236006546646238,4.294402618658495
6149089572.jpg,test,73.3517699115,0.8219977405383495,4.287990962153398
6149327841.jpg,train,50.358974359,0.5498199672670195,3.199279869068078
6149786725.jpg,train,69.8986486486,0.781121334099385,4.12448533639754
615034576.jpg,train,13.16875,0.1095797872340529,1.4383191489362115
6150431643.jpg,train,57.1,0.6296170212765233,3.518468085106093
6151722057.jpg,train,72.2027027027,0.8083956296720923,4.233582518688369
6153674206.jpg,train,74.5387931034,0.8360491562722505,4.344196625089002
6153807982.jpg,train,66.7053571429,0.7433206686934258,3.9732826747737033
6153962968.jpg,test,40.6605504587,0.4350146398592312,2.7400585594369247
6153984860.jpg,train,53.391025641,0.5857119476264722,3.3428477905058886
6153987026.jpg,train,79.4945652174,0.8947132284921251,4.5788529139685
6154151584.jpg,train,45.6470588235,0.4940425531910902,2.976170212764361
6154181656.jpg,train,62.6652542373,0.6954958528669886,3.781983411467954
6154682169.jpg,train,57.175,0.6305048355898693,3.522019342359477
6156825791.jpg,test,66.0388349515,0.7354306961375895,3.941722784550358
6157269517.jpg,train,54.838362069,0.6028448275865468,3.411379310346187
6157377531.jpg,train,70.2853982301,0.7856994916212025,4.14279796648481
6158806771.jpg,train,16.8008474576,0.1525748287050557,1.6102993148202231
6160181184.jpg,train,74.3487394958,0.8337993920971793,4.335197568388717
6160253188.jpg,train,29.0065789474,0.2970604703251024,2.1882418813004096
6160448268.jpg,train,44.6808035714,0.4826044832822874,2.9304179331291498
6160450342.jpg,train,37.4849137931,0.3974229640498136,2.5896918561992543
6162009461.jpg,train,65.9976635514,0.7349433286934658,3.939773314773863
6162806548.jpg,train,58.4004237288,0.6450108186077703,3.5800432744310813
6162845121.jpg,val,71.0871559633,0.7951903181728142,4.180761272691257
6163494059.jpg,train,72.3296460177,0.8098983242326337,4.239593296930535
6163563949.jpg,val,72.025,0.8062920696323946,4.225168278529578
6163576407.jpg,val,63.5067567568,0.7054571592873738,3.821828637149496
6163642388.jpg,train,73.0661764706,0.8186170212766324,4.2744680851065295
6163705024.jpg,train,76.6495535714,0.8610353343460571,4.444141337384228
6164110615.jpg,test,56.3826086957,0.6211248843668224,3.48449953746729
6164643779.jpg,val,68.5782608696,0.7654912118412057,4.061964847364823
6166445475.jpg,train,47.0940366972,0.5111711887559697,3.0446847550238787
6166626410.jpg,test,48.9353448276,0.5329677182686314,3.1318708730745257
6166766826.jpg,train,68.6205357143,0.765991641337461,4.063966565349844
616692637.jpg,train,38.0093457944,0.4036309405448919,2.614523762179568
6167276187.jpg,val,16.2307692308,0.1458265139119891,1.5833060556479566
6167489115.jpg,train,68.9712389381,0.7701430992284777,4.080572396913911
6167876275.jpg,train,64.847826087,0.7213320999079207,3.8853283996316814
6168174174.jpg,train,60.5571428571,0.6705410334340641,3.682164133736257
6169499538.jpg,train,77.725,0.873765957446697,4.495063829786789
6169751513.jpg,val,68.125,0.760125725338398,4.040502901353592
6170589548.jpg,test,64.4348739496,0.7164437689971129,3.865775075988452
6170767458.jpg,train,66.5695652174,0.7417132284921495,3.966852913968598
6171193930.jpg,train,34.3142857143,0.3598905775077384,2.4395623100309534
6171205916.jpg,train,56.7064220183,0.6249580324022417,3.4998321296089667
6171792130.jpg,train,76.6,0.8604487427465057,4.441794970986023
6172349199.jpg,val,71.9915966387,0.8058966565353811,4.2235866261415245
6172964730.jpg,test,23.8224299065,0.2356929807113636,1.9427719228454543
6173003449.jpg,test,72.6009174312,0.8131095061487261,4.2524380245949045
61745002.jpg,test,47.7727272727,0.5192052048527962,3.076820819411185
6175048748.jpg,val,70.9040178571,0.793022416412768,4.172089665651072
6175206335.jpg,train,61.5,0.6817021276594937,3.726808510637975
6175384810.jpg,train,67.0793269231,0.7477475450083652,3.9909901800334606
6175479501.jpg,val,59.6752336449,0.6601014118118916,3.640405647247567
6176401677.jpg,train,34.8168316832,0.3658394775651223,2.463357910260489
6177131907.jpg,train,57.3152173913,0.6321646623495519,3.528658649398208
6177166693.jpg,train,70.1788990826,0.7844388053877404,4.137755221550961
6177663697.jpg,train,68.525210084,0.7648632218840065,4.059452887536025
6178467080.jpg,train,75.1101694915,0.8428128380810928,4.371251352324372
6178888063.jpg,train,62.3918918919,0.6922599194939756,3.7690396779759023
6179066994.jpg,train,62.3830275229,0.6921549873116158,3.768619949246464
6180251027.jpg,train,68.375,0.763085106382885,4.05234042553154
6180327231.jpg,train,83.7920353982,0.9455846356613548,4.78233854264542
6180360861.jpg,train,67.5110619469,0.7528582187910645,4.0114328751642585
6181551181.jpg,train,56.7224576271,0.6251478543091197,3.5005914172364787
6182410940.jpg,train,65.4487179487,0.7284451718491264,3.9137806873965055
6183915148.jpg,train,36.0067567568,0.3799252443938087,2.519700977575235
6184879643.jpg,val,62.3175675676,0.6913801035080647,3.765520414032258
6185806763.jpg,train,75.8900862069,0.8520451210564258,4.408180484225703
6186480885.jpg,train,62.1470588235,0.6893617021272294,3.757446808508917
6186608340.jpg,train,43.2205882353,0.4653191489361935,2.861276595744774
6188110673.jpg,test,75.1026785714,0.842724164133294,4.370896656533176
6188375845.jpg,train,39.6185344828,0.4226797505507071,2.6907190022028287
6189434531.jpg,train,52.2280405405,0.5719450833807104,3.287780333522841
6190085634.jpg,test,51.8865546218,0.5679027355616705,3.271610942246682
6190472459.jpg,val,64.5608695652,0.7179352451430933,3.871740980572373
6190639250.jpg,test,72.5827067669,0.8128939369697784,4.251575747879114
6190643783.jpg,train,71.60625,0.8013351063828789,4.205340425531515
6191653562.jpg,train,74.8943965517,0.8402586206892634,4.361034482757054
6192180077.jpg,train,70.3970588235,0.787021276595299,4.148085106381195
6192537618.jpg,test,71.9122137405,0.8049569595586229,4.219827838234492
6193425785.jpg,train,69.4127358491,0.7753693295869295,4.101477318347718
6194409059.jpg,train,77.9256756757,0.876141460609722,4.504565842438888
6194607609.jpg,train,76.14375,0.8550478723403171,4.420191489361269
6194753185.jpg,train,70.1625,0.7842446808509667,4.136978723403867
6197628088.jpg,train,76.0138888889,0.8535106382978956,4.414042553191583
6198414386.jpg,train,58.4579646018,0.645691960083128,3.582767840332512
6198870834.jpg,train,59.3739495798,0.6565349544068401,3.62613981762736
6199129652.jpg,train,64.3028846154,0.7148813420622891,3.8595253682491566
6199370121.jpg,test,76.4695652174,0.8589047178538329,4.435618871415332
6199923383.jpg,train,47.2311320755,0.5127940586112807,3.0511762344451228
6200906518.jpg,train,60.0315533981,0.6643193555054772,3.6572774220219086
6201268474.jpg,val,65.7889908257,0.7324731602577138,3.9298926410308552
6201290598.jpg,val,65.6621621622,0.7309718228870759,3.923887291548304
6201330007.jpg,train,66.0747663551,0.7358560349964521,3.943424139985809
6202357240.jpg,train,51.4956896552,0.5632758620692302,3.2531034482769208
6202637984.jpg,train,77.05,0.8657756286265823,4.463102514506329
6204572206.jpg,train,73.1346153846,0.8194271685758199,4.27770867430328
62049415.jpg,train,44.9525862069,0.4858217168011651,2.9432868672046606
6205007970.jpg,train,66.1238938053,0.7364375823759955,3.945750329503982
6205974624.jpg,val,51.9558823529,0.5687234042547689,3.2748936170190754
6206537563.jpg,train,40.7898230088,0.4365449067965849,2.74617962718634
6206641810.jpg,train,72.9867256637,0.8176765204289962,4.270706081715985
6207546656.jpg,train,53.0733944954,0.581951981260763,3.327807925043052
6208184332.jpg,train,36.7743362832,0.3890114855960664,2.556045942384266
6208522710.jpg,train,67.9012605042,0.7574772036473036,4.029908814589215
6208981295.jpg,train,65.9144736842,0.7339585666291256,3.935834266516504
6209362711.jpg,train,70.15,0.7840967117987424,4.13638684719497
6210021795.jpg,train,52.8673913043,0.5795134135053823,3.3180536540215293
6210436753.jpg,train,43.5878378378,0.469666474985129,2.878665899940516
6210494281.jpg,test,59.7075892857,0.6604844224921548,3.641937689968619
6211550250.jpg,train,51.0454545455,0.5579461930723953,3.2317847722895814
6211562802.jpg,train,62.2457627119,0.6905301117926218,3.762120447170487
6214101646.jpg,train,60.3108108108,0.6676250718801845,3.670500287520738
6216457478.jpg,test,64.9195652174,0.7221813135985357,3.888725254394143
6216628901.jpg,train,81.85,0.9225957446807318,4.690382978722927
6218336714.jpg,test,75.1794871795,0.8436333878887522,4.374533551555009
6219475255.jpg,test,61.1808035714,0.6779236322184266,3.711694528873706
6220511513.jpg,train,63.3761682243,0.7039113143765424,3.8156452575061697
6220758013.jpg,test,67.6629464286,0.7546561550154433,4.0186246200617735
6221634862.jpg,train,46.2673913043,0.5013857539309267,3.005543015723706
6222011944.jpg,val,63.1305309735,0.7010035774811927,3.8040143099247694
6222668667.jpg,val,70.0,0.7823210831720502,4.129284332688201
6224117679.jpg,train,53.9258474576,0.5920429138113686,3.3681716552454746
6224309834.jpg,test,23.3055555556,0.2295744680856238,1.918297872342495
6224567547.jpg,train,42.5369565217,0.4572266419976416,2.8289065679905665
6224584485.jpg,train,36.0046728972,0.3799005766554102,2.519602306621641
6225839332.jpg,train,58.8256880734,0.6500448955689919,3.600179582275968
6225884368.jpg,train,14.4929906542,0.1252555179955669,1.5010220719822676
6226065978.jpg,test,65.8851351351,0.7336112708448084,3.9344450833792335
6226355668.jpg,train,67.6991525424,0.7550847457629404,4.0203389830517615
6226545880.jpg,train,64.3986486486,0.7160149511206719,3.864059804482688
6226958482.jpg,train,77.3486842105,0.8693113101899473,4.477245240759789
6227646726.jpg,val,64.027027027,0.7116158711899339,3.846463484759736
6227862554.jpg,train,71.19375,0.7964521276594754,4.1858085106379015
6227951538.jpg,train,45.5202702703,0.4925416906270983,2.970166762508393
6228242896.jpg,train,49.5833333333,0.5406382978718874,3.1625531914875498
6228278450.jpg,val,62.6239130435,0.6950064754858359,3.780025901943344
6228740926.jpg,train,67.7891304348,0.7561498612397062,4.024599444958825
6229984844.jpg,train,59.2948113208,0.6555981533525268,3.622392613410107
6230011878.jpg,val,77.4797297297,0.870862564691889,4.483450258767556
6232031392.jpg,test,71.8241525424,0.8039145329969751,4.215658131987901
6232083444.jpg,train,54.0573394495,0.5935994534446914,3.374397813778766
6233076325.jpg,train,74.9553571429,0.8409802431614953,4.363920972645982
6233367790.jpg,train,60.6422018349,0.6715479211403231,3.686191684561293
62339435.jpg,train,67.4159663866,0.7517325227967978,4.006930091187192
6235008903.jpg,train,72.6617647059,0.8138297872341496,4.255319148936598
6235266506.jpg,train,57.3082524272,0.6320822144186196,3.5283288576744782
6236533476.jpg,train,71.3541666667,0.7983510638300824,4.1934042553203295
6237039351.jpg,train,73.304245283,0.8214351665994327,4.28574066639773
6237051127.jpg,train,58.1214285714,0.6417082066865175,3.56683282674607
6237170971.jpg,train,61.1970338983,0.6781157591055214,3.712463036422085
6237287200.jpg,train,36.7254464286,0.3884327507601826,2.5537310030407303
6237907286.jpg,test,67.1473214286,0.7485524316111889,3.994209726444756
6238087656.jpg,train,66.4551886792,0.7403592934558171,3.961437173823268
6238203210.jpg,train,47.40625,0.5148670212765415,3.059468085106166
6238346062.jpg,train,73.400862069,0.8225788701397033,4.290315480558814
6238543010.jpg,train,62.4330357143,0.6927469604864087,3.770987841945635
6238988012.jpg,val,52.4913793103,0.5750623624352089,3.300249449740836
6239374380.jpg,train,82.3851351351,0.9289304197809476,4.71572167912379
6239620274.jpg,train,72.925,0.8169458413925476,4.267783365570191
6239948477.jpg,train,46.1148648649,0.4995802185167528,2.998320874067012
6243575043.jpg,train,51.4871794872,0.5631751227497718,3.252700490999087
6243772733.jpg,train,37.4696261682,0.3972419964204365,2.5889679856817462
6244943274.jpg,val,39.2629310345,0.4184702861336942,2.6738811445347768
6245095836.jpg,train,63.2695652174,0.7026493987049217,3.810597594819687
6245438349.jpg,train,76.4978991597,0.8592401215808657,4.436960486323462
6245654215.jpg,train,75.4879807692,0.847285188215568,4.389140752862272
6245749984.jpg,train,54.2631578947,0.5960358342660141,3.384143337064057
62458506.jpg,test,64.5320512821,0.7175941080201301,3.870376432080521
6246977871.jpg,train,25.8243243243,0.2593904542837699,2.03756181713508
6248527465.jpg,test,75.6391509434,0.8490746688076449,4.39629867523058
6249554399.jpg,train,67.2894736842,0.7502351623738038,4.000940649495215
6249766642.jpg,train,74.5263157895,0.8359014557672835,4.343605823069134
6250057202.jpg,train,69.1554054054,0.7723231742379086,4.0892926969516346
62503983.jpg,train,36.3974358974,0.384549918166481,2.5381996726659244
6251598886.jpg,test,53.3727678571,0.5854958206681202,3.341983282672481
6251689254.jpg,train,44.425,0.4795764023210345,2.918305609284138
6251795586.jpg,test,73.4878640777,0.8236087585212195,4.294435034084878
6252006096.jpg,train,38.447265625,0.4088148271276222,2.6352593085104887
6252132752.jpg,train,60.6081081081,0.6711443358250118,3.684577343300047
6252195920.jpg,val,71.7542372881,0.8030869094837916,4.212347637935166
6252279555.jpg,train,67.0699152542,0.7476361341502066,3.9905445366008254
6252497829.jpg,test,57.8660714286,0.6386854103346108,3.554741641338443
6252913864.jpg,val,48.2760869565,0.5251637372799829,3.100654949119932
6253185409.jpg,train,47.0986842105,0.5112262038070257,3.044904815228102
6253604200.jpg,train,67.4935897436,0.7526513911620587,4.010605564648235
6253829392.jpg,train,59.7125,0.6605425531914119,3.642170212765648
6254765942.jpg,train,73.5841346154,0.8247483633388675,4.29899345335547
6255399920.jpg,train,71.2345132743,0.7969346639045739,4.187738655618295
6255404207.jpg,train,71.6538461538,0.8018985270042638,4.207594108017055
6255414433.jpg,train,59.1216216216,0.6535480161008753,3.614192064403501
6255855320.jpg,val,54.1330275229,0.5944954128435462,3.377981651374185
6256521905.jpg,val,72.6816037736,0.8140646326777163,4.256258530710865
6256829619.jpg,val,78.6507633588,0.8847247035895504,4.538898814358202
6256953359.jpg,train,72.0285714286,0.8063343465047969,4.225337386019188
6257410462.jpg,train,38.5195652174,0.409670675300713,2.6386827012028524
6257507740.jpg,train,61.1681034483,0.6777732942041674,3.7110931768166697
6257550303.jpg,train,41.2012711864,0.4414154345468975,2.76566173818759
6258118545.jpg,test,36.5826086957,0.3867419056434556,2.5469676225738223
6258120264.jpg,val,71.5995575221,0.8012558840139272,4.205023536055709
6258336058.jpg,train,38.338362069,0.4075256786504077,2.630102714601631
6259041958.jpg,train,70.2847222222,0.7856914893613417,4.142765957445366
6259163279.jpg,train,40.4334862385,0.4323267616626668,2.729307046650668
6259804978.jpg,train,33.6071428571,0.3515197568383703,2.4060790273534813
6261187277.jpg,train,50.725,0.5541528046421059,3.216611218568424
6264153932.jpg,test,40.6605504587,0.4350146398592312,2.7400585594369247
6264326921.jpg,train,43.9441964286,0.4738848784197434,2.895539513678973
6264359892.jpg,train,72.641025641,0.8135842880519678,4.254337152207871
6264868738.jpg,train,40.6438053097,0.4348164187530804,2.7392656750123217
6265723593.jpg,train,72.6216814159,0.8133553003196429,4.253421201278572
6266190688.jpg,train,54.0961538462,0.5940589198040801,3.3762356792163204
6267817145.jpg,test,64.975,0.7228375241778623,3.891350096711449
6267962364.jpg,train,53.2013274336,0.5834663905098614,3.333865562039445
6268176546.jpg,test,75.8739495798,0.8518541033429791,4.407416413371916
6268918476.jpg,train,71.4196428571,0.7991261398170224,4.19650455926809
6269063819.jpg,train,51.625,0.564806576402259,3.259226305609036
6272061393.jpg,val,73.6891891892,0.8259919493962288,4.303967797584916
6272882973.jpg,train,53.8846153846,0.5915548281503243,3.3662193126012974
6272884743.jpg,train,48.8058035714,0.5314342705163222,3.1257370820652888
6273772448.jpg,train,77.0752212389,0.8660741856518589,4.464296742607436
6273784733.jpg,train,40.8221153846,0.4369271685758809,2.7477086743035235
6274128274.jpg,val,61.1173913043,0.6771729879734518,3.7086919518938073
6274950285.jpg,test,76.675,0.8613365570598519,4.445346228239408
6275395379.jpg,train,72.0825892857,0.8069737841942589,4.227895136777036
6275790989.jpg,train,49.2003424658,0.5361046342179231,3.1444185368716924
6276334186.jpg,test,35.44375,0.3732606382978407,2.493042553191363
6277079135.jpg,train,56.8622881356,0.6268031013343032,3.5072124053372127
6278202326.jpg,train,28.4256756757,0.2901840138013046,2.1607360552052186
6279019362.jpg,train,62.552173913,0.6941572617940371,3.776629047176149
6279173860.jpg,train,57.3628318584,0.6327282997550682,3.5309131990202727
6279975735.jpg,train,62.7327586207,0.6962949376376035,3.785179750550414
6280923250.jpg,test,69.7737068966,0.7796423330892499,4.118569332357
6282202152.jpg,train,72.4762931034,0.8116342626552331,4.246537050620932
6283537466.jpg,train,55.4197247706,0.6097267226228938,3.4389068904915754
6283627097.jpg,test,57.8247663551,0.6381964605283826,3.5527858421135305
6284871746.jpg,train,40.9327731092,0.43823708206631,2.75294832826524
6285601097.jpg,test,73.6933962264,0.8260417503008014,4.304167001203206
6285698915.jpg,train,87.296460177,0.9870683487101992,4.948273394840797
6285772617.jpg,train,51.2886029412,0.5608244680853234,3.243297872341293
6286044979.jpg,val,66.3060747664,0.7385941539077786,3.9543766156311135
6287889158.jpg,train,62.7692307692,0.696726677577294,3.786906710309176
6289164461.jpg,train,25.8223684211,0.2593673012323501,2.0374692049294003
628981585.jpg,train,76.775210084,0.862522796352076,4.450091185408304
6290063091.jpg,train,72.5808823529,0.8128723404249428,4.251489361699772
6290086775.jpg,train,69.3571428571,0.774711246200005,4.09884498480002
6290479072.jpg,test,64.2919847328,0.7147523144384749,3.8590092577539
6291431070.jpg,train,78.9243697479,0.8879635258357625,4.55185410334305
6292365384.jpg,train,37.5560344828,0.3982648569336897,2.593059427734759
6293184375.jpg,train,68.6638655462,0.7665045592702036,4.066018237080814
6293629106.jpg,test,44.8183962264,0.484233239662558,2.936932958650232
629401204.jpg,train,43.7058823529,0.4710638297866993,2.884255319146797
6294378978.jpg,train,65.5708661417,0.7298911040370565,3.919564416148226
6294913930.jpg,test,58.75,0.6491489361701371,3.5965957446805485
6295098733.jpg,train,74.1548672566,0.8315044247782164,4.326017699112866
6296603222.jpg,train,73.0,0.8178336557058936,4.271334622823575
6297143428.jpg,train,82.4882075472,0.9301505419512608,4.720602167805042
6298978484.jpg,test,59.8096330275,0.6616923677529204,3.6467694710116816
6299847089.jpg,train,67.6629464286,0.7546561550154433,4.0186246200617735
6301607249.jpg,train,66.1897321429,0.7372169452891715,3.948867781156686
6301736669.jpg,train,61.0769230769,0.6766939443531657,3.706775777412663
6302067502.jpg,train,67.7300884956,0.7554509508569133,4.0218038034276535
6302152017.jpg,train,48.1428571429,0.5235866261402693,3.094346504561077
6302283687.jpg,train,40.2923728814,0.4306563288861642,2.722625315544657
6303415659.jpg,train,45.1586538462,0.4882610474636714,2.953044189854686
6303418704.jpg,train,29.2120535714,0.2994927811546571,2.197971124618628
6303626544.jpg,train,71.0550847458,0.7948106743602417,4.179242697440967
6303893419.jpg,test,56.570754717,0.6233520674429459,3.493408269771784
6304784314.jpg,test,28.3513513514,0.2893041978153938,2.1572167912615754
6305224063.jpg,test,24.8891304348,0.2483200740057445,1.9932802960229783
6305294695.jpg,train,60.0985576923,0.6651125204580959,3.660450081832384
6305410399.jpg,train,74.3660714286,0.8340045592707498,4.336018237083
6305573914.jpg,test,53.7715517241,0.5902164343355083,3.360865737342033
6305619763.jpg,train,41.4861111111,0.4447872340423786,2.7791489361695145
6305935130.jpg,train,69.3375,0.7744787234041598,4.09791489361664
6306859998.jpg,train,72.3625,0.8102872340424518,4.241148936169807
6307302399.jpg,train,80.1074766355,0.9019685822228244,4.607874328891297
6308479233.jpg,train,61.7894736842,0.6851287793950908,3.740515117580363
6308614891.jpg,train,55.5040983607,0.6107254970356829,3.442901988142732
6308697965.jpg,train,57.8965517241,0.639046221569543,3.556184886278172
6309109435.jpg,val,33.3944954128,0.3490025375750902,2.396010150300361
6309436752.jpg,train,50.2729357798,0.5488014835055033,3.195205934022013
6310649828.jpg,test,18.7522321429,0.1756743920977716,1.7026975683910863
6311708784.jpg,train,57.7794117647,0.6376595744679417,3.550638297871767
63121245.jpg,train,50.3577586207,0.5498055759354992,3.1992223037419967
6312611820.jpg,train,59.7905405405,0.6614663599764408,3.645865439905763
6316913705.jpg,train,50.0105932203,0.5456959971145173,3.1827839884580693
6317074483.jpg,train,66.8658536585,0.7452205500773172,3.980882200309269
6317232957.jpg,test,61.5504587156,0.6822994339253968,3.7291977357015873
6317292405.jpg,train,48.1428571429,0.5235866261402693,3.094346504561077
6318611647.jpg,train,49.2777777778,0.53702127659595,3.1480851063838
6318820907.jpg,test,61.8819444444,0.6862234042547115,3.744893617018846
6319935355.jpg,test,82.1741071429,0.9264323708210562,4.705729483284225
6319992606.jpg,train,55.7642857143,0.6138054711247192,3.4552218844988767
6320692581.jpg,train,74.4931192661,0.835508491118912,4.3420339644756485
6321219958.jpg,train,64.8591772152,0.7214664691624352,3.8858658766497407
6321269427.jpg,train,41.6207627119,0.446381175622448,2.785524702489792
6321717266.jpg,val,54.9806034483,0.6045286133531153,3.418114453412461
6321752444.jpg,test,57.4864864865,0.634192064404917,3.536768257619668
632270898.jpg,train,66.5105932203,0.7410151460506563,3.964060584202625
6323869799.jpg,train,69.13125,0.7720372340424579,4.088148936169832
6324713970.jpg,train,77.6071428571,0.8723708206680745,4.489483282672298
6325240412.jpg,test,79.9343220339,0.8999188604398612,4.5996754417594445
6326442580.jpg,train,61.6659482759,0.6836665443877487,3.7346661775509946
6326811967.jpg,test,64.6025641026,0.7184288052376542,3.8737152209506167
6326886913.jpg,train,41.061440678,0.4397601875228977,2.759040750091591
6326902733.jpg,test,66.2633928571,0.7380889057744789,3.952355623097916
6327903295.jpg,train,67.9788135593,0.7583952398121235,4.033580959248495
6328014889.jpg,train,62.004587156,0.6876751903185256,3.750700761274103
6328697192.jpg,train,74.4110169492,0.8345366029575428,4.338146411830172
6329144585.jpg,train,30.3256302521,0.3126747720364423,2.250699088145769
6329859114.jpg,train,30.8269230769,0.318608837970244,2.2744353518809763
6331865739.jpg,train,68.4601769912,0.7640933910756198,4.056373564302479
6332554758.jpg,train,74.2569444444,0.8327127659568159,4.330851063827264
6332564856.jpg,train,61.328125,0.6796675531914089,3.718670212765636
6332883956.jpg,test,16.9,0.1537485493230207,1.614994197292083
6332978018.jpg,train,55.4652777778,0.6102659574470021,3.4410638297880083
6333112690.jpg,test,67.502173913,0.7527530064748787,4.0110120258995146
6333581509.jpg,train,72.3834745763,0.8105355210965254,4.242142084386101
6333620590.jpg,train,59.7162162162,0.66058654399053,3.64234617596212
6335908367.jpg,train,48.5675675676,0.5286141460612821,3.1144565842451284
6336463501.jpg,train,60.0301724138,0.6643030080704365,3.657212032281746
6337822588.jpg,val,47.9105839416,0.5208370865039913,3.083348346015965
6339141620.jpg,train,57.0558035714,0.6290938449843918,3.516375379937567
6339286279.jpg,train,63.536259542,0.7058063992204957,3.823225596881983
6340619552.jpg,test,30.4324324324,0.313939045428001,2.2557561817120044
6340836746.jpg,train,31.3986486486,0.3253766532483937,2.301506612993575
6341153287.jpg,train,68.2692307692,0.7618330605560071,4.047332242224028
6342206102.jpg,train,64.4512195122,0.7166372599895925,3.86654903995837
6343064519.jpg,train,77.6180555556,0.8725000000004148,4.490000000001659
6343807770.jpg,train,66.5099009901,0.7410069517589271,3.964027807035708
6344257116.jpg,train,72.5,0.8119148936169197,4.247659574467679
6344881273.jpg,test,54.925,0.6038704061894867,3.415481624757947
6344902938.jpg,train,78.5360169492,0.8833663901915776,4.53346556076631
6345193023.jpg,train,71.4196428571,0.7991261398170224,4.19650455926809
6345505389.jpg,train,70.1461864407,0.7840515686983246,4.136206274793299
6345773491.jpg,train,69.0817757009,0.7714515808306747,4.085806323322698
6346260646.jpg,train,57.3987068966,0.6331529713871454,3.5326118855485817
6346767698.jpg,train,66.9263392857,0.7459365501517154,3.983746200606862
6346994570.jpg,train,76.0190677966,0.8535719437430098,4.414287774972039
6347069171.jpg,train,51.4705882353,0.562978723404263,3.251914893617052
6350199154.jpg,train,50.225,0.548234042553132,3.192936170212528
6350910177.jpg,train,71.506302521,0.8001519756836913,4.200607902734765
6351773844.jpg,val,44.8151260504,0.4841945288750919,2.936778115500368
6352194993.jpg,train,68.1186440678,0.7600504868373071,4.040201947349228
6352599641.jpg,train,55.1630434783,0.6066882516192658,3.426753006477063
6354614287.jpg,val,49.3318584071,0.5376614573528474,3.1506458294113897
6360259167.jpg,train,71.4868421053,0.7999216125423297,4.199686450169319
6363131561.jpg,train,60.25,0.6669052224370589,3.6676208897482354
6366256547.jpg,val,71.3075221239,0.7977989079269181,4.191195631707672
6366296433.jpg,train,66.7902542373,0.7443256401010234,3.9773025604040937
6366361319.jpg,train,72.1857142857,0.8081945288751099,4.232778115500439
6366516291.jpg,train,62.7971698113,0.6970574066636614,3.788229626654646
6366586615.jpg,train,38.6939655172,0.4117351430662369,2.646940572264948
6367495079.jpg,train,57.5512820513,0.6349590834698609,3.5398363338794434
6368218585.jpg,train,72.452173913,0.8113487511557206,4.245395004622882
6371973185.jpg,train,59.3,0.6556595744680084,3.6226382978720335
6372460147.jpg,train,65.8214285714,0.7328571428567158,3.931428571426863
6373766117.jpg,train,60.8672566372,0.6742120128039126,3.6968480512156505
6376701103.jpg,train,60.7948717949,0.6733551554830695,3.693420621932278
6378298689.jpg,train,46.7368421053,0.5069428891381211,3.0277715565524845
6379014005.jpg,val,44.7544642857,0.4834764437687787,2.9339057750751145
6379443681.jpg,val,47.921875,0.5209707446807958,3.0838829787231834
6383007575.jpg,train,74.6953781513,0.8379027355626719,4.351610942250687
6385141033.jpg,train,51.2783018868,0.560702529104805,3.24281011641922
6385461657.jpg,train,67.1860902256,0.7490113581830264,3.9960454327321058
6386599471.jpg,train,48.4953271028,0.5277589978125858,3.111035991250344
63888840.jpg,train,45.6470588235,0.4940425531910902,2.976170212764361
6389008737.jpg,val,69.6462264151,0.7781332798072772,4.112533119229109
6391074279.jpg,test,76.6973684211,0.8616013437854456,4.446405375141783
6391919133.jpg,test,64.4446902655,0.7165599698739176,3.8662398794956703
63920904.jpg,train,51.5227272727,0.5635959205201005,3.254383682080402
6394609023.jpg,train,65.4054621849,0.7279331306993084,3.9117325227972337
6395582961.jpg,train,77.3125,0.8688829787232937,4.475531914893175
6396984107.jpg,train,66.7179487179,0.7434697217669268,3.9738788870677073
6398001637.jpg,train,78.9804347826,0.8886271970395613,4.554508788158245
6399276439.jpg,train,71.575,0.8009651837523181,4.203860735009272
6403149971.jpg,test,35.3231132075,0.3718325973498719,2.487330389399488
640351831.jpg,train,69.6776315789,0.7785050391930721,4.1140201567722885
6407770545.jpg,train,61.3844537815,0.6803343465043294,3.721337386017318
6407934435.jpg,train,72.8716216216,0.8163139735476579,4.265255894190632
6408708033.jpg,test,47.7008928571,0.5183548632213224,3.0734194528852896
6408799339.jpg,train,67.4894067797,0.752601875225757,4.010407500903028
6408985463.jpg,train,48.7591743119,0.5308822955295912,3.123529182118365
6410507631.jpg,train,67.75,0.7556866537716675,4.02274661508667
6411216741.jpg,train,72.3971962617,0.8106979518792101,4.2427918075168405
6411944553.jpg,test,56.9977876106,0.628407079645715,3.51362831858286
6412693303.jpg,train,48.380733945,0.526402498536501,3.105609994146004
6415648509.jpg,train,68.0951327434,0.7597721709662666,4.039088683865066
641595598.jpg,test,74.747826087,0.8385235892696041,4.3540943570784165
6419047435.jpg,test,67.8009708738,0.7562900227226461,4.0251600908905845
6419135601.jpg,train,63.35625,0.7036755319148094,3.814702127659237
6419593777.jpg,train,68.4121621622,0.7635250143764324,4.05410005750573
6422846525.jpg,test,71.6169724771,0.8014620339647976,4.20584813585919
6423969851.jpg,train,45.4390756303,0.4915805471129785,2.9663221884519144
6424074571.jpg,train,25.8217391304,0.259359851988474,2.037439407953896
6427589897.jpg,train,26.7905405405,0.2708280621041626,2.08331224841665
6430851513.jpg,train,38.575,0.4103268858800398,2.6413075435201594
6431960911.jpg,train,54.8142201835,0.6025590474332393,3.410236189732957
6433692937.jpg,test,45.7742718447,0.4955484404052951,2.9821937616211804
6434043361.jpg,train,64.6730769231,0.7192635024551782,3.877054009820713
6434876963.jpg,train,11.0022123894,0.0839333458861421,1.3357333835445686
6435747701.jpg,test,74.3173913043,0.8334283071223632,4.333713228489453
6437207759.jpg,train,74.5133928571,0.8357484802425484,4.342993920970194
6438830749.jpg,train,77.4711538462,0.8707610474636105,4.483044189854442
6439148467.jpg,train,71.5,0.8000773694389719,4.200309477755887
6439499095.jpg,val,67.525,0.7530232108316294,4.012092843326517
6440356973.jpg,train,52.4678899083,0.5747843060711084,3.2991372242844337
6440541263.jpg,train,75.3193277311,0.8452887537993748,4.3811550151975
6441383857.jpg,test,74.1603773585,0.8315696507426806,4.3262786029707225
6441809623.jpg,train,53.1985981308,0.5834340823219775,3.33373632928791
6443379565.jpg,train,70.3846153846,0.7868739770864633,4.147495908345853
6443396365.jpg,test,56.0233050847,0.616871619184386,3.467486476737544
6443711585.jpg,test,45.4459459459,0.4916618746400036,2.966647498560014
6445980191.jpg,test,63.8109243697,0.7090577507592262,3.8362310030369047
6449745557.jpg,train,73.785046729,0.82712666534125,4.308506661365
6450022679.jpg,train,66.9306722689,0.7459878419451081,3.983951367780433
6450302367.jpg,train,61.4485981308,0.681093656790047,3.724374627160188
6451339307.jpg,train,62.6578947368,0.6954087346018822,3.781634938407529
6452060589.jpg,train,62.0661764706,0.6884042553192063,3.7536170212768254
6452529101.jpg,train,66.2887931034,0.7383895818041809,3.953558327216724
6452613567.jpg,train,76.41875,0.8583031914892528,4.433212765957011
6453185751.jpg,test,60.5525210084,0.670486322188331,3.681945288753324
6453831461.jpg,test,38.0871559633,0.4045520203005359,2.618208081202144
6458056243.jpg,test,42.6880530973,0.4590152513645117,2.836061005458047
6458754563.jpg,train,69.0625,0.7712234042552241,4.084893617020896
6459542105.jpg,val,55.75,0.6136363636362937,3.454545454545175
6459811757.jpg,test,68.2913043478,0.7620943570763783,4.048377428305513
6461549237.jpg,train,22.4797297297,0.2197987349047588,1.879194939619035
6462096609.jpg,train,51.2710280374,0.5606164247366657,3.242465698946663
6462502847.jpg,train,67.378440367,0.7512883076324806,4.005153230529922
6464291091.jpg,train,77.3310810811,0.8691029327200672,4.476411730880269
6464821041.jpg,train,60.6482300885,0.671619280738064,3.686477122952256
6465089945.jpg,train,42.325,0.4547176015473442,2.818870406189377
6465343643.jpg,train,64.8985849057,0.721932958651526,3.887731834606104
6467546565.jpg,test,29.7710084034,0.3061094224928379,2.224437689971352
6468297341.jpg,val,56.7923728814,0.6259754778223033,3.5039019112892134
6469192803.jpg,val,32.0848214286,0.3334992401218935,2.333996960487574
6469390735.jpg,train,39.1737288136,0.4174143526870638,2.669657410748256
6470955539.jpg,test,64.4316037736,0.7164050582096467,3.865620232838587
6471980333.jpg,test,59.7288135593,0.660735665344054,3.642942661376216
6473904775.jpg,train,31.4615384615,0.3261211129291442,2.304484451716577
6474704871.jpg,train,55.65625,0.6125265957446111,3.4501063829784444
6475916177.jpg,train,60.1602564103,0.6658428805241693,3.663371522096677
6475932467.jpg,train,71.33125,0.7980797872339431,4.1923191489357725
6476406225.jpg,train,79.8644067797,0.8990912369278614,4.596364947711446
6476717611.jpg,train,48.953125,0.5331781914893046,3.1327127659572183
6479303397.jpg,train,28.975,0.2966866537717407,2.186746615086963
6479556701.jpg,train,50.3526785714,0.5497454407290853,3.198981762916341
6480739257.jpg,train,49.46875,0.5392819148935589,3.157127659574236
6481674971.jpg,test,53.425,0.586114119922565,3.34445647969026
6483140329.jpg,train,31.25,0.323617021276572,2.2944680851062884
6486375983.jpg,val,20.6612149533,0.1982720222711684,1.7930880890846737
6486604889.jpg,train,45.0,0.4863829787233545,2.9455319148934183
6486906969.jpg,test,38.2385321101,0.4063439390982455,2.625375756392982
6489144861.jpg,test,66.9256756757,0.7459286946522959,3.983714778609184
6489257695.jpg,train,62.875,0.6979787234041719,3.791914893616688
6490629733.jpg,train,71.5913043478,0.8011581868636062,4.204632747454425
6491835829.jpg,train,79.1857798165,0.8910579738431741,4.564231895372696
6493285057.jpg,train,71.3075221239,0.7977989079269181,4.191195631707672
6493347009.jpg,train,75.5527522936,0.8480519227016954,4.3922076908067815
6493679161.jpg,train,63.4876237624,0.7052306720035673,3.820922688014269
6494527059.jpg,train,46.675,0.5062108317214171,3.0248433268856685
6495386031.jpg,test,68.9576271186,0.7699819689860405,4.079927875944162
6496266341.jpg,test,35.8982300885,0.3786405573338553,2.514562229335421
6497142149.jpg,test,63.0148305085,0.6996339704293554,3.7985358817174215
649761301.jpg,train,33.6071428571,0.3515197568383703,2.4060790273534813
6498451617.jpg,train,56.5055147059,0.6225797872341801,3.49031914893672
6500646971.jpg,train,78.6745283019,0.8850060216780841,4.540024086712336
6504283859.jpg,val,49.8944954128,0.5443216865112293,3.177286746044917
6508138341.jpg,train,15.7065217391,0.1396207215537619,1.5584828862150475
6511236583.jpg,test,68.4558823529,0.7640425531909081,4.056170212763632
6512316735.jpg,train,69.4308035714,0.7755832066864962,4.102332826745984
6512617013.jpg,test,80.26875,0.9038776595743518,4.615510638297407
6512960549.jpg,train,65.8620689655,0.7333382245044758,3.9333528980179033
6513274589.jpg,train,59.6261061947,0.6595198644323482,3.638079457729393
6513828853.jpg,train,19.5105042017,0.1846504559272789,1.7386018237091156
6515985695.jpg,train,27.9598214286,0.2846694528878587,2.138677811551435
6517362491.jpg,test,61.9504310345,0.6870341159208855,3.748136463683542
6517732881.jpg,train,72.175,0.8080676982590866,4.232270793036347
6520839597.jpg,train,57.5021008403,0.6343768996955477,3.5375075987821907
6521275803.jpg,train,36.6214953271,0.387202227082852,2.548808908331408
6521723915.jpg,train,72.752293578,0.8149014249464358,4.259605699785743
6522952765.jpg,test,61.626146789,0.6831953933242517,3.732781573297007
6523676619.jpg,test,56.4036697248,0.6213741948080062,3.4854967792320246
6526093429.jpg,train,46.6217948718,0.5055810147299589,3.0223240589198355
6527460609.jpg,train,69.0,0.7704835589941024,4.0819342359764095
6530075543.jpg,train,81.2640186916,0.9156591767747214,4.662636707098885
6530161213.jpg,test,54.7648305085,0.6019743959612859,3.4078975838451435
6531551463.jpg,train,53.2991071429,0.5846238601828128,3.338495440731251
6533123895.jpg,train,74.2278761062,0.8323686688005606,4.329474675202242
6534182163.jpg,train,25.8205128205,0.259345335515383,2.037381342061532
6534779805.jpg,val,34.3101503759,0.3598416253394444,2.4393665013577777
6534801331.jpg,val,49.8653846154,0.5439770867431674,3.175908346972669
6537150655.jpg,train,79.8413043478,0.8988177613316758,4.595271045326703
6537249483.jpg,train,75.3217391304,0.8453172987968912,4.381269195187565
6537543865.jpg,val,32.5398230088,0.3388853323285154,2.355541329314062
6538847583.jpg,train,64.7083333333,0.7196808510633484,3.878723404253394
6540737111.jpg,train,53.3243243243,0.584922369177335,3.33968947670934
6543370923.jpg,train,64.9557522124,0.7226096780267753,3.890438712107101
6543602941.jpg,test,55.3185840708,0.6085294671436369,3.4341178685745475
6544670475.jpg,train,56.0486725664,0.6171719073623434,3.4686876294493736
6550772311.jpg,train,64.525,0.7175106382977859,3.870042553191144
6551619395.jpg,val,69.0442477876,0.771007343249638,4.084029372998552
6553742481.jpg,train,15.5848214286,0.1381800911857544,1.5527203647430174
6555285779.jpg,train,48.0320512821,0.522274959083991,3.089099836335964
6558436183.jpg,val,73.8119266055,0.8274448565292191,4.309779426116876
6560010177.jpg,train,45.3532110092,0.4905641225846769,2.962256490338708
6561794905.jpg,train,65.3794642857,0.7276253799389525,3.91050151975581
6563196289.jpg,test,52.6554054054,0.5770040253017695,3.308016101207078
6563980965.jpg,test,81.1625,0.9144574468083928,4.65782978723357
6564623827.jpg,train,73.9915254237,0.8295708618819924,4.318283447527969
6564941395.jpg,test,72.3296460177,0.8098983242326337,4.239593296930535
656718644.jpg,val,27.9711538462,0.2848036006551933,2.139214402620773
6568238645.jpg,test,56.9247787611,0.6275428356245545,3.510171342498218
6568691361.jpg,train,65.2162162162,0.7256929269692429,3.902771707876972
6569563105.jpg,train,66.0043103448,0.7350220102710442,3.9400880410841768
6569780821.jpg,train,49.7204724409,0.5422616853738447,3.1690467414953787
6569878593.jpg,train,65.0588235294,0.7238297872338157,3.895319148935263
657099880.jpg,train,51.1707317073,0.5594291645041476,3.2377166580165904
6573749079.jpg,train,73.1689189189,0.8198332374924853,4.279332949969941
6576363795.jpg,val,31.7640186916,0.3297017299663041,2.3188069198652164
6576807711.jpg,train,76.7565217391,0.8623015726174764,4.449206290469906
6577277115.jpg,test,62.5485611511,0.6941144956376968,3.776457982550787
6577912541.jpg,train,72.5763888889,0.8128191489362,4.2512765957448
6578628541.jpg,test,55.768907563,0.6138601823704523,3.455440729481809
6579889887.jpg,test,64.1334745763,0.7128759466284559,3.851503786513824
6579913923.jpg,train,65.1347826087,0.7247289546715641,3.898915818686256
6584540793.jpg,train,72.0589622642,0.806694098756,4.226776395024
6585039061.jpg,train,12.8156779661,0.1054002884962045,1.421601153984818
6585164875.jpg,train,60.2058823529,0.6663829787228385,3.665531914891354
6585714605.jpg,test,80.40625,0.9055053191488196,4.622021276595278
6587178245.jpg,train,69.7037815126,0.7788145896654975,4.11525835866199
6587673561.jpg,train,55.4054054054,0.6095572167911261,3.4382288671645043
6590042471.jpg,train,47.725,0.5186402321082624,3.074560928433049
6591706349.jpg,train,63.4426605505,0.7046984188955828,3.8187936755823313
6593133897.jpg,train,62.8391304348,0.6975541165588645,3.790216466235458
6593145547.jpg,train,68.6217948718,0.766006546644811,4.064026186579245
6594506719.jpg,train,52.7098214286,0.5776481762920673,3.3105927051682693
6595488751.jpg,test,64.343220339,0.7153588171656392,3.861435268662557
6596085063.jpg,test,62.1111111111,0.6889361702125525,3.75574468085021
6596093581.jpg,train,73.0,0.8178336557058936,4.271334622823575
6596306.jpg,test,40.6282051282,0.4346317512273938,2.738527004909576
6598075737.jpg,train,73.7559055118,0.8267817054780701,4.307126821912281
6598327095.jpg,val,62.0215517241,0.6878760088035778,3.751504035214311
6599488221.jpg,train,73.8504464286,0.8279008358664954,4.311603343465982
6599596287.jpg,train,71.645631068,0.8018012807274822,4.207205122909929
6599722517.jpg,train,36.6283185841,0.3872829975525618,2.549131990210247
6602696603.jpg,train,51.3761061947,0.5618602899642787,3.247441159857115
6602870035.jpg,train,72.0609243697,0.8067173252272959,4.226869300909184
6603102821.jpg,train,68.0405405405,0.7591259344445104,4.036503737778041
6603666933.jpg,train,52.6336206897,0.5767461482029611,3.3069845928118444
6604046527.jpg,train,55.9026548673,0.6154434193188388,3.461773677275356
6605703733.jpg,val,71.3676470588,0.7985106382974945,4.194042553189978
6606950227.jpg,train,80.6575630252,0.908480243160858,4.633920972643432
6608109869.jpg,train,70.0070093458,0.7824040564724293,4.129616225889717
6608146543.jpg,train,63.4861111111,0.7052127659572307,3.820851063828923
6609931137.jpg,test,67.2115384615,0.7493126022907788,3.997250409163115
6612589223.jpg,train,43.2617924528,0.4658069048570832,2.863227619428333
6613235741.jpg,test,42.3308823529,0.4547872340420211,2.8191489361680846
6617069623.jpg,train,33.6413043478,0.3519241443104863,2.4076965772419454
6617738113.jpg,train,50.630952381,0.5530395136783149,3.21215805471326
6621080809.jpg,val,47.9615384615,0.5214402618652832,3.085761047461133
6621488051.jpg,test,66.5840336134,0.7418844984796156,3.9675379939184623
6621968211.jpg,train,55.8772321429,0.6151424772040845,3.460569908816338
6622105827.jpg,train,78.3262711864,0.8808835196532105,4.523534078612842
6622490475.jpg,train,71.6315789474,0.8016349384101283,4.206539753640513
6622717529.jpg,test,74.5387931034,0.8360491562722505,4.344196625089002
6622738777.jpg,train,49.7176724138,0.5422285399853496,3.1689141599413984
6623118287.jpg,train,56.7678571429,0.6256852721750693,3.502741088700277
6625886365.jpg,train,20.2013274336,0.1928280926375832,1.7713123705503329
6626107981.jpg,train,47.4418103448,0.5152879677178877,3.0611518708715506
6627549719.jpg,train,61.4760869565,0.6814190564288941,3.725676225715576
6628327223.jpg,train,71.6698113208,0.802087515054631,4.208350060218525
6628854085.jpg,train,52.6,0.576348162475758,3.305392649903032
6629226527.jpg,train,67.89375,0.7573882978722475,4.02955319148899
6630214003.jpg,train,72.7972972973,0.8154341575617471,4.261736630246988
6630840931.jpg,train,48.50625,0.5278882978722842,3.111553191489137
6632573597.jpg,test,53.125,0.5825628626691807,3.3302514506767227
6633974935.jpg,test,74.2794117647,0.8329787234040807,4.331914893616323
6635887941.jpg,train,62.0353982301,0.6880399171531328,3.7521596686125314
6638453859.jpg,test,75.85,0.8515705996130448,4.406282398452179
6639033203.jpg,train,72.9044117647,0.8167021276594025,4.26680851063761
6640061445.jpg,train,50.5756880734,0.5523853211009224,3.2095412844036897
6640354399.jpg,train,47.0810810811,0.5110178263371457,3.0440713053485826
6641523883.jpg,train,64.7565789474,0.720251959686737,3.881007838746948
6641795483.jpg,train,72.6848739496,0.8141033434651824,4.256413373860729
6642387989.jpg,train,82.5660377358,0.9310718586905874,4.724287434762349
6642761299.jpg,train,59.0287162162,0.6524482461181909,3.6097929844727634
6642932619.jpg,train,67.8102678571,0.7564000759872419,4.025600303948968
6643514423.jpg,train,68.8092105263,0.7682250839862808,4.072900335945123
6643932717.jpg,train,30.1351351351,0.3104197814831738,2.241679125932695
6644227727.jpg,train,16.375,0.1475338491295981,1.5901353965183926
6644440429.jpg,train,39.6848739496,0.4234650455929042,2.693860182371617
6645063001.jpg,test,43.3686440678,0.4670717634330984,2.8682870537323937
6647398937.jpg,train,43.9717391304,0.4742109158182269,2.896843663272908
6648576397.jpg,test,40.1470588235,0.4289361702123772,2.715744680849509
6649624069.jpg,train,64.3456521739,0.7153876040700647,3.861550416280259
6650873585.jpg,train,69.7743362832,0.7796497834683446,4.118599133873378
665094052.jpg,val,29.8026315789,0.3064837625974026,2.2259350503896105
6652263581.jpg,train,49.5987394958,0.5408206686929706,3.1632826747718825
6652379747.jpg,train,33.5805084746,0.3512044716915619,2.4048178867662475
6653174291.jpg,train,58.2873831776,0.6436726983498517,3.574690793399407
6654258389.jpg,train,66.497826087,0.7408640148015346,3.9634560592061385
6654380789.jpg,train,79.7794117647,0.8980851063827938,4.592340425531175
6655597997.jpg,train,60.6702586207,0.6718800440205861,3.687520176082344
6656239161.jpg,train,43.5857142857,0.4696413373858021,2.8785653495432086
6656519345.jpg,val,26.3392857143,0.2654863221886045,2.0619452887544183
6656935539.jpg,train,17.9714285714,0.1664316109419123,1.6657264437676496
6657341905.jpg,train,50.0416666667,0.5460638297875695,3.184255319150278
6657359355.jpg,train,43.4911504425,0.4685219356055624,2.8740877424222497
6658108283.jpg,test,26.9695652174,0.2729472710454157,2.091789084181663
6658947687.jpg,test,47.6995412844,0.5183388639468078,3.073355455787232
6661527913.jpg,train,70.1959459459,0.7846405980442122,4.138562392176849
6661741471.jpg,test,19.8771186441,0.1889902632531737,1.7559610530126952
6663294041.jpg,train,57.8815789474,0.6388689809633458,3.555475923853383
6663775735.jpg,train,72.1283783784,0.8075158136861815,4.230063254744726
6665024915.jpg,train,54.2631578947,0.5960358342660141,3.384143337064057
6666568019.jpg,train,66.4551886792,0.7403592934558171,3.961437173823268
6668846319.jpg,train,61.6964285714,0.6840273556226809,3.736109422490724
6669002441.jpg,train,74.60546875,0.8368384308509583,4.347353723403833
6669862645.jpg,test,58.516509434,0.6463849859497894,3.5855399437991577
6670935319.jpg,train,54.2566964286,0.5959593465048304,3.3838373860193216
6678741473.jpg,train,74.8119469027,0.8392826209757626,4.357130483903051
6679121211.jpg,train,72.2179487179,0.8085761047456398,4.234304418982559
6679373485.jpg,test,42.6625,0.4587127659574015,2.834851063829606
6681014309.jpg,train,59.4504716981,0.6574407868323641,3.629763147329456
6681296959.jpg,train,69.6517857143,0.7781990881459696,4.112796352583878
6681716765.jpg,test,69.9870689655,0.7821680117385106,4.128672046954042
6681891719.jpg,train,24.3876146789,0.2423833691196565,1.969533476478626
66839471.jpg,train,63.7954545455,0.7088746263412301,3.83549850536492
6685463337.jpg,train,70.9516806723,0.793586626140087,4.174346504560348
6686438027.jpg,val,69.175,0.7725551257252432,4.090220502900973
6688716327.jpg,train,75.558411215,0.8481189103205891,4.392475641282356
6688906197.jpg,test,59.9065420561,0.6628395307220344,3.6513581228881375
6691471103.jpg,train,63.4976415094,0.7053492573258884,3.8213970293035535
6692795337.jpg,test,72.3834745763,0.8105355210965254,4.242142084386101
6693843973.jpg,train,35.6651376147,0.3758813195395502,2.5035252781582007
6694664547.jpg,test,66.4602803738,0.7404195665137513,3.961678266055005
6694665963.jpg,train,44.725,0.4831276595744189,2.932510638297676
6694669509.jpg,test,64.6869158879,0.719427321535596,3.877709286142384
669490972.jpg,train,26.7523364486,0.2703758202425999,2.0815032809703995
6696229175.jpg,train,30.8040540541,0.3183381253599229,2.273352501439692
6696763655.jpg,train,47.4799107143,0.5157389817630327,3.0629559270521307
6698669369.jpg,test,79.9130434783,0.8996669750234744,4.598667900093897
6699302891.jpg,val,81.7162162162,0.921012075905382,4.684048303621529
6701756497.jpg,train,65.6016949153,0.7302560403899231,3.921024161559693
6702372317.jpg,train,68.2452830189,0.7615495784828232,4.046198313931293
6702441233.jpg,train,77.7608695652,0.8741905642920046,4.496762257168019
6703759327.jpg,val,66.7642857143,0.7440182370821453,3.976072948328581
6705759167.jpg,train,56.222972973,0.6192351926396971,3.4769407705587883
6705859439.jpg,train,72.3834745763,0.8105355210965254,4.242142084386101
6707835355.jpg,train,74.7102803738,0.8380791409818208,4.352316563927284
6708577729.jpg,train,65.9403669725,0.7342650790554234,3.9370603162216935
6708806483.jpg,test,69.1491596639,0.7722492401218931,4.088996960487572
6710396995.jpg,train,79.925,0.8998085106381822,4.5992340425527285
6710865793.jpg,test,63.8325892857,0.7093142097261895,3.837256838904758
6711319143.jpg,val,74.5625,0.8363297872339371,4.345319148935749
6711335759.jpg,train,75.1818181818,0.8436609811848372,4.374643924739349
6711764573.jpg,train,71.5490654206,0.8006581825416256,4.202632730166503
6712830935.jpg,train,83.5,0.9421276595743456,4.768510638297383
6713488045.jpg,train,57.9539473684,0.6397256438966532,3.558902575586613
6720918207.jpg,train,48.974789916,0.5334346504562678,3.1337386018250712
6724979243.jpg,train,73.075,0.8187214700192398,4.274885880076959
6725311751.jpg,train,58.972972973,0.6517883841290535,3.607153536516214
6727094363.jpg,train,28.686440678,0.2932708258207935,2.173083303283174
6727591153.jpg,train,72.7330508475,0.8146736386588922,4.258694554635569
6727661759.jpg,test,60.4138655462,0.6688449848021341,3.675379939208536
6728176335.jpg,test,66.9306722689,0.7459878419451081,3.983951367780433
6728215257.jpg,test,64.9724576271,0.7228074287771893,3.891229715108757
6729160073.jpg,train,72.6185344828,0.8133180484229853,4.2532721936919415
6729759239.jpg,train,77.9256756757,0.876141460609722,4.504565842438888
6730791971.jpg,train,73.1262376238,0.8193279966297927,4.277311986519171
6731073163.jpg,test,65.6602564103,0.7309492635028823,3.923797054011529
6731198091.jpg,train,80.4527027027,0.906055204140162,4.624220816560648
6733542819.jpg,test,60.0758928571,0.6648442249234268,3.659376899693707
6735104841.jpg,train,67.9088983051,0.7575676163001237,4.030270465200495
6736392821.jpg,train,46.8761682243,0.5085921654404033,3.034368661761613
6737389193.jpg,train,67.0,0.7468085106382067,3.987234042552827
6738986329.jpg,train,70.6666666667,0.7902127659577433,4.1608510638309735
6739568529.jpg,test,57.9789719626,0.6400218731355389,3.560087492542156
6739930655.jpg,train,59.4439252336,0.6573632929005653,3.629453171602261
6741097253.jpg,test,57.8333333333,0.638297872339957,3.553191489359828
6743243667.jpg,train,76.5758928571,0.8601633738595659,4.440653495438264
6745774611.jpg,train,36.2,0.3822127659574137,2.528851063829655
6746049049.jpg,train,62.0777310924,0.6885410334341309,3.754164133736524
6746835381.jpg,test,79.8602941176,0.8990425531908169,4.596170212763267
6748049411.jpg,train,57.3869565217,0.6330138760401668,3.532055504160667
6748287295.jpg,test,66.3653846154,0.7392962356793066,3.9571849427172254
6748422197.jpg,train,73.9864864865,0.8295112133410562,4.318044853364224
6748739885.jpg,train,47.1029411765,0.5112765957449754,3.0451063829799017
6749061363.jpg,val,64.6201923077,0.7186374795417392,3.8745499181669567
6749191929.jpg,train,57.8891304348,0.6389583718780227,3.555833487512091
6749380301.jpg,train,69.0067567568,0.7705635422660869,4.082254169064347
6749631813.jpg,train,77.45,0.8705106382977615,4.482042553191047
6752719165.jpg,train,59.2478448276,0.6550421863537184,3.6201687454148734
6755602871.jpg,train,54.3782051282,0.5973977086741764,3.3895908346967056
6755644805.jpg,train,80.68125,0.9087606382977554,4.635042553191022
6757989209.jpg,train,70.4258474576,0.7873620627475078,4.149448250990031
6759678037.jpg,train,8.41806722689,0.0533434650456031,1.2133738601824124
6762482065.jpg,train,66.3067226891,0.7386018237084053,3.954407294833621
6764494191.jpg,train,43.0819327731,0.4636778115499965,2.8547112461999857
6766502563.jpg,train,62.05,0.6882127659573649,3.75285106382946
6766779583.jpg,train,66.4260869565,0.7400148011097358,3.9600592044389433
6766818267.jpg,train,48.2121848739,0.5244072948321841,3.0976291793287363
6769268131.jpg,train,67.9839449541,0.7584559828221352,4.033823931288541
6769877279.jpg,train,73.8026315789,0.8273348264271069,4.309339305708427
6771336533.jpg,test,31.1272321429,0.3221637537998759,2.288655015199504
6772091149.jpg,train,59.265625,0.6552526595743915,3.621010638297566
6775082758.jpg,train,61.1071428571,0.6770516717319355,3.708206686927742
6775674634.jpg,train,52.445754717,0.5745222802089112,3.2980891208356446
6776603937.jpg,test,66.7401574803,0.743732618528799,3.974930474115196
6777036983.jpg,train,78.5202702703,0.8831799884993765,4.532719953997506
6778568929.jpg,train,61.731092437,0.684437689969822,3.737750759879288
677921002.jpg,train,67.4626168224,0.752284748458492,4.009138993833968
6779633762.jpg,train,71.2428571429,0.797033434650864,4.188133738603456
6780493014.jpg,train,80.9830508475,0.9123332131269616,4.649332852507847
6781694906.jpg,train,56.8897058824,0.6271276595749531,3.5085106382998124
6782077853.jpg,train,18.7401960784,0.1755319148932455,1.7021276595729822
6782624408.jpg,train,40.1875,0.4294148936169806,2.7176595744679224
6782627736.jpg,train,68.8504672897,0.7687134619205321,4.074853847682128
6782909752.jpg,train,62.875,0.6979787234041719,3.791914893616688
6784024897.jpg,train,75.5446428571,0.8479559270510572,4.391823708204228
6784185258.jpg,train,11.0833333333,0.0848936170208963,1.3395744680835855
6785564222.jpg,train,47.68125,0.5181223404254771,3.0724893617019085
6785846367.jpg,train,69.25,0.7734429400385893,4.0937717601543575
6786638173.jpg,train,67.1542056075,0.7486339232453632,3.9945356929814526
6787512667.jpg,train,74.0600961538,0.8303825695574507,4.321530278229803
6787714050.jpg,train,61.2884615385,0.6791980360069215,3.716792144027686
6788163039.jpg,train,64.86875,0.7215797872339554,3.8863191489358218
6788530155.jpg,train,28.975,0.2966866537717407,2.186746615086963
6788551083.jpg,train,11.0375,0.0843510638298016,1.3374042553192065
6788897458.jpg,train,69.5384615385,0.7768576104749911,4.1074304418999645
6789727386.jpg,train,69.3130841121,0.7741896997408174,4.09675879896327
6789846783.jpg,train,13.4121621622,0.112461184589302,1.449844738357208
6790082633.jpg,val,56.222972973,0.6192351926396971,3.4769407705587883
6791354533.jpg,train,35.7478813559,0.376860800576579,2.507443202306316
6791434529.jpg,train,72.4508928571,0.811333586625531,4.2453343465021245
6791461596.jpg,test,60.2058823529,0.6663829787228385,3.665531914891354
6791631777.jpg,train,79.4845132743,0.8945942383726435,4.578376953490574
6793483796.jpg,test,67.0,0.7468085106382067,3.987234042552827
6793575356.jpg,test,57.7094594595,0.6368315123638335,3.547326049455334
6793966090.jpg,train,63.15,0.7012340425531076,3.804936170212432
6795087227.jpg,val,29.39375,0.3016436170212564,2.2065744680850257
6795803065.jpg,train,36.7991071429,0.3893047112466737,2.5572188449866946
6796559908.jpg,train,34.0717391304,0.3570194264565435,2.428077705826174
6796759928.jpg,test,75.8082706767,0.8510766277395518,4.404306510958207
6797193823.jpg,train,45.6217391304,0.4937428307118408,2.974971322847363
6798093193.jpg,train,57.8660714286,0.6386854103346108,3.554741641338443
6798101803.jpg,train,69.8285714286,0.7802917933133117,4.121167173253246
6798563238.jpg,test,52.1019417476,0.5704523858709466,3.2818095434837864
6798891367.jpg,train,77.732300885,0.8738523818494051,4.49540952739762
6799140939.jpg,train,60.7935779817,0.6733398399380327,3.693359359752131
6799306335.jpg,train,21.5114678899,0.208336911965542,1.833347647862168
6800438108.jpg,train,76.4487179487,0.8586579378065524,4.43463175122621
6800703361.jpg,train,70.5357142857,0.788662613981496,4.154650455925983
6801180487.jpg,train,35.05,0.3685996131527737,2.474398452611095
6801462257.jpg,train,60.6102941176,0.6711702127653213,3.684680851061285
6801568370.jpg,train,44.6071428571,0.4817325227957963,2.926930091183185
6803183748.jpg,test,58.4553571429,0.6456610942253562,3.582644376901425
6803244763.jpg,train,73.4977876106,0.8237262285818541,4.294904914327416
6803834950.jpg,train,70.1524390244,0.784125583809048,4.136502335236192
6803864259.jpg,val,62.6,0.6947234042552363,3.778893617020945
6804651008.jpg,train,54.243697479,0.5958054711246524,3.3832218844986097
6805903671.jpg,train,76.2288135593,0.856054814280193,4.424219257120772
6807214777.jpg,train,55.1802884615,0.606892389524844,3.427569558099376
6808449405.jpg,test,67.8481308411,0.7568482799757912,4.027393119903165
6808473551.jpg,train,47.275,0.5133133462281858,3.0532533849127432
6809126683.jpg,test,46.2614678899,0.5013156353697507,3.005262541479002
6809286909.jpg,train,22.6918103448,0.2223092443136791,1.8892369772547164
6810784384.jpg,val,47.1554054054,0.5118976423230566,3.0475905692922263
6810820079.jpg,train,74.6906779661,0.837847097006726,4.351388388026904
6811037194.jpg,test,38.1621621622,0.4054399079935106,2.6217596319740424
6811333589.jpg,train,75.7020547945,0.8498192946659272,4.399277178663709
6812098169.jpg,val,75.628440367,0.8489478821005502,4.395791528402201
6812883252.jpg,train,68.9081632653,0.7693964394266674,4.07758575770667
6813135887.jpg,train,66.1,0.7361547388780536,3.9446189555122144
6813481975.jpg,test,68.4637096774,0.7641352093339254,4.056540837335701
6813687716.jpg,train,62.3642857143,0.6919331306991748,3.7677325227966993
6814736135.jpg,train,46.3050847458,0.501831950956033,3.007327803824132
6814873580.jpg,train,31.018907563,0.3208814589662436,2.2835258358649746
6815253808.jpg,train,42.7126168224,0.4593060250542835,2.837224100217134
6815460393.jpg,train,57.9789719626,0.6400218731355389,3.560087492542156
6817139940.jpg,train,59.9285714286,0.6631003039516282,3.652401215806513
6818185643.jpg,train,65.8620689655,0.7333382245044758,3.9333528980179033
6818454464.jpg,train,69.6013513514,0.7776020701557415,4.110408280622966
6818698150.jpg,train,64.25,0.7142553191488502,3.857021276595401
6818984013.jpg,test,49.5911016949,0.5407302560401506,3.1629210241606023
6820819077.jpg,train,70.4059633028,0.7871266835843048,4.14850673433722
6823375889.jpg,train,44.3310810811,0.4784646348477891,2.9138585393911565
682337857.jpg,train,58.6039823009,0.6474204481266326,3.5896817925065303
6823515263.jpg,train,64.0928571429,0.7123951367785372,3.8495805471141487
6824806522.jpg,test,30.9929906542,0.320574666931706,2.282298667726824
6825162524.jpg,train,28.0378151261,0.2855927051677425,2.14237082067097
6825556474.jpg,train,59.2126168224,0.6546251739904225,3.61850069596169
6826290090.jpg,train,68.4864864865,0.7644048303623432,4.057619321449373
6827213168.jpg,train,48.8938053097,0.5324759932211499,3.1299039728846
6827495732.jpg,train,54.3823529412,0.5974468085108494,3.3897872340433977
6827830343.jpg,train,33.3125,0.3480319148935894,2.3921276595743577
6828049746.jpg,train,71.7763157895,0.8033482642779269,4.213393057111707
6828526069.jpg,train,64.7640186916,0.7203400278385823,3.881360111354329
6829189111.jpg,train,71.0048543689,0.7942160710592204,4.176864284236881
6829439085.jpg,test,55.5769230769,0.6115875613744527,3.4463502454978108
6830281130.jpg,test,76.1108695652,0.8546586493983908,4.418634597593563
6831480328.jpg,train,75.6183035714,0.8488278875375483,4.395311550150193
6831984052.jpg,val,76.3014705882,0.8569148936164949,4.427659574465979
6832136083.jpg,train,34.8102678571,0.3657617781149638,2.463047112459855
6832446699.jpg,test,51.506097561,0.5633990659057794,3.253596263623117
6833109332.jpg,test,70.8076923077,0.7918821603927914,4.167528641571165
6834245510.jpg,train,69.100931677,0.7716783401609107,4.0867133606436425
6834514891.jpg,test,28.8081896552,0.2947120322820389,2.178848129128156
6834902092.jpg,train,60.0526315789,0.6645688689803242,3.6582754759212968
6835007518.jpg,train,35.0794392523,0.3689481010136557,2.475792404054623
6835820588.jpg,val,59.4673913043,0.657641073079838,3.630564292319352
6836104801.jpg,train,71.7347826087,0.8028566142460198,4.211426456984079
6836874905.jpg,test,68.2954545455,0.7621434851419953,4.048573940567981
6837071286.jpg,train,65.7663551402,0.7322052097833233,3.928820839133293
6837228368.jpg,test,69.5169491525,0.7766029570855908,4.106411828342363
6837388142.jpg,train,56.3728813559,0.6210097367467529,3.4840389469870114
6837541080.jpg,train,72.9342105263,0.8170548712203155,4.268219484881263
6837662382.jpg,test,71.5265486726,0.8003916399927669,4.201566559971067
6837956899.jpg,train,56.6689189189,0.624514088556346,3.498056354225384
6838263860.jpg,val,39.6896551724,0.4235216434333994,2.694086573733598
6840130023.jpg,val,71.3043478261,0.7977613320999626,4.19104532839985
6840500976.jpg,train,57.8417431193,0.6383974233850634,3.553589693540254
6840900400.jpg,train,75.0073529412,0.8415957446810233,4.3663829787240935
6841095.jpg,train,27.0192307692,0.2735351882156593,2.094140752862637
6842318096.jpg,train,66.5875,0.7419255319148033,3.967702127659213
6842750557.jpg,test,29.4166666667,0.3019148936173956,2.2076595744695826
6843523713.jpg,test,56.2894736842,0.6200223964163777,3.4800895856655107
6843525285.jpg,test,71.534351145,0.8004840019484496,4.201936007793798
6844145276.jpg,train,73.8504464286,0.8279008358664954,4.311603343465982
6844398521.jpg,train,58.3119469027,0.6439634720396235,3.575853888158494
6844773508.jpg,train,75.5767326733,0.8483357910261905,4.3933431641047616
6845434524.jpg,train,74.1041666667,0.8309042553194389,4.323617021277755
6845552547.jpg,train,61.8819444444,0.6862234042547115,3.744893617018846
6845847924.jpg,test,42.6767241379,0.4588811445337032,2.8355245781348133
6845848072.jpg,train,77.3125,0.8688829787232937,4.475531914893175
6846284796.jpg,train,63.6116071429,0.7066983282678997,3.826793313071599
6846869922.jpg,train,64.9375,0.7223936170211893,3.889574468084757
6849285524.jpg,val,27.275210084,0.2765653495436588,2.1062613981746354
6849557935.jpg,val,23.0723684211,0.2268141097429936,1.9072564389719744
6849693569.jpg,train,71.5337837838,0.800477285796527,4.201909143186108
6850513360.jpg,val,78.8913793103,0.8875730007330315,4.550292002932126
6851326367.jpg,train,43.8445378151,0.4727051671728964,2.8908206686915854
6853001361.jpg,train,75.1763392857,0.8435961246197851,4.37438449847914
6854146276.jpg,val,73.1081730769,0.8191141571191004,4.276456628476401
6854228547.jpg,test,58.0448717949,0.6408019639937129,3.563207855974852
6855935825.jpg,train,74.2012711864,0.8320537324191758,4.328214929676703
6856483689.jpg,train,56.1216814159,0.6180361513835038,3.472144605534015
6857581314.jpg,train,65.4105504587,0.7279933632634399,3.91197345305376
6858600475.jpg,train,59.6485148515,0.6597851274490136,3.639140509796056
6860404399.jpg,test,41.5625,0.4456914893616589,2.782765957446636
6860502754.jpg,train,37.0275229358,0.3920085887177525,2.5680343548710103
68605475.jpg,train,46.58125,0.5051010638297345,3.020404255318938
6860584767.jpg,train,77.8783185841,0.8755808698929096,4.502323479571638
6862937532.jpg,train,56.7787610619,0.6258143475798662,3.503257390319465
6862989864.jpg,train,75.6504854369,0.8492088411484959,4.396835364593984
6864569694.jpg,test,65.8851351351,0.7336112708448084,3.9344450833792335
6865288108.jpg,val,69.6776315789,0.7785050391930721,4.1140201567722885
6865774865.jpg,test,66.51875,0.7411117021275693,3.964446808510277
6866519003.jpg,train,67.1617647059,0.7487234042554366,3.9948936170217455
6866899862.jpg,train,59.6034482759,0.6592516507707313,3.637006603082925
6867407079.jpg,train,48.2901785714,0.5253305471120678,3.101322188448272
6869357574.jpg,train,43.3451327434,0.4667934475620579,2.8671737902482315
6869450975.jpg,test,47.608974359,0.517266775777663,3.069067103110652
6869642911.jpg,train,69.608974359,0.7776923076925152,4.11076923077006
6869855884.jpg,test,35.1402439024,0.3696678775293461,2.4786715101173846
6870048801.jpg,train,73.825,0.8275996131527006,4.310398452610802
6870564661.jpg,train,66.7027027027,0.7432892466933794,3.9731569867735175
6870596537.jpg,test,56.9084821429,0.6273499240125933,3.509399696050373
6870782384.jpg,train,67.0,0.7468085106382067,3.987234042552827
6873503299.jpg,val,44.7179487179,0.4830441898520746,2.9321767594082986
6873701210.jpg,train,62.5636792453,0.6942934564433138,3.777173825773255
6874497596.jpg,train,41.7201834862,0.4475580714420145,2.790232285768058
6874966846.jpg,train,71.5265486726,0.8003916399927669,4.201566559971067
6875112664.jpg,val,62.7073170732,0.6959937727039479,3.783975090815792
6875194504.jpg,train,54.35,0.5970638297871668,3.388255319148667
6875495692.jpg,train,55.7429906542,0.6135533903359146,3.4542135613436584
6877203986.jpg,train,68.464953271,0.764149930403233,4.056599721612932
6879970399.jpg,train,44.9513274336,0.4858068160417918,2.9432272641671675
6880912844.jpg,train,64.5472972973,0.7177745830936776,3.8710983323747103
6880980024.jpg,test,29.7163461538,0.3054623567915768,2.2218494271663074
688110993.jpg,train,69.3571428571,0.774711246200005,4.09884498480002
6881321836.jpg,test,18.6866438356,0.1748979889243172,1.699591955697269
6881599127.jpg,train,74.0485436893,0.8302458169796171,4.320983267918468
6882017804.jpg,test,46.9642857143,0.5096352583587783,3.0385410334351133
6883091790.jpg,train,56.4369158879,0.6217677470675265,3.487070988270106
6883445766.jpg,train,55.8772321429,0.6151424772040845,3.460569908816338
6884968602.jpg,train,36.2372881356,0.3826541651641292,2.530616660656517
6886226928.jpg,train,68.0855263158,0.7596584546472878,4.038633818589151
6886337587.jpg,train,61.889380531,0.6863114291096284,3.7452457164385136
6887917604.jpg,train,47.1852678571,0.512251139817068,3.049004559268272
6890326436.jpg,train,62.05,0.6882127659573649,3.75285106382946
6890378940.jpg,test,75.775,0.8506827852996989,4.402731141198796
6890379430.jpg,train,60.3012820513,0.6675122749592174,3.6700490998368696
6890554826.jpg,train,35.4513888889,0.3733510638298871,2.493404255319549
6890677809.jpg,test,80.05,0.9012882011604256,4.605152804641703
6891271025.jpg,train,81.5111607143,0.9185847264438196,4.674338905775278
6891596982.jpg,test,64.6311881188,0.7187676427214916,3.875070570885968
6891599340.jpg,test,63.2354368932,0.7022454038420514,3.8089816153682055
6891623153.jpg,train,55.9762931034,0.6163151137190941,3.4652604548763764
6891957010.jpg,train,67.7112068966,0.7552274394722325,4.02090975788893
6892058753.jpg,test,68.85625,0.7687819148935224,4.07512765957409
6892553923.jpg,train,47.5328947368,0.5163661814104215,3.065464725641686
6892713466.jpg,train,76.6123853211,0.8605953542844788,4.442381417137915
6893014325.jpg,train,76.5607476636,0.8599840922653298,4.43993636906132
6893891182.jpg,train,45.4230769231,0.4913911620296826,2.9655646481187303
6893965047.jpg,train,43.5281690141,0.4689601438419105,2.875840575367642
6895353221.jpg,test,48.5227272727,0.528083347986257,3.112333391945028
6895365088.jpg,train,70.4314159292,0.787427979664707,4.149711918658828
6896225625.jpg,val,62.6323529412,0.6951063829789189,3.780425531915676
6897314758.jpg,test,73.5091743119,0.8238610189337998,4.295444075735199
6897446719.jpg,train,37.09375,0.3927925531914546,2.5711702127658187
6897675527.jpg,val,56.9935483871,0.6283568977350379,3.513427590940152
6898490953.jpg,val,80.1554054054,0.9025359401953348,4.610143760781339
6898804586.jpg,train,32.7133027523,0.3409389029865809,2.363755611946324
6899120807.jpg,train,61.7972972973,0.6852213916043209,3.740885566417284
6899517653.jpg,train,70.0847826087,0.7833246993524059,4.133298797409624
6899882301.jpg,train,51.3461538462,0.5615057283147236,3.2460229132588942
6900924910.jpg,train,71.1973684211,0.7964949608067325,4.18597984322693
6901970679.jpg,train,56.9084821429,0.6273499240125933,3.509399696050373
6902342114.jpg,test,47.8014018692,0.5195446410821578,3.0781785643286312
6902428631.jpg,train,69.0986842105,0.7716517357218777,4.086606942887511
6902444479.jpg,test,68.8581081081,0.7688039102930813,4.075215641172325
6903329459.jpg,train,31.31875,0.324430851063806,2.297723404255224
6903462833.jpg,train,62.125,0.6891005802707111,3.756402321082844
6903802628.jpg,train,63.7326732673,0.7081314514426152,3.832525805770461
6904448359.jpg,train,55.0444915254,0.605284890010469,3.421139560041876
6904500540.jpg,val,74.8057692308,0.8392094926352829,4.356837970541132
6904675638.jpg,test,43.0210280374,0.4629568502685962,2.851827401074385
6905163828.jpg,train,72.5982142857,0.8130775075985133,4.252310030394053
6905574433.jpg,val,44.2775423729,0.4778308690950155,2.911323476380062
6905808386.jpg,test,61.3233944954,0.6796115557288325,3.71844622291533
6905924906.jpg,train,65.3194444444,0.7269148936164073,3.907659574465629
6906058795.jpg,train,59.4013157895,0.6568589025758226,3.6274356103032894
6906948754.jpg,train,72.5486725664,0.8124910562984825,4.24996422519393
6907198605.jpg,train,66.2699115044,0.7381660704195001,3.952664281678
6907499876.jpg,val,70.3883928571,0.7869186930085137,4.147674772034055
6907897085.jpg,train,73.4254807692,0.8228702945985505,4.291481178394202
6908276949.jpg,val,66.7226890756,0.7435258358658127,3.97410334346325
6908900076.jpg,test,80.3881578947,0.905291153414901,4.621164613659603
6909297506.jpg,train,52.0277777778,0.5695744680853064,3.2782978723412257
6909401846.jpg,train,70.4137931034,0.7872193690382157,4.148877476152863
6909860315.jpg,train,64.4891304348,0.7170860314524784,3.8683441258099136
6910469420.jpg,train,71.5701438849,0.8009076993724109,4.203630797489644
6911254247.jpg,train,68.5945378151,0.7656838905771051,4.06273556230842
6911586648.jpg,test,29.8013392857,0.3064684650454026,2.2258738601816104
6912813329.jpg,train,72.70625,0.8143563829786215,4.257425531914485
6913622130.jpg,train,72.0825892857,0.8069737841942589,4.227895136777036
6913908117.jpg,train,45.2972972973,0.4899022426681818,2.959608970672728
6915315864.jpg,train,68.7678571429,0.7677355623104432,4.070942249241773
6915332491.jpg,train,76.438559322,0.8585376848173766,4.434150739269507
6915781600.jpg,train,74.5986842105,0.8367581187005908,4.347032474802363
69161613.jpg,train,71.74375,0.8029627659573467,4.211851063829387
6916511144.jpg,train,72.6896551724,0.8141599413056775,4.25663976522271
6918766149.jpg,train,55.225,0.6074216634428711,3.4296866537714843
691940284.jpg,train,72.2224770642,0.8086297091544522,4.234518836617809
6920118996.jpg,test,64.9375,0.7223936170211893,3.889574468084757
6920447844.jpg,train,71.6843220339,0.8022592859717917,4.209037143887167
6921149341.jpg,train,54.3303571429,0.5968313069913215,3.387325227965286
6921873872.jpg,train,36.8473451327,0.3898757296172268,2.559502918468908
6922435153.jpg,val,66.2142857143,0.737507598784274,3.950030395137096
6923520196.jpg,train,32.35,0.3366382978723146,2.3465531914892583
6924377004.jpg,train,66.9269911504,0.7459442666158626,3.98377706646345
6926235386.jpg,train,62.05,0.6882127659573649,3.75285106382946
6927606175.jpg,train,74.3411016949,0.8337089794443593,4.334835917777437
6927641976.jpg,test,42.3973214286,0.4555737082069804,2.8222948328279216
6927744497.jpg,train,81.85,0.9225957446807318,4.690382978722927
6928560176.jpg,train,52.2094594595,0.5717251293851205,3.286900517540482
6929188980.jpg,test,70.8648648649,0.7925589419209615,4.170235767683846
6929191226.jpg,test,48.0691964286,0.5227146656537782,3.090858662615113
6929201627.jpg,train,64.3014018692,0.7148637900182969,3.859455160073188
6930075142.jpg,test,51.2208737864,0.5600227225778264,3.240090890311305
6931269556.jpg,test,60.8298319328,0.6737689969607251,3.695075987842901
6931553873.jpg,train,75.8785714286,0.8519088145898959,4.407635258359584
6932651943.jpg,train,44.3125,0.4782446808510154,2.912978723404062
6933526580.jpg,test,65.0256410256,0.7234369885427984,3.8937479541711935
6934705817.jpg,test,52.9957983193,0.5810334346500629,3.3241337386002514
6935047173.jpg,test,74.2711864407,0.8328813559323595,4.331525423729438
6935129773.jpg,train,78.0924369748,0.878115501519764,4.512462006079057
6935202616.jpg,train,45.5654205607,0.4930761582813496,2.9723046331253986
6935219850.jpg,val,45.186440678,0.4885899747569325,2.9543598990277298
6935652834.jpg,val,35.2375,0.3708191489361389,2.483276595744556
6936616730.jpg,train,53.472972973,0.5866820011503405,3.346728004601362
6936925429.jpg,train,51.625,0.564806576402259,3.259226305609036
6937167103.jpg,train,78.504587156,0.8829943392546646,4.531977357018659
6937606166.jpg,test,74.7434210526,0.8384714445683894,4.353885778273558
6937691669.jpg,train,78.4065217391,0.8818334875110904,4.527333950044362
6937719329.jpg,train,68.7794117647,0.7678723404253678,4.071489361701471
6938468092.jpg,test,63.15,0.7012340425531076,3.804936170212432
6938575813.jpg,train,61.5257009346,0.682006363094217,3.728025452376868
6938775083.jpg,train,50.0619469027,0.546303897571554,3.185215590286216
6938815179.jpg,train,57.4241071429,0.6334536474168476,3.5338145896673905
6939374638.jpg,test,60.5375,0.670308510638219,3.681234042552876
6940202479.jpg,test,65.1495327103,0.7249035593558812,3.899614237423525
6940429128.jpg,test,40.225,0.4298588007736537,2.7194352030946147
6941715715.jpg,test,64.7367256637,0.7200169459609266,3.8800677838437054
6942312836.jpg,train,74.9004237288,0.8403299675439095,4.361319870175638
6942418274.jpg,test,54.3823529412,0.5974468085108494,3.3897872340433977
6942738260.jpg,test,64.3947368421,0.7159686450166488,3.8638745800665952
6943168420.jpg,val,61.6964285714,0.6840273556226809,3.736109422490724
6943468904.jpg,train,37.3141025641,0.3954009819966611,2.5816039279866443
6945167278.jpg,test,70.5902777778,0.789308510638463,4.157234042553852
6945246052.jpg,test,77.535472973,0.87152242668221,4.4860897067288406
6945819872.jpg,train,58.8199152542,0.649976559682137,3.599906238728548
6946044735.jpg,test,43.4285714286,0.4677811550154891,2.8711246200619565
6946130339.jpg,train,69.3571428571,0.774711246200005,4.09884498480002
6946374385.jpg,train,49.4048672566,0.5385257013740078,3.154102805496031
6947149263.jpg,train,47.0183486239,0.5102752293582986,3.0411009174331944
6947720174.jpg,train,55.5338983051,0.6110782545980195,3.444313018392078
6947747616.jpg,test,62.875,0.6979787234041719,3.791914893616688
6948272719.jpg,train,40.3577981651,0.4314308022638121,2.725723209055248
6949001721.jpg,test,50.70625,0.5539308510637693,3.215723404255077
6951573031.jpg,train,47.6013513514,0.5171765382408893,3.068706152963557
6952277665.jpg,train,48.4932432432,0.5277343300741875,3.11093732029675
6952458517.jpg,train,54.4851694915,0.5986639019109189,3.394655607643676
6953798231.jpg,val,48.3411214953,0.5259335852054295,3.103734340821718
6954316003.jpg,test,59.7899159664,0.6614589665654311,3.645835866261725
6954547933.jpg,test,37.1032110092,0.3929045481166074,2.5716181924664294
6955151884.jpg,train,36.4092920354,0.3846902654867131,2.5387610619468526
6955490571.jpg,test,72.8598130841,0.8161741896994954,4.264696758797982
6956011813.jpg,train,46.0344036697,0.4986277571731862,2.994511028692745
6956670735.jpg,train,55.1824324324,0.6069177688322096,3.4276710753288384
6956736634.jpg,train,72.3625,0.8102872340424518,4.241148936169807
6957057987.jpg,train,59.9836448598,0.6637522370250207,3.655008948100083
6957283590.jpg,train,43.0190677966,0.4629336458707316,2.8517345834829264
6958947570.jpg,train,67.1556603774,0.7486511441192276,3.994604576476912
6959482720.jpg,val,75.8739495798,0.8518541033429791,4.407416413371916
6960806686.jpg,train,60.9598214286,0.6753077507601368,3.7012310030405473
6961079357.jpg,train,54.838362069,0.6028448275865468,3.411379310346187
6961812492.jpg,val,63.5263157895,0.7056886898098574,3.8227547592394298
6962031247.jpg,test,39.1658878505,0.4173215350967891,2.6692861403871566
6962153786.jpg,train,72.1206896552,0.8074247982394039,4.229699192957616
6962529393.jpg,train,59.9285714286,0.6631003039516282,3.652401215806513
6963387147.jpg,test,56.171875,0.6186303191488655,3.474521276595462
6963905428.jpg,train,76.2205882353,0.8559574468084717,4.423829787233887
6965249888.jpg,train,69.5733944954,0.777271130196902,4.109084520787608
6965585396.jpg,train,51.6148648649,0.5646866014954659,3.258746405981864
6965747606.jpg,train,79.4864864865,0.8946175963197692,4.578470385279077
6966361719.jpg,train,71.425,0.7991895551256258,4.196758220502503
6966432732.jpg,train,68.8581081081,0.7688039102930813,4.075215641172325
6966682968.jpg,train,51.6379310345,0.5649596478357986,3.259838591343194
6966797840.jpg,test,39.3971962617,0.4200596540069319,2.680238616027728
6966908551.jpg,train,60.6775700935,0.6719665937566326,3.6878663750265295
6967399980.jpg,train,76.0509708738,0.8539495971907157,4.415798388762863
6967934649.jpg,train,71.7683486239,0.8032539527625071,4.213015811050028
6968409021.jpg,train,56.6701680672,0.6245288753795493,3.498115501518197
6970549872.jpg,train,63.9357142857,0.7105349544070404,3.8421398176281616
697114350.jpg,train,52.2217391304,0.5718704902862966,3.287481961145186
6972495879.jpg,train,78.8073394495,0.8865781768489002,4.5463127073956
6974364233.jpg,train,72.9714285714,0.8174954407290426,4.269981762916171
6974453710.jpg,train,47.623853211,0.517442904547953,3.069771618191812
6974573719.jpg,train,75.1039823009,0.8427395970627717,4.370958388251086
6974731766.jpg,test,35.3995535714,0.3727374620057093,2.4909498480228374
6974976461.jpg,train,63.7,0.707744680850979,3.830978723403916
69754716.jpg,train,65.2272727273,0.725823808686713,3.903295234746852
6976429442.jpg,test,36.8004587156,0.3893207105211882,2.557282842084753
6976437867.jpg,test,71.6144067797,0.8014316624597919,4.205726649839168
6976768402.jpg,train,55.9026548673,0.6154434193188388,3.461773677275356
6977310046.jpg,train,30.0148305085,0.3089956725570772,2.235982690228309
6977491270.jpg,train,71.0114678899,0.7942943587739594,4.177177435095837
6977554463.jpg,train,44.8368644068,0.4844518571945657,2.937807428778263
6978488118.jpg,train,74.3333333333,0.8336170212760962,4.334468085104385
6978598944.jpg,train,67.9611650485,0.7581863251388239,4.032745300555296
6978651748.jpg,train,71.2345132743,0.7969346639045739,4.187738655618295
6978738588.jpg,train,72.7115384615,0.8144189852694919,4.257675941077967
6979363295.jpg,train,64.9564220183,0.7226176068703112,3.8904704274812447
6979435146.jpg,val,81.1637168142,0.9144718508759052,4.657887403503621
6979944704.jpg,train,76.714953271,0.8618095048713025,4.44723801948521
6980009998.jpg,train,59.8592436975,0.6622796352585296,3.64911854103412
6980277214.jpg,val,61.3990825688,0.6805075151276873,3.722030060510749
6981062336.jpg,train,75.907079646,0.8522462813026387,4.408985125210554
6983458217.jpg,train,67.4759615385,0.7524427168579737,4.009770867431895
6983491967.jpg,train,74.2476635514,0.8326029031615353,4.330411612646142
6983896045.jpg,train,60.1130434783,0.6652839963001075,3.66113598520043
6985836315.jpg,train,44.3304347826,0.4784569842736692,2.913827937094677
6985846441.jpg,test,61.4471153846,0.6810761047460547,3.724304418984219
6986641462.jpg,train,73.7434782609,0.8266345975950761,4.306538390380304
6986935908.jpg,train,68.8415178571,0.7686075227957506,4.074430091183002
6988183211.jpg,train,64.9201680672,0.7221884498476187,3.8887537993904746
6988927721.jpg,train,80.9891304348,0.9124051803886176,4.64962072155447
6989772902.jpg,val,12.7457627119,0.1045726649842046,1.4182906599368184
6991133333.jpg,train,65.6004464286,0.7302412613984259,3.920965045593704
6992326754.jpg,train,57.4121621622,0.6333122484190062,3.533248993676025
6992423707.jpg,train,67.675,0.7547988394583215,4.019195357833286
6993179262.jpg,val,35.2635135135,0.3711270845311486,2.4845083381245945
6993355605.jpg,train,65.5064655172,0.7291287600874629,3.916515040349851
6993500769.jpg,train,35.6080508475,0.3752055535525793,2.5008222142103174
6993655335.jpg,train,79.3378378378,0.8928579643467637,4.571431857387054
6993723329.jpg,train,65.8851351351,0.7336112708448084,3.9344450833792335
6994291070.jpg,train,66.9300847458,0.7459808871262068,3.983923548504827
6994313445.jpg,test,79.046460177,0.8894087742421298,4.55763509696852
6994871976.jpg,train,64.9,0.7219497098645163,3.887798839458066
6995068299.jpg,train,65.8664122137,0.7333896378100542,3.9335585512402167
6995599343.jpg,train,68.7678571429,0.7677355623104432,4.070942249241773
6996086039.jpg,train,43.3260869565,0.4665679925991411,2.866271970396564
6996264658.jpg,test,62.7654867257,0.6966823573718395,3.786729429487358
6996280620.jpg,train,44.7884615385,0.4838788870707824,2.9355155482831297
6997098854.jpg,train,53.25,0.5840425531914242,3.3361702127656967
6997268609.jpg,train,33.4797297297,0.3500115008621848,2.400046003448739
6998687310.jpg,test,56.2115384615,0.6190998363333527,3.476399345333411
6998702838.jpg,test,63.8325892857,0.7093142097261895,3.837256838904758
6999906899.jpg,train,69.8528037383,0.7805786438652729,4.122314575461092
7000580898.jpg,train,82.6680672269,0.9322796352583474,4.72911854103339
7000869677.jpg,train,73.7168141593,0.8263189606477027,4.305275842590811
7001480005.jpg,test,59.6418918919,0.659706728004619,3.638826912018476
7001539761.jpg,train,80.65,0.9083907156671944,4.633562862668779
7001822108.jpg,train,75.1026785714,0.842724164133294,4.370896656533176
7002011797.jpg,val,70.2839805825,0.7856827101834617,4.142730840733847
7003526811.jpg,test,68.6351351351,0.7661644623341649,4.06465784933666
7003816113.jpg,train,16.1016949153,0.1442985935815058,1.5771943743260235
7003924615.jpg,train,45.55,0.4928936170212258,2.971574468084904
7004025487.jpg,val,24.375,0.2422340425531807,1.968936170212723
7004286982.jpg,val,77.7116935484,0.8736084420041595,4.494433768016638
7004557180.jpg,train,69.972972973,0.7820011500864796,4.128004600345919
7004597260.jpg,train,71.8065217391,0.8037058279366348,4.214823311746539
7005072091.jpg,train,14.8014018692,0.1289063432098796,1.5156253728395186
7005136305.jpg,test,78.7544247788,0.8859517981551207,4.543807192620482
7005253045.jpg,train,51.262605042,0.5605167173249674,3.2420668692998698
7005672625.jpg,test,66.775,0.7441450676981685,3.976580270792674
7005727843.jpg,train,68.1049107143,0.7598879179332066,4.039551671732827
7005951474.jpg,train,45.5647321429,0.4930680091189976,2.9722720364759905
7005989775.jpg,train,37.6504424779,0.3993824138582775,2.59752965543311
7006026095.jpg,train,60.0607476636,0.6646649433291908,3.658659773316763
7006133071.jpg,val,70.5940594059,0.7893532757525287,4.157413103010114
7006191446.jpg,test,53.5762711864,0.5879047962490018,3.351619184996008
7006279642.jpg,train,53.6032110092,0.5882236970527465,3.352894788210986
7006866482.jpg,train,73.2923728814,0.8212946267584424,4.28517850703377
7007091368.jpg,train,66.6316964286,0.7424487082069346,3.9697948328277386
701112732.jpg,train,53.2247706422,0.5837439000584725,3.33497560023389
7011343645.jpg,train,70.7125,0.790755319148838,4.163021276595352
7011511225.jpg,train,70.9776785714,0.7938943768992592,4.175577507597037
7013076503.jpg,test,64.375,0.7157350096710937,3.862940038684375
7013643069.jpg,test,44.6627358491,0.4823906061827208,2.929562424730883
7016006231.jpg,train,78.5802752294,0.8838902986535195,4.535561194614078
70164643.jpg,train,73.2394957983,0.8206686930087868,4.282674772035147
7017996705.jpg,val,59.0913793103,0.6531900220096646,3.6127600880386574
7019402255.jpg,train,70.3584070796,0.7865637356423628,4.146254942569451
7019640975.jpg,val,76.2205882353,0.8559574468084717,4.423829787233887
7021084115.jpg,train,76.0614754098,0.8540739448895939,4.416295779558375
7021793877.jpg,train,59.875,0.6624661508703285,3.649864603481314
7023249423.jpg,train,44.0592105263,0.475246360582072,2.900985442328288
7023852485.jpg,train,63.395631068,0.7041417062594127,3.816566825037651
7024265149.jpg,train,43.2075892857,0.4651652735560156,2.8606610942240627
7024308197.jpg,train,61.4772727273,0.6814330930194086,3.7257323720776334
7024488001.jpg,test,78.3163716814,0.8807663340234233,4.523065336093693
7024783845.jpg,train,46.1540178571,0.5000436930085593,3.0001747720342373
7025630527.jpg,test,62.4734513274,0.6932253812836465,3.772901525134586
70272233.jpg,test,15.8361344538,0.1411550151977926,1.5646200607911704
7029108053.jpg,train,79.1747572816,0.890927494319793,4.5637099772791725
7032481793.jpg,train,16.8310810811,0.1529327199542239,1.611730879816896
7033122257.jpg,test,55.3254716981,0.6086109995983293,3.4344439983933173
7033769199.jpg,test,54.1504424779,0.5947015627944167,3.378806251177666
7035194341.jpg,val,76.8851351351,0.8638240368022345,4.455296147208938
7035272289.jpg,train,71.9934210526,0.8059182530790329,4.223673012316132
7036262065.jpg,test,71.7763157895,0.8033482642779269,4.213393057111707
7038478039.jpg,train,53.3004587156,0.5846398594573273,3.3385594378293093
7038768335.jpg,train,65.9785714286,0.7347173252282125,3.93886930091285
7041776879.jpg,train,54.1490384615,0.5946849427163353,3.3787397708653413
7042014185.jpg,train,62.9108695652,0.6984033302494794,3.7936133209979177
7043681927.jpg,test,70.2715517241,0.7855355832716473,4.142142333086589
7043958029.jpg,train,68.7068965517,0.7670139398382112,4.068055759352845
7046294773.jpg,test,72.9665178571,0.8174373100297854,4.2697492401191415
7046586351.jpg,train,59.6339285714,0.6596124620056635,3.638449848022654
7046617755.jpg,train,52.1217948718,0.5706873977086719,3.282749590834688
7046797651.jpg,train,58.3040540541,0.643870040253488,3.575480161013952
7047135125.jpg,train,55.2542372881,0.6077677605476525,3.43107104219061
7048841203.jpg,train,74.2476635514,0.8326029031615353,4.330411612646142
7051563883.jpg,test,57.8891304348,0.6389583718780227,3.555833487512091
7052391619.jpg,test,76.8175,0.8630234042552094,4.452093617020838
7052971473.jpg,train,72.0089285714,0.806101823707768,4.224407294831072
7054584681.jpg,test,65.6621621622,0.7309718228870759,3.923887291548304
7054855385.jpg,train,38.640625,0.4111037234042176,2.6444148936168705
7055216867.jpg,train,72.1206896552,0.8074247982394039,4.229699192957616
7055266351.jpg,train,74.15,0.8314468085105338,4.325787234042135
7056790837.jpg,train,71.2836538462,0.7975163666125583,4.190065466450234
7057320569.jpg,train,70.1544117647,0.784148936170046,4.136595744680184
7058304697.jpg,train,71.0909090909,0.795234745911522,4.180938983646088
7059458199.jpg,train,49.2307692308,0.5364648117842673,3.145859247137069
7061755895.jpg,train,79.5306603774,0.895140505821332,4.580562023285328
7063010793.jpg,train,72.3472222222,0.8101063829783591,4.240425531913436
7063436849.jpg,test,60.1116504854,0.6652675067129741,3.661070026851896
706409343.jpg,test,72.0887850467,0.8070471266648973,4.228188506659589
7064847959.jpg,train,9.73940677966,0.0689848539487967,1.2759394157951869
7066508685.jpg,test,53.6788990826,0.5891196564516012,3.356478625806405
7066539033.jpg,test,71.2307692308,0.7968903436991194,4.187561374796477
7071306923.jpg,train,58.8898305085,0.6508041831953206,3.6032167327812825
7072303767.jpg,train,52.0197368421,0.5694792833145444,3.277917133258178
7072533905.jpg,train,73.2453271028,0.8207377212167946,4.282950884867178
7075654171.jpg,train,70.6050420168,0.7894832826745944,4.157933130698378
7076980511.jpg,val,62.3550420168,0.691823708206525,3.7672948328261
7077356639.jpg,val,71.0884955752,0.7952061758610693,4.180824703444277
7078293355.jpg,test,79.4102564103,0.8937152209496648,4.574860883798659
7081444391.jpg,train,67.9839449541,0.7584559828221352,4.033823931288541
7082408177.jpg,test,49.9701834862,0.545217645910084,3.180870583640336
7084961757.jpg,val,64.202173913,0.713689176687651,3.854756706750604
7085413157.jpg,train,64.9932432432,0.7230534790103266,3.8922139160413054
7085880797.jpg,train,65.7547169811,0.7320674427935902,3.9282697711743606
7085959839.jpg,train,60.0135135135,0.6641058079353572,3.656423231741429
7087645993.jpg,train,65.1281512605,0.7246504559269143,3.8986018237076574
7089392359.jpg,train,71.8310810811,0.8039965497413543,4.2159861989654175
7090447613.jpg,train,53.6132075472,0.5883420313130172,3.353368125252069
7092360919.jpg,train,50.5,0.5514893617020676,3.2059574468082706
7092910349.jpg,train,58.2873831776,0.6436726983498517,3.574690793399407
7094182327.jpg,val,51.6092436975,0.5646200607904601,3.2584802431618405
7095677109.jpg,train,31.5472972973,0.3271362852213993,2.308545140885597
7096133531.jpg,train,66.4012096774,0.7397203157169081,3.958881262867632
7096952113.jpg,test,62.875,0.6979787234041719,3.791914893616688
7100857351.jpg,val,77.195754717,0.8675010036131198,4.47000401445248
7102405013.jpg,val,64.1776315789,0.713398656214359,3.853594624857436
7102475637.jpg,train,61.7972972973,0.6852213916043209,3.740885566417284
7102713545.jpg,train,65.4802631579,0.7288185890257298,3.9152743561029193
7102805935.jpg,train,73.5168067227,0.8239513677811808,4.295805471124723
7104640807.jpg,train,70.9663461538,0.7937602291319246,4.175040916527698
7105123297.jpg,train,60.599137931,0.6710381511367101,3.68415260454684
7106381255.jpg,val,6.61853448276,0.0320414526779554,1.1281658107118218
7107776883.jpg,train,54.5210084034,0.5990881458970465,3.396352583588186
7107867443.jpg,train,48.0472972973,0.5224554341575384,3.089821736630153
7108939139.jpg,val,81.1228813559,0.9139884601509616,4.655953840603846
7109803877.jpg,train,68.7875,0.7679680851062883,4.071872340425154
7109981551.jpg,train,64.1526548673,0.7131029937869084,3.852411975147634
7110105161.jpg,test,47.0986842105,0.5112262038070257,3.044904815228102
7111226249.jpg,train,67.3525641026,0.7509819967270107,4.003927986908042
7112366827.jpg,train,71.6009615385,0.8012725040920085,4.205090016368034
7113461019.jpg,test,51.5076335878,0.5634172486601624,3.2536689946406496
7113653815.jpg,train,72.1652173913,0.8079518963920771,4.231807585568308
7116112855.jpg,train,55.7828947368,0.614025755878491,3.456103023513964
7119041313.jpg,train,68.2375,0.7614574468084171,4.045829787233668
7119860187.jpg,test,70.7234513274,0.7908849557517161,4.1635398230068645
7122976485.jpg,train,78.5817307692,0.883907528641094,4.535630114564376
7123405099.jpg,train,59.8549107143,0.6622283434651369,3.648913373860548
7123410119.jpg,train,77.5334821429,0.8714988601827671,4.4859954407310685
7124206301.jpg,train,31.7847222222,0.3299468085103505,2.319787234041402
7125445143.jpg,train,64.0066371681,0.71137450574222,3.84549802296888
7125596297.jpg,train,73.1875,0.8200531914892588,4.280212765957035
7130276433.jpg,train,56.171875,0.6186303191488655,3.474521276595462
7131604965.jpg,train,59.1544117647,0.65393617021262,3.61574468085048
7131772191.jpg,test,79.5642201835,0.895537770837448,4.5821510833497925
7131884003.jpg,train,63.1546610169,0.7012892174533552,3.8051568698134206
7132841089.jpg,train,72.313559322,0.8097078975833418,4.238831590333367
7134278631.jpg,train,63.975,0.7109999999999146,3.8439999999996575
7135099747.jpg,train,75.628440367,0.8489478821005502,4.395791528402201
7136073057.jpg,test,62.1689189189,0.6896204715350591,3.758481886140237
7138669275.jpg,train,57.4121621622,0.6333122484190062,3.533248993676025
7141084967.jpg,train,66.2763157895,0.7382418812992139,3.952967525196856
7141864663.jpg,train,53.7702702703,0.5902012650951679,3.360805060380672
7143312581.jpg,val,56.8577981651,0.6267499511999511,3.506999804799805
7144832397.jpg,test,68.6351351351,0.7661644623341649,4.06465784933666
71458295.jpg,test,62.9789915966,0.6992097264432278,3.796838905772911
7146833457.jpg,train,45.7349137931,0.4950825385178831,2.980330154071533
7148484633.jpg,train,58.3305084746,0.6441831950957705,3.576732780383082
7148644865.jpg,train,70.4314159292,0.787427979664707,4.149711918658828
7149494135.jpg,train,71.2697368421,0.7973516237400401,4.18940649496016
7149994451.jpg,test,62.8391304348,0.6975541165588645,3.790216466235458
7152554103.jpg,train,72.8108695652,0.8155948196111628,4.262379278444652
7154088130.jpg,train,71.506302521,0.8001519756836913,4.200607902734765
7154960969.jpg,train,54.8043478261,0.6024421831638235,3.409768732655294
7155826261.jpg,val,69.2834821429,0.7738392857146975,4.09535714285879
7157345124.jpg,train,62.8050847458,0.697151099892172,3.788604399568688
7158075991.jpg,train,77.1422018349,0.8668670700764624,4.46746828030585
7158901982.jpg,test,62.7654867257,0.6966823573718395,3.786729429487358
7159650647.jpg,train,50.3051181102,0.5491824426197159,3.196729770478864
7160553409.jpg,train,68.546875,0.7651196808509697,4.060478723403879
7161322897.jpg,val,66.6144859813,0.7422449791209077,3.968979916483631
7162655.jpg,train,67.4935897436,0.7526513911620587,4.010605564648235
7162678728.jpg,test,63.5297619048,0.7057294832830411,3.822917933132164
7162855925.jpg,test,11.8552631579,0.0940313549832778,1.3761254199331114
7163084628.jpg,train,81.017699115,0.912743362831217,4.650973451324868
7163375274.jpg,train,70.1674107143,0.784302811550224,4.137211246200896
7164723575.jpg,train,62.3684210526,0.691982082866285,3.76792833146514
7165207702.jpg,val,67.5945945946,0.7538470385278613,4.015388154111445
7165704390.jpg,train,75.3263888889,0.8453723404255565,4.381489361702226
7166012405.jpg,train,58.4527027027,0.6456296722253099,3.5825186889012395
7167005638.jpg,train,29.6956521739,0.3052173913041727,2.2208695652166908
7167167089.jpg,train,64.8985849057,0.721932958651526,3.887731834606104
7167430526.jpg,train,68.0117924528,0.7587856282612918,4.035142513045168
7167513416.jpg,train,77.906779661,0.8759177785788438,4.503671114315376
7167608916.jpg,val,66.4054054054,0.7397699827485521,3.959079930994208
7167671368.jpg,test,63.8802521008,0.7098784194523248,3.839513677809299
7168526408.jpg,test,64.7043478261,0.719633672525507,3.878534690102028
7168884193.jpg,train,74.2875,0.8330744680850014,4.332297872340005
7169239087.jpg,train,79.5148305085,0.8949531193654945,4.579812477461978
7169475537.jpg,val,82.6189320388,0.9316979962812256,4.726791985124902
7169652147.jpg,train,64.9189189189,0.7221736630244157,3.888694652097663
7170927811.jpg,train,40.9915254237,0.4389325640097141,2.755730256038857
7171867098.jpg,test,68.6061946903,0.7658218791191244,4.063287516476498
7172192793.jpg,test,51.8983050847,0.5680418319503512,3.2721673278014047
7172324016.jpg,train,51.8485576923,0.5674529459900264,3.269811783960105
7173122782.jpg,train,43.3396226415,0.4667282215975937,2.8669128863903746
7173197243.jpg,train,75.3886554622,0.8461094224924733,4.384437689969893
7173633933.jpg,val,34.5689655172,0.3629053558322021,2.4516214233288087
7175697564.jpg,train,71.125,0.7956382978722415,4.1825531914889655
7175721471.jpg,train,71.125,0.7956382978722415,4.1825531914889655
7176672187.jpg,test,59.3392857143,0.6561246200608827,3.6244984802435294
71775760.jpg,train,45.6875,0.4945212765956937,2.9780851063827747
7178199774.jpg,test,81.4932432432,0.9183726279464656,4.673490511785863
7178723916.jpg,train,50.2105263158,0.5480627099664706,3.192250839865882
7179150708.jpg,train,63.475,0.7050812379109407,3.8203249516437614
7179426262.jpg,train,65.5486111111,0.7296276595742481,3.918510638296993
7179446780.jpg,train,69.0220588235,0.7707446808506208,4.082978723402484
7180497616.jpg,train,56.8622881356,0.6268031013343032,3.5072124053372127
7181156093.jpg,train,46.8728448276,0.5085528246516141,3.0342112986064564
7181400642.jpg,test,41.65,0.4467272727272293,2.7869090909089174
7182538268.jpg,train,78.5339805825,0.8833422846515313,4.533369138606125
7183220075.jpg,train,81.0735294118,0.9134042553194488,4.653617021277796
7185825441.jpg,train,41.8119469027,0.4486443231034844,2.794577292413938
7186435015.jpg,train,75.1800847458,0.8436404615942764,4.374561846377105
7186783534.jpg,train,52.718487395,0.5777507598788526,3.3110030395154104
7188136873.jpg,train,50.275,0.5488259187620294,3.1953036750481174
7188151253.jpg,train,38.3347457627,0.4074828705371466,2.629931482148587
7188153176.jpg,train,52.3109756098,0.5729268292687489,3.291707317074996
7188178353.jpg,train,52.0894495413,0.5703045090768344,3.281218036307337
7189264298.jpg,test,79.8256302521,0.8986322188448594,4.594528875379438
7189498789.jpg,test,64.1995412844,0.713658012882947,3.854632051531788
7189997672.jpg,test,69.625,0.7778820116053198,4.111528046421279
7191194360.jpg,test,47.7256637168,0.5186480888719297,3.074592355487719
7192279956.jpg,test,63.2094594595,0.7019378953425466,3.8077515813701854
7192501662.jpg,train,67.75,0.7556866537716675,4.02274661508667
7192785398.jpg,test,56.597826087,0.6236725254398511,3.4946901017594043
7194253160.jpg,train,76.2162162162,0.855905692926669,4.423622771706675
7194624166.jpg,train,76.9717391304,0.864849213690505,4.45939685476202
7194820358.jpg,val,80.8716814159,0.9110148747877124,4.64405949915085
7196174704.jpg,train,56.1322115385,0.6181608019643781,3.472643207857512
7196416584.jpg,train,56.8820754717,0.6270373344038042,3.5081493376152166
7200434768.jpg,val,64.9530075188,0.7225771876499244,3.8903087505996976
7202630536.jpg,train,66.8526785714,0.7450645896652245,3.980258358660898
7202661434.jpg,train,69.40625,0.7752925531913937,4.101170212765575
7203007382.jpg,val,38.0526315789,0.4041433370654721,2.6165733482618885
7203013446.jpg,train,57.1458333333,0.6301595744676179,3.520638297870472
7203865570.jpg,train,76.4722222222,0.8589361702123939,4.435744680849576
7212441932.jpg,train,63.395631068,0.7041417062594127,3.816566825037651
7213266604.jpg,train,58.4527027027,0.6456296722253099,3.5825186889012395
7214387770.jpg,train,73.7692307692,0.8269394435347202,4.307757774138881
7214440922.jpg,train,60.33125,0.6678670212765171,3.671468085106069
7214629206.jpg,val,68.6176470588,0.7659574468081379,4.063829787232551
7215678842.jpg,train,73.6987179487,0.8261047463171959,4.304418985268784
7217797182.jpg,test,63.3419811321,0.7035066238460511,3.814026495384205
7219282312.jpg,val,55.4639830508,0.6102506310848358,3.441002524339343
7219295732.jpg,test,44.125,0.4760251450676502,2.904100580270601
7222616846.jpg,train,76.1588983051,0.8552271907681932,4.420908763072773
7222733996.jpg,train,76.9,0.8639999999998902,4.455999999999561
7223815722.jpg,train,69.2834821429,0.7738392857146975,4.09535714285879
7224064916.jpg,train,70.2688679245,0.7855038137289936,4.142015254915974
7225479532.jpg,train,61.1298076923,0.6773199672666046,3.7092798690664175
7228274052.jpg,test,72.55,0.812506769825817,4.250027079303268
7229767436.jpg,train,68.8922018349,0.7692074956083927,4.076829982433571
7230853930.jpg,train,72.2224770642,0.8086297091544522,4.234518836617809
7232368208.jpg,test,62.6924778761,0.6958181133494953,3.783272453397981
7232875546.jpg,train,70.3640776699,0.7866308613921423,4.146523445568569
7233783308.jpg,train,64.3655462185,0.7156231003040144,3.8624924012160577
7236084356.jpg,train,78.9344660194,0.888083040693751,4.552332162775004
7238368946.jpg,test,36.8875,0.3903510638297529,2.561404255319012
7238571992.jpg,train,72.927184466,0.8169717000616384,4.267886800246554
7238585598.jpg,val,66.4889380531,0.7407588024853489,3.963035209941396
7238696504.jpg,train,57.5608108108,0.635071880390828,3.540287521563312
7240407408.jpg,train,62.1875,0.6898404255318328,3.759361702127331
7241141390.jpg,train,22.2045454545,0.2165412343936877,1.866164937574751
7242888546.jpg,train,49.7431192661,0.5425297677147035,3.170119070858814
7247521810.jpg,val,34.34375,0.3602393617020981,2.440957446808393
7249502132.jpg,train,67.3855140187,0.7513720421555057,4.005488168622023
7250719968.jpg,val,76.4514563107,0.8586903532329354,4.434761412931742
7250885308.jpg,train,69.7743362832,0.7796497834683446,4.118599133873378
7252678814.jpg,train,76.9594594595,0.864703852789329,4.458815411157316
7253127574.jpg,train,70.1890756303,0.7845592705171871,4.138237082068748
7253262358.jpg,train,45.34375,0.4904521276595241,2.9618085106380967
7253541416.jpg,train,75.0055555556,0.8415744680855262,4.366297872342105
7255289130.jpg,val,74.5986842105,0.8367581187005908,4.347032474802363
7255559908.jpg,train,80.3538135593,0.904884601514228,4.619538406056911
7259290306.jpg,train,58.4630434783,0.6457520814064936,3.5830083256259746
7259325322.jpg,train,60.7775423729,0.6731500180311546,3.6926000721246175
7259602320.jpg,train,59.9911504425,0.6638410845417015,3.655364338166806
7259699596.jpg,train,55.2347826087,0.6075374653098807,3.430149861239523
7260057636.jpg,train,66.3125,0.7386702127658675,3.95468085106347
7260432838.jpg,val,69.963592233,0.7818901053499225,4.12756042139969
7260489840.jpg,train,70.5560344828,0.788903154805968,4.155612619223872
7262794678.jpg,train,71.675,0.8021489361701127,4.208595744680451
7262954956.jpg,train,74.8913043478,0.840222016650834,4.360888066603335
7263783306.jpg,val,40.0401785714,0.4276709726439983,2.7106838905759933
7264008364.jpg,train,73.9473684211,0.8290481522960891,4.316192609184356
7264923790.jpg,test,77.1152173913,0.8665476410729188,4.466190564291676
7264968696.jpg,val,70.8136792453,0.7919530309113831,4.1678121236455326
7265767786.jpg,train,76.5845588235,0.8602659574463511,4.441063829785405
7265792384.jpg,train,52.2451923077,0.5721481178396349,3.28859247135854
7266979612.jpg,train,69.3455882353,0.7745744680850805,4.098297872340321
7267070590.jpg,train,34.3142857143,0.3598905775077384,2.4395623100309534
7267396470.jpg,train,49.7142857143,0.5421884498481349,3.1687537993925394
7268649826.jpg,train,67.1542056075,0.7486339232453632,3.9945356929814526
7268981578.jpg,test,36.3004807692,0.3834022094922375,2.5336088379689503
7269352924.jpg,train,58.5986238532,0.6473570173724276,3.5894280694897103
7269365920.jpg,train,69.5132450331,0.7765591094826353,4.106236437930541
7270304334.jpg,train,23.9565217391,0.2372802960218314,1.9491211840873257
7270764894.jpg,test,70.2004310345,0.784693690388955,4.13877476155582
7270896820.jpg,train,66.7809734513,0.744215778572358,3.976863114289432
7271105620.jpg,train,77.1152173913,0.8665476410729188,4.466190564291676
7272392080.jpg,train,75.25,0.8444680851062762,4.377872340425105
7272599674.jpg,train,48.9802631579,0.5334994400895907,3.133997760358363
7275267386.jpg,train,46.6176470588,0.5055319148932857,3.022127659573143
7276071932.jpg,train,79.44375,0.8941117021275449,4.57644680851018
7276321940.jpg,train,39.6766055046,0.4233671676753027,2.6934686707012108
7276446104.jpg,test,70.3141025641,0.7860392798689393,4.144157119475757
7276523780.jpg,train,74.6273584906,0.8370975511845599,4.348390204738239
7277660018.jpg,train,71.447826087,0.7994597594823762,4.197839037929505
7280314854.jpg,test,54.8459821429,0.6029350303955758,3.411740121582304
7280808920.jpg,train,75.0402542373,0.8419852145690929,4.367940858276372
7281146720.jpg,train,73.1327433628,0.8194050084725008,4.277620033890003
7283094026.jpg,test,78.34375,0.8810904255318023,4.524361702127209
7285012394.jpg,train,66.7027027027,0.7432892466933794,3.9731569867735175
7286003056.jpg,test,70.9285714286,0.7933130699090541,4.173252279636216
7287141628.jpg,train,67.0717391304,0.7476577243288217,3.990630897315287
7287423330.jpg,train,71.5375,0.8005212765956449,4.20208510638258
7288043746.jpg,train,43.0432692308,0.4632201309332151,2.8528805237328605
7288524676.jpg,train,64.25,0.7142553191488502,3.857021276595401
7289957138.jpg,val,56.6875,0.6247340425531198,3.49893617021248
7291000146.jpg,test,66.237394958,0.7377811550153067,3.951124620061227
7292757116.jpg,train,77.2388392857,0.8680110182368024,4.4720440729472095
7292878318.jpg,test,61.1381578947,0.6774188129894054,3.7096752519576217
7295291032.jpg,train,69.2834821429,0.7738392857146975,4.09535714285879
7295363820.jpg,train,60.0441176471,0.6644680851067923,3.65787234042717
7296337218.jpg,test,65.5,0.7290522243712849,3.91620889748514
7297259404.jpg,train,64.1756756757,0.7133755031629394,3.8535020126517576
7297786732.jpg,train,66.777027027,0.7441690626792903,3.976676250717161
7300513490.jpg,train,62.3402777778,0.6916489361703934,3.766595744681573
7300766830.jpg,train,59.1216216216,0.6535480161008753,3.614192064403501
7301944302.jpg,train,65.535046729,0.7294670908731805,3.917868363492722
7303073674.jpg,train,78.6383928571,0.8845782674765832,4.538313069906333
7303973886.jpg,train,67.1633663366,0.7487423635975721,3.994969454390288
7304709380.jpg,val,77.3514150943,0.8693436370929569,4.477374548371827
7305940242.jpg,train,68.7678571429,0.7677355623104432,4.070942249241773
7310636810.jpg,train,72.8928571429,0.816565349544478,4.266261398177912
7312266068.jpg,test,53.31875,0.584856382978658,3.339425531914632
7312752876.jpg,test,50.5693277311,0.5523100303951661,3.2092401215806645
7316131560.jpg,test,71.9646017699,0.8055771041232805,4.222308416493123
7316218852.jpg,train,48.347826087,0.5260129509717816,3.1040518038871263
7316593310.jpg,test,74.8305084746,0.8395023440319095,4.358009376127638
7316816362.jpg,train,52.5625,0.575904255319085,3.30361702127634
7317766722.jpg,train,73.4428571429,0.8230759878423493,4.292303951369397
7318578602.jpg,train,77.89,0.8757191489360585,4.502876595744234
7319806894.jpg,train,63.4038461538,0.7042389525361942,3.8169558101447767
7319912164.jpg,train,70.8194444444,0.7920212765951202,4.168085106380481
7319984198.jpg,train,73.0873786408,0.8188680024789998,4.275472009915999
7321293264.jpg,val,49.0775862069,0.5346515040351999,3.1386060161408
7322656062.jpg,train,79.15,0.8906344294002728,4.562537717601091
7323620090.jpg,train,68.7900943396,0.7679987956640293,4.071995182656117
7325916584.jpg,train,75.8668224299,0.851769735533718,4.407078942134872
7328195954.jpg,test,72.1652173913,0.8079518963920771,4.231807585568308
7328979392.jpg,train,76.5084745763,0.8593653083305601,4.4374612333222405
7329465526.jpg,train,78.0225409836,0.8772881060339924,4.509152424135969
7331539774.jpg,test,74.4539473684,0.8350447928327922,4.340179171331169
7331542456.jpg,train,64.5691964286,0.7180338145899172,3.872135258359669
7334314036.jpg,test,75.25,0.8444680851062762,4.377872340425105
7334526272.jpg,train,69.3571428571,0.774711246200005,4.09884498480002
7337709978.jpg,train,63.7139830508,0.7079102055529054,3.8316408222116216
7337936636.jpg,train,76.55625,0.8599308510637207,4.439723404254883
7339049388.jpg,train,80.4237288136,0.9057122250274114,4.622848900109646
7339222496.jpg,val,65.125,0.7246131528045545,3.898452611218218
7339227510.jpg,train,40.8883495146,0.4377112166911612,2.750844866764645
7339736582.jpg,train,70.8551401869,0.7924438258100137,4.169775303240055
7340239088.jpg,train,43.9423076923,0.4738625204581264,2.895450081832505
7342857520.jpg,train,51.9121621622,0.5682058654402932,3.2728234617611727
7344897910.jpg,train,49.7176724138,0.5422285399853496,3.1689141599413984
7348582056.jpg,train,70.2860169492,0.7857068157235081,4.142827262894032
7348931184.jpg,val,58.9333333333,0.6513191489356996,3.605276595742799
7349520418.jpg,train,54.9594594595,0.6042783208744771,3.4171132834979083
735046558.jpg,train,28.889380531,0.2956731312373502,2.1826925249494007
7351425672.jpg,test,76.1119402985,0.8546713242297176,4.41868529691887
7352368166.jpg,train,73.5694444444,0.8245744680844768,4.298297872337907
7354160932.jpg,train,67.8325688073,0.7566640640244258,4.026656256097703
7355331384.jpg,train,64.724137931,0.7198679383707448,3.8794717534829792
7355344734.jpg,test,76.2899159664,0.8567781155015702,4.427112462006281
7355708808.jpg,test,67.2920353982,0.7502654867252159,4.001061946900864
73558937.jpg,test,56.1375,0.6182234042552485,3.472893617020994
7355960902.jpg,train,39.9137168142,0.4261739785355576,2.7046959141422304
7358286276.jpg,test,7.05,0.0371489361702346,1.1485957446809387
7358753494.jpg,val,54.1504424779,0.5947015627944167,3.378806251177666
7359378256.jpg,test,71.3805309735,0.7986631519492623,4.19465260779705
7360550332.jpg,test,72.5763888889,0.8128191489362,4.2512765957448
7361922724.jpg,val,78.4390756303,0.8822188449852566,4.528875379941026
7362254314.jpg,train,54.9,0.603574468085038,3.414297872340152
7365538478.jpg,train,75.0290178571,0.8418522036468028,4.367408814587211
7365681654.jpg,train,32.852173913,0.3425827937089868,2.3703311748359472
7367414528.jpg,train,52.4324324324,0.5743645773428531,3.2974583093714123
7369136066.jpg,train,27.6775700935,0.2813282958843544,2.125313183537417
7369281846.jpg,train,67.3235294118,0.7506382978726663,4.002553191490666
7369682094.jpg,train,60.7586956522,0.6729269195191933,3.691707678076773
7374960236.jpg,train,58.6763392857,0.6482769756836461,3.593107902734584
7376214050.jpg,train,38.1635514019,0.4054563531520483,2.621825412608193
7376910984.jpg,train,50.5723684211,0.5523460246365588,3.209384098546235
7380460592.jpg,train,68.6638655462,0.7665045592702036,4.066018237080814
7381771262.jpg,train,58.3305084746,0.6441831950957705,3.576732780383082
7382035482.jpg,train,66.7573529412,0.7439361702129538,3.975744680851815
7382484290.jpg,train,43.0,0.4627079303674589,2.850831721469836
7383311936.jpg,test,37.0436893204,0.392199958686325,2.5687998347453003
7384140824.jpg,train,81.0735294118,0.9134042553194488,4.653617021277796
7387717156.jpg,test,39.268907563,0.4185410334343131,2.6741641337372526
7388185182.jpg,train,68.0596330275,0.75935194222099,4.03740776888396
7390518132.jpg,train,70.7065217391,0.7906845513408921,4.162738205363569
7391300046.jpg,train,65.2205882353,0.7257446808510456,3.9029787234041824
7391334516.jpg,test,68.4864864865,0.7644048303623432,4.057619321449373
7391355184.jpg,test,77.5064102564,0.8711783960717807,4.484713584287123
7392719524.jpg,test,76.1142857143,0.8546990881459573,4.418796352583829
7393631040.jpg,test,75.7435897436,0.8503109656301283,4.401243862520513
7395359632.jpg,train,21.5857142857,0.20921580547095,1.8368632218838
7399191468.jpg,train,55.3125,0.6084574468084415,3.433829787233766
7399670298.jpg,train,40.4407894737,0.4324132138859241,2.7296528555436965
7401378600.jpg,train,79.1458333333,0.8905851063824701,4.5623404255298805
7402614702.jpg,train,23.725,0.2345396518375146,1.9381586073500587
7405428626.jpg,train,44.8368644068,0.4844518571945657,2.937807428778263
7406520610.jpg,val,81.2847222222,0.9159042553187678,4.663617021275071
7407428670.jpg,train,59.6826086957,0.6601887141540502,3.640754856616201
7408729508.jpg,train,67.3683035714,0.7511683130694788,4.004673252277915
7411918198.jpg,val,49.311440678,0.5374197619909673,3.149679047963869
7413044200.jpg,train,80.2995689655,0.9042424798235976,4.61696991929439
7417878338.jpg,test,80.4869565217,0.9064606845507616,4.625842738203046
7418763178.jpg,val,55.0571428571,0.605434650455351,3.421738601821404
7419326966.jpg,train,74.3938679245,0.8343336009630283,4.337334403852113
7424501528.jpg,train,67.502173913,0.7527530064748787,4.0110120258995146
7425462410.jpg,train,72.9230769231,0.8169230769232477,4.267692307692991
7425526298.jpg,test,43.7831858407,0.4719789116925715,2.8879156467702862
742801177.jpg,train,46.4864864865,0.503979298447491,3.015917193789964
7431456352.jpg,train,42.0402542373,0.4513469166968146,2.805387666787259
7432159802.jpg,train,52.2794117647,0.5725531914892287,3.2902127659569147
7432387258.jpg,train,72.8728813559,0.816328885682892,4.265315542731567
7433488844.jpg,val,48.6666666667,0.5297872340428912,3.1191489361715647
7434980246.jpg,train,66.7079646018,0.7433515345511976,3.973406138204792
7437031540.jpg,train,56.1155462185,0.6179635258359448,3.47185410334378
7437035640.jpg,train,52.7878151261,0.5785714285719511,3.3142857142878044
7437582530.jpg,train,63.3155339806,0.703193555050732,3.812774220202928
7442226424.jpg,train,53.9957627119,0.5928705373245523,3.371482149298209
7442324444.jpg,val,59.7162162162,0.66058654399053,3.64234617596212
7442416994.jpg,train,77.1824324324,0.8673433007470619,4.469373202988248
7442925808.jpg,train,80.3538135593,0.904884601514228,4.619538406056911
7443145706.jpg,train,75.7435897436,0.8503109656301283,4.401243862520513
7443887988.jpg,train,18.4326086957,0.1718908418137026,1.6875633672548105
7445548804.jpg,test,54.9655963303,0.604350966230949,3.417403864923796
7445572890.jpg,train,80.9446902655,0.9118791188100566,4.647516475240226
7445811974.jpg,train,71.3676470588,0.7985106382974945,4.194042553189978
7448603724.jpg,train,71.4,0.7988936170211772,4.195574468084709
7448606010.jpg,train,50.5,0.5514893617020676,3.2059574468082706
7452245552.jpg,train,32.1495327103,0.3342652614836032,2.337061045934413
7452954268.jpg,train,72.0769230769,0.8069067103105917,4.227626841242367
7455132680.jpg,train,61.1529126214,0.6775934724234556,3.7103738896938223
7455819414.jpg,train,62.296728972,0.6911334261288151,3.764533704515261
7459333336.jpg,train,74.3738938053,0.8340971568440652,4.336388627376261
7459539092.jpg,val,64.9736842105,0.722821948487843,3.891287793951372
7459547170.jpg,val,65.1584821429,0.7250094984806628,3.900037993922651
7460005346.jpg,test,62.4166666667,0.6925531914896738,3.770212765958695
7460698156.jpg,test,71.5913043478,0.8011581868636062,4.204632747454425
7461279878.jpg,train,63.1399082569,0.7011145813001637,3.804458325200655
7461618822.jpg,train,60.3717948718,0.6683469721767414,3.6733878887069658
7463764592.jpg,train,79.1891891892,0.8910983323749418,4.564393329499767
7465586874.jpg,train,65.3207964602,0.7269308981361287,3.907723592544514
7466229858.jpg,test,66.7053571429,0.7433206686934258,3.9732826747737033
7466614786.jpg,train,77.2,0.8675512572532745,4.470205029013098
7467164130.jpg,train,62.0966981132,0.6887655560014345,3.755062224005738
7468704128.jpg,train,79.0254237288,0.8891597547779443,4.556639019111778
7470410498.jpg,train,57.8738938053,0.638778007907926,3.555112031631704
7470463166.jpg,val,73.1485849057,0.8195925331195956,4.278370132478383
7470692282.jpg,test,44.05,0.4751373307543041,2.9005493230172164
7470832570.jpg,train,63.7,0.707744680850979,3.830978723403916
7472436450.jpg,train,26.6310679612,0.2689403015909792,2.075761206363917
7473958436.jpg,train,76.6123853211,0.8605953542844788,4.442381417137915
7478826230.jpg,val,67.66,0.7546212765956523,4.0184851063826095
7480977716.jpg,train,57.0841346154,0.6294292144027283,3.517716857610913
7483507340.jpg,train,36.7037815126,0.3881762917932194,2.5527051671728778
7484588674.jpg,test,68.1891891892,0.7608855664175158,4.043542265670063
7485150056.jpg,train,61.9,0.6864371373306728,3.745748549322691
7488642130.jpg,train,67.2152173913,0.7493561517112354,3.9974246068449415
7490518604.jpg,train,66.0480769231,0.7355400981998564,3.9421603927994258
7490651104.jpg,train,71.725,0.8027408123790101,4.21096324951604
7490674084.jpg,train,67.0,0.7468085106382067,3.987234042552827
7491724488.jpg,train,68.8,0.7681160541585127,4.072464216634051
7491939464.jpg,train,56.8781512605,0.6269908814588447,3.507963525835379
7492007796.jpg,test,53.0553097345,0.5817379024663568,3.326951609865428
7492033480.jpg,test,59.3093220339,0.6557699242696874,3.6230796970787496
7493136824.jpg,train,31.7572815534,0.3296219789299714,2.318487915719886
7495567704.jpg,train,62.6956521739,0.6958556891764508,3.783422756705803
7497107258.jpg,train,53.5,0.5870019342359111,3.3480077369436443
7499578096.jpg,train,53.6293103448,0.5885326485689398,3.35413059427576
7499781424.jpg,test,69.797826087,0.7799278445887624,4.119711378355049
7502944264.jpg,val,72.01875,0.8062180851062823,4.224872340425129
7504569144.jpg,test,70.0847826087,0.7833246993524059,4.133298797409624
7504875900.jpg,train,25.8236607143,0.2593825987843501,2.0375303951374004
7505379000.jpg,train,55.0128205128,0.6049099836330765,3.419639934532306
7505926112.jpg,train,63.2765486726,0.7027320655246972,3.810928262098789
7506629916.jpg,train,42.6150442478,0.4581510073433513,2.8326040293734054
7506684932.jpg,train,75.5613207547,0.8481533520671345,4.392613408268538
7510638426.jpg,test,54.0675675676,0.5937205290399952,3.3748821161599807
7510743692.jpg,train,65.6004464286,0.7302412613984259,3.920965045593704
7512526314.jpg,val,62.0084033613,0.6877203647410324,3.7508814589641295
751468322.jpg,train,28.9935897436,0.2969067103110676,2.1876268412442705
7517892652.jpg,train,54.8421052632,0.602889137738392,3.411556550953568
7519024248.jpg,train,70.2410714286,0.785174772036715,4.14069908814686
7519982836.jpg,train,72.6067961165,0.8131790952280995,4.252716380912398
7520058110.jpg,train,64.9564220183,0.7226176068703112,3.8904704274812447
7520824760.jpg,train,64.8289473684,0.7211086226200444,3.8844344904801775
7525316320.jpg,train,59.0527522936,0.6527327737655563,3.610931095062225
7525406860.jpg,train,59.5190677966,0.6582527948068707,3.633011179227483
7526135750.jpg,train,51.1932773109,0.5596960486318691,3.238784194527476
7526349354.jpg,val,36.875,0.3902030947775285,2.5608123791101143
7530928692.jpg,train,41.9472477064,0.4502459496385789,2.800983798554316
7530958636.jpg,train,63.5336134454,0.7057750759880159,3.823100303952064
7533737270.jpg,train,81.23125,0.9152712765956268,4.661085106382506
7535091270.jpg,train,65.5135135135,0.7292121909140703,3.916848763656281
7537722246.jpg,train,65.535046729,0.7294670908731805,3.917868363492722
7538144396.jpg,train,56.1631355932,0.6185268662095695,3.474107464838278
7538254742.jpg,test,54.1830357143,0.5950873860183391,3.3803495440733564
7538834488.jpg,train,67.3650442478,0.75112973074756,4.00451892299024
7539744490.jpg,train,61.0070754717,0.6758671216378389,3.703468486551356
7543000548.jpg,train,70.78125,0.7915691489360719,4.166276595744288
7543397674.jpg,train,46.4115044248,0.5030916964792049,3.01236678591682
7543713322.jpg,train,70.0130434783,0.782475485661791,4.129901942647164
7548332064.jpg,train,39.4276315789,0.4204199328101504,2.6816797312406013
7550549938.jpg,train,66.858974359,0.7451391162031586,3.9805564648126346
7551562932.jpg,test,40.9633027523,0.4385984774546504,2.7543939098186017
7553660370.jpg,test,56.6701680672,0.6245288753795493,3.498115501518197
7555167080.jpg,val,64.2268907563,0.7139817629178172,3.855927051671269
7555880012.jpg,train,47.5796460177,0.5169196008284251,3.067678403313701
7556722466.jpg,train,60.7586956522,0.6729269195191933,3.691707678076773
7557808298.jpg,test,75.7610619469,0.8505177932591341,4.4020711730365365
7559495698.jpg,test,19.0945378151,0.1797264437686878,1.7189057750747514
7561653238.jpg,train,71.4305555556,0.7992553191493627,4.19702127659745
7561935496.jpg,test,73.1111111111,0.8191489361699785,4.2765957446799145
7562246986.jpg,train,44.2605042017,0.4776291793314875,2.91051671732595
7568401328.jpg,train,65.6128318584,0.7303878742231378,3.921551496892551
7569119428.jpg,train,68.58125,0.7655265957445867,4.062106382978347
7570426860.jpg,val,73.0127118644,0.8179841327080755,4.271936530832302
7571378378.jpg,train,52.9220183486,0.5801600624630533,3.320640249852213
7571885930.jpg,train,77.828125,0.874986702127548,4.499946808510192
7572752818.jpg,train,67.9611650485,0.7581863251388239,4.032745300555296
7574036406.jpg,train,45.0264423077,0.4866959901800741,2.946783960720296
7574416384.jpg,train,86.0044642857,0.9717743161091263,4.887097264436505
7575998494.jpg,test,68.7368421053,0.7673684210529732,4.069473684211893
7577281784.jpg,test,67.3618421053,0.751091825308295,4.00436730123318
7578229060.jpg,train,78.275,0.8802765957445685,4.5211063829782745
7579253532.jpg,train,52.4202586207,0.5742204695525166,3.2968818782100664
7579386834.jpg,train,56.5826271186,0.6234926072839362,3.4939704291357447
7581184960.jpg,train,65.2321428571,0.7258814589659702,3.903525835863881
7582497202.jpg,test,65.95,0.7343791102513615,3.937516441005446
7583515.jpg,train,31.781512605,0.3299088145891435,2.3196352583565742
7586142684.jpg,test,64.6337209302,0.7187976249376773,3.875190499750709
7586560076.jpg,train,66.2108695652,0.7374671600367072,3.949868640146829
7587404052.jpg,train,24.71875,0.2463031914893503,1.9852127659574013
7588949536.jpg,train,29.6100917431,0.304204567635902,2.216818270543608
7590781464.jpg,test,74.6444954128,0.8373004099154379,4.349201639661752
7591145832.jpg,train,73.1008403361,0.8190273556225899,4.276109422490359
7591870206.jpg,test,60.1602564103,0.6658428805241693,3.663371522096677
7592360042.jpg,test,64.25,0.7142553191488502,3.857021276595401
7593868958.jpg,train,64.0972222222,0.7124468085102896,3.84978723404116
7597470314.jpg,val,52.9308035714,0.580264057750357,3.321056231001428
7603371702.jpg,train,75.3230088496,0.8453323291286204,4.381329316514481
7605930400.jpg,train,73.6933962264,0.8260417503008014,4.304167001203206
7607759408.jpg,train,35.0668103448,0.3687986060157833,2.475194424063133
7608025600.jpg,train,72.2224770642,0.8086297091544522,4.234518836617809
7608257388.jpg,train,52.6710526316,0.5771892497202299,3.30875699888092
7613152858.jpg,test,73.9241071429,0.8287727963529866,4.315091185411946
7614530994.jpg,train,79.4486607143,0.8941698328268022,4.576679331307209
7616384942.jpg,train,75.3973214286,0.8462120060792585,4.384848024317034
7617788578.jpg,test,62.05,0.6882127659573649,3.75285106382946
7617916556.jpg,train,70.1890756303,0.7845592705171871,4.138237082068748
7618408824.jpg,train,63.7,0.707744680850979,3.830978723403916
7622957154.jpg,test,75.8846153846,0.8519803600651764,4.407921440260706
7622984342.jpg,train,69.119266055,0.7718953738037733,4.087581495215093
7625539278.jpg,test,35.5137614679,0.3740894007418405,2.496357602967362
762560347.jpg,train,57.2375,0.6312446808509911,3.524978723403964
7627158600.jpg,val,61.4485981308,0.681093656790047,3.724374627160188
7627340946.jpg,train,10.7881355932,0.081399206635187,1.325596826540748
7627752046.jpg,train,63.8783783784,0.709856239218112,3.839424956872448
7628306442.jpg,train,38.3541666667,0.4077127659578042,2.630851063831217
7628564828.jpg,val,67.2894736842,0.7502351623738038,4.000940649495215
7628769918.jpg,val,76.2430555556,0.8562234042557366,4.4248936170229465
7629156184.jpg,val,70.375,0.7867601547387806,4.147040618955122
7630573758.jpg,train,45.6513157895,0.49409294512904,2.9763717805161605
763136296.jpg,train,70.7087155963,0.7907105211785401,4.1628420847141605
7633437372.jpg,train,58.1214285714,0.6417082066865175,3.56683282674607
7634190334.jpg,train,80.1388888889,0.9023404255319304,4.609361702127722
7635858220.jpg,train,60.0672268908,0.6647416413378252,3.658966565351301
7636475996.jpg,test,23.1766055046,0.2280480187391637,1.9121920749566548
7640299878.jpg,val,68.5608108108,0.7652846463482541,4.061138585393016
7641363622.jpg,val,66.0833333333,0.7359574468080267,3.943829787232106
7644640634.jpg,train,40.2057522124,0.4296309546225667,2.718523818490267
7645259944.jpg,test,40.2051282051,0.4296235679210657,2.718494271684264
764877350.jpg,val,52.975,0.5807872340424884,3.3231489361699538
7651161432.jpg,val,80.2146017699,0.90323667859135,4.6129467143654
7651198192.jpg,test,63.197826087,0.7018001850143067,3.807200740057227
7652900928.jpg,train,60.4717391304,0.669530064754366,3.678120259017464
7654676706.jpg,train,54.6650485437,0.6007932245404428,3.403172898161772
7655498028.jpg,train,45.9509345794,0.4976396897986487,2.990558759194595
7657349694.jpg,train,49.3646788991,0.5380499707204295,3.152199882881718
7660049550.jpg,test,63.1305309735,0.7010035774811927,3.8040143099247694
7660271516.jpg,train,67.4267241379,0.7518598679379118,4.007439471751647
7660478078.jpg,train,57.5714285714,0.6351975683886462,3.5407902735545846
7661933374.jpg,train,65.5857142857,0.7300668693006543,3.920267477202618
7662529090.jpg,test,61.15625,0.6776329787233241,3.710531914893296
7664231886.jpg,val,67.5202702703,0.7529672225419505,4.011868890167802
7665609968.jpg,train,69.3881578947,0.7750783874574749,4.1003135498299
7667669426.jpg,train,77.3125,0.8688829787232937,4.475531914893175
7668828488.jpg,val,70.675,0.7903114119921649,4.161245647968659
7670929454.jpg,train,71.640625,0.8017420212764959,4.206968085105983
7671053258.jpg,train,75.5344827586,0.8478356566394131,4.391342626557652
7671701194.jpg,train,80.0625,0.90143617021265,4.6057446808506
7672860636.jpg,test,56.3701923077,0.6209779050736697,3.4839116202946787
7673637784.jpg,train,56.9474789916,0.6278115501519432,3.511246200607773
7673801638.jpg,test,80.4336283186,0.9058294106571988,4.623317642628795
7674660830.jpg,test,68.1323529412,0.760212765957632,4.040851063830528
7676074992.jpg,train,56.8297413793,0.6264178283196882,3.5056713132787527
7676832810.jpg,train,62.1383928571,0.6892591185404441,3.757036474161776
7678256566.jpg,test,78.0924369748,0.878115501519764,4.512462006079057
7678821440.jpg,val,73.3088235294,0.8214893617018854,4.285957446807542
767916820.jpg,val,71.2867647059,0.7975531914894713,4.190212765957885
7684026832.jpg,train,53.7584033613,0.5900607902729628,3.360243161091851
7685277932.jpg,val,62.5,0.6935396518374415,3.774158607349766
7685698864.jpg,train,56.3837209302,0.6211380504696078,3.484552201878431
7689540594.jpg,train,80.536407767,0.90704606486263,4.62818425945052
7690007638.jpg,test,58.75,0.6491489361701371,3.5965957446805485
7692418948.jpg,test,58.4630434783,0.6457520814064936,3.5830083256259746
7693237184.jpg,train,71.875,0.8045164410057023,4.218065764022809
7695585576.jpg,train,82.9453781513,0.9355623100307416,4.742249240122966
7697080640.jpg,test,66.1610169492,0.7368770284894733,3.947508113957893
7697492926.jpg,test,65.3366935484,0.7271190803020552,3.9084763212082207
7700511938.jpg,train,62.0817307692,0.6885883797049549,3.75435351881982
7700955958.jpg,train,61.9065217391,0.6865143385749514,3.7460573542998055
7703482662.jpg,test,70.4903846154,0.7881260229133413,4.152504091653365
7704019566.jpg,test,72.0376106195,0.8064413481456246,4.225765392582499
7705365342.jpg,train,61.6527777778,0.6835106382980543,3.734042553192217
7710623518.jpg,train,53.2013274336,0.5834663905098614,3.333865562039445
7710868262.jpg,train,53.3947368421,0.5857558790592227,3.34302351623689
7712722502.jpg,test,74.6760869565,0.8376743755778053,4.350697502311221
7714207710.jpg,train,38.214028777,0.4060538803002339,2.624215521200936
7714653298.jpg,val,46.0066964286,0.4982997720367608,2.993199088147043
7715219180.jpg,train,49.3786407767,0.5382152447840891,3.1528609791363564
7717158358.jpg,train,75.1756756757,0.8435882691203654,4.374353076481462
7720747032.jpg,test,78.3716216216,0.881420356526371,4.525681426105484
7721291102.jpg,train,70.2584033613,0.7853799392091019,4.141519756836408
772323238.jpg,val,47.0183486239,0.5102752293582986,3.0411009174331944
7726222874.jpg,train,22.006302521,0.2141945288752741,1.8567781155010967
7728661610.jpg,train,72.1841216216,0.8081756756753188,4.232702702701275
7728764770.jpg,test,72.5514018692,0.8125233644863665,4.250093457945466
7730088582.jpg,train,36.81875,0.3895372340425189,2.558148936170076
7731030916.jpg,train,42.86875,0.4611542553191032,2.844617021276413
7731352704.jpg,test,76.00625,0.8534202127658492,4.413680851063397
7731477968.jpg,train,28.5948275862,0.2921863536315944,2.168745414526378
7732609964.jpg,train,78.4342105263,0.8821612541990286,4.528645016796114
7734376776.jpg,train,72.7542016807,0.814924012158281,4.259696048633124
7734540620.jpg,train,73.5048076923,0.823809328968709,4.295237315874836
7736222330.jpg,test,58.3495145631,0.6444081801279175,3.57763272051167
7736601364.jpg,train,83.7209821429,0.9447435410338192,4.778974164135278
7736819994.jpg,train,58.75,0.6491489361701371,3.5965957446805485
7737023436.jpg,test,50.0021551724,0.5455961115184864,3.1823844460739457
7737184960.jpg,train,63.1260869565,0.7009509713225079,3.803803885290032
7738480598.jpg,test,31.3947368421,0.3253303471443706,2.3013213885774824
7739550292.jpg,val,56.275,0.6198510638297162,3.479404255318865
7741343046.jpg,train,53.2991071429,0.5846238601828128,3.338495440731251
774152136.jpg,train,54.7836538462,0.6021972176764192,3.408788870705677
7743542184.jpg,train,77.0592105263,0.8658846584543503,4.463538633817401
7743779530.jpg,train,61.1891304348,0.6780222016652505,3.712088806661002
7744113492.jpg,train,52.1205357143,0.5706724924013218,3.282689969605287
7744189800.jpg,train,54.25,0.595880077369372,3.383520309477488
7744274780.jpg,train,68.546875,0.7651196808509697,4.060478723403879
7744803492.jpg,train,68.2478991597,0.7615805471127962,4.046322188451185
7745091164.jpg,train,72.6766055046,0.814005465547581,4.256021862190324
7745366610.jpg,train,43.768,0.4717991489361228,2.8871965957444914
7748906306.jpg,train,70.238317757,0.785142175382572,4.140568701530288
7749694370.jpg,train,68.6644736842,0.7665117581184822,4.066047032473929
7749930286.jpg,train,77.5456521739,0.871642923218976,4.486571692875904
7751327300.jpg,train,73.5282608696,0.8240869565220474,4.29634782608819
7751390858.jpg,train,55.8200934579,0.614466096638901,3.457864386555604
7751603360.jpg,train,36.0435779817,0.380361116533824,2.5214444661352964
7751690228.jpg,test,71.6169724771,0.8014620339647976,4.20584813585919
7751952772.jpg,train,73.3918918919,0.8224726854514016,4.289890741805607
7753523026.jpg,train,58.371559633,0.6446691391758632,3.578676556703453
7755707532.jpg,train,71.2723214286,0.7973822188452238,4.189528875380895
7755789428.jpg,val,63.5754716981,0.7062705740663989,3.825082296265596
7756416864.jpg,train,37.0200892857,0.3919205927049635,2.567682370819854
7756578200.jpg,train,18.3030973451,0.1703577480696564,1.6814309922786257
7758019722.jpg,train,63.2306034483,0.7021881878211849,3.808752751284739
7758020806.jpg,train,67.1473214286,0.7485524316111889,3.994209726444756
7759565946.jpg,test,79.0344036697,0.8892660550454644,4.557064220181857
7762883720.jpg,train,70.238317757,0.785142175382572,4.140568701530288
7763162224.jpg,train,53.575,0.5878897485492572,3.351558994197029
7765078282.jpg,train,65.4433962264,0.7283821758327319,3.913528703330928
7765809112.jpg,test,51.4705882353,0.562978723404263,3.251914893617052
7766392832.jpg,train,25.3849557522,0.2541894181885057,2.016757672754023
7767174802.jpg,train,56.8847826087,0.6270693802034947,3.5082775208139787
7767472114.jpg,train,66.1238938053,0.7364375823759955,3.945750329503982
7769931466.jpg,test,46.9642857143,0.5096352583587783,3.0385410334351133
7769932398.jpg,test,69.5553097345,0.7770570514024959,4.108228205609984
7772663024.jpg,train,58.8986486486,0.650908568141959,3.603634272567836
7777135010.jpg,train,38.8888888889,0.4140425531915827,2.656170212766331
7778203492.jpg,train,41.21875,0.4416223404254893,2.7664893617019573
7780172596.jpg,train,73.8082524272,0.8274013633547587,4.309605453419035
7783320848.jpg,test,72.373853211,0.8104216279521617,4.241686511808647
7785216770.jpg,test,59.875,0.6624661508703285,3.649864603481314
7785223076.jpg,test,14.2152777778,0.1219680851066544,1.487872340426618
7786382886.jpg,val,59.6752336449,0.6601014118118916,3.640405647247567
7787028496.jpg,train,48.1536697248,0.5237146203399365,3.094858481359746
7788471088.jpg,train,56.531512605,0.6228875379933522,3.4915501519734087
7788745946.jpg,test,72.8108695652,0.8155948196111628,4.262379278444652
7789853112.jpg,train,74.9004237288,0.8403299675439095,4.361319870175638
7793934458.jpg,train,59.1880530973,0.6543344003006508,3.6173376012026033
7795324248.jpg,train,72.7894736842,0.8153415453525169,4.261366181410068
7795515978.jpg,val,55.0833333333,0.6057446808506005,3.422978723402402
7796133504.jpg,test,71.3851351351,0.7987176538235214,4.194870615294086
7797268116.jpg,test,64.8445945946,0.7212938470385047,3.885175388154019
7797743908.jpg,train,73.6717391304,0.8257853839032773,4.3031415356131095
7801382324.jpg,train,62.0647321429,0.6883871580551367,3.753548632220547
7802615964.jpg,train,74.4007352941,0.8344148936167073,4.337659574466829
7802695886.jpg,test,75.1136363636,0.8428538772633983,4.371415509053593
7806389418.jpg,train,71.7683486239,0.8032539527625071,4.213015811050028
7807631220.jpg,train,81.3638392857,0.9168408054708372,4.667363221883349
7809493264.jpg,train,78.4910714286,0.8828343465047845,4.531337386019138
7810003032.jpg,train,75.1806722689,0.8436474164131776,4.37458966565271
7810074740.jpg,test,75.3217391304,0.8453172987968912,4.381269195187565
7811282766.jpg,val,71.2364864865,0.7969580218516996,4.187832087406799
7811388288.jpg,train,30.7139830508,0.3172719076806272,2.2690876307225087
7814162374.jpg,train,63.0223214286,0.6997226443771543,3.798890577508617
7816938468.jpg,train,59.9391891892,0.6632259919494463,3.652903967797785
7819211312.jpg,test,50.1316964286,0.5471295592707955,3.188518237083182
7819353184.jpg,train,76.0,0.8533462282397372,4.413384912958948
7819666996.jpg,test,72.722972973,0.8145543415758361,4.258217366303344
7820783548.jpg,val,42.3256880734,0.4547257466328528,2.818902986531412
7822391242.jpg,val,60.0441176471,0.6644680851067923,3.65787234042717
7823568906.jpg,train,70.3154205607,0.7860548816855584,4.1442195267422335
7823939538.jpg,val,74.8913043478,0.840222016650834,4.360888066603335
7826230260.jpg,train,68.0043478261,0.7586975023127348,4.034790009250939
7826703034.jpg,train,70.4110576923,0.7871869885431829,4.148747954172732
7832796652.jpg,test,73.031512605,0.8182066869294913,4.272826747717965
7833281270.jpg,train,62.6100917431,0.6948428655081802,3.779371462032721
7838423662.jpg,train,65.9778761062,0.734709094332491,3.938836377329964
7839484666.jpg,train,70.75,0.7911992263055111,4.164796905222044
7840986296.jpg,train,69.9413043478,0.7816262719699922,4.126505087879969
7841725264.jpg,train,63.4324324324,0.7045773433002792,3.818309373201117
7841765362.jpg,train,70.1635338346,0.7842569188930403,4.1370276755721616
7841859142.jpg,train,60.9554455446,0.675255951127487,3.701023804509948
7841962592.jpg,train,69.0442477876,0.771007343249638,4.084029372998552
7842127896.jpg,train,69.6756756757,0.7784818861416524,4.113927544566609
7843258130.jpg,train,68.0405405405,0.7591259344445104,4.036503737778041
7843358908.jpg,train,53.436440678,0.586249549225002,3.344998196900008
7843799770.jpg,train,65.6827731092,0.7312158054705187,3.924863221882074
7844179556.jpg,train,72.70625,0.8143563829786215,4.257425531914485
7845980046.jpg,train,75.7798165138,0.8507398008982597,4.402959203593039
7846766204.jpg,train,76.4285714286,0.8584194528877672,4.433677811551069
7850123296.jpg,val,54.4322429907,0.5980373831780447,3.3921495327121787
7853457684.jpg,train,68.8422330097,0.768615988431944,4.074463953727776
7854876374.jpg,train,56.3235294118,0.6204255319152404,3.4817021276609617
7856175732.jpg,train,79.8669724771,0.8991216084328673,4.596486433731469
7856451374.jpg,val,68.875,0.7690038684718589,4.076015473887436
7859713146.jpg,val,77.5572033898,0.8717796610164769,4.487118644065907
7861079240.jpg,train,70.5656779661,0.7890173097726912,4.156069239090765
7863241080.jpg,train,58.8960176991,0.6508774242136417,3.603509696854567
7866144530.jpg,train,75.9311926606,0.8525317196959694,4.410126878783878
7866480612.jpg,val,72.4481132075,0.8113006824561848,4.245202729824739
7867041724.jpg,train,73.7302631579,0.8264781634937994,4.305912653975198
7867646032.jpg,train,82.125,0.9258510638296676,4.70340425531867
7868631444.jpg,train,53.4933628319,0.5869233665980542,3.347693466392217
7870300862.jpg,train,48.5423728814,0.5283159033542337,3.113263613416935
7870688128.jpg,train,64.6353503185,0.7188169128610739,3.875267651444296
7871237210.jpg,val,73.8152173913,0.8274838112856909,4.309935245142764
7871346190.jpg,train,71.4305555556,0.7992553191493627,4.19702127659745
7875370780.jpg,test,67.640776699,0.7543937203052848,4.017574881221139
7875374202.jpg,train,70.4059633028,0.7871266835843048,4.14850673433722
7875422248.jpg,train,74.1217948718,0.8311129296235241,4.324451718494096
7877688978.jpg,test,43.3782051282,0.4671849427167503,2.868739770867001
7878410170.jpg,train,41.8913043478,0.4495837187785558,2.7983348751142234
7880797072.jpg,test,53.1985981308,0.5834340823219775,3.33373632928791
7881174736.jpg,train,65.505033557,0.7291118092239736,3.9164472368958942
7883125264.jpg,val,45.4410377358,0.4916037735842745,2.9664150943370977
7887126684.jpg,train,77.2546728972,0.8681984489957579,4.472793795983032
7889791504.jpg,test,66.175,0.7370425531913997,3.948170212765599
7892040540.jpg,train,71.3760869565,0.7986105457905776,4.194442183162311
7892635308.jpg,train,70.4551282051,0.7877086743039874,4.1508346972159496
7893560424.jpg,test,57.8965517241,0.639046221569543,3.556184886278172
7896479602.jpg,train,65.7697368421,0.732245240761327,3.928980963045308
7897296676.jpg,train,64.421875,0.716289893616935,3.86515957446774
7899104502.jpg,train,51.0840707965,0.5584033138772696,3.2336132555090784
7900291786.jpg,train,64.0535714286,0.7119300911856629,3.847720364742651
7900303150.jpg,train,34.1486486486,0.3579298447377503,2.431719378951001
7902540732.jpg,train,71.8185840708,0.803848616079776,4.215394464319104
7903006270.jpg,train,76.012605042,0.8534954407291762,4.413981762916705
7903635044.jpg,train,56.1946902655,0.618900395405848,3.475601581623392
7903686666.jpg,train,60.5752212389,0.6707550367157198,3.683020146862879
7903714372.jpg,train,49.6,0.5408355899419146,3.1633423597676584
7904253618.jpg,train,43.564159292,0.4693861796267228,2.877544718506892
7904310752.jpg,train,67.3650442478,0.75112973074756,4.00451892299024
7904631250.jpg,val,76.8012820513,0.8628314238953566,4.451325695581426
7906332480.jpg,test,65.2,0.7255009671179007,3.9020038684716014
7908624656.jpg,train,82.1768867925,0.9264652749904024,4.705861099961609
7908884988.jpg,train,70.9722222222,0.7938297872336809,4.175319148934724
7909059554.jpg,train,61.5466101695,0.6822538766678882,3.7290155066715527
7911339166.jpg,test,72.2629310345,0.8091085840059724,4.23643433602389
7911502338.jpg,test,50.9380530973,0.5566748258325813,3.2266993033303253
7911673358.jpg,train,74.1286407767,0.8311939681882976,4.32477587275319
7913897946.jpg,train,59.9802631579,0.6637122060470169,3.654848824188067
7914158128.jpg,val,65.0460526316,0.7236786114223343,3.894714445689337
7914531096.jpg,train,76.6495535714,0.8610353343460571,4.444141337384228
7914714726.jpg,train,76.9717391304,0.864849213690505,4.45939685476202
7915207374.jpg,train,54.925,0.6038704061894867,3.415481624757947
7915889156.jpg,train,50.722972973,0.554128809660984,3.216515238643936
7917906506.jpg,train,61.9410377358,0.6869229225204135,3.747691690081654
7919265884.jpg,train,26.2702702703,0.2646693502016027,2.0586774008064106
7919270808.jpg,test,39.2828947368,0.4187066069423518,2.674826427769408
7919700760.jpg,train,78.2700892857,0.8802184650453111,4.520873860181244
7920824878.jpg,val,62.5,0.6935396518374415,3.774158607349766
7921753876.jpg,train,76.5783898305,0.8601929318425601,4.44077172737024
7923574034.jpg,train,57.6590909091,0.6362352734306653,3.5449410937226613
7924068268.jpg,train,73.2586206897,0.8208950843731349,4.283580337492539
7924366.jpg,train,10.4978991597,0.0779635258363094,1.3118541033452378
7926649668.jpg,val,47.5649038462,0.5167450900168584,3.0669803600674337
7927998516.jpg,test,71.9054054054,0.8048763657272652,4.21950546290906
7928561010.jpg,test,43.6116504854,0.4699483577768349,2.8797934311073394
7929212614.jpg,train,71.9652777778,0.8055851063831412,4.222340425532565
7929526740.jpg,train,73.031512605,0.8182066869294913,4.272826747717965
7931367844.jpg,train,82.1642857143,0.9263161094225416,4.7052644376901664
7934073070.jpg,test,53.0984251969,0.5822482827949602,3.328993131179841
7934781744.jpg,train,63.1546610169,0.7012892174533552,3.8051568698134206
7935628474.jpg,val,77.1377118644,0.8668139199421102,4.46725567976844
7937116986.jpg,test,72.0711009174,0.8068377903567426,4.22735116142697
7940282852.jpg,val,43.4285714286,0.4677811550154891,2.8711246200619565
7940912870.jpg,train,55.777027027,0.6139562967218642,3.455825186887457
7942038522.jpg,test,55.5089285714,0.6107826747716287,3.443130699086515
7945344572.jpg,train,58.3571428571,0.6444984802425789,3.577993920970316
7946144914.jpg,train,54.1743697479,0.5949848024315539,3.379939209726216
7946380974.jpg,test,67.9930555556,0.758563829787667,4.0342553191506685
7946509460.jpg,train,58.618,0.647586382978648,3.590345531914592
7946535104.jpg,val,63.4642857143,0.7049544072949174,3.8198176291796697
7946918290.jpg,train,32.9976635514,0.3443050308211877,2.3772201232847507
79475896.jpg,train,42.86875,0.4611542553191032,2.844617021276413
7951947544.jpg,train,48.7905405405,0.5312535940190147,3.125014376076059
7954181598.jpg,val,64.8638392857,0.7215216565346981,3.886086626138793
7954324384.jpg,train,62.354368932,0.6918157405489311,3.767262962195725
7954849148.jpg,test,79.1822429907,0.8910161065822534,4.564064426329013
7955276034.jpg,test,40.5558035714,0.4337746960482527,2.735098784193011
7955555286.jpg,train,73.0597345133,0.8185407644513404,4.274163057805362
7955776040.jpg,test,53.027027027,0.5814031052325077,3.325612420930031
7956634196.jpg,train,51.5487288136,0.5639037143891682,3.255614857556673
7957309250.jpg,train,63.5810810811,0.7063369752732848,3.825347901093139
7957627098.jpg,val,38.4745762712,0.4091381175623301,2.6365524702493204
7959317086.jpg,test,60.2232142857,0.666588145896409,3.666352583585636
7963365940.jpg,train,45.1703539823,0.4883995481076405,2.953598192430562
7964487966.jpg,train,79.975,0.9004003868470797,4.601601547388318
7964545096.jpg,test,20.5762711864,0.1972664983767237,1.7890659935068949
7965307114.jpg,train,73.7941176471,0.8272340425535749,4.3089361702143
7967382050.jpg,train,33.7027027027,0.3526509488211012,2.410603795284405
7969243650.jpg,train,64.6698473282,0.7192252720474646,3.876901088189858
7969415278.jpg,train,55.6944444444,0.6129787234036593,3.4519148936146373
7969516070.jpg,train,70.0320512821,0.7827004909988431,4.130801963995372
7969586312.jpg,test,66.342920354,0.7390303144418443,3.956121257767377
7971560974.jpg,train,73.3276699029,0.8217124561038582,4.286849824415433
7972772456.jpg,train,67.7891304348,0.7561498612397062,4.024599444958825
7973547250.jpg,test,70.8782051282,0.7927168576103154,4.170867430441262
7974391613.jpg,train,77.9471153846,0.8763952536821937,4.505581014728775
7974813040.jpg,test,74.4893617021,0.8354640108642118,4.341856043456847
7974813912.jpg,train,56.275,0.6198510638297162,3.479404255318865
7975750167.jpg,val,71.640625,0.8017420212764959,4.206968085105983
7977665407.jpg,train,27.7605042017,0.2823100303953484,2.129240121581394
7978014444.jpg,train,60.6081081081,0.6711443358250118,3.684577343300047
7978282630.jpg,test,50.9852941176,0.5572340425525735,3.228936170210294
7979358830.jpg,train,72.7171052632,0.8144848824192095,4.257939529676838
7979712862.jpg,train,56.0474137931,0.6171570066029701,3.4686280264118805
7979893598.jpg,train,52.1941964286,0.571544452887813,3.286177811551252
7980164509.jpg,train,54.0023584906,0.592948615014386,3.371794460057544
7980394491.jpg,train,58.75,0.6491489361701371,3.5965957446805485
7981422171.jpg,train,49.1621621622,0.5356526739509366,3.1426106958037465
7981733981.jpg,train,35.8877118644,0.3785160476017625,2.5140641904070504
7983035556.jpg,test,72.671875,0.8139494680850046,4.255797872340018
7983388187.jpg,val,74.8340336134,0.8395440729476851,4.35817629179074
7983529291.jpg,train,45.4623893805,0.4918565241946496,2.9674260967785986
7983700558.jpg,train,68.1891891892,0.7608855664175158,4.043542265670063
7984667593.jpg,train,53.2731092437,0.5843161094224569,3.337264437689828
7985643395.jpg,train,69.9350961538,0.781552782323416,4.126211129293663
7987564601.jpg,train,58.4553571429,0.6456610942253562,3.582644376901425
7987926613.jpg,train,68.5137614679,0.7647276986141187,4.058910794456475
7989292953.jpg,train,49.0212264151,0.5339843436371033,3.1359373745484134
7989520325.jpg,val,50.0105932203,0.5456959971145173,3.1827839884580693
7991164057.jpg,train,60.8861607143,0.6744357902736456,3.697743161094583
7991223182.jpg,test,65.3648648649,0.7274525589422485,3.909810235768994
7991449337.jpg,test,80.8509174312,0.9107690806167956,4.643076322467183
7992243526.jpg,train,26.8879310345,0.2719809244315899,2.08792369772636
7992863678.jpg,train,63.7284482759,0.7080814380047661,3.832325752019064
7993315454.jpg,train,58.9,0.6509245647968294,3.6036982591873175
7993457702.jpg,train,53.5847826087,0.5880055504162669,3.352022201665068
7994018610.jpg,val,72.2436440678,0.8088802740713419,4.235521096285368
7994058325.jpg,test,50.8855140187,0.5560528932193667,3.2242115728774667
7994313310.jpg,train,70.0858778626,0.7833376644469282,4.133350657787712
7996052982.jpg,train,64.8050458716,0.7208256880737853,3.883302752295141
7996349699.jpg,train,57.0855263158,0.6294456886898618,3.517782754759448
7998024612.jpg,train,62.7635135135,0.6966589994247138,3.786635997698855
7998388938.jpg,train,79.1239130435,0.8903256244219749,4.561302497687899
7998553110.jpg,train,77.6970338983,0.8734349080416605,4.493739632166642
7999186610.jpg,test,52.2522123894,0.5722312182264898,3.28892487290596
7999779242.jpg,train,69.475,0.7761063829786276,4.10442553191451
7999886083.jpg,train,71.5913043478,0.8011581868636062,4.204632747454425
8000756995.jpg,train,40.8876146789,0.4377025180557956,2.7508100722231825
8000770201.jpg,test,60.2428571429,0.666820668693438,3.667282674773752
8001662105.jpg,train,60.5915178571,0.6709479483276811,3.683791793310725
8002007313.jpg,val,75.1714285714,0.8435379939205279,4.374151975682112
8003027258.jpg,train,52.0420560748,0.5697434877712639,3.278973951085056
8003457683.jpg,train,56.4763779528,0.6222348802148919,3.488939520859568
8003576007.jpg,train,65.4078947368,0.7279619260912388,3.911847704364955
8003923043.jpg,test,53.7847222222,0.5903723404252026,3.3614893617008104
8005430981.jpg,test,75.625,0.8489071566730066,4.395628626692027
8005792260.jpg,train,70.225,0.7849845261120884,4.139938104448353
8006234274.jpg,val,76.3451327434,0.8574317454343361,4.429726981737344
8008251007.jpg,train,33.8244680851,0.3540923494792983,2.4163693979171934
8008341376.jpg,test,66.7130434783,0.743411655874563,3.973646623498252
8009325601.jpg,train,74.6153846154,0.8369558101473761,4.347823240589504
8009623425.jpg,train,73.0127118644,0.8179841327080755,4.271936530832302
8010069396.jpg,val,73.8275862069,0.8276302274394085,4.310520909757634
8010819148.jpg,train,67.2972972973,0.750327774583034,4.0013110983321365
8012731043.jpg,val,60.0783898305,0.664873782906421,3.659495131625684
8015526971.jpg,train,76.775210084,0.862522796352076,4.450091185408304
8015637389.jpg,train,68.0117924528,0.7587856282612918,4.035142513045168
8015825692.jpg,train,66.5875,0.7419255319148033,3.967702127659213
8016728166.jpg,test,70.3,0.7858723404254345,4.143489361701738
8016790601.jpg,train,68.6097560976,0.7658640373641457,4.063456149456583
8016871394.jpg,train,75.1743119266,0.8435721257074215,4.374288502829685
8016925192.jpg,train,64.7165178571,0.7197777355617159,3.879110942246864
8017805417.jpg,test,75.8970588235,0.852127659574012,4.408510638296049
80184044.jpg,train,3.91176470588,0.0,1.0
8019221019.jpg,train,44.397260274,0.4792480326438199,2.9169921305752795
8020716606.jpg,train,73.2756410256,0.821096563010868,4.284386252043472
8020739978.jpg,train,70.8303571429,0.7921504559274606,4.168601823709842
8020768393.jpg,test,72.8191964286,0.8156933890579867,4.262773556231947
8021300262.jpg,train,74.4809322034,0.8353642264695427,4.341456905878171
8021353022.jpg,test,74.9553571429,0.8409802431614953,4.363920972645982
8021456503.jpg,train,72.7542016807,0.814924012158281,4.259696048633124
8021464988.jpg,test,74.125,0.8311508704060849,4.32460348162434
8022493551.jpg,test,57.7794117647,0.6376595744679417,3.550638297871767
8023712580.jpg,train,72.4075630252,0.8108206686927885,4.243282674771153
8023758470.jpg,train,67.2796610169,0.7501190046873899,4.000476018749559
8025466958.jpg,train,64.9234693878,0.7222275293100404,3.8889101172401617
8026326591.jpg,test,72.2224770642,0.8086297091544522,4.234518836617809
8027425918.jpg,test,75.1,0.842692456479584,4.370769825918336
8030242803.jpg,test,58.9086538462,0.6510270049104541,3.604108019641816
8033033726.jpg,train,79.3378378378,0.8928579643467637,4.571431857387054
8033437927.jpg,train,63.4,0.7041934235975945,3.816773694390378
8034708472.jpg,val,62.8177083333,0.6973005319144158,3.789202127657663
8034781018.jpg,test,79.2614678899,0.8919539332420289,4.567815732968116
8035433785.jpg,train,74.35,0.8338143133461231,4.335257253384492
8035478082.jpg,test,28.7570093458,0.2941061841320815,2.1764247365283262
8036033409.jpg,train,65.6004464286,0.7302412613984259,3.920965045593704
8036386438.jpg,test,75.25,0.8444680851062762,4.377872340425105
8036607222.jpg,train,74.1903669725,0.831924653523493,4.327698614093972
8039052171.jpg,train,65.0111607143,0.7232655775076805,3.893062310030722
8039894154.jpg,test,41.2924107143,0.4424943009119805,2.769977203647922
8040007574.jpg,test,78.9587155963,0.8883700956466096,4.553480382586439
8040267298.jpg,train,74.35,0.8338143133461231,4.335257253384492
8040993311.jpg,train,28.8961864407,0.2957536963579769,2.1830147854319075
8041277931.jpg,train,75.25,0.8444680851062762,4.377872340425105
80417582.jpg,test,38.7836134454,0.4127963525838073,2.6511854103352293
8041921391.jpg,train,71.95,0.8054042553190485,4.221617021276193
8041987489.jpg,train,43.4181415929,0.4676576915832183,2.870630766332873
8042065108.jpg,train,70.7693965517,0.7914288334552286,4.1657153338209145
8042361563.jpg,train,74.3008849558,0.8332329128229048,4.332931651291619
8042697281.jpg,train,61.9661016949,0.6872196177422548,3.7488784709690193
8042762603.jpg,train,73.7941176471,0.8272340425535749,4.3089361702143
8043120593.jpg,train,70.4551282051,0.7877086743039874,4.1508346972159496
8043238323.jpg,train,75.6216216216,0.8488671650370144,4.395468660148058
8043482690.jpg,train,61.1283783784,0.6773030477287555,3.709212190915022
8044678667.jpg,test,78.9166666667,0.8878723404258128,4.551489361703251
8044704113.jpg,train,68.8071428571,0.7682006079021337,4.072802431608535
8044706176.jpg,val,39.0769230769,0.4162684124383135,2.6650736497532543
8045159223.jpg,train,47.2995689655,0.5136041819513193,3.054416727805277
8045790915.jpg,train,55.006302521,0.6048328267475523,3.4193313069902094
8046864953.jpg,train,68.1891891892,0.7608855664175158,4.043542265670063
8048106336.jpg,train,71.0173913043,0.7943644773351354,4.177457909340541
8049709940.jpg,train,53.4518348624,0.5864317782550369,3.345727113020148
80498915.jpg,train,63.8109243697,0.7090577507592262,3.8362310030369047
8050471028.jpg,train,75.8189655172,0.8512032281725498,4.404812912690199
8050482362.jpg,train,63.3169642857,0.7032104863219352,3.8128419452877407
8050953362.jpg,train,72.9879032258,0.8176904598488259,4.270761839395304
8051569032.jpg,train,77.2935779817,0.8686589888741718,4.474635955496687
8053452721.jpg,train,53.0868644068,0.5821114316626352,3.328445726650541
8054439590.jpg,train,37.3846153846,0.3962356792141852,2.584942716856741
8055471009.jpg,train,61.7433628319,0.6845829410661238,3.7383317642644953
8055570957.jpg,train,43.83125,0.472547872340378,2.890191489361512
8056188485.jpg,train,50.9159663866,0.5564133738606587,3.225653495442635
8056693769.jpg,test,68.4732142857,0.7642477203644785,4.056990881457914
8058467090.jpg,train,38.35,0.4076634429400015,2.6306537717600063
8059797614.jpg,train,60.6775700935,0.6719665937566326,3.6878663750265295
8060303212.jpg,train,45.1571428571,0.4882431610936676,2.9529726443746704
8060465172.jpg,train,61.5491071429,0.6822834346508824,3.7291337386035295
8060595540.jpg,val,65.1584821429,0.7250094984806628,3.900037993922651
8062771626.jpg,train,79.6176470588,0.896170212765564,4.584680851062256
8064104833.jpg,train,66.8526785714,0.7450645896652245,3.980258358660898
8064361291.jpg,test,38.4806034483,0.4092094644169762,2.636837857667905
8065579848.jpg,test,65.1747787611,0.7252024100926241,3.900809640370496
8066151099.jpg,train,57.5512820513,0.6349590834698609,3.5398363338794434
8066534702.jpg,train,61.8716216216,0.6861012075902319,3.744404830360928
8066713457.jpg,train,65.5878378378,0.7300920068999811,3.920368027599925
8067632249.jpg,train,47.8509174312,0.5201307827445175,3.08052313097807
8069073334.jpg,train,57.7456521739,0.6372599444956091,3.5490397779824363
8070731836.jpg,test,70.4314159292,0.787427979664707,4.149711918658828
8072726562.jpg,train,53.1052631579,0.5823292273236256,3.3293169092945023
8072879274.jpg,train,71.2345132743,0.7969346639045739,4.187738655618295
8073301888.jpg,train,64.7565789474,0.720251959686737,3.881007838746948
8073500928.jpg,train,50.3601694915,0.5498341146768841,3.1993364587075366
8073658473.jpg,train,74.9579646018,0.8410111090192671,4.3640444360770685
8074116162.jpg,train,32.1281512605,0.3340121580546361,2.3360486322185445
8074309631.jpg,train,70.2839805825,0.7856827101834617,4.142730840733847
8075121778.jpg,train,75.8445945946,0.8515066129959308,4.406026451983723
8076181424.jpg,train,81.775,0.921707930367386,4.686831721469543
8077318332.jpg,train,52.2217391304,0.5718704902862966,3.287481961145186
8077601732.jpg,train,64.9,0.7219497098645163,3.887798839458066
8077634378.jpg,val,68.44375,0.7638989361701188,4.055595744680476
8078070846.jpg,train,20.3205128205,0.19423895253667,1.77695581014668
8078731890.jpg,test,67.4419642857,0.7520402735559698,4.00816109422388
8079522861.jpg,train,59.0527522936,0.6527327737655563,3.610931095062225
8081563599.jpg,val,35.8857142857,0.3784924012156039,2.513969604862416
8081688318.jpg,test,65.0287610619,0.7234739220479357,3.893895688191743
8082249517.jpg,train,73.5784313725,0.824680851063146,4.298723404252584
8083120146.jpg,train,77.3486842105,0.8693113101899473,4.477245240759789
8083395637.jpg,train,74.5263157895,0.8359014557672835,4.343605823069134
8083559682.jpg,train,77.45,0.8705106382977615,4.482042553191047
8084074435.jpg,train,29.4428571429,0.302224924012645,2.2088996960505805
8084640023.jpg,train,23.9334862385,0.2370076127265278,1.948030450906112
8086705362.jpg,train,74.0021008403,0.8296960486316868,4.318784194526748
8086991348.jpg,train,72.6946902655,0.8142195443419871,4.256878177367948
8087032429.jpg,train,60.8529411765,0.674042553191758,3.696170212767032
8087906672.jpg,test,73.1138392857,0.8191812310027676,4.27672492401107
8088105369.jpg,train,68.3995535714,0.7633757598779874,4.05350303951195
8088110789.jpg,test,78.796728972,0.8864525750649542,4.5458103002598165
8088364175.jpg,train,37.50625,0.3976755319148581,2.5907021276594326
8089499290.jpg,train,68.925,0.7695957446807562,4.078382978723025
8090282985.jpg,train,44.8125,0.4841634429399893,2.936653771759957
8090361774.jpg,test,35.9861111111,0.3796808510636656,2.5187234042546622
8091151386.jpg,train,27.6377118644,0.280856473133693,2.123425892534772
8093852043.jpg,train,47.5840517241,0.5169717534844561,3.0678870139378245
8094310910.jpg,test,72.8407079646,0.8159480323854916,4.263792129541967
8094870766.jpg,test,71.3347457627,0.7981211684094248,4.192484673637699
80954980.jpg,train,64.59375,0.7183244680850197,3.873297872340079
8095635777.jpg,train,55.3616071429,0.6090387537998302,3.4361550151993208
8095851163.jpg,train,55.4054054054,0.6095572167911261,3.4382288671645043
8096129179.jpg,train,73.3577981651,0.8220691001360901,4.28827640054436
8100293037.jpg,train,69.4308035714,0.7755832066864962,4.102332826745984
8100313754.jpg,train,85.025210084,0.9601823708201456,4.840729483280582
81006585.jpg,train,23.0462184874,0.2265045592705681,1.9060182370822727
8100783568.jpg,train,59.6512605042,0.6598176291792341,3.639270516716937
8101870815.jpg,train,61.4017857143,0.6805395136779,3.7221580547116
8102502953.jpg,train,66.1238938053,0.7364375823759955,3.945750329503982
8102673511.jpg,train,29.7614678899,0.3059964864336116,2.223985945734446
8103481984.jpg,val,47.8,0.5195280464216084,3.0781121856864337
8103867208.jpg,val,70.0200892857,0.7825588905772416,4.130235562308966
8104089685.jpg,val,60.2364864865,0.6667452558942736,3.6669810235770943
8105160200.jpg,train,63.0367647059,0.6998936170214017,3.799574468085607
8106242836.jpg,train,62.6822429907,0.6956969576461143,3.782787830584457
8106557639.jpg,train,66.5540540541,0.7415296147215578,3.966118458886231
8106933398.jpg,train,74.5291262136,0.8359347242305174,4.343738896922069
8107402006.jpg,train,68.6923076923,0.7668412438623351,4.06736497544934
8107454103.jpg,train,77.7457983193,0.8740121580542715,4.496048632217086
8108582186.jpg,train,65.6973684211,0.7313885778280196,3.9255543113120783
8108590859.jpg,train,28.9288990826,0.2961409330473927,2.184563732189571
8108709244.jpg,train,71.0114678899,0.7942943587739594,4.177177435095837
8108820426.jpg,train,81.6495327103,0.9202227082920204,4.680890833168082
8108912190.jpg,test,67.2796610169,0.7501190046873899,4.000476018749559
8109380358.jpg,val,47.5487804878,0.5165542293719687,3.066216917487875
8109558815.jpg,train,59.4779411765,0.6577659574470798,3.631063829788319
8109560495.jpg,train,77.1911764706,0.8674468085106671,4.469787234042668
8110370052.jpg,train,67.0,0.7468085106382067,3.987234042552827
8113113251.jpg,train,67.0,0.7468085106382067,3.987234042552827
8113190555.jpg,test,78.2171052632,0.8795912653979224,4.518365061591689
8113244210.jpg,train,77.0833333333,0.8661702127654527,4.464680851061811
8113245382.jpg,val,79.03125,0.8892287234041415,4.556914893616566
8113369457.jpg,train,73.1875,0.8200531914892588,4.280212765957035
8113498731.jpg,train,72.1,0.8071798839457406,4.228719535782963
8114138182.jpg,train,78.9344660194,0.888083040693751,4.552332162775004
8114369605.jpg,train,79.4906542056,0.8946669317953823,4.578667727181529
8115151138.jpg,train,64.59375,0.7183244680850197,3.873297872340079
8115433304.jpg,train,50.8966346154,0.5561845335516761,3.2247381342067043
8116678978.jpg,test,78.5353982301,0.883359066089272,4.533436264357087
8116711629.jpg,train,77.1357142857,0.8667902735559516,4.467161094223807
8118290739.jpg,test,57.6644736842,0.636298992161056,3.545195968644224
8120535413.jpg,train,46.825,0.5079864603481093,3.0319458413924374
8120735257.jpg,test,72.7594339623,0.8149859494182267,4.259943797672907
8120809574.jpg,train,55.1824324324,0.6069177688322096,3.4276710753288384
8121424411.jpg,test,43.9151376147,0.4735408940076197,2.8941635760304787
8121591181.jpg,train,57.2571428571,0.6314772036468362,3.525908814587345
8121860471.jpg,train,66.237394958,0.7377811550153067,3.951124620061227
8121986127.jpg,train,75.3947368421,0.8461814109740748,4.384725643896299
8122853098.jpg,train,42.0091240876,0.4509784127970778,2.803913651188312
8123324192.jpg,train,64.1995412844,0.713658012882947,3.854632051531788
8125828960.jpg,train,53.0826086957,0.5820610545795947,3.3282442183183787
8125869229.jpg,train,66.2204724409,0.7375808343099838,3.950323337239935
8126953338.jpg,train,63.7111486486,0.7078766532483328,3.8315066129933313
8127311442.jpg,test,47.1845794393,0.512242990654716,3.048971962618864
8127846229.jpg,val,46.1540178571,0.5000436930085593,3.0001747720342373
8128148667.jpg,train,73.45,0.8231605415859702,4.292642166343881
8128298263.jpg,train,81.9802631579,0.9241377379618688,4.696550951847476
8128596449.jpg,train,52.0,0.5692456479689894,3.2769825918759574
8128896956.jpg,train,47.8028846154,0.51956219312615,3.0782487725046
8129021372.jpg,train,50.0240384615,0.5458551554823006,3.1834206219292023
8129206186.jpg,train,72.875,0.8163539651836502,4.265415860734601
81292981.jpg,test,17.6375,0.1624787234042572,1.6499148936170291
8130387818.jpg,train,57.4121621622,0.6333122484190062,3.533248993676025
8130446271.jpg,test,60.9547413793,0.6752476155537229,3.700990462214892
8130469512.jpg,test,56.9719827586,0.6281016140862565,3.512406456345026
8130745750.jpg,val,57.3221153846,0.63224631751202,3.52898527004808
8131856300.jpg,train,69.3040540541,0.7740828062109142,4.096331224843657
8132171428.jpg,val,67.4459459459,0.7520874065548557,4.008349626219423
8132808180.jpg,train,57.285046729,0.6318075164051109,3.527230065620444
8132835141.jpg,train,83.7270642202,0.9448155377709102,4.779262151083641
8134031054.jpg,train,46.2710084034,0.501428571428977,3.005714285715908
8135725807.jpg,val,71.125,0.7956382978722415,4.1825531914889655
8136167992.jpg,train,63.2219626168,0.702085901769386,3.808343607077544
8137649050.jpg,train,69.1673728814,0.7724648395244076,4.08985935809763
8137709650.jpg,train,69.4483870968,0.7757913520935522,4.103165408374209
8137767984.jpg,val,14.261682243,0.1225173990854242,1.4900695963416968
8138101923.jpg,train,63.3071428571,0.7030942249234206,3.812376899693682
8141906514.jpg,train,58.3849557522,0.6448277160607839,3.579310864243136
8142530403.jpg,test,67.1434782609,0.7485069380206203,3.994027752082481
8142555462.jpg,val,47.6736111111,0.5180319148934308,3.0721276595737232
8142580716.jpg,train,50.1413043478,0.5472432932466254,3.1889731729865014
8142588958.jpg,test,68.6941964286,0.766863601823952,4.067454407295807
8142609774.jpg,train,65.6716101695,0.7310836639019229,3.924334655607692
8142864218.jpg,train,66.25,0.7379303675047458,3.9517214700189833
8144270233.jpg,train,69.6756756757,0.7784818861416524,4.113927544566609
8144691822.jpg,train,75.6428571429,0.8491185410338344,4.396474164135338
8145791705.jpg,train,58.54375,0.6467074468084355,3.586829787233742
8148747862.jpg,train,75.004950495,0.8415673056660447,4.366269222664179
8150322605.jpg,train,68.4513888889,0.7639893617021652,4.0559574468086605
8152475637.jpg,train,39.2299107143,0.4180794072949631,2.6723176291798527
8152535252.jpg,val,17.8027522936,0.1644349014252086,1.657739605700835
8152567908.jpg,test,57.9180672269,0.6393009118541387,3.557203647416555
8152645114.jpg,train,63.0575221239,0.7001393334588486,3.8005573338353935
8154204617.jpg,test,73.3461538462,0.8219312602295757,4.287725040918303
8154345084.jpg,train,74.7740384615,0.8388338788865093,4.355335515546037
8154496951.jpg,train,50.6513761468,0.5532812804997772,3.213125121999109
8155106995.jpg,train,61.1381578947,0.6774188129894054,3.7096752519576217
8156018718.jpg,train,80.5066371681,0.9066936546783592,4.626774618713437
8156608688.jpg,train,82.5592105263,0.9309910414330632,4.723964165732253
8157038620.jpg,train,71.3108108108,0.7978378378376106,4.191351351350443
8157117322.jpg,train,79.6305309735,0.8963227264173318,4.585290905669327
8157884969.jpg,val,45.328358209,0.4902699269614197,2.9610797078456788
8157886874.jpg,test,71.1961206897,0.7964801907561175,4.18592076302447
8158011851.jpg,test,69.2239130435,0.7731341350602915,4.092536540241166
8158072489.jpg,train,75.9612068966,0.8528870139403021,4.411548055761209
8158344434.jpg,test,72.4276315789,0.8110582306824287,4.244232922729715
8158453521.jpg,train,68.8922018349,0.7692074956083927,4.076829982433571
8159044184.jpg,train,63.3092105263,0.7031187010075676,3.8124748040302703
8159815111.jpg,train,39.625,0.422756286266885,2.69102514506754
8161767113.jpg,train,65.0287610619,0.7234739220479357,3.893895688191743
8162335542.jpg,train,38.95,0.4147659574467702,2.659063829787081
8162764501.jpg,train,78.55,0.883531914893504,4.5341276595740165
8163644568.jpg,test,18.8172268908,0.1764437689974775,1.70577507598991
8164370728.jpg,train,58.2647058824,0.6434042553196313,3.573617021278525
8164688693.jpg,train,69.5651260504,0.7771732522793005,4.108693009117202
8165044722.jpg,train,49.4048672566,0.5385257013740078,3.154102805496031
8165323576.jpg,train,22.2455752212,0.2170269252490145,1.8681077009960585
8166756819.jpg,train,53.0683962264,0.5818928141306275,3.32757125652251
8167486220.jpg,train,72.1652173913,0.8079518963920771,4.231807585568308
8167676296.jpg,train,43.5758928571,0.4695250759872876,2.8781003039491506
8167934912.jpg,val,74.6153846154,0.8369558101473761,4.347823240589504
8169167251.jpg,train,58.8285714286,0.6500790273558855,3.600316109423542
8171751224.jpg,train,68.1538461538,0.7604671923814463,4.041868769525785
8171907364.jpg,train,29.5855263158,0.3039137737962966,2.2156550951851868
8172599370.jpg,train,63.4642857143,0.7049544072949174,3.8198176291796697
8174015928.jpg,train,45.0973451327,0.4875353040852964,2.9501412163411853
8175674967.jpg,val,69.9413043478,0.7816262719699922,4.126505087879969
8175828572.jpg,train,70.7754237288,0.7915001803098747,4.166000721239499
8176025549.jpg,train,76.75,0.862224371373198,4.448897485492791
8176328950.jpg,train,70.3925233645,0.7869675879897283,4.147870351958913
8176381032.jpg,train,55.8702830189,0.615060216780719,3.460240867122876
8177148898.jpg,train,61.6,0.6828858800772885,3.731543520309154
8177168382.jpg,train,42.3934782609,0.4555282146164117,2.8221128584656467
8178464033.jpg,train,75.9129464286,0.8523157294835129,4.409262917934052
8178540063.jpg,train,47.1852678571,0.512251139817068,3.049004559268272
8178731250.jpg,test,67.4159663866,0.7517325227967978,4.006930091187192
8178834291.jpg,train,51.3561320755,0.5616238458453156,3.246495383381262
8179375247.jpg,test,80.3455882353,0.9047872340425064,4.619148936170026
8179397976.jpg,train,71.0093457944,0.7942692384171702,4.177076953668681
8179500414.jpg,train,78.854368932,0.8871348894850702,4.5485395579402805
8179614383.jpg,train,57.6923076923,0.636628477904909,3.546513911619636
8179882827.jpg,test,73.0347222222,0.8182446808506982,4.272978723402793
8181726766.jpg,train,40.6163366337,0.4344912576367942,2.7379650305471768
8182062575.jpg,val,43.1108695652,0.4640203515261125,2.85608140610445
8182393998.jpg,train,42.25,0.4538297872339981,2.815319148935992
8183741020.jpg,train,66.6283783784,0.7424094307074686,3.969637722829874
8183781293.jpg,train,38.9073275862,0.4142608217166813,2.6570432868667253
8183790186.jpg,test,64.6959459459,0.7195342150654992,3.8781368602619968
8184075727.jpg,test,71.6725663717,0.8021201280362714,4.208480512145085
8184338593.jpg,train,42.3223684211,0.4546864501684892,2.818745800673957
8184978499.jpg,train,73.675,0.8258239845260084,4.303295938104034
8185021640.jpg,train,76.1034482759,0.8545707997068704,4.418283198827481
8185807831.jpg,test,61.232300885,0.678533232913266,3.714132931653064
8185829074.jpg,train,73.4247787611,0.8228619845606936,4.291447938242774
8186224852.jpg,train,66.6533613445,0.7427051671727141,3.970820668690856
8186599780.jpg,train,53.3533834586,0.5852663573822015,3.341065429528806
818793256.jpg,train,58.6113445378,0.6475075987839402,3.5900303951357606
8188022955.jpg,train,65.2877358491,0.7265395423528946,3.9061581694115786
8188461365.jpg,train,61.9459459459,0.6869810235761428,3.747924094304571
8188524067.jpg,train,45.5202702703,0.4925416906270983,2.970166762508393
8189076643.jpg,train,79.0,0.8888588007735806,4.555435203094323
8189726942.jpg,train,62.9826086957,0.6992525439412781,3.797010175765113
8191059336.jpg,train,73.3409090909,0.8218691753119046,4.287476701247618
8192678214.jpg,test,75.6150442478,0.8487893052156296,4.395157220862519
8192992760.jpg,train,60.0135135135,0.6641058079353572,3.656423231741429
8194129270.jpg,train,68.3107476636,0.7623245177972603,4.049298071189041
8194417466.jpg,train,80.8243243243,0.9104542840709,4.641817136283601
8195268203.jpg,train,26.3340707965,0.265424590473061,2.061698361892244
8195491375.jpg,train,50.6513761468,0.5532812804997772,3.213125121999109
8195543723.jpg,test,76.7287735849,0.8619731031712405,4.447892412684962
8195809276.jpg,train,52.9264705882,0.5802127659569644,3.320851063827857
8195917264.jpg,train,75.3986486486,0.8462277170780981,4.384910868312392
8196266010.jpg,test,36.5733944954,0.3866328323246238,2.5465313292984955
8197822329.jpg,train,37.135,0.3932808510637949,2.5731234042551794
8199545794.jpg,test,77.6592920354,0.8729881378270609,4.491952551308243
8199731208.jpg,train,70.1730769231,0.7843698854338912,4.137479541735565
8199832249.jpg,val,61.988317757,0.6874826009145024,3.7499304036580097
8200520446.jpg,train,51.475,0.5630309477755667,3.252123791102267
8201445603.jpg,train,71.1615044248,0.7960704198834135,4.184281679533655
8201535489.jpg,train,70.6504424779,0.7900207117305558,4.160082846922223
8201796429.jpg,train,76.8705357143,0.8636512158055305,4.454604863222122
8203037764.jpg,train,67.75,0.7556866537716675,4.02274661508667
8203914551.jpg,train,78.7196261682,0.8855398687607842,4.542159475043137
8206370859.jpg,test,77.9747706422,0.8767226234626811,4.506890493850724
8207139364.jpg,train,46.1857798165,0.5004196759708959,3.0016787038835835
8207322738.jpg,train,60.4151376147,0.6688600429437588,3.675440171775035
8207527983.jpg,train,59.7523364486,0.661014118114878,3.644056472459512
8208615482.jpg,train,71.6597222222,0.80196808510602,4.20787234042408
8208757707.jpg,train,45.5926724138,0.4933987527513148,2.97359501100526
8209638994.jpg,train,69.26875,0.7736648936169258,4.094659574467704
8209647019.jpg,train,75.1052631579,0.8427547592384776,4.371019036953911
8210031777.jpg,train,65.1747787611,0.7252024100926241,3.900809640370496
8210857374.jpg,test,67.3928571429,0.7514589665657649,4.00583586626306
8210890973.jpg,train,73.031512605,0.8182066869294913,4.272826747717965
8211686846.jpg,test,52.3922018349,0.5738883466722536,3.2955533866890145
8212033390.jpg,train,70.0581896552,0.7830099046223866,4.1320396184895465
8212081020.jpg,train,47.2,0.5124255319148399,3.0497021276593594
8212301132.jpg,train,54.8214285714,0.6026443768992896,3.4105775075971585
8213284057.jpg,train,58.1029411765,0.6414893617024015,3.565957446809606
8213296844.jpg,train,48.3411214953,0.5259335852054295,3.103734340821718
8214901795.jpg,test,67.3891509434,0.7514150943395753,4.005660377358302
8215066958.jpg,train,62.9115044248,0.698410845415344,3.793643381661376
8215413789.jpg,train,65.4285714286,0.7282066869303411,3.912826747721364
8216118608.jpg,train,68.849137931,0.7686977256047797,4.074790902419119
8216243918.jpg,train,56.2160714286,0.6191534954409968,3.4766139817639874
8216954885.jpg,train,76.2987288136,0.8568824377933767,4.427529751173507
8217034676.jpg,train,11.95,0.095152804642179,1.380611218568716
8218123958.jpg,train,27.4279661017,0.2783736025965096,2.1134944103860382
82183009.jpg,train,36.13125,0.3813989361701798,2.52559574468072
8218739759.jpg,train,71.0684931507,0.7949693966774329,4.179877586709732
8218987987.jpg,train,84.9009433962,0.9587113608987996,4.834845443595199
8219032452.jpg,train,40.7132352941,0.4356382978720899,2.74255319148836
8219528225.jpg,train,53.575,0.5878897485492572,3.351558994197029
8220742117.jpg,test,20.125,0.1919245647969025,1.76769825918761
8221139072.jpg,train,72.641025641,0.8135842880519678,4.254337152207871
8222142608.jpg,train,26.6826086957,0.2695504162817722,2.0782016651270885
8222741744.jpg,train,54.2631578947,0.5960358342660141,3.384143337064057
8223457724.jpg,train,35.3172268908,0.3717629179336166,2.4870516717344664
8225184235.jpg,train,40.3402777778,0.4312234042555413,2.724893617022165
8225506418.jpg,train,73.4322033898,0.8229498737824421,4.291799495129768
8226831484.jpg,test,54.5538793103,0.5994772560522262,3.397909024208905
8228733135.jpg,val,59.9181415929,0.6629768405193573,3.651907362077429
8228800442.jpg,train,70.7234513274,0.7908849557517161,4.1635398230068645
8228841274.jpg,train,61.84375,0.6857712765956633,3.743085106382653
8229120528.jpg,train,48.4375,0.5270744680850502,3.108297872340201
8229585759.jpg,test,55.93125,0.6157819148935467,3.463127659574187
8229993789.jpg,val,63.8040540541,0.7089764232322011,3.835905692928805
8230351643.jpg,test,29.8341584158,0.3068569622914606,2.227427849165842
8230377264.jpg,train,38.7421259843,0.4123052437599544,2.649220975039817
8230394579.jpg,train,66.7053571429,0.7433206686934258,3.9732826747737033
8230396549.jpg,train,51.475,0.5630309477755667,3.252123791102267
8230450365.jpg,train,59.2948113208,0.6555981533525268,3.622392613410107
8230728519.jpg,train,69.8263888889,0.7802659574468436,4.121063829787374
8231125615.jpg,train,61.9504310345,0.6870341159208855,3.748136463683542
8231492407.jpg,test,66.4107142857,0.7398328267474611,3.959331306989845
8232299487.jpg,train,48.7477876106,0.5307475051776454,3.1229900207105814
8232391054.jpg,train,59.7543478261,0.6610379278446653,3.644151711378661
8232440995.jpg,train,69.9518348624,0.781750927191176,4.127003708764704
8232481457.jpg,train,45.2700892857,0.489580167173033,2.9583206686921324
8233745351.jpg,train,71.3959854015,0.7988460941143686,4.195384376457474
8234020680.jpg,train,37.6131386861,0.3989408293209159,2.595763317283664
8236704145.jpg,val,72.6793478261,0.8140379278446409,4.256151711378564
8236758432.jpg,train,70.9875,0.7940106382977736,4.176042553191095
823805862.jpg,train,32.1974789916,0.3348328267477347,2.339331306990939
8238462203.jpg,test,79.4096638655,0.8937082066862684,4.574832826745073
8239827069.jpg,test,58.2,0.6426382978722659,3.570553191489064
8240021404.jpg,val,58.9690265487,0.6517416682359859,3.606966672943944
8240214052.jpg,train,37.4696261682,0.3972419964204365,2.5889679856817462
8240220210.jpg,val,45.231092437,0.4891185410336829,2.956474164134732
8241257694.jpg,train,69.6971153846,0.7787356792141242,4.114942716856497
82421401.jpg,train,21.55625,0.2088670212765903,1.8354680851063607
8242266673.jpg,train,70.8694690265,0.7926134437952207,4.170453775180883
8242599767.jpg,val,72.0089285714,0.806101823707768,4.224407294831072
8242811234.jpg,test,66.3944954128,0.7396408354473684,3.9585633417894734
8242906564.jpg,train,22.646039604,0.2217674320628165,1.8870697282512656
8244017611.jpg,test,62.2196261682,0.6902207198246452,3.7608828792985807
8244040268.jpg,train,73.6458333333,0.825478723403757,4.301914893615028
8245350767.jpg,test,74.2476635514,0.8326029031615353,4.330411612646142
8246007228.jpg,val,51.4252336449,0.5624418373438221,3.2497673493752885
8246184591.jpg,test,50.15625,0.547420212765898,3.189680851063592
8246479044.jpg,train,63.9152173913,0.7102923219240075,3.84116928769603
8246841627.jpg,train,82.2889908257,0.9277923091938528,4.711169236775412
8247215463.jpg,train,70.546728972,0.7887930005968847,4.155172002387539
8247844062.jpg,val,66.6886792453,0.7431232436773484,3.9724929747093936
8248519358.jpg,train,73.8026315789,0.8273348264271069,4.309339305708427
8248564902.jpg,train,74.0921052632,0.8307614781638877,4.323045912655551
8249630967.jpg,train,60.2831858407,0.6672980606287107,3.669192242514842
8250498441.jpg,test,60.8125,0.6735638297871546,3.6942553191486174
8251327289.jpg,train,49.9260869565,0.5446956521735967,3.178782608694387
8252742940.jpg,test,83.5,0.9421276595743456,4.768510638297383
8253280616.jpg,train,61.7570093458,0.6847444820043598,3.738977928017439
8253601805.jpg,train,66.4602803738,0.7404195665137513,3.961678266055005
8256049516.jpg,train,63.108490566,0.7007426736245197,3.802970694498079
8256076417.jpg,train,57.8411016949,0.6383898305082201,3.5535593220328803
8256731117.jpg,test,48.1118421053,0.5232194848827993,3.0928779395311974
8256977391.jpg,train,69.2434210526,0.7733650615896763,4.093460246358705
8257636356.jpg,val,71.9345794393,0.8052217140589246,4.2208868562356985
8257779790.jpg,test,22.9533898305,0.225405697800108,1.901622791200432
8258234240.jpg,train,73.0641025641,0.8185924713582958,4.274369885433183
8259404043.jpg,test,74.65,0.8373655705995077,4.349462282398031
8259557757.jpg,val,63.3509615385,0.703612929623939,3.814451718495756
8260840073.jpg,test,49.5294117647,0.5399999999998721,3.159999999999489
8261560586.jpg,test,65.4668141593,0.7286593861796332,3.914637544718533
8262387641.jpg,train,70.4059633028,0.7871266835843048,4.14850673433722
8262794558.jpg,val,44.5334821429,0.4808605623104889,2.923442249241956
8262966434.jpg,train,63.1696428571,0.7014665653489528,3.805866261395811
8263016549.jpg,train,54.5471698113,0.599397832195592,3.397591328782368
8263420706.jpg,train,47.0741525424,0.5109358095927665,3.043743238371066
826373.jpg,test,77.7457983193,0.8740121580542715,4.496048632217086
8266041849.jpg,test,68.1785714286,0.7607598784196976,4.04303951367879
8266134524.jpg,train,46.6129807692,0.5054766775773245,3.021906710309298
8266648992.jpg,test,73.3,0.821384912959278,4.285539651837112
8267105534.jpg,train,78.61875,0.884345744680738,4.5373829787229525
8267153015.jpg,train,75.5420353982,0.8479250611932854,4.3917002447731415
8267201129.jpg,train,71.8782608696,0.8045550416284335,4.218220166513734
8267353806.jpg,test,70.7566964286,0.7912784954409694,4.165113981763877
8267786798.jpg,train,51.4407894737,0.5626259798433502,3.2505039193734007
8268523027.jpg,train,42.9866071429,0.4625493920977259,2.850197568390904
8268756631.jpg,train,72.1302521008,0.8075379939203944,4.2301519756815775
8268859988.jpg,train,41.6043478261,0.4461868640149122,2.784747456059649
8269777387.jpg,test,54.6642857143,0.6007841945289766,3.4031367781159063
8269784088.jpg,train,45.7652173913,0.4954412580942545,2.9817650323770177
8270648540.jpg,train,60.85,0.6740077369438277,3.696030947775311
8270671503.jpg,train,55.1449579832,0.6064741641337494,3.4258966565349978
827067298.jpg,train,69.7013274336,0.7787855394460005,4.1151421577840015
8270913623.jpg,train,62.425,0.6926518375240954,3.7706073500963817
8272075374.jpg,train,62.9906542056,0.6993477828592433,3.797391131436973
8272706512.jpg,train,59.09375,0.6532180851063067,3.612872340425227
8273944978.jpg,train,51.7452830189,0.5662304295466841,3.2649217181867365
8273957786.jpg,train,44.7544642857,0.4834764437687787,2.9339057750751145
8274584258.jpg,train,76.1418918919,0.8550258769407582,4.420103507763033
8274829582.jpg,train,80.0448717949,0.9012274959085652,4.60490998363426
8275793121.jpg,train,59.5981308411,0.6591887055077217,3.636754822030887
8278414113.jpg,val,58.31,0.6439404255318402,3.5757617021273607
8279922752.jpg,val,73.975,0.8293752417793927,4.317500967117571
8281818195.jpg,test,36.95625,0.3911648936169867,2.564659574467947
8282376526.jpg,test,60.3394495413,0.667964083544904,3.671856334179616
82824130.jpg,test,29.4625,0.3024574468084903,2.209829787233961
8282451903.jpg,train,75.1743119266,0.8435721257074215,4.374288502829685
8282948203.jpg,train,52.75,0.5781237911024502,3.3124951644098006
8283257984.jpg,train,37.1565217391,0.3935356151707427,2.574142460682971
8283451606.jpg,train,65.4875,0.7289042553190606,3.915617021276242
8283511236.jpg,train,80.7962184874,0.9101215805470548,4.64048632218822
8284022272.jpg,train,70.6271551724,0.7897450476886602,4.15898019075464
8285094496.jpg,train,61.0378151261,0.6762310030400207,3.704924012160083
8286418266.jpg,train,73.1138392857,0.8191812310027676,4.27672492401107
8287040167.jpg,train,45.0743243243,0.4872627947092655,2.949051178837062
8287545136.jpg,train,43.6,0.4698104448742276,2.8792417794969105
8288312901.jpg,train,71.7763157895,0.8033482642779269,4.213393057111707
8288373596.jpg,train,83.6617647059,0.9440425531915756,4.776170212766303
8289927707.jpg,test,66.1081081081,0.7362507188037248,3.9450028752148993
8291626660.jpg,train,65.3220338983,0.7269455463395562,3.907782185358225
8292084929.jpg,train,71.5444915254,0.8006040389466083,4.202416155786433
8292596709.jpg,train,49.4331896552,0.5388609684522128,3.155443873808851
8292826193.jpg,train,57.3378378378,0.6324324324319116,3.5297297297276464
8293206684.jpg,val,66.1674311927,0.7369529572519877,3.947811829007951
8293797976.jpg,val,58.2740384615,0.6435147299503702,3.5740589198014807
8296218747.jpg,train,57.25,0.6313926499032154,3.5255705996128617
8297827964.jpg,train,62.2857142857,0.6910030395134265,3.764012158053706
8297923368.jpg,train,70.8976377953,0.7929468922769537,4.171787569107815
8299135149.jpg,train,65.4875,0.7289042553190606,3.915617021276242
8299281180.jpg,train,75.4690265487,0.847060817172125,4.3882432686885
8300309247.jpg,train,41.6760869565,0.4470360777055272,2.788144310822109
8301114122.jpg,val,53.8673469388,0.5913504125056511,3.3654016500226045
8301271447.jpg,test,63.5263157895,0.7056886898098574,3.8227547592394298
8302396098.jpg,train,69.6052631579,0.7776483762597646,4.110593505039058
8302682948.jpg,train,70.64375,0.789941489361604,4.159765957446416
8303486295.jpg,test,77.2076271186,0.86764154345411,4.47056617381644
8303662528.jpg,test,65.6004464286,0.7302412613984259,3.920965045593704
8303933730.jpg,train,57.0861344538,0.6294528875381403,3.5178115501525613
8303968382.jpg,train,64.7083333333,0.7196808510633484,3.878723404253394
8304043296.jpg,train,77.2243589744,0.8678396072016846,4.471358428806738
8304558173.jpg,train,79.8256302521,0.8986322188448594,4.594528875379438
8304722901.jpg,train,63.7916666667,0.7088297872343521,3.835319148937408
8305212885.jpg,test,44.5963302752,0.481604528596129,2.926418114384516
8305612260.jpg,val,60.3066037736,0.667575270975612,3.670301083902448
8305620668.jpg,train,30.6116071429,0.3160600303956216,2.2642401215824863
8305669061.jpg,train,72.9714285714,0.8174954407290426,4.269981762916171
8306155022.jpg,test,77.65625,0.8729521276594632,4.491808510637853
8306749332.jpg,train,72.5245535714,0.8122055471120223,4.24882218844809
8306770184.jpg,test,65.3808411215,0.727641678266024,3.910566713064096
8307817608.jpg,test,33.5580357143,0.3509384498481653,2.403753799392661
8308200442.jpg,train,67.2844827586,0.7501760821713436,4.000704328685375
8308350290.jpg,train,63.5565217391,0.7060462534685652,3.824185013874261
8308811931.jpg,train,45.2570093458,0.4894253330682206,2.9577013322728822
8309215514.jpg,train,23.804245283,0.2354777197910154,1.941910879164062
8310254529.jpg,test,71.19375,0.7964521276594754,4.1858085106379015
8310618188.jpg,train,60.4594594595,0.66938470385319,3.67753881541276
8310619532.jpg,train,61.6703539823,0.6837186970437796,3.73487478817512
8311563943.jpg,train,70.7905405405,0.7916791259338669,4.166716503735468
8314358374.jpg,train,48.9862385321,0.5335701737261556,3.1342806949046222
8314966745.jpg,train,30.4225663717,0.3138222556959237,2.255289022783695
8316898244.jpg,train,68.30625,0.7622712765956511,4.049085106382604
8317893385.jpg,test,75.18125,0.8436542553190424,4.374617021276169
8318268016.jpg,test,65.4668141593,0.7286593861796332,3.914637544718533
8319445883.jpg,train,72.3834745763,0.8105355210965254,4.242142084386101
8320017511.jpg,test,77.0280172414,0.8655154071901567,4.462061628760627
8320098796.jpg,test,55.2836134454,0.6081155015199464,3.4324620060797857
8320423007.jpg,train,36.1029411765,0.3810638297875493,2.524255319150197
8320489600.jpg,train,62.9666666667,0.6990638297875451,3.796255319150181
8320909145.jpg,train,60.4908256881,0.6697560023426136,3.6790240093704543
8321029602.jpg,train,61.2027027027,0.6781828637146664,3.7127314548586656
8321126258.jpg,train,55.3065217391,0.6083866790004957,3.433546716001983
8321155777.jpg,test,53.2731092437,0.5843161094224569,3.337264437689828
8321480608.jpg,train,51.4788135593,0.5630760908759845,3.252304363503938
8321682395.jpg,train,63.9724770642,0.7109701346863826,3.8438805387455295
8321981131.jpg,train,59.6261061947,0.6595198644323482,3.638079457729393
8322388606.jpg,train,55.4358974359,0.6099181669394046,3.4396726677576184
8322413607.jpg,test,72.9230769231,0.8169230769232477,4.267692307692991
8322643928.jpg,train,29.9115044248,0.3077725475430659,2.231090190172264
8322994549.jpg,train,54.3600917431,0.5971832910401106,3.3887331641604423
8323120996.jpg,train,67.3618421053,0.751091825308295,4.00436730123318
8325420861.jpg,train,68.5894495413,0.7656236580129735,4.062494632051894
8325732255.jpg,train,71.3676470588,0.7985106382974945,4.194042553189978
8329144701.jpg,train,55.5711009174,0.6115186414206035,3.446074565682414
8329938246.jpg,train,66.3310810811,0.7388901667626412,3.9555606670505647
8329958275.jpg,train,76.625,0.8607446808509545,4.442978723403818
8329986781.jpg,train,63.8974358974,0.7100818330600462,3.840327332240185
8330723470.jpg,train,71.7542372881,0.8030869094837916,4.212347637935166
8330807035.jpg,test,34.9705882353,0.367659574468124,2.470638297872496
8331586612.jpg,train,62.05,0.6882127659573649,3.75285106382946
8331607175.jpg,val,70.7754237288,0.7915001803098747,4.166000721239499
8331758509.jpg,test,68.3026315789,0.7622284434483939,4.048913773793576
8332215391.jpg,train,75.6355140187,0.8490316166235753,4.396126466494302
8333161105.jpg,train,70.796460177,0.7917491997740603,4.166996799096241
8333619480.jpg,val,52.4369565217,0.5744181313593251,3.2976725254373003
8333683532.jpg,train,70.3717391304,0.7867215541160495,4.146886216464198
8333814090.jpg,train,46.2351694915,0.5010043274428494,3.0040173097713976
8333982072.jpg,train,50.2027027027,0.5479700977572404,3.191880391028961
8334203333.jpg,test,48.0320512821,0.522274959083991,3.089099836335964
8334314471.jpg,train,55.9214285714,0.6156656534950322,3.462662613980129
8336846212.jpg,test,68.375,0.763085106382885,4.05234042553154
8337813363.jpg,test,68.7331932773,0.7673252279633022,4.069300911853208
8338842182.jpg,test,67.2920353982,0.7502654867252159,4.001061946900864
8339157161.jpg,val,65.9778761062,0.734709094332491,3.938836377329964
8339210713.jpg,train,63.7,0.707744680850979,3.830978723403916
8339615907.jpg,train,41.7873831776,0.4483535494137126,2.7934141976548506
8341991106.jpg,train,75.6659663866,0.8493920972648674,4.39756838905947
8342894979.jpg,train,49.0398230088,0.5342044812646545,3.136817925058618
8343118972.jpg,train,74.3581081081,0.8339102932717943,4.335641173087177
8343579007.jpg,train,61.4043478261,0.6805698427382791,3.722279370953117
8345197886.jpg,val,64.1776315789,0.713398656214359,3.853594624857436
8345496530.jpg,val,72.8716216216,0.8163139735476579,4.265255894190632
8346047313.jpg,train,70.2715517241,0.7855355832716473,4.142142333086589
8346245093.jpg,train,49.7361111111,0.5424468085104481,3.1697872340417925
8346970641.jpg,test,51.6891891892,0.5655664174813768,3.262265669925508
8347284037.jpg,train,57.9809322034,0.6400450775334037,3.5601803101336147
8348001072.jpg,train,61.5264423077,0.6820151391162131,3.728060556464853
8348113359.jpg,train,22.3389423077,0.2181321603928828,1.872528641571532
8349327834.jpg,test,47.25,0.5130174081237372,3.052069632494949
8350531104.jpg,val,70.6,0.7894235976788188,4.157694390715275
8350532456.jpg,test,66.8613445378,0.7451671732520097,3.980668693008039
8350811947.jpg,train,80.5066371681,0.9066936546783592,4.626774618713437
8351013561.jpg,train,52.6858974359,0.5773649754500481,3.309459901800192
8351568109.jpg,train,61.4043478261,0.6805698427382791,3.722279370953117
8351745980.jpg,test,61.5257009346,0.682006363094217,3.728025452376868
8351819316.jpg,train,67.4267241379,0.7518598679379118,4.007439471751647
8351907965.jpg,train,77.0745192308,0.866065875614002,4.464263502456008
8352296647.jpg,train,11.8844537815,0.0943768996959122,1.377507598783649
8352587213.jpg,test,63.8040540541,0.7089764232322011,3.835905692928805
8352959449.jpg,train,59.0966386555,0.6532522796356297,3.613009118542519
8353048335.jpg,test,62.2163865546,0.6901823708203279,3.760729483281312
8353276755.jpg,test,71.125,0.7956382978722415,4.1825531914889655
8353492181.jpg,val,29.9449152542,0.3081680490438936,2.2326721961755744
8353646596.jpg,train,67.233490566,0.7495724608585544,3.998289843434218
8354332729.jpg,test,53.1052631579,0.5823292273236256,3.3293169092945023
8354479425.jpg,test,46.6351351351,0.5057389304193128,3.022955721677252
8354529751.jpg,train,69.5384615385,0.7768576104749911,4.1074304418999645
8354584594.jpg,train,63.9336283186,0.7105102617210597,3.842041046884239
8354855845.jpg,train,67.4541284404,0.7521842670313355,4.008737068125342
8356375190.jpg,train,78.631147541,0.8844925008720727,4.53797000348829
8356442304.jpg,train,63.5183486239,0.7055943782944377,3.822377513177751
8357037213.jpg,test,69.1949541284,0.772791333202628,4.091165332810512
8357323256.jpg,train,62.8384955752,0.6975466013929998,3.790186405572
8357910475.jpg,train,73.031512605,0.8182066869294913,4.272826747717965
8357913829.jpg,train,41.49375,0.444877659574425,2.7795106382977
8358094625.jpg,train,74.5810810811,0.8365497412307107,4.346198964922843
8358374077.jpg,test,67.0,0.7468085106382067,3.987234042552827
8358381896.jpg,test,57.85,0.6384951644099841,3.5539806576399364
8358982372.jpg,train,69.3130841121,0.7741896997408174,4.09675879896327
8360589310.jpg,train,64.9375,0.7223936170211893,3.889574468084757
8360975985.jpg,train,39.1302521008,0.4168996960481161,2.6675987841924647
8362126677.jpg,train,64.9932432432,0.7230534790103266,3.8922139160413054
8362183655.jpg,test,71.8714285714,0.8044741641333001,4.217896656533201
8362338513.jpg,train,48.8782051282,0.5322913256954633,3.1291653027818533
8362730833.jpg,train,66.8935483871,0.7455483870967213,3.982193548386885
8364603294.jpg,val,80.0565217391,0.9013654024047044,4.605461609618818
8365545870.jpg,test,74.1680327869,0.8316602720614582,4.326641088245832
8373140830.jpg,train,64.0328947368,0.7116853303465605,3.846741321386242
8373449722.jpg,train,61.1764705882,0.6778723404250339,3.711489361700136
8373530988.jpg,train,23.7279411765,0.234574468085445,1.93829787234178
8374149596.jpg,test,24.2079439252,0.2402565122286626,1.9610260489146507
8374735482.jpg,train,64.3243243243,0.715135135134761,3.860540540539044
8375094776.jpg,train,69.2297297297,0.7732029902238194,4.092811960895277
8375633718.jpg,train,47.4226190476,0.5150607902732766,3.0602431610931062
8375881781.jpg,train,53.6625,0.5889255319148277,3.35570212765931
8376951271.jpg,train,71.9915966387,0.8058966565353811,4.2235866261415245
8377051997.jpg,test,45.0491071429,0.4869642857147432,2.947857142858973
8377086521.jpg,train,67.0743243243,0.7476883266241175,3.99075330649647
8377336301.jpg,train,74.1805555556,0.8318085106387192,4.327234042554877
8377341554.jpg,train,77.6283783784,0.8726221966648946,4.490488786659578
8377908446.jpg,train,74.4809322034,0.8353642264695427,4.341456905878171
8379165496.jpg,train,55.1725663717,0.6068009791001323,3.427203916400529
8379707865.jpg,train,71.0903361345,0.7952279635262842,4.180911854105137
8380369304.jpg,test,36.925,0.3907949709864258,2.563179883945703
8380814455.jpg,train,55.1802884615,0.606892389524844,3.427569558099376
8381849363.jpg,val,72.8525641026,0.8160883797057237,4.264353518822895
8382215237.jpg,train,77.2775423729,0.8684691669672937,4.473876667869175
8385356062.jpg,train,63.8387850467,0.7093875521968278,3.8375502087873112
8385411442.jpg,train,68.9743589744,0.770180032733615,4.08072013093446
8385499383.jpg,val,69.5631067961,0.7771493493077029,4.108597397230811
8385552455.jpg,val,77.0915178571,0.8662670972638202,4.465068389055281
8386378049.jpg,test,66.6283783784,0.7424094307074686,3.969637722829874
8387369354.jpg,train,75.8739495798,0.8518541033429791,4.407416413371916
8387487827.jpg,train,65.0588235294,0.7238297872338157,3.895319148935263
8388736592.jpg,train,51.5023364486,0.5633545436468085,3.253418174587234
8390342452.jpg,train,57.2281553398,0.6311340632099388,3.5245362528397552
8390448317.jpg,train,69.3362831858,0.7744643193366472,4.097857277346589
8391472456.jpg,val,66.5619469027,0.7416230465076931,3.966492186030772
8391500206.jpg,test,46.2635135135,0.5013398504885747,3.005359401954298
8391854291.jpg,train,49.0775862069,0.5346515040351999,3.1386060161408
8392357033.jpg,train,66.5805084746,0.7418427695638399,3.96737107825536
8392513010.jpg,train,19.1061946903,0.1798644323107071,1.7194577292428286
8393106944.jpg,test,22.2257281553,0.2167919851265619,1.867167940506248
8393175128.jpg,test,68.9324324324,0.7696837262789923,4.078734905115969
83935018.jpg,train,44.65625,0.482313829787185,2.92925531914874
8395711832.jpg,test,38.3012820513,0.4070867430443652,2.628346972177461
8395743743.jpg,train,71.0903361345,0.7952279635262842,4.180911854105137
8396870268.jpg,train,49.9406779661,0.5448683736025174,3.179473494410069
8397014400.jpg,train,52.9892241379,0.5809556126187903,3.323822450475161
8397266843.jpg,train,72.9495192308,0.8172360883799672,4.268944353519869
8397860756.jpg,test,56.3928571429,0.6212462006083389,3.484984802433356
8397958686.jpg,test,60.6004672897,0.6710538874524625,3.68421554980985
8398198583.jpg,test,78.231092437,0.8797568389059611,4.5190273556238445
8398239689.jpg,train,56.4137168142,0.6214931274716967,3.485972509886787
8398319915.jpg,train,70.4551282051,0.7877086743039874,4.1508346972159496
8398445064.jpg,train,64.1526548673,0.7131029937869084,3.852411975147634
8398548523.jpg,train,59.9181415929,0.6629768405193573,3.651907362077429
8399489944.jpg,test,60.8653846154,0.6741898527005935,3.696759410802374
8399629946.jpg,train,64.9894957983,0.7230091185407173,3.892036474162869
8399674675.jpg,train,65.8950892857,0.7337291033432068,3.9349164133728274
8400156034.jpg,train,57.375,0.6328723404254589,3.531489361701836
8400557154.jpg,train,63.3169642857,0.7032104863219352,3.8128419452877407
8400786727.jpg,train,74.0088495575,0.8297759367347118,4.319103746938847
8401142586.jpg,train,63.2306034483,0.7021881878211849,3.808752751284739
8401260771.jpg,train,56.8130434783,0.6262201665128797,3.504880666051519
8401416435.jpg,test,74.1903669725,0.831924653523493,4.327698614093972
84018414.jpg,train,62.2857142857,0.6910030395134265,3.764012158053706
8402267016.jpg,test,50.2027027027,0.5479700977572404,3.191880391028961
8402295544.jpg,train,62.5576923077,0.6942225859247219,3.776890343698888
8403125101.jpg,train,67.0,0.7468085106382067,3.987234042552827
8403312891.jpg,test,43.825,0.4724738878142659,2.889895551257064
8403342715.jpg,test,48.8655660377,0.5321417101560822,3.128566840624329
8404206319.jpg,test,62.4625,0.6930957446807684,3.7723829787230736
8404905802.jpg,train,46.5847457627,0.5051424450052162,3.020569780020865
8405074808.jpg,train,65.1974789916,0.7254711246200127,3.901884498480051
8405979865.jpg,train,52.124015748,0.5707136873843855,3.282854749537542
8406395791.jpg,val,69.0442477876,0.771007343249638,4.084029372998552
8406491085.jpg,train,72.625,0.8133945841391632,4.253578336556653
8407650196.jpg,test,60.7142857143,0.6724012158055609,3.689604863222244
8407751062.jpg,test,57.1605504587,0.6303337887953704,3.521335155181481
8410633059.jpg,train,65.2321428571,0.7258814589659702,3.903525835863881
8410894233.jpg,val,47.9926470588,0.5218085106379641,3.0872340425518563
8412239545.jpg,val,85.5275423729,0.9661287414353632,4.864514965741453
8412287695.jpg,train,65.9868421053,0.7348152295636168,3.939260918254467
8412460969.jpg,val,38.3421052632,0.407569988802253,2.630279955209012
8413383096.jpg,train,46.2222222222,0.5008510638294722,3.003404255317889
8413515646.jpg,train,82.5833333333,0.9312765957441658,4.725106382976663
8416061748.jpg,train,72.625,0.8133945841391632,4.253578336556653
8417110649.jpg,val,48.017699115,0.5221050649589388,3.088420259835756
8417199212.jpg,train,64.2008928571,0.7136740121574615,3.854696048629846
8417650354.jpg,test,69.3040540541,0.7740828062109142,4.096331224843657
8417733554.jpg,train,67.5689655172,0.7535436537044803,4.014174614817922
8418843841.jpg,train,57.7278761062,0.6370495198644215,3.548198079457686
8418966442.jpg,train,46.5483193277,0.5047112462001873,3.018844984800749
8419228451.jpg,train,76.4632352941,0.8588297872337247,4.435319148934899
8419805674.jpg,train,81.325,0.9163810444873092,4.665524177949237
8420816712.jpg,test,42.3922413793,0.4555135730005665,2.822054292002266
8421578109.jpg,val,61.4766949153,0.6814262531558883,3.725705012623554
8421980802.jpg,test,66.8625,0.7451808510637389,3.980723404254956
8423036726.jpg,train,72.8029661017,0.815501262170892,4.262005048683568
8423951722.jpg,train,63.5940366972,0.7064903376921087,3.825961350768434
8425720386.jpg,test,54.7428571429,0.601714285714725,3.4068571428589
8427357000.jpg,train,70.7125,0.790755319148838,4.163021276595352
8427536839.jpg,train,66.1102941176,0.7362765957440344,3.9451063829761375
8427827661.jpg,train,54.4827586207,0.5986353631695339,3.394541452678136
8428610140.jpg,val,68.1,0.7598297872339492,4.039319148935797
8428991513.jpg,train,31.1551724138,0.3224944974321931,2.289977989728772
8429194888.jpg,train,58.8960176991,0.6508774242136417,3.603509696854567
8429377035.jpg,train,54.2754237288,0.5961810313737356,3.3847241254949423
8430005179.jpg,val,71.3948598131,0.7988327699344692,4.195331079737876
8430044905.jpg,train,53.7123893805,0.5895160986627191,3.3580643946508766
8430084372.jpg,val,50.0995145631,0.5467486056598478,3.186994422639392
8430377800.jpg,train,53.65,0.5887775628626032,3.3551102514504128
8430770537.jpg,train,74.2543103448,0.8326815847391138,4.330726338956455
8431773301.jpg,val,66.9263392857,0.7459365501517154,3.983746200606862
8431868669.jpg,train,67.3495762712,0.7509466282005735,4.003786512802294
8432266484.jpg,train,33.2039473684,0.3467469204924446,2.3869876819697784
8433107122.jpg,train,70.5357142857,0.788662613981496,4.154650455925983
8433138741.jpg,train,71.9915966387,0.8058966565353811,4.2235866261415245
8434015762.jpg,test,49.15,0.535508704061838,3.142034816247352
8434381156.jpg,test,31.2689655172,0.3238415260449743,2.295366104179897
8434827647.jpg,test,77.5657894737,0.871881298992237,4.487525195968948
8435700290.jpg,test,74.5870535714,0.8366204407290396,4.346481762916159
8435902776.jpg,test,70.09375,0.7834308510637328,4.133723404254932
8436817796.jpg,train,71.9197247706,0.805045871559033,4.220183486236132
8436929518.jpg,train,49.2086956522,0.536203515263896,3.144814061055584
8437453575.jpg,train,44.5285714286,0.4808024316112317,2.923209726444927
8437525605.jpg,train,59.7523364486,0.661014118114878,3.644056472459512
8437609150.jpg,test,80.0379464286,0.9011455167175476,4.60458206687019
8438194819.jpg,train,76.0068807339,0.8534276790936405,4.4137107163745615
8438205347.jpg,test,71.2028301887,0.796559614612752,4.186238458451008
8438601990.jpg,train,66.475,0.740593810444784,3.962375241779136
8438721601.jpg,test,77.402173913,0.8699444958365623,4.479777983346249
8438943296.jpg,test,53.6293103448,0.5885326485689398,3.35413059427576
8439178228.jpg,val,46.7569444444,0.5071808510632506,3.0287234042530025
8439638054.jpg,train,67.7857142857,0.7561094224921394,4.024437689968558
8439881076.jpg,train,60.8310810811,0.6737837837839282,3.695135135135713
8441623412.jpg,val,75.8289473684,0.8513213885774704,4.405285554309882
8442013836.jpg,test,46.784351145,0.507505278544241,3.030021114176964
8442383096.jpg,test,43.15,0.4644835589941511,2.8579342359766047
8442848364.jpg,train,68.4558823529,0.7640425531909081,4.056170212763632
8442858810.jpg,train,53.078125,0.5820079787233393,3.3280319148933573
8443583255.jpg,val,72.8108695652,0.8155948196111628,4.262379278444652
8443782912.jpg,train,64.9375,0.7223936170211893,3.889574468084757
8444194286.jpg,train,50.8027522936,0.5550731992974868,3.220292797189947
8444203927.jpg,train,62.4625,0.6930957446807684,3.7723829787230736
8444344132.jpg,train,48.925,0.5328452611217998,3.131381044487199
8444615248.jpg,train,72.2063106796,0.8084383391858796,4.233753356743518
8445666777.jpg,train,72.0769230769,0.8069067103105917,4.227626841242367
8446141044.jpg,train,63.3333333333,0.70340425531867,3.81361702127468
8447352918.jpg,test,43.6642857143,0.4705714285715505,2.882285714286202
8448710097.jpg,test,60.6422018349,0.6715479211403231,3.686191684561293
8449030791.jpg,train,63.25,0.7024177949709024,3.8096711798836096
8449623916.jpg,train,70.9,0.7929748549322033,4.171899419728813
8450680026.jpg,test,61.9661016949,0.6872196177422548,3.7488784709690193
8450836581.jpg,test,70.5357142857,0.788662613981496,4.154650455925983
8450870263.jpg,test,56.2972972973,0.6201150086256079,3.4804600345024315
8451346661.jpg,val,76.7881355932,0.8626758023797433,4.450703209518974
8451439208.jpg,train,66.9256756757,0.7459286946522959,3.983714778609184
8451928629.jpg,train,73.7941176471,0.8272340425535749,4.3089361702143
8452429942.jpg,train,25.6736111111,0.2576063829785787,2.0304255319143145
8452437121.jpg,train,68.0023364486,0.7586736925829476,4.03469477033179
8452461056.jpg,train,76.6012931034,0.8604640498892678,4.441856199557071
8452514438.jpg,train,40.7767857143,0.4363905775077261,2.745562310030905
8452772155.jpg,train,71.8058252427,0.8036975831436599,4.21479033257464
8454542185.jpg,train,69.75,0.7793617021275632,4.117446808510253
8454689689.jpg,train,69.7254464286,0.7790710486324607,4.116284194529843
8454945247.jpg,train,49.46875,0.5392819148935589,3.157127659574236
8455329161.jpg,train,79.6129807692,0.8961149754496027,4.584459901798411
8456262039.jpg,train,49.1973684211,0.5360694288918806,3.1442777155675223
8456415044.jpg,train,80.4646226415,0.9061963067039066,4.624785226815627
8456644085.jpg,train,58.2873831776,0.6436726983498517,3.574690793399407
8457028188.jpg,test,77.858974359,0.8753518821605847,4.501407528642339
8458155212.jpg,test,67.5593220339,0.7534294987377569,4.013717994951028
8458232440.jpg,train,62.5405405405,0.6940195514657973,3.776078205863189
8458755761.jpg,val,70.349009901,0.7864524963134809,4.145809985253924
8459688085.jpg,train,49.8219178082,0.5434625473619993,3.173850189447997
8459996431.jpg,train,68.575,0.7654526112184745,4.061810444873898
8460154333.jpg,train,44.6720183486,0.4825004879949838,2.930001951979935
8460289501.jpg,val,65.0287610619,0.7234739220479357,3.893895688191743
8460376605.jpg,test,78.7857142857,0.8863221884495655,4.545288753798262
8460764072.jpg,train,38.875,0.4138781431334241,2.6555125725336968
8461148661.jpg,val,47.0183486239,0.5102752293582986,3.0411009174331944
8461542458.jpg,test,41.4097222222,0.4438829787230983,2.7755319148923934
8462442319.jpg,test,79.5608108108,0.8954974123056801,4.58198964922272
8463119506.jpg,test,74.3411016949,0.8337089794443593,4.334835917777437
8463181410.jpg,test,47.1116071429,0.5113791793317607,3.0455167173270428
8463190672.jpg,train,67.7236842105,0.7553751399771995,4.021500559908798
8463285530.jpg,train,49.4951923077,0.5395949263502784,3.1583797054011136
8464327703.jpg,train,69.40625,0.7752925531913937,4.101170212765575
8464428247.jpg,train,19.1792035398,0.1807286763318675,1.72291470532747
8465039467.jpg,train,49.3646788991,0.5380499707204295,3.152199882881718
8465276999.jpg,test,72.1918103448,0.8082666911220964,4.2330667644883855
8465545790.jpg,test,62.4509345794,0.6929588387347878,3.7718353549391512
8465866576.jpg,train,72.2179487179,0.8085761047456398,4.234304418982559
8466537488.jpg,val,74.5199115044,0.8358256448875697,4.343302579550279
8466719811.jpg,train,72.0064102564,0.8060720130930676,4.224288052372271
8467715346.jpg,train,68.65,0.7663404255318207,4.065361702127283
8467804997.jpg,train,61.9782608696,0.68736355226675,3.749454209067
8468013032.jpg,train,56.3142857143,0.6203161094225905,3.481264437690362
8468299060.jpg,train,58.6728971963,0.6482362298671508,3.592944919468603
8468581524.jpg,train,61.3783185841,0.6802617209567705,3.721046883827082
8468743988.jpg,val,77.9256756757,0.876141460609722,4.504565842438888
8469388516.jpg,val,58.6039823009,0.6474204481266326,3.5896817925065303
8471068172.jpg,train,60.7243589744,0.6725204582655454,3.6900818330621816
8471534118.jpg,train,57.3504464286,0.6325816869303564,3.5303267477214257
8471619926.jpg,train,49.1716101695,0.5357645149657838,3.1430580598631352
8472852630.jpg,train,67.8175675676,0.7564864864867776,4.025945945947111
8472898292.jpg,train,29.5576923077,0.3035842880524437,2.214337152209775
8473031499.jpg,train,56.8175675676,0.6262737205293516,3.5050948821174064
8473167636.jpg,train,67.0736607143,0.7476804711246979,3.990721884498792
8473442365.jpg,train,73.6282051282,0.8252700490996718,4.301080196398687
8473611231.jpg,test,13.2593457944,0.1106522171406833,1.4426088685627334
8473751363.jpg,train,71.575,0.8009651837523181,4.203860735009272
8474310923.jpg,train,64.6927966102,0.7194969347280061,3.877987738912025
8474312023.jpg,train,68.5921052632,0.7656550951851746,4.062620380740698
8474594407.jpg,test,62.4080188679,0.6924508229622927,3.76980329184917
8475086246.jpg,train,69.4029126214,0.7752530468915253,4.101012187566101
8477555984.jpg,train,63.0223214286,0.6997226443771543,3.798890577508617
8481080192.jpg,train,63.3413043478,0.7034986123955366,3.8139944495821454
8481265200.jpg,val,70.3970588235,0.787021276595299,4.148085106381195
8481450412.jpg,test,37.225,0.3943462282398102,2.577384912959241
8481724236.jpg,val,42.0384615385,0.4513256955814259,2.805302782325704
8482992711.jpg,train,56.7923728814,0.6259754778223033,3.5039019112892134
8484679828.jpg,train,68.925,0.7695957446807562,4.078382978723025
8484786490.jpg,val,67.4729299363,0.7524068301936333,4.009627320774533
8485122834.jpg,train,73.325,0.8216808510637267,4.286723404254907
8485208349.jpg,train,61.3394160584,0.6798012113682135,3.719204845472854
8485295618.jpg,test,50.95,0.5568162475821442,3.227264990328577
8485747318.jpg,train,72.6009174312,0.8131095061487261,4.2524380245949045
8486309874.jpg,train,73.1525423729,0.819639379733259,4.278557518933036
8486814802.jpg,test,73.476635514,0.8234758401269372,4.293903360507748
8486846186.jpg,train,75.5555555556,0.8480851063833975,4.39234042553359
8486986414.jpg,train,61.6732283465,0.6837527223994933,3.735010889597973
8488083858.jpg,train,74.0807086614,0.8306265706145337,4.322506282458135
8488084256.jpg,val,68.44375,0.7638989361701188,4.055595744680476
8488319324.jpg,train,80.9396551724,0.9118195157737472,4.647278063094989
8488394767.jpg,train,69.2647058824,0.7736170212770573,4.094468085108229
8488457246.jpg,train,65.0287610619,0.7234739220479357,3.893895688191743
8488826556.jpg,train,74.1450892857,0.8313886778112763,4.325554711245106
8489199003.jpg,train,77.4054054054,0.8699827487059782,4.479930994823913
8489243270.jpg,train,57.4633027523,0.6339176263907895,3.535670505563158
8491632656.jpg,train,34.8325688073,0.3660257661521475,2.46410306460859
8492640738.jpg,train,53.8970588235,0.5917021276591599,3.3668085106366394
8492768208.jpg,test,71.3108108108,0.7978378378376106,4.191351351350443
8493065081.jpg,train,75.6428571429,0.8491185410338344,4.396474164135338
8494026131.jpg,train,40.1875,0.4294148936169806,2.7176595744679224
8494992418.jpg,train,69.0024271845,0.7705122908493054,4.082049163397222
8496798280.jpg,train,66.5540540541,0.7415296147215578,3.966118458886231
8496923161.jpg,test,65.9205607477,0.7340306223904794,3.936122489561918
8497413134.jpg,train,68.5072115385,0.7646501636664824,4.05860065466593
8497829320.jpg,test,62.0347222222,0.6880319148932722,3.752127659573089
8498158756.jpg,train,83.3366336634,0.9401938066149804,4.760775226459922
8498176247.jpg,train,58.618,0.647586382978648,3.590345531914592
8498192267.jpg,train,37.5152173913,0.3977816836261849,2.59112673450474
8498296013.jpg,train,43.625,0.4701063829786763,2.880425531914705
8499771607.jpg,train,66.0480769231,0.7355400981998564,3.9421603927994258
8501012764.jpg,test,51.2173913043,0.5599814986117684,3.239925994447073
8501628435.jpg,train,64.7640186916,0.7203400278385823,3.881360111354329
8501698385.jpg,test,69.0810810811,0.7714433582519977,4.085773433007991
8501713418.jpg,train,77.6970338983,0.8734349080416605,4.493739632166642
8502191647.jpg,train,70.8551401869,0.7924438258100137,4.169775303240055
8502941912.jpg,val,53.8154205607,0.5907357327494192,3.3629429309976766
8503429334.jpg,train,73.2413043478,0.82069010175722,4.28276040702888
8503728878.jpg,train,36.9159482759,0.39068782098354,2.56275128393416
8503871115.jpg,test,60.4868421053,0.6697088465849037,3.678835386339615
8503982189.jpg,train,77.3474576271,0.8692967904792935,4.477187161917174
8504046996.jpg,train,45.6285714286,0.4938237082069742,2.975294832827897
8504332753.jpg,train,46.5483193277,0.5047112462001873,3.018844984800749
8504503946.jpg,train,67.5689655172,0.7535436537044803,4.014174614817922
8505294712.jpg,train,70.2282608696,0.7850231267348197,4.140092506939279
8506109338.jpg,train,57.9180672269,0.6393009118541387,3.557203647416555
8506145736.jpg,train,33.8526785714,0.3544262917929462,2.4177051671717846
8506515372.jpg,train,71.0135135135,0.7943185738927833,4.177274295571133
8506941154.jpg,val,58.3881578947,0.6448656215000489,3.579462486000196
8507000235.jpg,train,16.4403669725,0.1483076322470062,1.5932305289880246
8507554609.jpg,train,62.4086956522,0.6924588344128073,3.769835337651229
8509120510.jpg,train,62.25,0.6905802707929546,3.7623210831718175
8509241021.jpg,train,31.3986486486,0.3253766532483937,2.301506612993575
8510093470.jpg,train,71.8616071429,0.8043579027359693,4.217431610943877
8510431014.jpg,test,58.9101941748,0.6510452385874985,3.604180954349994
8511131771.jpg,train,46.7433035714,0.5070193768993049,3.0280775075972195
8511620322.jpg,train,56.2594339623,0.6196668004820877,3.4786672019283507
8511720535.jpg,train,60.9054054054,0.6746635997698391,3.698654399079357
85119046.jpg,test,35.03125,0.3683776595744372,2.473510638297749
8512098446.jpg,train,56.61875,0.6239202127658858,3.495680851063544
8512455050.jpg,train,57.1294642857,0.629965805470883,3.519863221883532
8514709398.jpg,train,40.6148648649,0.4344738355380398,2.737895342152159
8515006370.jpg,train,52.8181818182,0.5789308950238892,3.3157235800955567
8515263910.jpg,train,57.9324324324,0.6394709603215661,3.557883841286265
8515582085.jpg,test,67.6875,0.7549468085105459,4.019787234042184
8515635261.jpg,train,79.6305309735,0.8963227264173318,4.585290905669327
8516080909.jpg,train,67.6292372881,0.7542571222497568,4.017028488999028
8517283347.jpg,train,65.4054621849,0.7279331306993084,3.9117325227972337
8517500456.jpg,train,70.5961538462,0.7893780687402192,4.157512274960877
8517575081.jpg,train,77.3991596639,0.8699088145899626,4.479635258359851
8517833832.jpg,train,34.9166666667,0.3670212765961086,2.468085106384435
8518560636.jpg,train,55.0195652174,0.6049898242368521,3.4199592969474084
8518610606.jpg,test,54.9196428571,0.6038069908808833,3.415227963523533
8519367340.jpg,train,67.2209821429,0.7494243920976802,3.9976975683907208
8520265759.jpg,train,52.8362831858,0.5791451704005081,3.316580681602032
8520990466.jpg,train,58.092920354,0.6413707399737748,3.5654829598950992
8521866643.jpg,train,77.8513513514,0.875261644623811,4.501046578495243
8522041587.jpg,test,58.8973214286,0.6508928571431195,3.603571428572478
8522094125.jpg,val,65.8676470588,0.7334042553187814,3.9336170212751256
8522481331.jpg,train,46.4135514019,0.5031159276201179,3.012463710480472
8522515607.jpg,train,51.0448113208,0.5579385788844573,3.231754315537829
8522546794.jpg,train,28.8632075472,0.2953633079088086,2.1814532316352344
8523298395.jpg,train,66.7620192308,0.743991407528915,3.97596563011566
8523540447.jpg,train,66.5458715596,0.741432754245078,3.965731016980312
8523976721.jpg,train,64.8827433628,0.7217454340044311,3.886981736017725
85240920.jpg,train,43.8863636364,0.4732002813437976,2.89280112537519
8524995451.jpg,test,52.3581081081,0.5734847613569423,3.293939045427769
8525376754.jpg,train,49.2625,0.5368404255318572,3.1473617021274287
8527988312.jpg,test,76.9717391304,0.864849213690505,4.45939685476202
8528201518.jpg,test,79.4864864865,0.8946175963197692,4.578470385279077
8528934790.jpg,test,72.7894736842,0.8153415453525169,4.261366181410068
8529310556.jpg,train,70.975,0.7938626692455493,4.175450676982197
8529310804.jpg,test,66.7847826087,0.7442608695651781,3.977043478260713
8529412192.jpg,train,51.325,0.5612553191488746,3.2450212765954984
8529490962.jpg,train,60.9927184466,0.6756971700060943,3.702788680024377
8529541053.jpg,train,57.285046729,0.6318075164051109,3.527230065620444
8529705971.jpg,test,75.7610619469,0.8505177932591341,4.4020711730365365
8530273249.jpg,train,57.8160377358,0.6380931352863788,3.552372541145515
8530355188.jpg,test,36.6432038835,0.3874592026441053,2.549836810576421
8530869068.jpg,train,64.3456521739,0.7153876040700647,3.861550416280259
8531375153.jpg,train,72.2981651376,0.8095256685533069,4.238102674213227
8531633123.jpg,test,80.3325892857,0.9046333586623284,4.618533434649314
8532549490.jpg,val,66.9306722689,0.7459878419451081,3.983951367780433
8532727626.jpg,test,70.4663865546,0.7878419452883976,4.15136778115359
8533373653.jpg,test,59.6184210526,0.6594288913769285,3.637715565507714
8533805271.jpg,train,57.7368421053,0.6371556550955472,3.5486226203821887
8534896880.jpg,train,71.3075221239,0.7977989079269181,4.191195631707672
8535035859.jpg,test,47.5586956522,0.516671600370282,3.066686401481128
8535232822.jpg,test,68.7522123894,0.7675503671626289,4.070201468650516
8537113381.jpg,train,47.0379464286,0.5105072188452695,3.042028875381078
8539118741.jpg,val,52.9264705882,0.5802127659569644,3.320851063827857
8539488665.jpg,train,63.6074766355,0.7066494332866851,3.82659773314674
8539498079.jpg,test,57.775,0.637607350096638,3.550429400386552
8539554428.jpg,train,70.4314159292,0.787427979664707,4.149711918658828
8539670364.jpg,train,58.3881578947,0.6448656215000489,3.579462486000196
8540532034.jpg,test,52.6949541284,0.5774721842664889,3.309888737065956
8541006859.jpg,test,61.328125,0.6796675531914089,3.718670212765636
8544556866.jpg,val,65.453125,0.7284973404254437,3.913989361701775
8545406642.jpg,train,68.65,0.7663404255318207,4.065361702127283
8545722241.jpg,test,52.5625,0.575904255319085,3.30361702127634
8545905705.jpg,test,29.875,0.3073404255318938,2.229361702127575
8546237134.jpg,train,49.1369565217,0.5353543015720973,3.141417206288389
8546536299.jpg,val,70.575,0.7891276595743703,4.1565106382974815
8546547724.jpg,train,80.891025641,0.9112438625200372,4.64497545008015
8546838188.jpg,train,48.3097345133,0.5255620410471317,3.1022481641885267
8546849368.jpg,train,63.1399082569,0.7011145813001637,3.804458325200655
8547424731.jpg,train,73.476635514,0.8234758401269372,4.293903360507748
8549362115.jpg,train,59.9802631579,0.6637122060470169,3.654848824188067
8549600155.jpg,train,70.7162162162,0.7907993099479559,4.163197239791824
8550306054.jpg,train,46.046460177,0.4987704763698516,2.9950819054794064
8550575599.jpg,test,57.3621495327,0.6327202227080972,3.530880890832389
8550746603.jpg,train,82.1621621622,0.926290971823215,4.70516388729286
8551222492.jpg,train,77.1482300885,0.866938429674203,4.467753718696812
8551620615.jpg,val,70.9040178571,0.793022416412768,4.172089665651072
8552101917.jpg,val,32.5486111111,0.3389893617019699,2.35595744680788
8552550792.jpg,train,46.9861111111,0.5098936170210917,3.039574468084367
8552590099.jpg,train,70.5869565217,0.7892691951890781,4.157076780756313
8552740610.jpg,test,30.8211009174,0.3185399180163948,2.2741596720655792
8553006135.jpg,train,65.875,0.7334912959380154,3.9339651837520617
8553130419.jpg,val,62.8378378378,0.6975388154106247,3.7901552616424974
8553449461.jpg,val,71.2307692308,0.7968903436991194,4.187561374796477
8553471741.jpg,train,53.078125,0.5820079787233393,3.3280319148933573
8554033162.jpg,train,74.941588785,0.8408172598919634,4.363269039567854
8554330315.jpg,val,74.3738938053,0.8340971568440652,4.336388627376261
8555190491.jpg,test,70.9391891892,0.7934387579068723,4.17375503162749
8556005393.jpg,train,37.609375,0.3988962765957089,2.595585106382836
8556290824.jpg,val,67.5606796117,0.7534455690977878,4.013782276391151
8556730555.jpg,test,58.5186915888,0.6464108172599945,3.585643269039978
8556786880.jpg,test,73.4247787611,0.8228619845606936,4.291447938242774
8558582535.jpg,test,58.3340336134,0.6442249240115461,3.5768996960461843
8559592041.jpg,train,60.214953271,0.6664903559351634,3.6659614237406535
8560160557.jpg,train,57.44375,0.6336861702126928,3.534744680850771
8560249138.jpg,test,56.1631355932,0.6185268662095695,3.474107464838278
8560249157.jpg,val,33.93125,0.3553563829786946,2.4214255319147786
8561557613.jpg,train,63.4642857143,0.7049544072949174,3.8198176291796697
8562649420.jpg,train,62.4555084746,0.6930129823298052,3.772051929319221
8564299084.jpg,train,63.775,0.7086324951643249,3.8345299806573
8564706371.jpg,train,69.5868644068,0.7774305805987743,4.109722322395097
8565023764.jpg,train,59.1842105263,0.6542889137735328,3.6171556550941313
8565939221.jpg,test,39.8108695652,0.4249565217388847,2.6998260869555386
8565941333.jpg,train,73.0401785714,0.8183092705162767,4.273237082065107
8565990156.jpg,train,72.5259433962,0.8122219991966954,4.248887996786781
8566161884.jpg,train,49.9159292035,0.5445754095268656,3.1783016381074622
8567636458.jpg,train,55.0833333333,0.6057446808506005,3.422978723402402
8567878134.jpg,test,54.302173913,0.5964976873259675,3.38599074930387
8568057395.jpg,train,59.3792372881,0.6565975477816872,3.626390191126749
8568663212.jpg,train,75.3236607143,0.8453400455927674,4.38136018237107
8568761304.jpg,train,46.375,0.5026595744680329,3.010638297872132
8568890785.jpg,train,65.3794642857,0.7276253799389525,3.91050151975581
8569001906.jpg,train,79.6399082569,0.8964337302363028,4.585734920945211
8570186179.jpg,train,58.3849557522,0.6448277160607839,3.579310864243136
8570770544.jpg,train,59.2478448276,0.6550421863537184,3.6201687454148734
8572309728.jpg,val,74.34765625,0.8337865691488311,4.335146276595324
8572873286.jpg,train,58.092920354,0.6413707399737748,3.5654829598950992
8573160777.jpg,train,52.6902654867,0.5774166823570035,3.309666729428014
8573294301.jpg,val,33.6764705882,0.3523404255314687,2.409361702125876
8575096989.jpg,train,62.9864864865,0.6992984473836301,3.797193789534521
8580729000.jpg,train,75.1743119266,0.8435721257074215,4.374288502829685
8581043227.jpg,train,73.097826087,0.8189916743759902,4.275966697503961
8582877561.jpg,train,70.1428571429,0.7840121580551215,4.136048632220486
8583578292.jpg,train,74.8816964286,0.8401082826750041,4.360433130700017
8583898549.jpg,train,67.233490566,0.7495724608585544,3.998289843434218
8585320404.jpg,val,66.8539823009,0.7450800225947022,3.9803200903788087
8586661877.jpg,train,79.4449152542,0.8941254958523108,4.576501983409243
8587794241.jpg,train,54.7028301887,0.6012404656766128,3.404961862706452
8588348191.jpg,train,52.0782608696,0.5701720629050666,3.2806882516202664
8589152246.jpg,train,77.0677966102,0.8659862964301104,4.4639451857204415
8589157666.jpg,train,31.6927966102,0.3288586368557278,2.315434547422911
8589543288.jpg,train,73.0597345133,0.8185407644513404,4.274163057805362
8590374545.jpg,test,66.1969026549,0.7373018263983397,3.949207305593359
8590498036.jpg,train,79.046460177,0.8894087742421298,4.55763509696852
8590640853.jpg,train,71.1915322581,0.7964258750861136,4.185703500344454
8591936597.jpg,train,79.9539473684,0.9001511758115052,4.60060470324602
8593005656.jpg,train,49.984375,0.5453856382978133,3.181542553191253
8595112756.jpg,val,77.5862831858,0.8721238938047167,4.488495575218867
8595244033.jpg,train,78.7638888889,0.8860638297872522,4.544255319149009
8595845896.jpg,val,57.4864864865,0.634192064404917,3.536768257619668
8595948410.jpg,test,33.4260869565,0.3493765032374576,2.3975060129498305
8596148572.jpg,val,61.75,0.6846615087039807,3.7386460348159214
8596349698.jpg,val,78.25,0.8799806576401197,4.519922630560479
8596361580.jpg,train,66.4054054054,0.7397699827485521,3.959079930994208
8596901738.jpg,test,34.3466386555,0.3602735562314211,2.441094224925685
8596963541.jpg,train,42.7702702703,0.4599884991377418,2.8399539965509675
8596983746.jpg,train,75.4709821429,0.8470839665657497,4.388335866262999
8597007982.jpg,train,68.6351351351,0.7661644623341649,4.06465784933666
8597381500.jpg,train,67.7568807339,0.7557681046255709,4.023072418502284
8599488070.jpg,val,55.4797297297,0.6104370327770369,3.4417481311081475
8599891034.jpg,val,62.7302631579,0.6962653975363733,3.785061590145493
859991088.jpg,train,14.5796460177,0.126281302956147,1.505125211824588
8600036440.jpg,train,43.1339285714,0.4642933130695244,2.857173252278097
8600322713.jpg,train,73.6634615385,0.8256873977090259,4.302749590836104
8600472805.jpg,train,74.6659292035,0.8375541329310743,4.350216531724297
8600489475.jpg,train,69.7757009346,0.7796659375622865,4.118663750249146
8600504349.jpg,train,63.5754716981,0.7062705740663989,3.825082296265596
8600750192.jpg,train,37.1842105263,0.3938633818586807,2.575453527434723
8601119886.jpg,train,66.8577586207,0.7451247248716383,3.980498899486553
8601680123.jpg,train,53.25,0.5840425531914242,3.3361702127656967
8602273631.jpg,train,62.1470588235,0.6893617021272294,3.757446808508917
8602435402.jpg,train,76.1991150442,0.8557032573896478,4.422813029558592
8602839124.jpg,test,44.1869565217,0.4767585568912555,2.9070342275650223
8604323835.jpg,train,67.3928571429,0.7514589665657649,4.00583586626306
8604870622.jpg,train,75.3230088496,0.8453323291286204,4.381329316514481
8606964079.jpg,train,71.5265486726,0.8003916399927669,4.201566559971067
8607324496.jpg,test,50.3398058252,0.5495930592847063,3.198372237138825
8607422328.jpg,test,24.44375,0.2430478723404147,1.9721914893616588
8607616136.jpg,test,43.2205882353,0.4653191489361935,2.861276595744774
8608196738.jpg,val,65.6514423077,0.7308449263502479,3.923379705400992
8608242752.jpg,val,75.0957943925,0.8426426724991198,4.370570689996479
8608282741.jpg,train,75.25,0.8444680851062762,4.377872340425105
8608557464.jpg,train,65.6383495146,0.7306899400953697,3.922759760381479
8610015449.jpg,test,69.775,0.779657640232012,4.1186305609280485
8610505282.jpg,test,74.4180672269,0.834620060790278,4.338480243161111
8610523080.jpg,train,60.0486111111,0.6645212765955351,3.65808510638214
8610701081.jpg,train,75.3199152542,0.8452957086182761,4.381182834473105
8610965034.jpg,train,78.8369565217,0.8869287696571476,4.54771507862859
8611793668.jpg,train,68.2692307692,0.7618330605560071,4.047332242224028
8612503268.jpg,train,70.254587156,0.7853347647865951,4.141339059146381
8613516565.jpg,train,75.6118421053,0.8487513997763645,4.395005599105458
8613815314.jpg,val,63.0847457627,0.7004615939413553,3.801846375765421
8615148214.jpg,train,62.4625,0.6930957446807684,3.7723829787230736
8615756718.jpg,train,59.8096330275,0.6616923677529204,3.6467694710116816
8616342001.jpg,train,23.6695652174,0.2338834412581878,1.9355337650327515
8616708613.jpg,val,32.4618644068,0.3379624954924614,2.351849981969845
8616750908.jpg,train,18.0593220339,0.1674720519293396,1.669888207717359
8617030862.jpg,train,68.7837837838,0.7679240943071705,4.071696377228681
8617343673.jpg,val,76.4285714286,0.8584194528877672,4.433677811551069
8617452211.jpg,val,62.9975247525,0.6994291131242877,3.797716452497151
8617517082.jpg,train,73.0826271186,0.8188117562200753,4.275247024880301
8617920561.jpg,train,61.247706422,0.6787155963299777,3.714862385319911
8618147512.jpg,train,67.7139423077,0.7552598199672652,4.021039279869061
8618789190.jpg,test,74.9444444444,0.8408510638291551,4.36340425531662
8619398770.jpg,train,57.8247663551,0.6381964605283826,3.5527858421135305
8619422796.jpg,train,67.9930555556,0.758563829787667,4.0342553191506685
8620686347.jpg,train,56.0,0.6165957446807806,3.4663829787231224
8620919369.jpg,train,42.0732142857,0.451737082066656,2.806948328266624
8623218161.jpg,test,77.9760869565,0.8767382053650332,4.506952821460133
8623527706.jpg,train,54.0961538462,0.5940589198040801,3.3762356792163204
86243803.jpg,val,39.01875,0.4155797872340041,2.6623191489360165
8625160006.jpg,train,43.1061320755,0.4639642713772459,2.855857085508984
8626678643.jpg,test,65.0086206897,0.7232355099050654,3.892942039620261
8626945283.jpg,val,56.9407894737,0.6277323628220632,3.510929451288253
8627391076.jpg,train,72.7995049505,0.8154602907098785,4.261841162839514
8627453045.jpg,train,74.2660550459,0.8328206129223478,4.331282451689392
8627956046.jpg,train,74.8040540541,0.8391891891896273,4.356756756758509
8628548669.jpg,train,66.0294117647,0.7353191489360112,3.941276595744045
8629754639.jpg,train,57.9174311927,0.6392933827839182,3.557173531135673
8629854370.jpg,train,72.8235294118,0.8157446808513794,4.262978723405517
8630845484.jpg,test,42.6118421053,0.4581131019040863,2.832452407616345
8631292769.jpg,train,72.2146226415,0.8085367322358371,4.234146928943348
8631436677.jpg,test,72.3428571429,0.8100547112466067,4.240218844986426
8632003704.jpg,test,59.8451327434,0.662112596498197,3.648450385992788
8632135169.jpg,train,47.3455882353,0.5141489361702283,3.056595744680913
8633987600.jpg,train,67.9611650485,0.7581863251388239,4.032745300555296
8634101418.jpg,train,64.1966019417,0.7136232183426684,3.8544928733706736
8634276040.jpg,test,46.9097222222,0.5089893617018113,3.035957446807245
8634679976.jpg,train,63.6533018868,0.7071918908069094,3.828767563227637
8634744119.jpg,test,74.1805555556,0.8318085106387192,4.327234042554877
8635239066.jpg,train,65.811440678,0.7327389109271064,3.9309556437084257
8636582269.jpg,train,73.703125,0.8261569148935132,4.304627659574052
8636633195.jpg,train,69.797826087,0.7799278445887624,4.119711378355049
8636811972.jpg,train,73.1525423729,0.819639379733259,4.278557518933036
8636833629.jpg,train,30.8109243697,0.3184194528869481,2.2736778115477927
8637618858.jpg,val,73.2071428571,0.820285714285104,4.281142857140416
8638507719.jpg,train,72.925,0.8169458413925476,4.267783365570191
8638666116.jpg,train,71.6926605505,0.8023579933636523,4.20943197345461
8639628841.jpg,val,71.1949152542,0.7964659213842413,4.185863685536965
8639669088.jpg,train,66.0833333333,0.7359574468080267,3.943829787232106
8639759293.jpg,test,72.325,0.8098433268857789,4.239373307543115
8639811289.jpg,train,81.1025641026,0.9137479541737932,4.654991816695173
8639919087.jpg,train,56.2455357143,0.6195022796353565,3.478009118541426
8639922039.jpg,train,61.6089108911,0.6829913629661318,3.7319654518645273
8640408375.jpg,train,66.0388349515,0.7354306961375895,3.941722784550358
8640671500.jpg,train,66.3888888889,0.7395744680851479,3.958297872340592
8641316746.jpg,train,61.6683673469,0.6836951801991993,3.734780720796797
8641533130.jpg,train,60.4717391304,0.669530064754366,3.678120259017464
8642082647.jpg,train,32.535046729,0.3388287930009023,2.355315172003609
8642168798.jpg,train,62.6956521739,0.6958556891764508,3.783422756705803
8642423630.jpg,val,66.4210526316,0.7399552071670125,3.95982082866805
8642430238.jpg,train,68.03125,0.7590159574467154,4.036063829786862
8644125724.jpg,train,61.7775229358,0.6849873121219613,3.739949248487845
8644207930.jpg,test,26.4189189189,0.2664289821734245,2.065715928693698
8644363471.jpg,train,75.3097826087,0.8451757631821833,4.380703052728734
8644395037.jpg,train,52.0256849315,0.5695496939666296,3.2781987758665183
8644571098.jpg,test,76.7364864865,0.8620644048304127,4.448257619321651
8644731627.jpg,train,61.5743243243,0.6825819436454046,3.7303277745816175
8644935134.jpg,train,64.9375,0.7223936170211893,3.889574468084757
8645014360.jpg,test,44.0022123894,0.4745716437584203,2.8982865750336813
8645679476.jpg,train,78.9804347826,0.8886271970395613,4.554508788158245
8645856155.jpg,train,64.8141025641,0.7209328968902262,3.883731587560905
8645919775.jpg,train,66.777027027,0.7441690626792903,3.976676250717161
8645927718.jpg,train,72.9621848739,0.8173860182363928,4.269544072945571
8646019769.jpg,test,66.3181818182,0.7387374714261848,3.9549498857047394
8646711055.jpg,test,72.5,0.8119148936169197,4.247659574467679
8647121069.jpg,train,68.9913793103,0.770381511371348,4.081526045485392
8647880189.jpg,val,69.0986842105,0.7716517357218777,4.086606942887511
8648111033.jpg,test,50.0805084746,0.5465236206277009,3.1860944825108035
8648273876.jpg,train,74.1548672566,0.8315044247782164,4.326017699112866
8650038281.jpg,train,63.475,0.7050812379109407,3.8203249516437614
8650041199.jpg,train,74.5508474576,0.8361918499815425,4.34476739992617
8650438745.jpg,train,76.0283018868,0.8536812525090136,4.414725010036054
8650937010.jpg,train,60.296875,0.6674601063829002,3.669840425531601
8651960690.jpg,train,61.9,0.6864371373306728,3.745748549322691
8652814108.jpg,val,40.9,0.4378491295937685,2.751396518375074
8653060124.jpg,train,51.3102678571,0.5610809270511028,3.244323708204411
8653149698.jpg,val,62.53125,0.6939095744680024,3.7756382978720096
8653385211.jpg,train,74.7785714286,0.8388875379941534,4.3555501519766135
86543550.jpg,train,68.375,0.763085106382885,4.05234042553154
8654833683.jpg,val,62.8371559633,0.6975307437047445,3.790122974818978
8655212711.jpg,train,60.9872881356,0.6756328885683379,3.702531554273352
8655538784.jpg,test,21.2162162162,0.2048418631395387,1.819367452558155
8657980323.jpg,train,74.0921052632,0.8307614781638877,4.323045912655551
8658407746.jpg,train,65.2162162162,0.7256929269692429,3.902771707876972
8658742127.jpg,train,74.2543103448,0.8326815847391138,4.330726338956455
8659008037.jpg,train,70.4258474576,0.7873620627475078,4.149448250990031
8660939599.jpg,train,70.0841121495,0.7833167627754156,4.133267051101663
8661391867.jpg,train,54.41875,0.5978776595744006,3.3915106382976026
8663368144.jpg,train,70.2853982301,0.7856994916212025,4.14279796648481
8664375707.jpg,test,65.9205607477,0.7340306223904794,3.936122489561918
8665123695.jpg,val,64.9724576271,0.7228074287771893,3.891229715108757
8665859306.jpg,train,59.5391304348,0.6584902867716367,3.6339611470865454
8666962145.jpg,train,58.6769911504,0.6482846921477929,3.593138768591172
8667121921.jpg,test,70.0394736842,0.7827883538631604,4.1311534154526415
8667622533.jpg,train,80.8482142857,0.9107370820665828,4.642948328266332
8667640386.jpg,train,19.1923076923,0.1808837970539178,1.7235351882156713
8667761330.jpg,train,64.4955357143,0.7171618541034261,3.868647416413705
8668135949.jpg,test,53.3986486486,0.5858021851632459,3.343208740652984
8668194198.jpg,test,63.4324324324,0.7045773433002792,3.818309373201117
8668357579.jpg,train,61.6375,0.6833297872339615,3.733319148935846
8668432915.jpg,train,74.1689655172,0.8316713132789358,4.326685253115743
8668692139.jpg,train,41.725,0.4476150870405754,2.790460348162302
8668839930.jpg,train,66.4453781513,0.7402431610946024,3.9609726443784097
8669455182.jpg,train,48.3050458716,0.5255065391376462,3.102026156550585
8669765013.jpg,train,59.8958333333,0.6627127659569744,3.6508510638278975
8669807326.jpg,train,62.0777310924,0.6885410334341309,3.754164133736524
8669827233.jpg,train,65.8717948718,0.7334533551554545,3.933813420621818
8669875850.jpg,train,82.311440678,0.9280580598632456,4.712232239452982
8669987529.jpg,train,23.4036697248,0.230735896935728,1.922943587742912
8670498239.jpg,test,71.5412844037,0.8005660745659429,4.202264298263772
8670524662.jpg,train,61.84375,0.6857712765956633,3.743085106382653
8671346109.jpg,val,59.4866071429,0.6578685410338649,3.63147416413546
8672886430.jpg,train,79.4724409449,0.8944513318814868,4.577805327525947
8673060245.jpg,train,74.1450892857,0.8313886778112763,4.325554711245106
8673410143.jpg,train,82.60625,0.931547872340305,4.72619148936122
8674617206.jpg,train,51.5405405405,0.5638067855083713,3.255227142033485
8675618794.jpg,test,43.4391891892,0.4679068430133072,2.8716273720532293
8675742263.jpg,train,74.3008849558,0.8332329128229048,4.332931651291619
8676061963.jpg,train,61.6227678571,0.6831553951361897,3.732621580544759
8676415201.jpg,test,66.5580357143,0.7415767477204436,3.9663069908817743
8676993848.jpg,train,71.3851351351,0.7987176538235214,4.194870615294086
8677186401.jpg,train,62.9102564103,0.6983960720135258,3.7935842880541033
8679754087.jpg,train,55.0833333333,0.6057446808506005,3.422978723402402
8680382358.jpg,train,75.0420168067,0.8420060790269808,4.368024316107923
8681619509.jpg,train,57.0405405405,0.6289131684870842,3.515652673948337
8683573016.jpg,train,60.6218487395,0.6713069908814296,3.685227963525719
8683910174.jpg,test,46.15,0.4999961315279945,2.9999845261119784
8684784453.jpg,train,69.2564102564,0.7735188216037112,4.094075286414845
8686047954.jpg,train,77.0178571429,0.8653951367785128,4.461580547114052
8687168552.jpg,train,68.8252212389,0.7684146111837893,4.073658444735157
8687755587.jpg,test,57.7023809524,0.6367477203648935,3.546990881459574
8688105270.jpg,train,74.7201834862,0.8381963693142928,4.352785477257172
8688570494.jpg,train,77.2243589744,0.8678396072016846,4.471358428806738
8688672632.jpg,val,77.1377118644,0.8668139199421102,4.46725567976844
8690378205.jpg,train,70.4620535714,0.7877906534950049,4.15116261398002
8691429186.jpg,train,71.4423076923,0.7993944353516916,4.197577741406766
8691629871.jpg,train,49.2867647059,0.5371276595746192,3.1485106382984767
8691658021.jpg,train,71.8125,0.8037765957445806,4.215106382978322
8692247074.jpg,train,78.1341463415,0.8786092371565223,4.51443694862609
8693045087.jpg,train,83.8556034483,0.9463371239913588,4.785348495965435
8693359675.jpg,train,52.8571428571,0.5793920972638659,3.3175683890554635
869382458.jpg,train,49.0441176471,0.5342553191493663,3.137021276597465
8693865711.jpg,train,76.4285714286,0.8584194528877672,4.433677811551069
8695646882.jpg,test,77.24375,0.8680691489360598,4.472276595744239
8695656651.jpg,train,36.9203539823,0.3907399736395709,2.562959894558284
8696013314.jpg,train,65.2782608696,0.7264273820539778,3.9057095282159113
8696567124.jpg,test,35.0405405405,0.3684876365722321,2.4739505462889286
8697211336.jpg,train,76.0819327731,0.8543161094222746,4.417264437689099
8697364440.jpg,test,66.2763157895,0.7382418812992139,3.952967525196856
8697765454.jpg,train,38.2385321101,0.4063439390982455,2.625375756392982
8698328366.jpg,train,68.5945378151,0.7656838905771051,4.06273556230842
8699039377.jpg,train,76.7232142857,0.8619072948325481,4.4476291793301925
8700100428.jpg,train,74.2012711864,0.8320537324191758,4.328214929676703
8701800150.jpg,test,71.3108108108,0.7978378378376106,4.191351351350443
8701957904.jpg,train,62.2349137931,0.6904016874540222,3.761606749816089
8702092556.jpg,train,73.375,0.8222727272726241,4.289090909090497
8702450132.jpg,test,57.5426829268,0.6348572911256829,3.539429164502732
8702518420.jpg,test,76.9568965517,0.8646735143062807,4.458694057225123
8702530063.jpg,test,68.8252212389,0.7684146111837893,4.073658444735157
8702541866.jpg,train,72.5808823529,0.8128723404249428,4.251489361699772
8702657469.jpg,train,32.9778761062,0.3440707964602129,2.3762831858408515
8703113665.jpg,val,46.3026315789,0.5018029115335416,3.0072116461341665
8703657043.jpg,train,65.35,0.7272765957445927,3.9091063829783694
8703680136.jpg,train,33.3125,0.3480319148935894,2.3921276595743577
8703712845.jpg,train,59.814516129,0.66175017158499,3.64700068633996
8704001812.jpg,train,72.6673913043,0.8138963922287492,4.255585568914997
8704133333.jpg,test,70.5044247788,0.7882922236870512,4.153168894748205
8705060352.jpg,train,48.7631578947,0.5309294512873011,3.1237178051492043
8705536207.jpg,train,43.1512605042,0.464498480243095,2.85799392097238
8706343716.jpg,test,60.5677966102,0.6706671474939713,3.682668589975885
8706810197.jpg,test,70.6050420168,0.7894832826745944,4.157933130698378
8707214366.jpg,train,76.7435344828,0.86214783565702,4.44859134262808
8707676839.jpg,train,48.6017699115,0.5290190171341408,3.116076068536563
8709304294.jpg,train,29.3156779661,0.3007194374323436,2.2028777497293746
8709597894.jpg,train,67.45,0.7521353965182832,4.008541586073132
8709697980.jpg,train,71.875,0.8045164410057023,4.218065764022809
8710250301.jpg,train,70.1003184713,0.7835086055015587,4.134034422006234
8710431611.jpg,train,72.925,0.8169458413925476,4.267783365570191
8711977206.jpg,train,65.1811023622,0.7252772658735369,3.901109063494148
8713381356.jpg,train,40.6785714286,0.4352279635261326,2.7409118541045303
8713537516.jpg,train,58.6013513514,0.6473893041983154,3.5895572167932617
8714823724.jpg,train,71.3108108108,0.7978378378376106,4.191351351350443
8715170978.jpg,train,53.8874172185,0.5915879949268581,3.3663519797074324
8715241935.jpg,train,62.6323529412,0.6951063829789189,3.780425531915676
8715401905.jpg,train,22.9508928571,0.2253761398171138,1.9015045592684552
8715753944.jpg,train,71.5128205128,0.8002291325692157,4.200916530276863
8716882404.jpg,test,69.2834821429,0.7738392857146975,4.09535714285879
8717130944.jpg,test,72.7542016807,0.814924012158281,4.259696048633124
8717637188.jpg,train,79.0214285714,0.8891124620056269,4.556449848022508
8718552383.jpg,val,73.8504464286,0.8279008358664954,4.311603343465982
8718592525.jpg,train,70.5869565217,0.7892691951890781,4.157076780756313
8718842570.jpg,test,56.5911214953,0.623593159673499,3.494372638693996
8720193519.jpg,train,38.7542372881,0.4124486116115133,2.649794446446053
872022815.jpg,train,30.8269230769,0.318608837970244,2.2744353518809763
8721056397.jpg,train,18.6092436975,0.1739817629181819,1.6959270516727276
8722198954.jpg,train,58.5384615385,0.646644844517565,3.58657937807026
8723579314.jpg,train,68.925,0.7695957446807562,4.078382978723025
8724425373.jpg,train,60.6702586207,0.6718800440205861,3.687520176082344
8724561762.jpg,train,68.2635135135,0.7617653824034267,4.047061529613707
8724954192.jpg,train,43.6483050847,0.4703822574822817,2.8815290299291267
8725613522.jpg,test,33.1680672269,0.3463221884499301,2.3852887537997205
8726161561.jpg,test,74.3689320388,0.834038421813156,4.336153687252624
8726378587.jpg,train,75.765625,0.8505718085105306,4.402287234042122
8727344040.jpg,train,77.6808035714,0.8732427811545658,4.492971124618263
8727585507.jpg,train,58.375,0.6447098646034067,3.578839458413627
8728469348.jpg,train,66.9294871795,0.7459738134206827,3.983895253682731
8728473663.jpg,val,66.8526785714,0.7450645896652245,3.980258358660898
8728715575.jpg,train,79.675,0.8968491295936953,4.587396518374781
8728752853.jpg,test,67.222972973,0.7494479585971231,3.997791834388493
8729158424.jpg,test,70.5357142857,0.788662613981496,4.154650455925983
8729980010.jpg,train,68.0023364486,0.7586736925829476,4.03469477033179
8730092034.jpg,train,79.3050847458,0.8924702488283112,4.569880995313245
8730533258.jpg,train,74.975,0.8412127659573405,4.364851063829362
8730747598.jpg,test,43.6880733945,0.4708530158110553,2.8834120632442213
8730988705.jpg,train,77.0128205128,0.8653355155479286,4.461342062191715
8731143356.jpg,val,65.4285714286,0.7282066869303411,3.912826747721364
8731562113.jpg,train,61.3625,0.6800744680850258,3.7202978723401032
8731687035.jpg,test,44.1081081081,0.4758251868888726,2.9033007475554906
8731705218.jpg,train,73.031512605,0.8182066869294913,4.272826747717965
8732282616.jpg,test,66.8413461538,0.7449304418978898,3.9797217675915593
8732397324.jpg,train,28.7894736842,0.2944904815228126,2.1779619260912506
8732646741.jpg,train,54.3130252101,0.5966261398177509,3.386504559271004
8732953050.jpg,train,73.3461538462,0.8219312602295757,4.287725040918303
8733519611.jpg,train,70.7844036697,0.7916064805773949,4.16642592230958
8733562507.jpg,train,74.4397321429,0.834876519757241,4.339506079028964
8733728144.jpg,train,74.0389908257,0.8301327347257833,4.320530938903133
8734847489.jpg,train,62.2857142857,0.6910030395134265,3.764012158053706
8735700380.jpg,train,73.7168141593,0.8263189606477027,4.305275842590811
8736095629.jpg,train,68.314159292,0.7623649030309315,4.049459612123727
8736395579.jpg,train,69.3349056604,0.7744480128464188,4.097792051385675
873682751.jpg,train,38.675,0.4115106382978346,2.6460425531913385
8736879292.jpg,train,60.6152173913,0.6712284921367797,3.684913968547119
8737972385.jpg,train,68.5277777778,0.7648936170214455,4.059574468085782
8742280365.jpg,test,57.9385245902,0.6395430763868195,3.558172305547278
8742323176.jpg,test,55.6995798319,0.6130395136773538,3.452158054709415
8743944148.jpg,test,35.9324324324,0.379045428406714,2.516181713626856
8745291792.jpg,train,74.4539473684,0.8350447928327922,4.340179171331169
8745953241.jpg,train,58.5986238532,0.6473570173724276,3.5894280694897103
8746191422.jpg,test,80.7759433962,0.909881573664765,4.63952629465906
8746457937.jpg,test,47.2876106195,0.513462624741416,3.053850498965664
8746542465.jpg,train,76.8869047619,0.8638449848022655,4.455379939209061
8746881284.jpg,train,44.3486842105,0.4786730123176691,2.9146920492706765
8746934807.jpg,train,47.0042372881,0.5101081860795829,3.0404327443183314
8748661037.jpg,train,55.8296460177,0.6145791752964946,3.4583167011859786
8749825399.jpg,train,77.2178899083,0.8677630294753169,4.471052117901268
8749890133.jpg,train,71.2625,0.7972659574467094,4.189063829786837
8750299747.jpg,train,35.375,0.3724468085106068,2.489787234042427
8750929874.jpg,train,64.0586956522,0.7119907493064211,3.8479629972256846
8751039261.jpg,test,73.4474789916,0.8231306990880822,4.292522796352329
8751065602.jpg,train,70.5357142857,0.788662613981496,4.154650455925983
8751106130.jpg,train,71.3454198473,0.7982475231439548,4.192990092575819
87511338.jpg,train,32.9,0.3431489361701859,2.372595744680744
8751458979.jpg,test,69.9203539823,0.7813782715118491,4.1255130860473965
8751762111.jpg,train,76.0509708738,0.8539495971907157,4.415798388762863
8751989930.jpg,train,25.2605932203,0.2527172737103086,2.010869094841235
8754025405.jpg,test,77.8326086957,0.8750397779838033,4.500159111935213
8754056878.jpg,test,75.0290178571,0.8418522036468028,4.367408814587211
8755395714.jpg,test,73.1695652174,0.8198408880666052,4.279363552266421
8755673278.jpg,train,64.8445945946,0.7212938470385047,3.885175388154019
8755824682.jpg,test,74.3247663551,0.8335156094645216,4.334062437858087
8756419280.jpg,train,61.6227678571,0.6831553951361897,3.732621580544759
8757692529.jpg,train,56.7923728814,0.6259754778223033,3.5039019112892134
8762864048.jpg,train,60.2058823529,0.6663829787228385,3.665531914891354
8768474112.jpg,val,27.2435344828,0.2761903888486028,2.1047615553944112
8771756230.jpg,val,22.1725663717,0.2161626812278541,1.8646507249114168
8772955624.jpg,test,77.2586956522,0.8682460684553325,4.47298427382133
8774523686.jpg,val,72.5233050847,0.812190768120525,4.248763072482101
8776151757.jpg,test,64.7702702703,0.7204140310525939,3.881656124210376
8779946210.jpg,val,76.6880733945,0.8614913136833334,4.445965254733334
8781313469.jpg,train,77.2,0.8675512572532745,4.470205029013098
8781992421.jpg,train,71.7142857143,0.802613981762987,4.210455927051948
8787599446.jpg,train,66.6972477064,0.7432246730427876,3.9728986921711504
8794313763.jpg,train,71.1949152542,0.7964659213842413,4.185863685536965
8795821243.jpg,train,77.7027027027,0.8735020126508054,4.494008050603222
8797772647.jpg,test,65.35,0.7272765957445927,3.9091063829783694
8800590382.jpg,train,57.2808219178,0.6317575051003836,3.5270300204015346
8802725309.jpg,test,40.724789916,0.4357750759881982,2.743100303952793
8812917559.jpg,train,53.9736842105,0.592609182530417,3.370436730121668
8814635311.jpg,train,62.0789473684,0.688555431130688,3.754221724522752
8816701721.jpg,val,49.7176724138,0.5422285399853496,3.1689141599413984
8816975901.jpg,test,61.1071428571,0.6770516717319355,3.708206686927742
8817313814.jpg,test,72.313559322,0.8097078975833418,4.238831590333367
8819567462.jpg,test,40.1875,0.4294148936169806,2.7176595744679224
8821348628.jpg,train,69.1029411765,0.7717021276598275,4.08680851063931
8826596290.jpg,train,33.1597222222,0.3462234042550288,2.384893617020116
8830329798.jpg,train,46.0,0.4982205029013024,2.992882011605209
8832426254.jpg,train,61.6703539823,0.6837186970437796,3.73487478817512
8836006786.jpg,val,73.785046729,0.82712666534125,4.308506661365
8840187174.jpg,train,9.11016949153,0.0615362423368915,1.246144969347566
8841313273.jpg,train,79.5306603774,0.895140505821332,4.580562023285328
8841877925.jpg,val,74.7521551724,0.8385748349226949,4.35429933969078
8844582694.jpg,test,49.035046729,0.5341479419370414,3.1365917677481656
8844729886.jpg,train,69.5972222222,0.7775531914890026,4.11021276595601
8848421856.jpg,train,56.1155462185,0.6179635258359448,3.47185410334378
8850126806.jpg,train,48.4189189189,0.5268545140882765,3.107418056353106
8850392186.jpg,train,46.8761682243,0.5085921654404033,3.034368661761613
885060581.jpg,train,56.9977876106,0.628407079645715,3.51362831858286
8851705236.jpg,train,29.2,0.299350096711779,2.197400386847116
8853329035.jpg,val,66.2826086957,0.738316373728506,3.953265494914024
8856278655.jpg,train,59.5602678571,0.6587405015191724,3.6349620060766896
8858418581.jpg,train,79.6305309735,0.8963227264173318,4.585290905669327
8859569385.jpg,train,79.0066964286,0.8889380699090389,4.555752279636156
8860399629.jpg,train,42.6730769231,0.458837970540326,2.835351882161304
8862366940.jpg,test,61.5491071429,0.6822834346508824,3.7291337386035295
8863356627.jpg,train,62.0817307692,0.6885883797049549,3.75435351881982
8864018641.jpg,test,66.2887931034,0.7383895818041809,3.953558327216724
8866395362.jpg,train,69.6691176471,0.77840425531954,4.11361702127816
8867729088.jpg,train,67.0,0.7468085106382067,3.987234042552827
8871477031.jpg,val,15.8220338983,0.1409880995311388,1.5639523981245556
8872523602.jpg,train,68.4513888889,0.7639893617021652,4.0559574468086605
8877114673.jpg,train,36.4679487179,0.3853846153840051,2.54153846153602
8877350801.jpg,val,44.369266055,0.4789166503995646,2.915666601598258
8878353214.jpg,train,66.142,0.7366519148935274,3.9466076595741097
8880556755.jpg,train,41.49375,0.444877659574425,2.7795106382977
8880877335.jpg,train,72.025,0.8062920696323946,4.225168278529578
8882534571.jpg,test,44.2775423729,0.4778308690950155,2.911323476380062
8883794004.jpg,train,59.9399038462,0.6632344517189627,3.65293780687585
8883829297.jpg,train,60.4717391304,0.669530064754366,3.678120259017464
8884240572.jpg,train,71.7683486239,0.8032539527625071,4.213015811050028
8885623781.jpg,train,74.125,0.8311508704060849,4.32460348162434
8886401995.jpg,train,72.9150943396,0.816828582898064,4.267314331592257
8890374321.jpg,train,74.609223301,0.8368828754391981,4.347531501756793
8891540889.jpg,train,69.3469827586,0.774590975788361,4.0983639031534445
8891817478.jpg,train,40.1701680672,0.4292097264434101,2.7168389057736406
8891882667.jpg,train,76.7572115385,0.8623097381345519,4.449238952538208
8892359151.jpg,val,55.1824324324,0.6069177688322096,3.4276710753288384
8893986467.jpg,train,68.1891891892,0.7608855664175158,4.043542265670063
8894308933.jpg,train,79.1578947368,0.8907278835380213,4.562911534152086
8895109111.jpg,train,48.4953271028,0.5277589978125858,3.111035991250344
8896534535.jpg,train,63.6440677966,0.7070825820409055,3.828330328163622
8897373737.jpg,val,72.0338983051,0.8063974035341585,4.225589614136634
8899231880.jpg,test,41.0389908257,0.4394944368535051,2.757977747414021
8901015763.jpg,test,46.0803571429,0.4991717325232519,2.9966869300930075
8902141836.jpg,train,43.2162162162,0.4652673950543908,2.8610695802175634
8902189112.jpg,train,71.6169724771,0.8014620339647976,4.20584813585919
890231750.jpg,test,49.9551886792,0.5450401445196779,3.1801605780787114
8902840150.jpg,train,58.6756756757,0.6482691201842262,3.593076480736905
8904864157.jpg,test,68.5656934307,0.7653424444793719,4.061369777917488
8904883731.jpg,train,70.1890756303,0.7845592705171871,4.138237082068748
8905578199.jpg,val,77.1482300885,0.866938429674203,4.467753718696812
8906347187.jpg,train,71.9358974359,0.8052373158755437,4.220949263502175
8906425755.jpg,train,42.25,0.4538297872339981,2.815319148935992
8909034593.jpg,train,78.8156779661,0.8866768842407607,4.5467075369630425
8909361776.jpg,test,68.4864864865,0.7644048303623432,4.057619321449373
8910371075.jpg,test,74.7958715596,0.8390923287131475,4.35636931485259
8911365579.jpg,train,48.85,0.5319574468084537,3.1278297872338148
8911411937.jpg,val,75.4879807692,0.847285188215568,4.389140752862272
8911730034.jpg,test,60.8287401575,0.6737560730442145,3.695024292176858
8914830252.jpg,train,67.9407894737,0.7579451287794892,4.031780515117957
8916793773.jpg,train,73.6148648649,0.825112133410318,4.300448533641272
8916833328.jpg,val,56.5452586207,0.6230502567865513,3.4922010271462054
8918860577.jpg,train,40.1875,0.4294148936169806,2.7176595744679224
8918997719.jpg,train,60.6081081081,0.6711443358250118,3.684577343300047
8919875155.jpg,train,49.9054054054,0.5444508338124131,3.1778033352496524
8921955477.jpg,train,70.4663865546,0.7878419452883976,4.15136778115359
8923165653.jpg,train,57.1438053097,0.6301355676892195,3.520542270756878
8924220861.jpg,val,74.6810344828,0.8377329420400027,4.350931768160011
8925642155.jpg,train,68.1674528302,0.7606282617423129,4.042513046969251
8925668401.jpg,train,73.6,0.8249361702126623,4.299744680850649
8925875609.jpg,val,76.8066037736,0.8628944199117511,4.451577679647004
8928315797.jpg,train,69.6971153846,0.7787356792141242,4.114942716856497
8929337311.jpg,val,59.6582568807,0.6599004489552109,3.639601795820844
8929900709.jpg,test,62.3175675676,0.6913801035080647,3.765520414032258
8930021210.jpg,train,55.5089285714,0.6107826747716287,3.443130699086515
8930347179.jpg,train,75.0290178571,0.8418522036468028,4.367408814587211
8930562482.jpg,train,65.535046729,0.7294670908731805,3.917868363492722
8930722689.jpg,train,58.1659292035,0.6422349839949352,3.5689399359797407
8930797229.jpg,test,81.1,0.913717601547271,4.654870406189084
8933281660.jpg,train,58.8670212766,0.650534178361224,3.602136713444896
8933319583.jpg,train,36.2916666667,0.3832978723407869,2.533191489363148
8933855427.jpg,test,59.8935643564,0.6626859068880615,3.650743627552246
8935735197.jpg,train,64.1575630252,0.7131610942247189,3.8526443768988754
8935938604.jpg,train,65.6134453782,0.7303951367786039,3.921580547114416
8936501287.jpg,train,28.5924369748,0.2921580547113468,2.168632218845388
8937929358.jpg,train,38.0071428571,0.4036048632213407,2.614419452885363
8938035476.jpg,test,71.2385321101,0.7969822369705236,4.187928947882094
8938472188.jpg,train,27.0441176471,0.2738297872345142,2.0953191489380565
89393627.jpg,test,27.4138655462,0.2782066869298559,2.112826747719424
8939389375.jpg,train,80.3375,0.9046914893615858,4.618765957446343
8939732555.jpg,val,17.7152173913,0.163398704902818,1.6535948196112722
8940969671.jpg,train,77.3125,0.8688829787232937,4.475531914893175
8941443262.jpg,train,65.7133027523,0.731577200858859,3.926308803435436
8942422332.jpg,val,72.6009174312,0.8131095061487261,4.2524380245949045
8943413727.jpg,train,67.6707317073,0.7547483134402868,4.018993253761147
8944011983.jpg,val,29.4344660194,0.3021255938853336,2.2085023755413347
8946027655.jpg,train,70.4234693878,0.7873339122887534,4.149335649155013
8948115296.jpg,train,53.1314655172,0.5826393983853586,3.3305575935414344
8950318830.jpg,train,80.3783783784,0.9051753881542512,4.620701552617005
8960852902.jpg,train,63.25,0.7024177949709024,3.8096711798836096
8962032549.jpg,train,68.6019417476,0.7657715348070856,4.063086139228343
8965909066.jpg,test,68.7331932773,0.7673252279633022,4.069300911853208
8968242975.jpg,train,27.6152173913,0.2805901942645015,2.122360777058006
8970460328.jpg,train,57.7875,0.6377553191488624,3.5510212765954496
8970878075.jpg,train,63.025,0.6997543520308641,3.799017408123457
8971376273.jpg,val,79.0405405405,0.8893387004019364,4.557354801607746
8972898508.jpg,val,28.01875,0.2853670212765781,2.141468085106313
8973350530.jpg,val,72.4,0.810731141199125,4.2429245647965
8974114251.jpg,train,60.275210084,0.667203647415937,3.668814589663748
8975077146.jpg,train,71.1602564103,0.7960556464815953,4.184222585926381
8975567714.jpg,train,74.6607142857,0.8374924012155307,4.349969604862123
8975620960.jpg,test,50.8683035714,0.5558491641333396,3.2233966565333585
8975860650.jpg,train,84.4956896552,0.9539141599415084,4.815656639766033
8977825134.jpg,train,46.375,0.5026595744680329,3.010638297872132
8978679476.jpg,train,60.8474576271,0.6739776415431544,3.6959105661726177
898061275.jpg,val,75.4347014925,0.846654493489448,4.386617973957792
8984346211.jpg,test,69.0442477876,0.771007343249638,4.084029372998552
8984699375.jpg,test,55.140625,0.6064228723403567,3.425691489361427
8985407469.jpg,train,64.472972973,0.7168947671077666,3.867579068431066
8985551582.jpg,train,42.9673913043,0.4623219241436988,2.8492876965747955
8986202022.jpg,train,68.0131578947,0.7588017917127967,4.035207166851187
8986260148.jpg,train,74.8644859813,0.8399045535889772,4.359618214355908
8986464809.jpg,train,81.4375,0.9177127659573284,4.670851063829314
8986471316.jpg,train,45.1195652174,0.4877983348751686,2.951193339500674
8987485650.jpg,train,45.859375,0.4965558510637785,2.9862234042551137
8988143845.jpg,train,63.9336283186,0.7105102617210597,3.842041046884239
8988227086.jpg,train,55.4934210526,0.6105991041428938,3.442396416571575
8988404310.jpg,train,44.7172897196,0.4830363889437651,2.9321455557750604
8988892733.jpg,train,77.5955882353,0.87223404255315,4.4889361702126
899304128.jpg,train,63.9929906542,0.7112129648039841,3.844851859215936
8994347098.jpg,train,73.2923728814,0.8212946267584424,4.28517850703377
8995226934.jpg,train,77.402173913,0.8699444958365623,4.479777983346249
8997198808.jpg,train,73.7434782609,0.8266345975950761,4.306538390380304
8998348605.jpg,train,67.9082568807,0.7575600234232803,4.030240093693122
8999325582.jpg,train,73.1327433628,0.8194050084725008,4.277620033890003
9000701354.jpg,train,75.7126168224,0.8499443229265615,4.399777291706246
9002014430.jpg,train,68.8415178571,0.7686075227957506,4.074430091183002
9002438378.jpg,train,71.884,0.8046229787233039,4.218491914893216
9003236001.jpg,train,64.3205128205,0.7150900163663743,3.860360065465497
9004727133.jpg,train,75.9129464286,0.8523157294835129,4.409262917934052
9005613417.jpg,train,63.7995689655,0.7089233308874584,3.8356933235498336
9005619499.jpg,train,70.1890756303,0.7845592705171871,4.138237082068748
9007177518.jpg,train,67.966796875,0.7582529920211836,4.033011968084734
9016164225.jpg,train,69.5826086957,0.7773802035157338,4.109520814062935
9016868192.jpg,val,68.1785714286,0.7607598784196976,4.04303951367879
9017247850.jpg,train,56.8224299065,0.6263312785836417,3.5053251143345667
9018209858.jpg,val,43.4487179487,0.4680196399342743,2.872078559737097
9019428727.jpg,test,66.925,0.7459206963248606,3.9836827852994414
9021392547.jpg,train,44.4934210526,0.4803863381854677,2.921545352741871
9021755853.jpg,train,66.0,0.7349709864602588,3.9398839458410353
9027689601.jpg,train,48.7521186441,0.5307987738914172,3.1231950955656687
9028566654.jpg,train,71.0114678899,0.7942943587739594,4.177177435095837
9029384629.jpg,test,30.2641509434,0.3119470092332625,2.2477880369330503
9029712750.jpg,train,71.2326086957,0.7969121184093476,4.18764847363739
9032729328.jpg,train,54.2055084746,0.5953534078617357,3.381413631446943
9034047597.jpg,test,65.7909482759,0.7324963316217835,3.929985326487134
9034707954.jpg,test,57.2302631579,0.6311590145576603,3.5246360582306413
9034716133.jpg,test,77.2546728972,0.8681984489957579,4.472793795983032
9034987420.jpg,train,17.6633663366,0.1627849167891547,1.651139667156619
9036022986.jpg,train,68.4558823529,0.7640425531909081,4.056170212763632
9036180286.jpg,test,72.3035714286,0.8095896656537325,4.23835866261493
9036594264.jpg,train,58.1953781513,0.6425835866265328,3.5703343465061312
9037387298.jpg,train,71.7039473684,0.8024916013434357,4.209966405373743
9037452749.jpg,val,34.0723684211,0.3570268757004197,2.428107502801679
9038457719.jpg,train,58.9071428571,0.6510091185404502,3.6040364741618007
9038497618.jpg,train,64.4556074766,0.7166892026242695,3.866756810497078
9041103039.jpg,train,55.45,0.6100851063829094,3.440340425531637
9042624878.jpg,train,78.3081896552,0.8806694790904561,4.5226779163618245
9046007138.jpg,train,75.6842105263,0.849608062709672,4.398432250838688
9047016405.jpg,train,62.1814159292,0.6897684051966374,3.7590736207865496
904761358.jpg,train,46.7155963303,0.5066913917628794,3.026765567051517
9048453025.jpg,train,79.03125,0.8892287234041415,4.556914893616566
9049275396.jpg,train,68.8,0.7681160541585127,4.072464216634051
9050414795.jpg,train,72.5239130435,0.8121979648475193,4.248791859390077
9050865219.jpg,test,75.0972222222,0.8426595744677157,4.370638297870863
9052518863.jpg,test,52.975,0.5807872340424884,3.3231489361699538
9053743376.jpg,val,68.1785714286,0.7607598784196976,4.04303951367879
9054377711.jpg,val,72.2146226415,0.8085367322358371,4.234146928943348
9055579014.jpg,train,68.7678571429,0.7677355623104432,4.070942249241773
9055879747.jpg,test,54.2844036697,0.5962873316412558,3.385149326565023
9058001335.jpg,train,58.0870535714,0.6413012917929005,3.565205167171602
9058722713.jpg,test,55.3940677966,0.609423007572836,3.437692030291344
9058863840.jpg,train,44.1218487395,0.4759878419452905,2.903951367781162
9059681059.jpg,train,69.7233009709,0.7790456517250642,4.1161826069002565
9060697338.jpg,train,57.1891891892,0.6306728004600898,3.522691201840359
9060994605.jpg,train,69.1491596639,0.7722492401218931,4.088996960487572
9061831747.jpg,val,38.5490654206,0.4100198846693474,2.64007953867739
9062040259.jpg,train,59.2435897436,0.6549918166939892,3.619967266775957
9063333592.jpg,val,44.3125,0.4782446808510154,2.912978723404062
9063924933.jpg,train,73.935840708,0.8289116927135515,4.315646770854206
9064490305.jpg,train,69.9791666667,0.7820744680854042,4.128297872341617
9064913927.jpg,train,44.0525210084,0.4751671732521919,2.900668693008768
9065372715.jpg,train,80.75,0.9095744680849892,4.638297872339957
9065857613.jpg,train,66.7155172414,0.7434409391050698,3.9737637564202792
9066761491.jpg,train,63.9336283186,0.7105102617210597,3.842041046884239
9068148685.jpg,train,65.2378640777,0.72594918405315,3.9037967362126
9069424514.jpg,test,56.8224299065,0.6263312785836417,3.5053251143345667
9069849690.jpg,train,63.6852678571,0.7075702887532072,3.8302811550128286
9070049178.jpg,test,73.825,0.8275996131527006,4.310398452610802
9071921017.jpg,train,61.5743243243,0.6825819436454046,3.7303277745816175
9071963923.jpg,train,77.1869565217,0.8673968547635337,4.469587419054134
9072067933.jpg,train,73.5021186441,0.8237774972956257,4.295109989182503
9072958869.jpg,train,71.8714285714,0.8044741641333001,4.217896656533201
9074183822.jpg,train,39.6375,0.4229042553191094,2.691617021276437
9076304306.jpg,test,34.1386554622,0.3578115501521255,2.431246200608502
9076672562.jpg,train,61.3513513514,0.6799424956876718,3.719769982750688
9079493649.jpg,train,76.1418918919,0.8550258769407582,4.420103507763033
9080769054.jpg,train,43.5301724138,0.4689838591342974,2.8759354365371896
9081876401.jpg,train,70.8130252101,0.7919452887538899,4.167781155015559
9083308350.jpg,train,51.3816793893,0.5619262627901046,3.2477050511604184
90834437.jpg,train,83.6386554622,0.943768996960543,4.775075987842172
9090441923.jpg,train,72.2642857143,0.8091246200608583,4.236498480243434
9093638609.jpg,train,28.5466101695,0.29161557879561,2.1664623151824403
9094228395.jpg,train,61.3053097345,0.6793974769344263,3.717589907737705
9096574214.jpg,train,63.256302521,0.702492401215622,3.809969604862488
9098295579.jpg,train,75.8340707965,0.8513820372814782,4.405528149125913
9101418859.jpg,train,72.5808823529,0.8128723404249428,4.251489361699772
9101482614.jpg,train,68.546875,0.7651196808509697,4.060478723403879
9102604497.jpg,test,41.8608490566,0.4492232035326294,2.7968928141305174
9102888066.jpg,train,82.2521008403,0.9273556230997564,4.709422492399025
9106148302.jpg,train,73.4311023622,0.8229368403416065,4.291747361366426
910637798.jpg,train,48.0691964286,0.5227146656537782,3.090858662615113
9108357145.jpg,train,45.5945945946,0.4934215066130091,2.9736860264520364
9109124057.jpg,train,65.9331896552,0.7341801173883518,3.936720469553407
9109271301.jpg,test,71.7803738318,0.8033963014517683,4.213585205807073
9109755543.jpg,test,28.3151260504,0.2888753799389528,2.155501519755811
9111310939.jpg,train,74.6760869565,0.8376743755778053,4.350697502311221
9111487897.jpg,val,75.1782608696,0.8436188714156613,4.374475485662645
9112120569.jpg,train,64.421875,0.716289893616935,3.86515957446774
9112424025.jpg,train,62.1758474576,0.6897024882794383,3.758809953117753
9113486865.jpg,test,76.6378504673,0.8608967985683161,4.443587194273265
9115676276.jpg,test,70.6330275229,0.7898145617796852,4.159258247118741
9118228667.jpg,train,68.2801724138,0.761962582538506,4.047850330154024
9118386163.jpg,train,64.1971153846,0.7136292962354112,3.8545171849416446
9119225606.jpg,train,72.641025641,0.8135842880519678,4.254337152207871
9119961649.jpg,test,81.1025641026,0.9137479541737932,4.654991816695173
9119996222.jpg,train,62.248,0.6905565957445986,3.7622263829783935
9121896285.jpg,test,57.6351351351,0.6359516963767389,3.5438067855069555
9122090851.jpg,train,43.7572115385,0.4716714402622737,2.886685761049095
9122758028.jpg,train,75.9153225806,0.8523438572402634,4.409375428961054
9122759800.jpg,train,74.8080357143,0.8392363221885131,4.356945288754052
9125517985.jpg,val,47.0558252427,0.5107188597394513,3.042875438957805
9130413555.jpg,train,47.54375,0.5164946808510094,3.065978723404037
9130643186.jpg,train,78.25,0.8799806576401197,4.519922630560479
9130908149.jpg,val,63.5336134454,0.7057750759880159,3.823100303952064
9131467707.jpg,train,68.5646551724,0.7653301540716427,4.0613206162865705
9131531714.jpg,train,81.7782608696,0.9217465309901168,4.686986123960468
9131687822.jpg,test,73.9586956522,0.8291822386681047,4.316728954672419
9132059359.jpg,val,55.2142857143,0.6072948328268478,3.429179331307392
9132353816.jpg,train,62.7302631579,0.6962653975363733,3.785061590145493
9135317445.jpg,train,25.8193277311,0.2593313069909575,2.03732522796383
91357025.jpg,test,64.5042016807,0.7172644376902115,3.869057750760846
9136502604.jpg,val,73.031512605,0.8182066869294913,4.272826747717965
9136754533.jpg,train,64.5970873786,0.7183639743848882,3.8734558975395528
9138793182.jpg,train,18.6186440678,0.1740930400288898,1.6963721601155592
9139175955.jpg,train,61.9504310345,0.6870341159208855,3.748136463683542
9139430214.jpg,train,52.2408256881,0.5720964278745441,3.2883857114981763
9140727598.jpg,train,71.8254716981,0.8039301485344684,4.215720594137874
9141403760.jpg,test,62.125,0.6891005802707111,3.756402321082844
9141646333.jpg,train,35.1987179487,0.3703600654662048,2.48144026186482
9141930190.jpg,train,59.50625,0.6581010638297102,3.632404255318841
9141979363.jpg,train,64.744140625,0.720104720744594,3.880418882978376
9142684025.jpg,val,73.5861344538,0.8247720364742794,4.299088145897118
9143291063.jpg,train,80.6981132075,0.9089602569242544,4.635841027697017
9143757717.jpg,train,55.495412844,0.6106226820217487,3.442490728086995
9145211353.jpg,train,44.391221374,0.4791765470190617,2.9167061880762466
9146239672.jpg,val,65.00625,0.7232074468084232,3.8928297872336928
9150255535.jpg,test,78.4583333333,0.882446808510131,4.5297872340405245
9154088552.jpg,train,69.7737068966,0.7796423330892499,4.118569332357
9154784652.jpg,train,73.5377358491,0.8241991168209643,4.296796467283857
9154855025.jpg,train,44.5456521739,0.4810046253466978,2.924018501386791
9156115930.jpg,train,46.3013392857,0.5017876139815417,3.007150455926167
9157119271.jpg,train,66.6972477064,0.7432246730427876,3.9728986921711504
9159337218.jpg,test,74.7,0.837957446808405,4.35182978723362
9162044260.jpg,train,77.6720183486,0.8731387858672621,4.4925551434690485
9162580665.jpg,train,69.9027777778,0.7811702127661239,4.124680851064495
9163113923.jpg,train,68.1681415929,0.760636414987427,4.042545659949708
9164359125.jpg,train,63.6388888889,0.7070212765957914,3.8280851063831656
9166557972.jpg,train,67.9012605042,0.7574772036473036,4.029908814589215
9166594378.jpg,train,65.2548076923,0.7261497545006395,3.904599018002558
9166911645.jpg,val,61.4294871795,0.6808674304419696,3.72346972176788
9170799378.jpg,train,74.2924107143,0.8331325987842587,4.332530395137034
9175070760.jpg,train,59.4932432432,0.6579470960316135,3.631788384126454
9176321809.jpg,train,69.1361607143,0.7720953647417153,4.088381458966861
9178485751.jpg,train,60.4568965517,0.6693543653701417,3.677417461480567
9179494563.jpg,train,61.8347826087,0.6856651248843364,3.7426604995373456
9183486925.jpg,train,27.5592105263,0.279927211645933,2.119708846583732
9184965477.jpg,train,60.5128205128,0.6700163666117895,3.680065466447158
9185475668.jpg,train,64.9195652174,0.7221813135985357,3.888725254394143
9185478102.jpg,train,42.7897196262,0.4602187313584535,2.840874925433814
9186366283.jpg,test,61.0,0.6757833655705198,3.703133462282079
9188365433.jpg,train,28.3814655172,0.2896606749811499,2.1586426999246
9188509301.jpg,train,74.21875,0.8322606382977675,4.32904255319107
9191266611.jpg,train,70.6586956522,0.7901184088808767,4.160473635523507
9194756449.jpg,test,48.1927966102,0.5241777857918669,3.096711143167468
9195069146.jpg,train,74.8305084746,0.8395023440319095,4.358009376127638
9195323524.jpg,train,46.9743589744,0.5097545008187628,3.039018003275052
9195654667.jpg,train,58.9042056075,0.6509743487772935,3.603897395109174
9197349207.jpg,train,58.5957943925,0.6473235235629807,3.589294094251923
9198766588.jpg,test,72.7894736842,0.8153415453525169,4.261366181410068
9198779264.jpg,test,45.0491071429,0.4869642857147432,2.947857142858973
9200093125.jpg,train,62.875,0.6979787234041719,3.791914893616688
9200829224.jpg,test,73.8628318584,0.8280474486912073,4.312189794764829
9201324227.jpg,val,67.9575892857,0.7581439969602242,4.032575987840897
9201555712.jpg,train,76.3260869565,0.8572062904714194,4.428825161885678
9202257544.jpg,test,63.2569444444,0.7024999999993897,3.809999999997559
9202760715.jpg,train,70.5675675676,0.7890396779761342,4.156158711904537
9202851539.jpg,train,65.8214285714,0.7328571428567158,3.931428571426863
9205194326.jpg,train,61.5,0.6817021276594937,3.726808510637975
9206978293.jpg,train,74.2711864407,0.8328813559323595,4.331525423729438
9209619689.jpg,test,68.2090517241,0.7611206896546299,4.04448275861852
9210757941.jpg,train,49.035046729,0.5341479419370414,3.1365917677481656
9211639075.jpg,val,79.8581081081,0.8990166762505074,4.59606670500203
9211753203.jpg,train,30.1305309735,0.3103652796089146,2.2414611184356583
9211913717.jpg,train,15.4551282051,0.1366448445168571,1.5465793780674286
9211948856.jpg,train,56.252293578,0.6195822760102966,3.4783291040411863
9212037816.jpg,test,71.2013888889,0.7965425531915218,4.186170212766087
9212610328.jpg,train,72.9621848739,0.8173860182363928,4.269544072945571
9213073517.jpg,train,59.5,0.658027079303598,3.632108317214392
9213666869.jpg,train,59.6418918919,0.659706728004619,3.638826912018476
9214795039.jpg,train,31.8411214953,0.3306144362692905,2.3224577450771617
9215122110.jpg,val,44.35,0.4786885880076885,2.914754352030754
9215295027.jpg,train,67.8839285714,0.7572720364737332,4.029088145894933
9215861266.jpg,train,56.275,0.6198510638297162,3.479404255318865
9216910965.jpg,train,64.8638392857,0.7215216565346981,3.886086626138793
9217457237.jpg,train,74.0818584071,0.830640180757056,4.322560723028224
9220351854.jpg,test,60.6911764706,0.672127659574528,3.688510638298112
9220693447.jpg,train,64.8827433628,0.7217454340044311,3.886981736017725
9220941622.jpg,train,77.3514150943,0.8693436370929569,4.477374548371827
9221345159.jpg,test,62.7016806723,0.6959270516720175,3.78370820668807
9222727460.jpg,train,48.4571428571,0.5273069908808955,3.109227963523582
9223641047.jpg,train,48.575,0.5287021276595181,3.1148085106380723
9224664940.jpg,train,37.4441747573,0.3969407147285448,2.5877628589141795
9225485643.jpg,train,64.1981132075,0.7136411079881153,3.854564431952461
9225734576.jpg,test,67.5110619469,0.7528582187910645,4.0114328751642585
9225878690.jpg,test,55.0517241379,0.6053705062358076,3.4214820249432303
9226793819.jpg,test,32.5441176471,0.3389361702132272,2.355744680852909
9226799273.jpg,train,48.0818965517,0.5228650036680373,3.0914600146721494
9229803299.jpg,train,50.8855140187,0.5560528932193667,3.2242115728774667
9230199139.jpg,train,60.5434782609,0.6703792784461647,3.681517113784659
9230996141.jpg,train,75.1052631579,0.8427547592384776,4.371019036953911
92317233.jpg,train,26.025,0.2617659574467946,2.0470638297871786
9232225621.jpg,train,65.8421052632,0.7331019036958182,3.9324076147832727
9232371989.jpg,train,36.5706521739,0.3866003700275639,2.546401480110256
9232503869.jpg,test,32.8100961538,0.342084697217103,2.368338788868412
9232794108.jpg,train,73.2453271028,0.8207377212167946,4.282950884867178
92336148.jpg,train,66.10625,0.7362287234041659,3.944914893616664
9234807959.jpg,test,47.0150862069,0.5102366104181825,3.04094644167273
9237243302.jpg,train,21.6986607143,0.2105528115503154,1.8422112462012616
9237285028.jpg,train,59.7617924528,0.6611260537932223,3.644504215172889
9237488355.jpg,train,77.6168032787,0.8724851761423338,4.489940704569335
9238616212.jpg,test,70.2004310345,0.784693690388955,4.13877476155582
9239005893.jpg,train,72.9137168142,0.8168122764078358,4.267249105631343
9239862860.jpg,test,66.9276315789,0.7459518477037156,3.9838073908148623
9240332205.jpg,train,64.15,0.7130715667310554,3.8522862669242217
9240392822.jpg,train,67.525,0.7530232108316294,4.012092843326517
9241531106.jpg,train,73.7118644068,0.8262603678328092,4.305041471331236
9242083882.jpg,train,69.5535714286,0.7770364741643759,4.108145896657504
9244573247.jpg,train,50.8173076923,0.5552454991815177,3.2209819967260707
9245144961.jpg,test,59.7721238938,0.6612483524758528,3.644993409903411
9245259823.jpg,train,71.4053398058,0.7989568271014401,4.195827308405761
9246527762.jpg,train,34.55,0.3626808510637998,2.450723404255199
92466227.jpg,test,48.2121848739,0.5244072948321841,3.0976291793287363
9246656735.jpg,train,69.1,0.771667311411897,4.086669245647588
9248275667.jpg,train,61.3513513514,0.6799424956876718,3.719769982750688
9249272493.jpg,train,76.1108695652,0.8546586493983908,4.418634597593563
9249859612.jpg,test,67.9082568807,0.7575600234232803,4.030240093693122
9249869281.jpg,train,19.5817757009,0.1854941340222574,1.7419765360890298
9251039345.jpg,train,67.15,0.748584139264899,3.994336557059596
9251645143.jpg,train,70.2123893805,0.7848352475988583,4.139340990395433
9253116202.jpg,train,74.4716981132,0.8352549177035389,4.341019670814156
9255279783.jpg,train,71.5756302521,0.8009726443767899,4.20389057750716
9256298469.jpg,train,72.15625,0.8078457446807502,4.231382978723001
9256620726.jpg,train,81.0691964286,0.9133529635260564,4.653411854104226
9257237144.jpg,train,55.725,0.613340425531845,3.45336170212738
9257583469.jpg,train,81.7430555556,0.9213297872344496,4.685319148937799
9258012910.jpg,val,76.2987288136,0.8568824377933767,4.427529751173507
9258059092.jpg,train,71.0461783439,0.7947052446124118,4.178820978449647
9259054228.jpg,train,65.9,0.7337872340424642,3.9351489361698566
9262147694.jpg,train,55.2142857143,0.6072948328268478,3.429179331307392
9263759875.jpg,train,70.0504201681,0.7829179331309901,4.1316717325239605
9264499657.jpg,train,18.2960526316,0.1702743561032734,1.6810974244130938
9264744599.jpg,train,64.1526548673,0.7131029937869084,3.852411975147634
9265274583.jpg,train,51.1346153846,0.5590016366609678,3.236006546643871
9265763356.jpg,train,52.4712389381,0.5748239502923386,3.2992958011693543
9267882389.jpg,train,76.2371794872,0.8561538461539804,4.4246153846159215
9269067450.jpg,train,43.4174528302,0.4676495383381041,2.8705981533524163
9269195837.jpg,test,64.5472972973,0.7177745830936776,3.8710983323747103
9269537075.jpg,train,74.6207627119,0.8370194734947262,4.348077893978905
9274541718.jpg,train,60.0731132075,0.6648113207540806,3.659245283016322
9274677525.jpg,test,58.0567226891,0.6409422492403357,3.563768996961343
9277184417.jpg,test,53.8883928571,0.5915995440723746,3.3663981762894983
9281657562.jpg,train,72.0089285714,0.806101823707768,4.224407294831072
9283219931.jpg,train,67.657079646,0.7545867068345691,4.018346827338276
9283273348.jpg,train,72.01875,0.8062180851062823,4.224872340425129
9283322341.jpg,train,73.9698275862,0.8293140132059769,4.317256052823908
9284536346.jpg,train,68.2478991597,0.7615805471127962,4.046322188451185
9284861098.jpg,train,68.7678571429,0.7677355623104432,4.070942249241773
9286263885.jpg,train,49.8370535714,0.5436417173248309,3.174566869299324
9286580231.jpg,train,64.7043478261,0.719633672525507,3.878534690102028
9287500291.jpg,train,69.0448717949,0.7710147299511391,4.084058919804557
9289816970.jpg,train,36.8308823529,0.3896808510633081,2.5587234042532323
9290273110.jpg,val,47.921875,0.5209707446807958,3.0838829787231834
9290321332.jpg,train,68.4732142857,0.7642477203644785,4.056990881457914
9291621754.jpg,train,65.1577669903,0.7250010328444694,3.9000041313778775
9294636383.jpg,train,29.6785714286,0.3050151975687065,2.220060790274826
9295408685.jpg,test,58.5091240876,0.646297561733217,3.585190246932868
9297541584.jpg,train,55.5875,0.6117127659573771,3.4468510638295085
9297933012.jpg,train,39.452173913,0.4207104532834424,2.68284181313377
9298572085.jpg,train,73.2756410256,0.821096563010868,4.284386252043472
9299238943.jpg,test,49.737394958,0.5424620060791677,3.169848024316671
9301174145.jpg,train,65.2,0.7255009671179007,3.9020038684716014
9301597304.jpg,train,34.7690677966,0.3652740714026621,2.4610962856106484
9302290265.jpg,train,63.9336283186,0.7105102617210597,3.842041046884239
9303678528.jpg,train,50.0105932203,0.5456959971145173,3.1827839884580693
9304089120.jpg,train,75.5446428571,0.8479559270510572,4.391823708204228
9304302078.jpg,train,66.8443396226,0.7449658771571858,3.979863508628743
9304786049.jpg,train,73.9392523364,0.8289520779472227,4.31580831178889
930643510.jpg,test,24.1148648649,0.2391546866019007,1.956618746407603
9306814074.jpg,val,74.9004237288,0.8403299675439095,4.361319870175638
9307347958.jpg,train,28.7291666667,0.2937765957450565,2.1751063829802257
9309381016.jpg,train,65.9587378641,0.7344825449289089,3.9379301797156354
9310356178.jpg,test,58.3040540541,0.643870040253488,3.575480161013952
9314256771.jpg,train,69.2297297297,0.7732029902238194,4.092811960895277
9315620500.jpg,test,69.0342465753,0.7708889536572281,4.083555814628912
9317715562.jpg,train,49.8310810811,0.5435710178265022,3.1742840713060088
9318049470.jpg,train,70.139380531,0.7839710035776979,4.135884014310792
9318914214.jpg,train,51.66875,0.5653244680850441,3.2612978723401764
9321343770.jpg,train,73.8378378378,0.8277515813680506,4.311006325472203
9322027317.jpg,test,58.75,0.6491489361701371,3.5965957446805485
9322601223.jpg,train,68.839527027,0.7685839562963077,4.074335825185231
9324301658.jpg,train,74.6444954128,0.8373004099154379,4.349201639661752
9324654543.jpg,test,61.456,0.681181276595664,3.724725106382656
9324716054.jpg,train,74.4642857143,0.8351671732523436,4.340668693009374
9326601195.jpg,train,77.4598214286,0.8706268996962759,4.482507598785103
9327556810.jpg,train,72.4256756757,0.8110350776310089,4.244140310524036
9327697070.jpg,train,68.3871681416,0.7632291470532756,4.052916588213103
9328342385.jpg,train,76.5672268908,0.8600607902739643,4.440243161095857
9328964042.jpg,train,57.4586956522,0.6338630897319655,3.535452358927862
9329940580.jpg,test,50.95,0.5568162475821442,3.227264990328577
9331151234.jpg,train,69.608974359,0.7776923076925152,4.11076923077006
9332496650.jpg,train,77.6764705882,0.8731914893611731,4.492765957444693
9332533553.jpg,train,61.8158783784,0.6854413456010946,3.7417653824043775
9333294037.jpg,train,62.1689189189,0.6896204715350591,3.758481886140237
9333668178.jpg,test,74.1351351351,0.831270845312878,4.325083381251512
9334502001.jpg,test,53.0328947368,0.5814725643891344,3.3258902575565377
9335509582.jpg,train,35.1224489796,0.3694572297004564,2.477828918801825
9335639356.jpg,train,22.45,0.2194468085106312,1.8777872340425248
9336450850.jpg,val,79.5172413793,0.8949816581068795,4.579926632427518
9337247723.jpg,train,66.5955882353,0.7420212765957239,3.968085106382896
9338607155.jpg,train,56.9084821429,0.6273499240125933,3.509399696050373
9339023066.jpg,train,72.0285714286,0.8063343465047969,4.225337386019188
9339173002.jpg,train,60.7,0.6722321083171354,3.6889284332685417
9339437714.jpg,val,64.9375,0.7223936170211893,3.889574468084757
9341605084.jpg,train,77.4598214286,0.8706268996962759,4.482507598785103
9341616816.jpg,test,75.25,0.8444680851062762,4.377872340425105
9342036891.jpg,train,46.4543269231,0.5035986088381913,3.014394435352765
9342285552.jpg,train,76.0981308411,0.8545078544438608,4.418031417775444
9342669344.jpg,train,66.7155172414,0.7434409391050698,3.9737637564202792
9344271524.jpg,train,74.0304347826,0.8300314523587196,4.320125809434878
9344542617.jpg,train,30.9237288136,0.3197547782189943,2.2790191128759774
9345882583.jpg,train,51.0739130435,0.5582830712305384,3.2331322849221538
9346160455.jpg,train,70.7693965517,0.7914288334552286,4.1657153338209145
9346372358.jpg,test,74.8080357143,0.8392363221885131,4.356945288754052
9346378862.jpg,train,72.3035714286,0.8095896656537325,4.23835866261493
9346802331.jpg,val,43.41875,0.4676648936169746,2.8706595744678984
93473094.jpg,train,43.012605042,0.4628571428568979,2.851428571427592
9348271980.jpg,train,78.5084033613,0.8830395136771714,4.5321580547086855
9348876103.jpg,train,49.125,0.5352127659573893,3.1408510638295573
9349890960.jpg,train,73.8152173913,0.8274838112856909,4.309935245142764
935105924.jpg,val,50.2441860465,0.5484611578424549,3.1938446313698194
9351387644.jpg,train,84.4491150442,0.9533628318577172,4.813451327430869
9352087961.jpg,train,8.34110169492,0.0524323837000396,1.2097295348001584
9352825622.jpg,train,68.7478813559,0.7674990984488572,4.069996393795429
9353536560.jpg,train,59.5614754098,0.6587547959534548,3.635019183813819
9354878188.jpg,train,70.9487179487,0.7935515548278395,4.174206219311358
9362014571.jpg,test,45.4782608696,0.4920444033306109,2.968177613322444
9362231010.jpg,train,72.6375,0.8135425531913876,4.25417021276555
9363143543.jpg,train,65.8318584071,0.7329806062889864,3.9319224251559457
9365989820.jpg,test,55.2476415094,0.6076896828578188,3.430758731431275
9366566723.jpg,train,65.4433962264,0.7283821758327319,3.913528703330928
9369620513.jpg,test,76.8705357143,0.8636512158055305,4.454604863222122
9369983914.jpg,val,70.4551282051,0.7877086743039874,4.1508346972159496
9372136957.jpg,train,67.55,0.753319148936078,4.013276595744312
9372534946.jpg,test,61.7972972973,0.6852213916043209,3.740885566417284
9372862494.jpg,train,50.1443965517,0.5472798972850547,3.189119589140218
9373483438.jpg,train,68.8165137615,0.768311536209538,4.073246144838151
9375359458.jpg,test,65.8214285714,0.7328571428567158,3.931428571426863
9376075949.jpg,train,71.0871559633,0.7951903181728142,4.180761272691257
9379310013.jpg,train,75.1013513514,0.8427084531344544,4.370833812537818
9379361831.jpg,test,77.3861607143,0.8697549392097849,4.47901975683914
9379457487.jpg,train,76.5758928571,0.8601633738595659,4.440653495438264
9380189805.jpg,val,70.3785714286,0.7868024316111829,4.147209726444732
9384228809.jpg,train,66.10625,0.7362287234041659,3.944914893616664
9387665300.jpg,train,78.9330357143,0.8880661094225479,4.552264437690192
9389671360.jpg,train,46.375,0.5026595744680329,3.010638297872132
9389784838.jpg,train,71.8616071429,0.8043579027359693,4.217431610943877
9391288768.jpg,train,77.099137931,0.8663573000728492,4.465429200291396
93917546.jpg,train,51.3319327731,0.561337386018066,3.245349544072264
9393485021.jpg,train,78.5347222222,0.8833510638294113,4.533404255317645
9394014608.jpg,train,41.7297297297,0.4476710753302543,2.7906843013210176
9398081258.jpg,train,68.2452830189,0.7615495784828232,4.046198313931293
9401118786.jpg,test,52.5986842105,0.5763325867857386,3.3053303471429545
9401387705.jpg,train,78.488317757,0.8828017498506415,4.531206999402566
9401940143.jpg,train,41.4642857143,0.4445288753800652,2.778115501520261
940371579.jpg,test,59.50625,0.6581010638297102,3.632404255318841
9405444471.jpg,train,69.1361607143,0.7720953647417153,4.088381458966861
9406497605.jpg,train,74.0088495575,0.8297759367347118,4.319103746938847
9406525947.jpg,train,68.7331932773,0.7673252279633022,4.069300911853208
9406773963.jpg,train,20.6216216216,0.1978033352498841,1.7912133409995366
9407500904.jpg,train,58.0688073394,0.6410853015804441,3.5643412063217763
9407500995.jpg,val,75.8792372881,0.8519166967178263,4.407666786871305
9408208696.jpg,train,78.1486486486,0.8787809085674545,4.515123634269818
9408400121.jpg,test,71.5756302521,0.8009726443767899,4.20389057750716
9409533366.jpg,train,67.6875,0.7549468085105459,4.019787234042184
9413392698.jpg,train,54.4722222222,0.5985106382975418,3.3940425531901672
9416795305.jpg,train,74.3173913043,0.8334283071223632,4.333713228489453
9417195704.jpg,train,68.9038461538,0.7693453355149072,4.077381342059629
9418862819.jpg,val,32.8813559322,0.3429282365668282,2.371712946267313
9419143176.jpg,val,48.25,0.524854932301685,3.09941972920674
9419183210.jpg,test,69.936440678,0.7815686981611412,4.126274792644565
9424457746.jpg,train,76.6483050847,0.8610205553545599,4.44408222141824
9424726743.jpg,train,54.5857142857,0.5998541033432282,3.399416413372913
9426505697.jpg,train,41.3173913043,0.4427900092500849,2.77116003700034
9427704319.jpg,train,75.0972222222,0.8426595744677157,4.370638297870863
9428417271.jpg,val,69.325,0.7743307543519354,4.097323017407742
9428890222.jpg,train,44.38125,0.4790585106382494,2.916234042552998
9429089796.jpg,train,73.53125,0.8241223404254284,4.296489361701713
9432792818.jpg,train,59.2702702703,0.6553076480738809,3.621230592295524
9433458685.jpg,train,70.2584033613,0.7853799392091019,4.141519756836408
9433764311.jpg,train,76.8597560976,0.8635236118322152,4.454094447328861
9434602286.jpg,train,76.0068807339,0.8534276790936405,4.4137107163745615
9434819807.jpg,train,82.375,0.9288104448741544,4.715241779496618
9435287371.jpg,test,78.9407894737,0.8881578947369152,4.552631578947661
9438182965.jpg,train,81.5675675676,0.9192524439335602,4.677009775734241
9438332547.jpg,train,78.6217391304,0.884381128584119,4.537524514336476
9438428165.jpg,train,78.9004424779,0.8876802861986253,4.550721144794501
9439720567.jpg,train,66.342920354,0.7390303144418443,3.956121257767377
9439902792.jpg,test,75.9571428571,0.8528389057744605,4.411355623097842
9439964500.jpg,test,55.4811320755,0.6104536330793503,3.441814532317401
9442161547.jpg,train,71.6144067797,0.8014316624597919,4.205726649839168
944341845.jpg,test,52.1952054795,0.5715563975522384,3.2862255902089537
9444126747.jpg,train,71.2406542056,0.7970073573273128,4.188029429309252
9445074981.jpg,train,74.6953781513,0.8379027355626719,4.351610942250687
9445529272.jpg,val,44.2388392857,0.4773727203645243,2.909490881458097
9450353504.jpg,train,37.0853658537,0.3926933056569168,2.5707732226276674
9455543659.jpg,train,69.5868644068,0.7774305805987743,4.109722322395097
9455732786.jpg,train,47.7033898305,0.5183844212043166,3.0735376848172664
9456887097.jpg,train,67.9012605042,0.7574772036473036,4.029908814589215
9457716836.jpg,train,72.6009174312,0.8131095061487261,4.2524380245949045
9458038705.jpg,train,58.3080357143,0.643917173252374,3.575668693009496
9458474537.jpg,train,60.4594594595,0.66938470385319,3.67753881541276
9458721242.jpg,train,58.092920354,0.6413707399737748,3.5654829598950992
9458811902.jpg,train,74.1548672566,0.8315044247782164,4.326017699112866
9459450025.jpg,train,70.3289473684,0.7862150055987575,4.144860022395029
9460489511.jpg,train,67.9407894737,0.7579451287794892,4.031780515117957
9461924966.jpg,val,59.265625,0.6552526595743915,3.621010638297566
9462111992.jpg,train,79.1282051282,0.8903764320783849,4.56150572831354
9463299362.jpg,val,61.6486486486,0.6834617596313155,3.733847038525262
9463363154.jpg,test,63.9264705882,0.7104255319143904,3.8417021276575616
9467289840.jpg,train,58.9615384615,0.6516530278227093,3.606612111290837
9467953954.jpg,train,78.0,0.8770212765956328,4.508085106382531
9468744508.jpg,test,79.375,0.893297872340311,4.573191489361244
9469622762.jpg,train,57.1,0.6296170212765233,3.518468085106093
9470847928.jpg,train,82.3813559322,0.9288856833752454,4.715542733500982
9471314459.jpg,train,74.6607142857,0.8374924012155307,4.349969604862123
9472829997.jpg,train,39.1206896552,0.4167865003671258,2.667146001468504
9472868070.jpg,test,61.4471153846,0.6810761047460547,3.724304418984219
9473084663.jpg,train,58.1906779661,0.6425279480705869,3.5701117922823475
9474360756.jpg,train,73.2821100917,0.8211731407372356,4.284692562948942
9475748691.jpg,train,51.5855263158,0.5643393057111488,3.257357222844595
9476849940.jpg,test,73.4705882353,0.8234042553191152,4.293617021276461
9476907478.jpg,train,76.4285714286,0.8584194528877672,4.433677811551069
9477685137.jpg,train,66.1160714286,0.7363449848026803,3.945379939210721
9477847678.jpg,train,70.3426724138,0.7863774761555234,4.145509904622093
9479081195.jpg,train,36.0046728972,0.3799005766554102,2.519602306621641
9479870149.jpg,train,75.8846153846,0.8519803600651764,4.407921440260706
9480350471.jpg,val,59.9399038462,0.6632344517189627,3.65293780687585
9480702491.jpg,test,73.3622881356,0.8221222502704423,4.28848900108177
9482188665.jpg,val,69.0263157895,0.7707950727885704,4.083180291154282
9482512663.jpg,val,80.4146341463,0.9056045666833574,4.62241826673343
9482519952.jpg,test,57.5047169811,0.6344078683255205,3.537631473302082
9483190108.jpg,train,74.3173913043,0.8334283071223632,4.333713228489453
9483838441.jpg,test,78.4143835616,0.8819265520250169,4.527706208100067
9484887965.jpg,train,54.7364864865,0.6016388729155606,3.4065554916622425
9484990711.jpg,val,30.7,0.3171063829787007,2.268425531914803
9485553260.jpg,val,77.8990825688,0.8758266640638264,4.5033066562553055
9485678546.jpg,train,46.1578947368,0.5000895856657431,3.0003583426629725
9486578471.jpg,train,42.3271028037,0.4547424935369843,2.818969974147937
9487232298.jpg,train,66.0911016949,0.7360494049762897,3.944197619905159
9487747992.jpg,train,32.7307692308,0.3411456628481282,2.364582651392513
9488096665.jpg,test,76.6012931034,0.8604640498892678,4.441856199557071
94886803.jpg,train,70.50625,0.7883138297871362,4.153255319148545
9488864072.jpg,test,50.6586538462,0.5533674304423845,3.213469721769538
9489836089.jpg,test,68.4380733945,0.7638317392152639,4.055326956861055
9490079439.jpg,train,69.0625,0.7712234042552241,4.084893617020896
9490329837.jpg,train,66.5840336134,0.7418844984796156,3.9675379939184623
9493293324.jpg,test,72.3552631579,0.8102015677491211,4.240806270996485
9494293866.jpg,train,32.9048672566,0.3432065524378687,2.3728262097514747
9494790787.jpg,train,69.5651260504,0.7771732522793005,4.108693009117202
9494953335.jpg,train,69.1040268456,0.7717149792940481,4.086859917176192
9495726171.jpg,train,75.3199152542,0.8452957086182761,4.381182834473105
9496059717.jpg,train,70.0663716814,0.7831067595553537,4.132427038221415
9496541245.jpg,train,64.9375,0.7223936170211893,3.889574468084757
9497146011.jpg,train,55.1725663717,0.6068009791001323,3.427203916400529
9497710012.jpg,train,25.5639097744,0.2563077907530392,2.025231163012157
9497810800.jpg,train,61.0862831858,0.6768047448685777,3.707218979474311
9498977620.jpg,train,58.5309734513,0.6465562041042884,3.586224816417153
9500372295.jpg,test,44.3125,0.4782446808510154,2.912978723404062
95019293.jpg,val,37.3970588235,0.3963829787230207,2.5855319148920826
9502087003.jpg,train,66.1824324324,0.7371305347896357,3.948522139158543
950420073.jpg,train,68.9324324324,0.7696837262789923,4.078734905115969
9505522131.jpg,test,66.5769230769,0.7418003273318787,3.967201309327515
9506730000.jpg,train,48.2702702703,0.5250948821164548,3.10037952846582
9507159381.jpg,train,41.8,0.4485029013539215,2.794011605415686
9508337257.jpg,train,36.9857142857,0.3915136778113464,2.566054711245385
9508596066.jpg,train,76.4487179487,0.8586579378065524,4.43463175122621
9510636160.jpg,train,78.0466101695,0.8775730256040273,4.510292102416109
9510794857.jpg,train,23.3618421053,0.2302407614785907,1.920963045914363
9510873691.jpg,test,67.5110619469,0.7528582187910645,4.0114328751642585
9512008685.jpg,train,64.6544117647,0.719042553191333,3.876170212765332
9512191283.jpg,train,79.375,0.893297872340311,4.573191489361244
9513920516.jpg,val,55.3241525424,0.608595384060836,3.434381536243344
9515243339.jpg,train,72.0540540541,0.8066359977002707,4.226543990801083
9517140367.jpg,train,57.2767857143,0.6317097264438652,3.526838905775461
9517941769.jpg,train,57.8738938053,0.638778007907926,3.555112031631704
9518037590.jpg,train,76.3168103448,0.8570964783561311,4.428385913424524
9519070785.jpg,train,69.2878151261,0.7738905775080902,4.095562310032361
952167260.jpg,test,48.3846153846,0.5264484451716113,3.105793780686445
9521784071.jpg,train,62.125,0.6891005802707111,3.756402321082844
9522074895.jpg,train,77.7608695652,0.8741905642920046,4.496762257168019
9522817562.jpg,train,71.7361111111,0.8028723404253003,4.211489361701201
9523088763.jpg,train,74.1189516129,0.8310792724775512,4.324317089910204
9523882653.jpg,test,47.5928571429,0.517075987842398,3.068303951369592
9524699151.jpg,test,77.3304347826,0.8690952821459473,4.476381128583789
9525267533.jpg,train,54.6986607143,0.6011911094225935,3.404764437690374
9526511129.jpg,train,66.484375,0.7407047872339524,3.9628191489358096
9526789940.jpg,train,58.8922413793,0.6508327219367056,3.6033308877468224
9526812010.jpg,val,71.8963414634,0.8047690710946928,4.219076284378771
9527678556.jpg,test,65.7428571429,0.731927051672151,3.927708206688604
9527733918.jpg,val,67.8175675676,0.7564864864867776,4.025945945947111
9527961628.jpg,train,56.3367346939,0.6205818497613758,3.482327399045503
9527980922.jpg,test,70.7430555556,0.7911170212770235,4.164468085108094
9528230846.jpg,train,73.0550458716,0.8184852625418548,4.273941050167419
9528238832.jpg,train,63.8762135922,0.7098306135091295,3.839322454036518
9528268471.jpg,train,74.871559633,0.8399882881120023,4.359953152448009
9530920367.jpg,train,67.9930555556,0.758563829787667,4.0342553191506685
9530922505.jpg,train,70.2702702703,0.7855204140313069,4.142081656125228
9534283737.jpg,train,76.4978991597,0.8592401215808657,4.436960486323462
9535634646.jpg,train,64.987804878,0.722989102230783,3.891956408923132
9535859777.jpg,train,62.5,0.6935396518374415,3.774158607349766
9536013325.jpg,train,70.254587156,0.7853347647865951,4.141339059146381
9536683213.jpg,test,65.5212264151,0.7293034925732425,3.91721397029297
9537434864.jpg,test,59.1150442478,0.6534701562794905,3.613880625117962
9538010793.jpg,train,57.8566878981,0.6385743325654425,3.55429733026177
9538674147.jpg,test,45.6559633028,0.494147960180096,2.976591840720384
9539965008.jpg,train,75.9375,0.8526063829786154,4.410425531914461
9540532896.jpg,train,82.1716101695,0.926402812838062,4.705611251352249
9541231306.jpg,test,24.7368421053,0.246517357223269,1.986069428893076
9541303452.jpg,train,41.4942748092,0.4448838720160188,2.7795354880640755
9541618071.jpg,test,41.8157894737,0.4486898096306023,2.7947592385224094
9543397077.jpg,train,74.425,0.8347021276594693,4.338808510637877
9544478990.jpg,train,77.8326086957,0.8750397779838033,4.500159111935213
9544682172.jpg,train,78.9509345794,0.8882779876709269,4.553111950683707
9545794561.jpg,train,73.1363636364,0.8194478635487716,4.277791454195087
9546481286.jpg,train,77.6808035714,0.8732427811545658,4.492971124618263
9547511197.jpg,train,51.3741721854,0.5618373960824296,3.247349584329718
9549652790.jpg,train,74.5508474576,0.8361918499815425,4.34476739992617
9549856021.jpg,train,63.5693069307,0.7061975984832499,3.824790393933
9550375184.jpg,train,77.2775423729,0.8684691669672937,4.473876667869175
9550673458.jpg,train,52.9672897196,0.5806959634118347,3.322783853647339
9553679433.jpg,train,70.3883928571,0.7869186930085137,4.147674772034055
9554062765.jpg,train,15.23125,0.1339946808510703,1.5359787234042814
9557331185.jpg,val,53.0553097345,0.5817379024663568,3.326951609865428
9560250736.jpg,val,43.8717948718,0.4730278232406023,2.8921112929624093
9561571974.jpg,train,66.9288793103,0.7459666177543307,3.983866471017323
9561731191.jpg,train,72.7330508475,0.8146736386588922,4.258694554635569
9562837541.jpg,train,77.0434782609,0.8656984273823038,4.462793709529215
9565379403.jpg,train,75.4013761468,0.8462600039039859,4.385040015615944
9566357532.jpg,train,76.2075892857,0.8558035714282938,4.423214285713176
9567386872.jpg,train,58.1043478261,0.6415060129510514,3.566024051804205
9569732421.jpg,train,62.5694444444,0.6943617021270506,3.7774468085082025
9569803128.jpg,val,69.8473451327,0.780514027489505,4.12205610995802
9571610402.jpg,train,69.8582677165,0.7806433238393231,4.1225732953572924
95721252.jpg,train,44.8625,0.4847553191488867,2.939021276595547
9572676975.jpg,train,69.2098214286,0.7729673252282063,4.091869300912825
9577464036.jpg,train,57.1148648649,0.6297929844741789,3.5191719378967155
9577991089.jpg,train,47.5796460177,0.5169196008284251,3.067678403313701
9578088583.jpg,train,39.671875,0.4233111702127263,2.6932446808509054
9581038288.jpg,train,65.7364864865,0.7318516388729867,3.9274065554919466
9581108826.jpg,train,71.8859223301,0.8046457343523407,4.218582937409362
9581336227.jpg,test,58.1607142857,0.6421732522793917,3.568693009117567
9582086369.jpg,test,75.6086956522,0.8487141535617185,4.394856614246875
9582851453.jpg,train,63.9855769231,0.711125204582839,3.844500818331356
9582874322.jpg,train,41.7694174757,0.4481408799830976,2.792563519932391
9583278733.jpg,val,74.60546875,0.8368384308509583,4.347353723403833
9583424619.jpg,val,62.8378378378,0.6975388154106247,3.7901552616424974
9584563009.jpg,train,59.2388888889,0.6549361702128209,3.619744680851284
9584749572.jpg,train,58.0326086957,0.6406567992604364,3.5626271970417456
9585740831.jpg,test,70.5560344828,0.788903154805968,4.155612619223872
9586652263.jpg,test,74.9527027027,0.8409488211614489,4.363795284645796
9587142056.jpg,train,73.7767857143,0.8270288753800045,4.308115501520017
9587630414.jpg,test,75.31875,0.8452819148935101,4.381127659574041
9588413178.jpg,train,73.6933962264,0.8260417503008014,4.304167001203206
9589321595.jpg,train,67.2379807692,0.7496256137474984,3.9985024549899935
9589470493.jpg,train,57.2767857143,0.6317097264438652,3.526838905775461
9590556429.jpg,test,34.4159663866,0.3610942249245196,2.4443768996980784
9590947426.jpg,train,67.657079646,0.7545867068345691,4.018346827338276
9592992525.jpg,train,49.1128318584,0.5350687252869987,3.1402749011479947
9593149678.jpg,train,66.5540540541,0.7415296147215578,3.966118458886231
9594906572.jpg,train,77.0280172414,0.8655154071901567,4.462061628760627
9596892460.jpg,train,79.7219626168,0.897405050705525,4.5896202028221005
9597188417.jpg,train,52.35625,0.5734627659573833,3.2938510638295333
9600932470.jpg,train,60.5677966102,0.6706671474939713,3.682668589975885
9602489525.jpg,train,55.3362068966,0.6087380777701281,3.4349523110805125
9602714230.jpg,test,60.6081081081,0.6711443358250118,3.684577343300047
9602922316.jpg,train,68.0131578947,0.7588017917127967,4.035207166851187
9604185976.jpg,test,75.25,0.8444680851062762,4.377872340425105
9605303857.jpg,test,67.0,0.7468085106382067,3.987234042552827
9605307671.jpg,val,68.6205357143,0.765991641337461,4.063966565349844
9606718162.jpg,train,72.313559322,0.8097078975833418,4.238831590333367
9606775848.jpg,train,67.9662162162,0.7582461184585995,4.032984473834398
9607964223.jpg,train,74.6214285714,0.8370273556226566,4.3481094224906265
9609818482.jpg,train,69.1588785047,0.7723642871348447,4.089457148539379
9613563930.jpg,train,74.1407563025,0.8313373860178837,4.325349544071535
9613807416.jpg,test,79.5223214286,0.8950417933132933,4.580167173253173
9615457112.jpg,train,69.2152777778,0.7730319148937846,4.092127659575139
9615940305.jpg,train,69.1014150943,0.7716840626248874,4.08673625049955
9618300510.jpg,train,67.9252336449,0.7577609862799612,4.031043945119845
9618361879.jpg,train,74.4809322034,0.8353642264695427,4.341456905878171
9618367899.jpg,train,72.6946902655,0.8142195443419871,4.256878177367948
9618688199.jpg,train,64.8289473684,0.7211086226200444,3.8844344904801775
9619949433.jpg,val,47.6736111111,0.5180319148934308,3.0721276595737232
9623701556.jpg,val,72.3296460177,0.8098983242326337,4.239593296930535
9625138420.jpg,train,74.575,0.8364777562861615,4.3459110251446464
9625551668.jpg,train,46.9426605505,0.5093792699594438,3.037517079837776
9629455923.jpg,train,51.25625,0.5604414893616406,3.2417659574465625
9629668489.jpg,val,74.4097222222,0.8345212765953766,4.338085106381506
9630240273.jpg,train,56.6701680672,0.6245288753795493,3.498115501518197
9630325643.jpg,test,32.2591743119,0.3355631465934521,2.3422525863738084
9632208628.jpg,train,45.5360169492,0.4927280923192993,2.970912369277197
9633489441.jpg,train,32.2591743119,0.3355631465934521,2.3422525863738084
9634215065.jpg,train,64.2745535714,0.7145459726439527,3.858183890575811
9638117839.jpg,train,59.1880530973,0.6543344003006508,3.6173376012026033
9639418449.jpg,test,69.2956521739,0.7739833487509064,4.095933395003625
9641836616.jpg,train,76.0548780488,0.8539958484692458,4.415983393876983
9642249347.jpg,train,53.25,0.5840425531914242,3.3361702127656967
9642841042.jpg,train,74.1705607477,0.8316901968585491,4.326760787434196
9642860901.jpg,train,69.5826086957,0.7773802035157338,4.109520814062935
9642986357.jpg,train,33.1674311927,0.3463146593797096,2.3852586375188385
9646156379.jpg,val,71.8440366972,0.8041499121601782,4.216599648640713
9646776074.jpg,test,67.5110619469,0.7528582187910645,4.0114328751642585
9648319367.jpg,train,69.9926470588,0.7822340425528161,4.128936170211265
9648549075.jpg,train,73.5537383178,0.8243885464311073,4.2975541857244295
9650165015.jpg,train,54.9103773585,0.603697310317185,3.41478924126874
9650999310.jpg,test,43.6365546218,0.4702431610936008,2.8809726443744035
9651547204.jpg,train,44.8513513514,0.4846233467515328,2.9384933870061314
9652506914.jpg,train,75.9800884956,0.8531105253249828,4.412442101299931
9653610008.jpg,train,73.4254807692,0.8228702945985505,4.291481178394202
9653701546.jpg,train,54.28125,0.5962499999999328,3.384999999999731
9654367147.jpg,val,70.8823529412,0.7927659574469885,4.171063829787954
9654393465.jpg,train,54.8717948718,0.6032405891980284,3.412962356792113
9654462771.jpg,train,79.9539473684,0.9001511758115052,4.60060470324602
9655773082.jpg,train,75.1039823009,0.8427395970627717,4.370958388251086
9656195199.jpg,train,54.4776785714,0.59857522796312,3.39430091185248
9657096738.jpg,train,58.2694174757,0.6434600289192367,3.573840115676947
9657273121.jpg,train,61.6703539823,0.6837186970437796,3.73487478817512
9657446583.jpg,train,67.6111111111,0.7540425531912656,4.016170212765062
9657450632.jpg,train,64.7565789474,0.720251959686737,3.881007838746948
9657756963.jpg,train,74.0825471698,0.8306483340021701,4.32259333600868
965852463.jpg,train,54.9094827586,0.6036867204692392,3.414746881876957
9658774813.jpg,train,59.7543478261,0.6610379278446653,3.644151711378661
9659355544.jpg,train,48.9105504587,0.5326742143273008,3.130696857309203
9660068454.jpg,train,59.9174528302,0.6629686872742433,3.651874749096973
9665243526.jpg,train,71.5833333333,0.8010638297867397,4.204255319146959
96655810.jpg,train,56.61875,0.6239202127658858,3.495680851063544
9665864657.jpg,train,66.4107142857,0.7398328267474611,3.959331306989845
9668766101.jpg,train,28.975,0.2966866537717407,2.186746615086963
9669000594.jpg,train,63.4225663717,0.7044605535682018,3.8178422142728072
9669015372.jpg,train,64.822,0.7210263829786364,3.8841055319145457
9669417942.jpg,train,64.45625,0.7166968085105518,3.866787234042208
9670754375.jpg,train,82.1383495146,0.9260090890315088,4.704036356126036
9671600986.jpg,train,63.8109243697,0.7090577507592262,3.8362310030369047
9673401997.jpg,train,45.5065789474,0.4923796192612414,2.969518477044966
9674243129.jpg,test,63.2155963303,0.7020105406990185,3.808042162796074
967548785.jpg,train,48.5138888889,0.5279787234043305,3.111914893617322
9677255399.jpg,train,37.5118243243,0.397741518113535,2.5909660724541403
9677256773.jpg,val,30.6415929204,0.3164149877617724,2.2656599510470894
9677297702.jpg,train,34.8102678571,0.3657617781149638,2.463047112459855
9678381010.jpg,val,51.237804878,0.5602231447840005,3.240892579136002
9678787326.jpg,train,63.7995689655,0.7089233308874584,3.8356933235498336
9680493700.jpg,train,22.0995575221,0.2152984372055099,1.86119374882204
9681377633.jpg,test,18.0298165138,0.167122779621773,1.668491118487092
9683345746.jpg,train,59.5460526316,0.6585722284436212,3.6342889137744847
9684211981.jpg,test,75.7352941176,0.8502127659567822,4.400851063827129
9685106937.jpg,train,42.175,0.4529419729206519,2.8117678916826074
9686337427.jpg,val,29.9142857143,0.3078054711247679,2.231221884499072
9686480737.jpg,test,26.0019083969,0.2614926100367908,2.0459704401471632
9687081006.jpg,test,66.4701834862,0.7405367948462231,3.9621471793848926
9687603044.jpg,train,38.9352678571,0.4145915653489985,2.658366261395994
9687869732.jpg,train,63.8375,0.7093723404254467,3.837489361701787
9688720350.jpg,train,52.7706422018,0.5783681436653438,3.313472574661376
9689861322.jpg,train,40.2224576271,0.4298287053729806,2.7193148214919223
9690359369.jpg,train,64.8255813953,0.721068777832091,3.884275111328364
9692018769.jpg,train,41.3417431193,0.4430782744489243,2.7723130977956973
9692544079.jpg,train,43.9423076923,0.4738625204581264,2.895450081832505
9694060266.jpg,train,66.6044520548,0.7421262022733642,3.968504809093457
9694884270.jpg,test,54.1011904762,0.5941185410334806,3.3764741641339224
9695487597.jpg,train,73.7767857143,0.8270288753800045,4.308115501520017
9695883869.jpg,train,79.9225663717,0.8997797025043409,4.599118810017364
9699196303.jpg,val,72.1043165468,0.807230981172851,4.228923924691404
9700041426.jpg,train,70.7283653846,0.790943126022633,4.163772504090532
9700460977.jpg,train,66.1160714286,0.7363449848026803,3.945379939210721
9701303901.jpg,train,40.325,0.4310425531914485,2.7241702127657943
9702019166.jpg,test,60.0135135135,0.6641058079353572,3.656423231741429
9702746204.jpg,train,62.4930555556,0.693457446808954,3.773829787235816
9702908989.jpg,train,73.0140186916,0.8179996023066518,4.271998409226607
9703418771.jpg,train,16.0897435897,0.1441571194757573,1.576628477903029
970460687.jpg,test,65.6716101695,0.7310836639019229,3.924334655607692
9707913077.jpg,train,78.5347222222,0.8833510638294113,4.533404255317645
9707926050.jpg,train,28.889380531,0.2956731312373502,2.1826925249494007
9708878805.jpg,train,60.0878378378,0.6649856239212681,3.659942495685073
9709188366.jpg,train,68.3086206897,0.7622993396922932,4.049197358769173
9710495757.jpg,train,80.7242990654,0.909270232650266,4.637080930601064
9710823281.jpg,test,65.2714285714,0.7263465045588443,3.905386018235377
9712051180.jpg,test,69.4357142857,0.7756413373857534,4.102565349543013
9712191760.jpg,test,64.8097345133,0.7208811899832708,3.883524759933083
9712984770.jpg,train,59.4491525424,0.6574251712948709,3.629700685179484
9713017105.jpg,train,70.0101351351,0.7824410580788432,4.129764232315373
9714595106.jpg,test,48.1637168142,0.5238335530036271,3.0953342120145084
9716659455.jpg,train,72.475,0.811618955512471,4.246475822049884
9716988368.jpg,train,72.4790076336,0.8116663959721074,4.246665583888429
9719700871.jpg,train,76.6778846154,0.8613707037643935,4.445482815057574
9719721958.jpg,train,66.5840336134,0.7418844984796156,3.9675379939184623
9720517445.jpg,train,64.6869158879,0.719427321535596,3.877709286142384
9722821291.jpg,test,32.7415254237,0.3412729895416446,2.3650919581665786
9723327327.jpg,train,75.3898305085,0.8461233321314597,4.384493328525839
9723836931.jpg,val,79.1747572816,0.890927494319793,4.5637099772791725
9723956053.jpg,test,64.9,0.7219497098645163,3.887798839458066
9724107986.jpg,train,78.0,0.8770212765956328,4.508085106382531
9724373732.jpg,test,65.8541666667,0.7332446808513694,3.9329787234054776
9725681826.jpg,train,66.4652777778,0.7404787234044282,3.961914893617713
9726620129.jpg,train,72.1918103448,0.8082666911220964,4.2330667644883855
9727569377.jpg,train,70.9776785714,0.7938943768992592,4.175577507597037
9727736297.jpg,train,56.7432432432,0.625393904542257,3.501575618169028
9730872137.jpg,train,54.858490566,0.6030830991564501,3.4123323966258003
9731493509.jpg,test,27.6597222222,0.2811170212763157,2.124468085105263
9732569997.jpg,train,73.7302631579,0.8264781634937994,4.305912653975198
9733980007.jpg,test,43.6495535714,0.4703970364737788,2.881588145895116
9737356732.jpg,train,76.15,0.8551218568664294,4.4204874274657175
9737673243.jpg,test,58.0291262136,0.6406155752943784,3.5624623011775136
9740171796.jpg,train,65.878,0.7335268085105492,3.9341072340421968
9741202505.jpg,train,12.1,0.0969284332688712,1.387713733075485
9742193422.jpg,train,76.2205882353,0.8559574468084717,4.423829787233887
9743636678.jpg,train,29.4004424779,0.301722839390208,2.206891357560832
9753718946.jpg,train,70.4059633028,0.7871266835843048,4.14850673433722
9754442293.jpg,train,72.7636986301,0.8150364325264201,4.26014573010568
9758297555.jpg,train,54.2087155963,0.595391372242401,3.381565488969604
9759154326.jpg,test,60.0783898305,0.664873782906421,3.659495131625684
9760551223.jpg,train,69.6344537815,0.7779939209723991,4.111975683889597
9762345346.jpg,train,71.0154867257,0.794341931839909,4.177367727359636
9762410596.jpg,test,70.9152542373,0.7931554273350582,4.172621709340232
9763431522.jpg,train,82.0721153846,0.9252250409162284,4.7009001636649135
9765112254.jpg,test,59.0296610169,0.6524594302193204,3.6098377208772816
9766865862.jpg,test,48.0872641509,0.5229285427533449,3.0917141710133795
9766930762.jpg,train,42.6216216216,0.4582288671647362,2.832915468658945
9767151984.jpg,train,28.2573529412,0.2881914893619626,2.1527659574478504
9767373513.jpg,train,36.497706422,0.3857368729257691,2.5429474917030763
9767747482.jpg,train,53.5130434783,0.5871563367256518,3.348625346902608
9768426856.jpg,train,56.3618421053,0.620879059350869,3.483516237403476
976846781.jpg,train,11.5206422018,0.090070271324996,1.3602810852999845
9768559232.jpg,train,67.4459459459,0.7520874065548557,4.008349626219423
9768629394.jpg,train,64.9375,0.7223936170211893,3.889574468084757
9768810935.jpg,val,55.2567567568,0.6077975848193043,3.4311903392772174
9769299262.jpg,train,47.563559322,0.5167291741791331,3.0669166967165324
9770742411.jpg,test,70.6,0.7894235976788188,4.157694390715275
9772275331.jpg,train,74.9679487179,0.8411292962349963,4.364517184939985
9774901765.jpg,test,46.6399082569,0.5057954323640246,3.0231817294560983
9777290841.jpg,train,75.4813084112,0.847206204016419,4.388824816065676
9780398791.jpg,test,68.4102564103,0.7635024549922388,4.054009819968956
9784161203.jpg,val,20.25,0.1934042553191459,1.7736170212765838
9784668705.jpg,test,70.9152542373,0.7931554273350582,4.172621709340232
9788787724.jpg,test,28.2027027027,0.2875445658423882,2.150178263369553
9795259723.jpg,train,68.3995535714,0.7633757598779874,4.05350303951195
9795395745.jpg,val,60.1378504673,0.665577649632177,3.662310598528708
97984449.jpg,test,47.0336134454,0.5104559270518768,3.0418237082075072
9802094923.jpg,train,13.8495575221,0.1176388627374404,1.4705554509497618
9805144264.jpg,train,55.0141509434,0.6049257326374711,3.4197029305498843
9806684784.jpg,train,64.3243243243,0.715135135134761,3.860540540539044
9808126155.jpg,train,29.0802752294,0.2979328518451022,2.1917314073804093
9813135.jpg,train,45.8771551724,0.4967663242844516,2.987065297137806
9814999.jpg,train,47.7962184874,0.5194832826747767,3.077933130699107
9819586584.jpg,train,72.56875,0.8127287234041536,4.250914893616614
9821930934.jpg,train,68.3378378378,0.7626451983893375,4.05058079355735
9822554264.jpg,train,57.925,0.6393829787233302,3.5575319148933207
9822707366.jpg,train,74.0277777778,0.8300000000001586,4.320000000000634
9822906336.jpg,train,52.4642857143,0.5747416413374913,3.298966565349965
9823089054.jpg,train,32.6369565217,0.3400351526359582,2.3601406105438327
9823108104.jpg,val,69.9027777778,0.7811702127661239,4.124680851064495
9823593036.jpg,train,67.1434782609,0.7485069380206203,3.994027752082481
9826425224.jpg,val,64.1526548673,0.7131029937869084,3.852411975147634
9829643193.jpg,test,69.1554054054,0.7723231742379086,4.0892926969516346
9831633846.jpg,val,65.1584821429,0.7250094984806628,3.900037993922651
9834223025.jpg,test,57.0405405405,0.6289131684870842,3.515652673948337
9835851375.jpg,train,67.657079646,0.7545867068345691,4.018346827338276
9842027236.jpg,train,74.9033613445,0.8403647416407837,4.361458966563134
9842476936.jpg,train,71.2364864865,0.7969580218516996,4.187832087406799
9843144115.jpg,train,61.4276315789,0.6808454647250025,3.72338185890001
9844170304.jpg,train,58.5986238532,0.6473570173724276,3.5894280694897103
9847211516.jpg,train,62.1934782609,0.6899111933397787,3.7596447733591134
9849484955.jpg,val,45.4910714286,0.4921960486325065,2.968784194530026
9859562873.jpg,test,36.2834821429,0.3832009878424193,2.5328039513696776
9866104216.jpg,train,49.8310810811,0.5435710178265022,3.1742840713060088
9866692876.jpg,test,68.1092436975,0.7599392097265992,4.039756838906397
9873105273.jpg,train,64.3223684211,0.7151119820833413,3.860447928333365
9876829794.jpg,train,72.2369565217,0.808801110082692,4.235204440330768
9877013785.jpg,train,69.1491596639,0.7722492401218931,4.088996960487572
9877078626.jpg,test,75.8846153846,0.8519803600651764,4.407921440260706
9878706283.jpg,train,49.1487068966,0.5354933969190759,3.141973587676304
9884648494.jpg,test,71.8940677966,0.804742156508975,4.2189686260359
9884831806.jpg,train,66.0917431193,0.736056997853133,3.944227991412532
9895608016.jpg,test,52.0197368421,0.5694792833145444,3.277917133258178
9895678845.jpg,val,57.7476635514,0.6372837542253963,3.549135016901585
9898091624.jpg,train,50.2027027027,0.5479700977572404,3.191880391028961
9905421695.jpg,train,59.5530973451,0.6586556204100041,3.634622481640017
9905676544.jpg,train,53.6428571429,0.5886930091189824,3.354772036475929
9906667675.jpg,test,35.468220339,0.3735503065273958,2.494201226109583
9910043795.jpg,test,72.8407079646,0.8159480323854916,4.263792129541967
9910216783.jpg,test,78.4623893805,0.8824948220669279,4.529979288267711
9913105155.jpg,test,72.452173913,0.8113487511557206,4.245395004622882
9915601385.jpg,test,65.6602564103,0.7309492635028823,3.923797054011529
9916890605.jpg,test,56.1285046729,0.6181169218532137,3.4724676874128546
9919248523.jpg,train,68.35,0.7627891682784362,4.051156673113745
9923517944.jpg,train,55.1843220339,0.6069401370356526,3.4277605481426106
9923882853.jpg,test,54.6949152542,0.6011467724481022,3.404587089792409
9923967865.jpg,train,81.50625,0.9185265957445624,4.674106382978249
9925803176.jpg,test,46.5197368421,0.5043729003358314,3.017491601343325
9927178013.jpg,train,34.1473214286,0.3579141337389109,2.431656534955644
992920521.jpg,train,65.7364864865,0.7318516388729867,3.9274065554919466
9932883805.jpg,train,70.4663865546,0.7878419452883976,4.15136778115359
9933953566.jpg,train,65.9778761062,0.734709094332491,3.938836377329964
9934338535.jpg,train,72.9369158879,0.8170868960036656,4.268347584014663
9935149655.jpg,test,53.6730769231,0.5890507364977521,3.3562029459910083
99355212.jpg,train,61.2045454545,0.6782046773336529,3.712818709334611
9935622.jpg,train,39.8728813559,0.4256905878106137,2.702762351242455
9936084895.jpg,test,61.6486486486,0.6834617596313155,3.733847038525262
9937341544.jpg,train,79.0946601942,0.8899793431111124,4.559917372444449
9941134286.jpg,val,65.9048672566,0.7338448503101469,3.935379401240588
9941646054.jpg,train,53.9059633028,0.5918075346481656,3.3672301385926624
9942057643.jpg,train,75.8487903226,0.8515562800275749,4.4062251201103
9942195273.jpg,train,74.8783783784,0.8400690051755381,4.360276020702152
9945099433.jpg,val,50.4329268293,0.5506953814222147,3.202781525688859
9947368873.jpg,train,72.4576923077,0.8114140752864053,4.245656301145621
9954707815.jpg,val,56.1631355932,0.6185268662095695,3.474107464838278
9960023395.jpg,val,65.474789916,0.7287537993924069,3.915015197569628
9961801436.jpg,train,28.7156862745,0.2936170212764608,2.174468085105844
9962870083.jpg,train,50.0619469027,0.546303897571554,3.185215590286216
9967844514.jpg,train,65.2548076923,0.7261497545006395,3.904599018002558
9973079444.jpg,train,58.75,0.6491489361701371,3.5965957446805485
9975733946.jpg,train,69.1858974359,0.7726841243861872,4.090736497544748
9977056676.jpg,test,46.3013392857,0.5017876139815417,3.007150455926167
9977191265.jpg,test,74.4716981132,0.8352549177035389,4.341019670814156
9978257554.jpg,train,67.6,0.7539110251449753,4.015644100579902
9984535544.jpg,test,70.0200892857,0.7825588905772416,4.130235562308966
9991658304.jpg,train,79.3378378378,0.8928579643467637,4.571431857387054
9991999836.jpg,test,78.0924369748,0.878115501519764,4.512462006079057
9995874256.jpg,train,68.0951327434,0.7597721709662666,4.039088683865066
9996001596.jpg,train,67.2190265487,0.7494012427040554,3.9976049708162216
