image_id,split,native_score,quality_score,mos
I01_01_1.bmp,train,5.51429,0.7561629806637244,4.024651922654898
i01_01_2.bmp,train,5.56757,0.7638051197168049,4.05522047886722
i01_01_3.bmp,train,4.94444,0.674427377446797,3.697709509787188
i01_01_4.bmp,train,4.37838,0.5932353873494486,3.3729415493977943
i01_01_5.bmp,train,3.86486,0.5195793954849991,3.0783175819399964
i01_02_1.bmp,train,6.028569999999999,0.8299279820191713,4.319711928076686
i01_02_2.bmp,train,6.10811,0.8413366858532934,4.365346743413173
i01_02_3.bmp,train,5.38889,0.7381764146491545,3.952705658596618
i01_02_4.bmp,train,4.71429,0.6414161480348889,3.565664592139556
i01_02_5.bmp,train,4.36111,0.5907582901000736,3.3630331604002945
i01_03_1.bmp,train,4.7714300000000005,0.6496119405554035,3.598447762221614
i01_03_2.bmp,train,4.27027,0.5777287872550694,3.310915149020277
i01_03_3.bmp,train,3.7027,0.4963202125111341,2.9852808500445365
i01_03_4.bmp,train,3.19444,0.4234186810712191,2.693674724284876
i01_03_5.bmp,train,2.71429,0.3545490664627998,2.4181962658512
i01_04_1.bmp,train,5.971430000000001,0.8217321894986569,4.286928757994628
i01_04_2.bmp,train,5.75676,0.7909413112981166,4.163765245192467
i01_04_3.bmp,train,5.27027,0.7211623280411139,3.884649312164456
i01_04_4.bmp,train,5.24324,0.7172853194336671,3.869141277734669
i01_04_5.bmp,train,4.71429,0.6414161480348889,3.565664592139556
i01_05_1.bmp,train,5.91892,0.8142004942719816,4.256801977087926
i01_05_2.bmp,train,5.7027,0.7831872940832231,4.132749176332892
i01_05_3.bmp,train,5.08333,0.6943488619265707,3.777395447706283
i01_05_4.bmp,train,4.13889,0.5588844886665988,3.235537954666395
i01_05_5.bmp,train,3.13889,0.4154509478805543,2.661803791522217
i01_06_1.bmp,train,4.0,0.5389630041868251,3.1558520167473003
i01_06_2.bmp,train,3.89189,0.5234564040924459,3.0938256163697835
i01_06_3.bmp,train,3.72973,0.5001972211185809,3.000788884474324
i01_06_4.bmp,train,3.48571,0.4651965684959703,2.860786273983881
i01_06_5.bmp,train,2.94444,0.3875602958747079,2.550241183498832
i01_07_1.bmp,train,5.08333,0.6943488619265707,3.777395447706283
i01_07_2.bmp,train,4.75,0.6465381597763585,3.586152639105434
i01_07_3.bmp,train,4.0,0.5389630041868251,3.1558520167473003
i01_07_4.bmp,train,3.22222,0.4274032648342554,2.7096130593370216
i01_07_5.bmp,train,2.19444,0.2799851402851746,2.1199405611406985
i01_08_1.bmp,train,5.18919,0.7095327365541814,3.8381309462167255
i01_08_2.bmp,train,4.47222,0.6066951908168111,3.4267807632672445
i01_08_3.bmp,train,3.4864900000000003,0.4653084466577834,2.861233786631134
i01_08_4.bmp,train,3.0,0.3955294634007806,2.582117853603122
i01_08_5.bmp,train,2.11111,0.2680328233314735,2.072131293325894
i01_09_1.bmp,train,6.08333,0.8377824027126153,4.351129610850461
i01_09_2.bmp,train,5.16667,0.7063026132156797,3.825210452862719
i01_09_3.bmp,train,4.42857,0.6004343167615002,3.4017372670460007
i01_09_4.bmp,train,2.81081,0.3683932718194688,2.473573087277876
i01_09_5.bmp,train,1.54054,0.1861939479651801,1.7447757918607203
i01_10_1.bmp,train,5.97297,0.8219530771514674,4.2878123086058695
i01_10_2.bmp,train,5.94595,0.8180775028794284,4.272310011517714
i01_10_3.bmp,train,4.91667,0.6704442280191685,3.681776912076674
i01_10_4.bmp,train,3.21622,0.4265426635895391,2.7061706543581563
i01_10_5.bmp,train,2.08108,0.2637255141016686,2.0549020564066742
I01_11_1.bmp,train,5.91429,0.8135363969781423,4.25414558791257
i01_11_2.bmp,train,5.675680000000001,0.7793117198111843,4.117246879244737
i01_11_3.bmp,train,4.69444,0.6385689922502858,3.5542759690011434
i01_11_4.bmp,train,3.67568,0.4924446382390951,2.9697785529563805
i01_11_5.bmp,train,1.45946,0.1745643564782476,1.6982574259129906
i01_12_1.bmp,train,5.94595,0.8180775028794284,4.272310011517714
i01_12_2.bmp,train,5.86486,0.806446477057088,4.225785908228352
i01_12_3.bmp,train,4.21622,0.5699762043755836,3.2799048175023344
i01_12_4.bmp,train,3.83333,0.5150569359440151,3.0602277437760605
i01_12_5.bmp,train,3.43243,0.4575544294428898,2.83021771777156
I01_13_1.bmp,train,5.45946,0.7482985196224257,3.993194078489703
i01_13_2.bmp,train,3.91429,0.5266693154060532,3.106677261624213
i01_13_3.bmp,train,3.2777800000000004,0.4353724323603281,2.7414897294413123
i01_13_4.bmp,train,3.16667,0.4194355316435906,2.6777421265743624
i01_13_5.bmp,train,3.10811,0.4110360634951598,2.6441442539806395
i01_14_1.bmp,train,5.69444,0.7820025330363304,4.128010132145322
i01_14_2.bmp,train,6.05405,0.8335826686383998,4.334330674553599
i01_14_3.bmp,train,5.75676,0.7909413112981166,4.163765245192467
i01_14_4.bmp,train,5.55556,0.7620824828919645,4.048329931567858
i01_14_5.bmp,train,4.4705900000000005,0.6064613941453298,3.4258455765813194
i01_15_1.bmp,train,2.83333,0.3716233951579706,2.4864935806318824
i01_15_2.bmp,train,2.82857,0.370940651503829,2.483762606015316
i01_15_3.bmp,train,3.10811,0.4110360634951598,2.6441442539806395
i01_15_4.bmp,train,3.58333,0.4791985507475039,2.916794202990016
i01_15_5.bmp,train,3.89189,0.5234564040924459,3.0938256163697835
i01_16_1.bmp,train,5.80556,0.7979408680884756,4.191763472353903
i01_16_2.bmp,train,6.05405,0.8335826686383998,4.334330674553599
i01_16_3.bmp,train,4.88889,0.6664596442561322,3.665838577024529
i01_16_4.bmp,train,5.02778,0.686381128735906,3.745524514943624
i01_16_5.bmp,train,4.19444,0.5668522218572636,3.2674088874290543
i01_17_1.bmp,train,5.35135,0.7327919195280463,3.931167678112186
i01_17_2.bmp,train,6.62162,0.9149912433823352,4.659964973529341
i01_17_3.bmp,train,4.08108,0.5505925956737576,3.2023703826950305
i01_17_4.bmp,train,6.24324,0.8607188602197116,4.442875440878846
i01_17_5.bmp,train,2.97143,0.3914315671405233,2.565726268562093
i01_18_1.bmp,train,4.62162,0.6281241618102461,3.5124966472409844
i01_18_2.bmp,train,4.22222,0.5708368056202999,3.2833472224812
i01_18_3.bmp,train,3.771430000000001,0.5061783997693591,3.0247135990774363
i01_18_4.bmp,train,3.47222,0.4632616500307666,2.8530466001230663
i01_18_5.bmp,train,3.41667,0.4552939168401017,2.821175667360407
i01_19_1.bmp,train,5.94444,0.8178609182328416,4.271443672931366
i01_19_2.bmp,train,5.47222,0.7501287316028555,4.000514926411422
i01_19_3.bmp,train,5.08108,0.6940261364598022,3.7761045458392086
i01_19_4.bmp,train,4.52778,0.6146643583428837,3.4586574333715348
i01_19_5.bmp,train,3.94444,0.5309938366607525,3.12397534664301
i01_20_1.bmp,train,5.85714,0.8053391701222199,4.22135668048888
i01_20_2.bmp,train,5.83333,0.8019240175161041,4.207696070064417
i01_20_3.bmp,train,6.02778,0.8298146695219505,4.319258678087802
i01_20_4.bmp,train,5.08333,0.6943488619265707,3.777395447706283
i01_20_5.bmp,train,4.33333,0.5867737063370373,3.347094825348149
i01_21_1.bmp,train,5.7027,0.7831872940832231,4.132749176332892
i01_21_2.bmp,train,5.27778,0.722239513932417,3.888958055729668
i01_21_3.bmp,train,4.675680000000001,0.6358781790251398,3.543512716100559
i01_21_4.bmp,train,4.05714,0.5471587967073398,3.188635186829359
i01_21_5.bmp,train,3.05405,0.4032820462802663,2.6131281851210653
i01_22_1.bmp,train,5.55556,0.7620824828919645,4.048329931567858
i01_22_2.bmp,train,5.18919,0.7095327365541814,3.8381309462167255
i01_22_3.bmp,train,4.30556,0.5827905569094088,3.331162227637636
i01_22_4.bmp,train,3.16216,0.4187886463746456,2.675154585498582
i01_22_5.bmp,train,2.19444,0.2799851402851746,2.1199405611406985
i01_23_1.bmp,train,6.28571,0.8668104826968949,4.46724193078758
i01_23_2.bmp,train,5.61111,0.7700502160826292,4.080200864330517
i01_23_3.bmp,train,5.77778,0.7939562843254393,4.175825137301757
i01_23_4.bmp,train,4.80556,0.6545073273024311,3.618029309209725
i01_23_5.bmp,train,2.40541,0.3102453143848063,2.240981257539225
i01_24_1.bmp,train,5.7027,0.7831872940832231,4.132749176332892
i01_24_2.bmp,train,5.58333,0.766065632319593,4.064262529278372
i01_24_3.bmp,train,5.10811,0.6979031450672489,3.791612580268996
i01_24_4.bmp,train,3.08108,0.4071590548877131,2.6286362195508524
i01_24_5.bmp,train,0.45946,0.0311308156922031,1.1245232627688124
I02_01_1.bmp,train,5.74286,0.7889475850811907,4.155790340324763
i02_01_2.bmp,train,5.34286,0.7315741687667728,3.9262966750670913
i02_01_3.bmp,train,5.22222,0.7142703464063445,3.857081385625378
i02_01_4.bmp,train,4.19444,0.5668522218572636,3.2674088874290543
i02_01_5.bmp,train,3.97297,0.5350859955793783,3.140343982317513
i02_02_1.bmp,train,6.05556,0.8337992532849867,4.335197013139947
i02_02_2.bmp,train,6.05405,0.8335826686383998,4.334330674553599
i02_02_3.bmp,train,5.88889,0.8098931850421767,4.239572740168707
i02_02_4.bmp,train,5.2973,0.7250393366485607,3.9001573465942414
i02_02_5.bmp,train,4.38889,0.59474287386311,3.37897149545244
i02_03_1.bmp,train,4.8,0.6537098368156606,3.6148393472626426
i02_03_2.bmp,train,4.43243,0.6009879702289344,3.4039518809157374
i02_03_3.bmp,train,3.83784,0.5157038212129601,3.0628152848518404
i02_03_4.bmp,train,3.5277800000000004,0.4712308175568392,2.8849232702273566
i02_03_5.bmp,train,2.91892,0.3838998719138481,2.5355994876553924
i02_04_1.bmp,train,6.28571,0.8668104826968949,4.46724193078758
i02_04_2.bmp,train,6.16216,0.8490892687327791,4.3963570749311165
i02_04_3.bmp,train,5.19444,0.7102857626433081,3.841143050573233
i02_04_4.bmp,train,4.74286,0.6455140442951461,3.582056177180585
i02_04_5.bmp,train,4.28571,0.5799434011248059,3.319773604499224
i02_05_1.bmp,train,6.11765,0.8427050418323923,4.370820167329569
i02_05_2.bmp,train,6.11111,0.8417669864756515,4.367067945902607
i02_05_3.bmp,train,5.43243,0.7444215110149789,3.977686044059916
i02_05_4.bmp,train,4.37838,0.5932353873494486,3.3729415493977943
i02_05_5.bmp,train,3.41667,0.4552939168401017,2.821175667360407
i02_06_1.bmp,train,4.55556,0.61864894210592,3.47459576842368
i02_06_2.bmp,train,4.27778,0.5788059731463725,3.31522389258549
i02_06_3.bmp,train,3.72973,0.5001972211185809,3.000788884474324
i02_06_4.bmp,train,3.48571,0.4651965684959703,2.860786273983881
i02_06_5.bmp,train,3.10811,0.4110360634951598,2.6441442539806395
i02_07_1.bmp,train,5.91429,0.8135363969781423,4.25414558791257
i02_07_2.bmp,train,5.58333,0.766065632319593,4.064262529278372
i02_07_3.bmp,train,3.76471,0.5052145263752768,3.020858105501107
i02_07_4.bmp,train,3.75676,0.5040742297260277,3.0162969189041107
i02_07_5.bmp,train,2.85714,0.3750385477640862,2.500154191056345
i02_08_1.bmp,train,6.10811,0.8413366858532934,4.365346743413173
i02_08_2.bmp,train,5.16667,0.7063026132156797,3.825210452862719
i02_08_3.bmp,train,4.54286,0.6168273361379373,3.467309344551749
i02_08_4.bmp,train,3.83784,0.5157038212129601,3.0628152848518404
i02_08_5.bmp,train,3.02703,0.3994064720082274,2.5976258880329093
i02_09_1.bmp,train,6.0,0.8258300857589141,4.303320343035656
i02_09_2.bmp,train,5.51429,0.7561629806637244,4.024651922654898
i02_09_3.bmp,train,4.52778,0.6146643583428837,3.4586574333715348
i02_09_4.bmp,train,3.64865,0.4885676296316483,2.9542705185265934
i02_09_5.bmp,train,2.41667,0.3118603760540572,2.247441504216229
i02_10_1.bmp,train,6.0,0.8258300857589141,4.303320343035656
i02_10_2.bmp,train,5.97222,0.8218455019958778,4.287382007983512
i02_10_3.bmp,train,5.43243,0.7444215110149789,3.977686044059916
i02_10_4.bmp,train,3.5,0.4672462337938028,2.8689849351752112
i02_10_5.bmp,train,2.71429,0.3545490664627998,2.4181962658512
I02_11_1.bmp,train,5.91667,0.813877768805213,4.255511075220852
i02_11_2.bmp,train,4.80556,0.6545073273024311,3.618029309209725
i02_11_3.bmp,train,2.97297,0.3916524547933338,2.566609819173335
i02_11_4.bmp,train,1.91892,0.2404663311278036,1.9618653245112143
i02_11_5.bmp,train,1.27778,0.148505350788239,1.594021403152956
i02_12_1.bmp,train,5.30556,0.7262240976954534,3.9048963907818135
i02_12_2.bmp,train,4.43243,0.6009879702289344,3.4039518809157374
i02_12_3.bmp,train,3.08108,0.4071590548877131,2.6286362195508524
i02_12_4.bmp,train,2.67568,0.3490110974530506,2.396044389812203
i02_12_5.bmp,train,2.37143,0.3053714426688966,2.221485770675587
I02_13_1.bmp,train,4.47222,0.6066951908168111,3.4267807632672445
i02_13_2.bmp,train,4.0,0.5389630041868251,3.1558520167473003
i02_13_3.bmp,train,3.38889,0.4513093330770654,2.8052373323082618
i02_13_4.bmp,train,2.89189,0.3800228633064013,2.5200914532256053
i02_13_5.bmp,train,3.61111,0.4831831345105403,2.932732538042161
i02_14_1.bmp,train,5.75,0.789971700562403,4.159886802249612
i02_14_2.bmp,train,6.08108,0.8374596772458466,4.349838708983386
i02_14_3.bmp,train,5.11429,0.6987895643493066,3.7951582573972265
i02_14_4.bmp,train,5.31429,0.7274762725065155,3.909905090026062
i02_14_5.bmp,train,4.21622,0.5699762043755836,3.2799048175023344
i02_15_1.bmp,train,3.4,0.4529028797151984,2.811611518860793
i02_15_2.bmp,train,3.62162,0.4846906210242016,2.9387624840968063
i02_15_3.bmp,train,3.83333,0.5150569359440151,3.0602277437760605
i02_15_4.bmp,train,3.83784,0.5157038212129601,3.0628152848518404
i02_15_5.bmp,train,4.2,0.567649712344034,3.270598849376136
i02_16_1.bmp,train,5.94595,0.8180775028794284,4.272310011517714
i02_16_2.bmp,train,6.08333,0.8377824027126153,4.351129610850461
i02_16_3.bmp,train,5.324319999999999,0.7289149109205995,3.915659643682398
i02_16_4.bmp,train,5.13889,0.7023180294526433,3.809272117810573
i02_16_5.bmp,train,4.56757,0.6203715789307603,3.4814863157230413
i02_17_1.bmp,train,5.91667,0.813877768805213,4.255511075220852
i02_17_2.bmp,train,5.68571,0.7807503582252683,4.123001432901074
i02_17_3.bmp,train,4.83784,0.6591373619990046,3.6365494479960185
i02_17_4.bmp,train,4.7714300000000005,0.6496119405554035,3.598447762221614
i02_17_5.bmp,train,3.91667,0.527010687233124,3.108042748932496
i02_18_1.bmp,train,5.97222,0.8218455019958778,4.287382007983512
i02_18_2.bmp,train,5.59459,0.7676806939888439,4.070722775955376
i02_18_3.bmp,train,4.82857,0.657807733075918,3.631230932303672
i02_18_4.bmp,train,4.91892,0.6707669534859372,3.6830678139437487
i02_18_5.bmp,train,4.54286,0.6168273361379373,3.467309344551749
i02_19_1.bmp,train,5.77778,0.7939562843254393,4.175825137301757
i02_19_2.bmp,train,5.43243,0.7444215110149789,3.977686044059916
i02_19_3.bmp,train,4.83333,0.6584904767300596,3.6339619069202382
i02_19_4.bmp,train,4.22222,0.5708368056202999,3.2833472224812
i02_19_5.bmp,train,3.75676,0.5040742297260277,3.0162969189041107
i02_20_1.bmp,train,6.05405,0.8335826686383998,4.334330674553599
i02_20_2.bmp,train,6.17143,0.8504188976558658,4.401675590623463
i02_20_3.bmp,train,5.30556,0.7262240976954534,3.9048963907818135
i02_20_4.bmp,train,4.0,0.5389630041868251,3.1558520167473003
i02_20_5.bmp,train,2.80556,0.3676402457303421,2.470560982921368
i02_21_1.bmp,train,5.97297,0.8219530771514674,4.2878123086058695
i02_21_2.bmp,train,5.2973,0.7250393366485607,3.9001573465942414
i02_21_3.bmp,train,4.6,0.6250231286584518,3.500092514633807
i02_21_4.bmp,train,3.2777800000000004,0.4353724323603281,2.7414897294413123
i02_21_5.bmp,train,2.36111,0.3038912085279846,2.2155648341119383
i02_22_1.bmp,train,5.51351,0.7560511025019113,4.024204410007645
i02_22_2.bmp,train,5.24324,0.7172853194336671,3.869141277734669
i02_22_3.bmp,train,4.48571,0.6086301092820148,3.434520437128059
i02_22_4.bmp,train,3.80556,0.5110737865163866,3.0442951460655463
i02_22_5.bmp,train,2.22222,0.2839697240482109,2.135878896192844
i02_23_1.bmp,train,6.77778,0.9373898251114838,4.749559300445935
i02_23_2.bmp,train,5.54054,0.7599281111093581,4.039712444437432
i02_23_3.bmp,train,3.44444,0.4592770662677302,2.837108265070921
i02_23_4.bmp,train,2.16216,0.2753551055886011,2.1014204223544044
i02_23_5.bmp,train,0.81081,0.0815261902473798,1.3261047609895191
i02_24_1.bmp,train,6.08108,0.8374596772458466,4.349838708983386
i02_24_2.bmp,train,4.91667,0.6704442280191685,3.681776912076674
i02_24_3.bmp,train,3.0,0.3955294634007806,2.582117853603122
i02_24_4.bmp,train,2.11111,0.2680328233314735,2.072131293325894
i02_24_5.bmp,train,0.89189,0.0931557817343123,1.3726231269372493
I03_01_1.bmp,train,5.76923,0.7927299275517187,4.170919710206874
i03_01_2.bmp,train,5.10526,0.6974943594760087,3.7899774379040334
i03_01_3.bmp,train,4.68421,0.6371016671280446,3.5484066685121785
i03_01_4.bmp,train,4.25,0.5748213893833363,3.299285557533345
i03_01_5.bmp,train,3.925,0.5282054886278718,3.112821954511487
i03_02_1.bmp,train,6.18421,0.8522519783071114,4.409007913228446
i03_02_2.bmp,train,6.28205,0.8662855159376179,4.465142063750472
i03_02_3.bmp,train,5.25,0.7182549301693808,3.873019720677523
i03_02_4.bmp,train,5.0,0.6823965449728696,3.7295861798914784
i03_02_5.bmp,train,4.6,0.6250231286584518,3.500092514633807
i03_03_1.bmp,train,4.65,0.6321948056977541,3.5287792227910164
i03_03_2.bmp,train,4.076919999999999,0.5499959121440876,3.1999836485763504
i03_03_3.bmp,train,3.85,0.5174479730689184,3.0697918922756737
i03_03_4.bmp,train,3.28205,0.4359848935794844,2.743939574317938
i03_03_5.bmp,train,2.89474,0.3804316488976416,2.5217265955905663
i03_04_1.bmp,train,6.38462,0.8809974942160426,4.52398997686417
i03_04_2.bmp,train,5.65789,0.7767600371206005,4.107040148482402
i03_04_3.bmp,train,5.225,0.7146690916497296,3.8586763665989183
i03_04_4.bmp,train,4.6,0.6250231286584518,3.500092514633807
i03_04_5.bmp,train,3.575,0.4780037493527562,2.912014997411025
i03_05_1.bmp,train,6.5,0.8975468561519364,4.590187424607746
i03_05_2.bmp,train,5.6315800000000005,0.7729863006625197,4.091945202650079
i03_05_3.bmp,train,5.3,0.7254266072086829,3.901706428834732
i03_05_4.bmp,train,4.30769,0.5830960703512832,3.3323842814051328
i03_05_5.bmp,train,3.4736800000000003,0.4634710630003142,2.853884252001257
i03_06_1.bmp,train,4.81579,0.6559746524246723,3.62389860969869
i03_06_2.bmp,train,4.53846,0.6161962285584786,3.464784914233914
i03_06_3.bmp,train,4.1,0.5533063582654295,3.213225433061718
i03_06_4.bmp,train,3.75,0.503104618990314,3.012418475961256
i03_06_5.bmp,train,3.5,0.4672462337938028,2.8689849351752112
i03_07_1.bmp,train,4.97436,0.6787189089871154,3.7148756359484616
i03_07_2.bmp,train,4.1,0.5533063582654295,3.213225433061718
i03_07_3.bmp,train,3.84615,0.5168957539368922,3.067583015747569
i03_07_4.bmp,train,3.825,0.5138621345492673,3.0554485381970693
i03_07_5.bmp,train,3.615380000000001,0.4837955957296968,2.9351823829187875
i03_08_1.bmp,train,6.34211,0.8749001343972278,4.499600537588911
i03_08_2.bmp,train,5.6,0.7684566694444963,4.073826677777985
i03_08_3.bmp,train,4.47368,0.6069046037863587,3.4276184151454347
i03_08_4.bmp,train,3.75,0.503104618990314,3.012418475961256
i03_08_5.bmp,train,2.95,0.3883577863614784,2.5534311454459138
i03_09_1.bmp,train,6.65,0.9190618872698432,4.676247549079372
i03_09_2.bmp,train,6.25641,0.8626078799518637,4.450431519807455
i03_09_3.bmp,train,5.475,0.7505274768462407,4.002109907384963
i03_09_4.bmp,train,3.74359,0.5021852099938755,3.008740839975502
i03_09_5.bmp,train,2.47368,0.3200375222142696,2.2801500888570785
i03_10_1.bmp,train,6.23684,0.859800885558681,4.439203542234724
i03_10_2.bmp,train,5.66667,0.7780193836087019,4.112077534434808
i03_10_3.bmp,train,5.05128,0.689751816944378,3.759007267777512
i03_10_4.bmp,train,3.3,0.4385595256365939,2.754238102546376
i03_10_5.bmp,train,2.48718,0.3219738750148812,2.287895500059525
I03_11_1.bmp,train,5.36842,0.7352403300692641,3.9409613202770566
i03_11_2.bmp,train,4.076919999999999,0.5499959121440876,3.1999836485763504
i03_11_3.bmp,train,2.84615,0.3734622131508476,2.4938488526033904
i03_11_4.bmp,train,1.82051,0.226351036379049,1.905404145516196
i03_11_5.bmp,train,0.7,0.0656323195928782,1.262529278371513
i03_12_1.bmp,train,5.41026,0.7412415894157522,3.964966357663009
i03_12_2.bmp,train,4.07895,0.5502870822318833,3.201148328927533
i03_12_3.bmp,train,2.84211,0.372882741646072,2.491530966584288
i03_12_4.bmp,train,3.1,0.4098728174793851,2.6394912699175404
i03_12_5.bmp,train,2.4,0.3094693389291539,2.2378773557166154
I03_13_1.bmp,train,5.12821,0.7007861592370485,3.803144636948194
i03_13_2.bmp,train,3.64103,0.4874746660508587,2.949898664203435
i03_13_3.bmp,train,3.925,0.5282054886278718,3.112821954511487
i03_13_4.bmp,train,2.925,0.3847719478418272,2.539087791367309
i03_13_5.bmp,train,2.42105,0.3124886149627001,2.249954459850801
i03_14_1.bmp,train,5.076919999999999,0.693429452930132,3.773717811720528
i03_14_2.bmp,train,6.0,0.8258300857589141,4.303320343035656
i03_14_3.bmp,train,4.85,0.6608815138549629,3.6435260554198514
i03_14_4.bmp,train,4.46154,0.6051633206012161,3.4206532824048645
i03_14_5.bmp,train,3.5,0.4672462337938028,2.8689849351752112
i03_15_1.bmp,train,3.725,0.4995187804706629,2.998075121882652
i03_15_2.bmp,train,4.05,0.5461346812261273,3.184538724904509
i03_15_3.bmp,train,4.025,0.5425488427064763,3.170195370825905
i03_15_4.bmp,train,4.28205,0.579418434365529,3.317673737462116
i03_15_5.bmp,train,4.79487,0.6529740227514284,3.6118960910057134
i03_16_1.bmp,train,6.8205100000000005,0.9435187403092716,4.774074961237087
i03_16_2.bmp,train,6.525,0.9011326946715876,4.60453077868635
i03_16_3.bmp,train,5.975,0.8222442472392629,4.288976988957051
i03_16_4.bmp,train,6.075,0.8365876013178675,4.34635040527147
i03_16_5.bmp,train,5.02564,0.6860741809586238,3.7442967238344953
i03_17_1.bmp,train,6.28205,0.8662855159376179,4.465142063750472
i03_17_2.bmp,train,6.75,0.9334052413484476,4.73362096539379
i03_17_3.bmp,train,5.2,0.7110832531300786,3.8443330125203135
i03_17_4.bmp,train,6.575,0.9083043717108896,4.633217486843559
i03_17_5.bmp,train,3.79487,0.5095404819653838,3.038161927861536
i03_18_1.bmp,train,5.76923,0.7927299275517187,4.170919710206874
i03_18_2.bmp,train,5.71795,0.7853746555802102,4.1414986223208405
i03_18_3.bmp,train,5.5641,0.7633074053302773,4.053229621321109
i03_18_4.bmp,train,5.0,0.6823965449728696,3.7295861798914784
i03_18_5.bmp,train,4.65789,0.633326496334556,3.533305985338224
i03_19_1.bmp,train,5.51282,0.7559521333587689,4.023808533435076
i03_19_2.bmp,train,5.02564,0.6860741809586238,3.7442967238344953
i03_19_3.bmp,train,4.7,0.6393664827370563,3.5574659309482253
i03_19_4.bmp,train,4.30769,0.5830960703512832,3.3323842814051328
i03_19_5.bmp,train,3.69231,0.4948299380223671,2.9793197520894683
i03_20_1.bmp,train,5.84211,0.8031833640042055,4.212733456016823
i03_20_2.bmp,train,5.46154,0.7485968613872607,3.994387445549042
i03_20_3.bmp,train,4.15789,0.5616097259415337,3.2464389037661348
i03_20_4.bmp,train,3.17949,0.4212743496364677,2.685097398545871
i03_20_5.bmp,train,2.825,0.3704285937632228,2.481714375052891
i03_21_1.bmp,train,5.23684,0.7163673447726364,3.8654693790905457
i03_21_2.bmp,train,4.4359,0.6014856846154619,3.405942738461848
i03_21_3.bmp,train,3.89744,0.5242524602438083,3.0970098409752334
i03_21_4.bmp,train,3.17949,0.4212743496364677,2.685097398545871
i03_21_5.bmp,train,2.1,0.2664392766933406,2.065757106773362
i03_22_1.bmp,train,5.97436,0.8221524497731599,4.28860979909264
i03_22_2.bmp,train,5.358969999999999,0.7338848831088359,3.935539532435344
i03_22_3.bmp,train,5.23077,0.7154967031800651,3.86198681272026
i03_22_4.bmp,train,4.358969999999999,0.5904513423227914,3.3618053692911656
i03_22_5.bmp,train,3.92105,0.5276389261417669,3.1105557045670675
i03_23_1.bmp,train,6.71795,0.9288081963662548,4.71523278546502
i03_23_2.bmp,train,5.84615,0.8037628355089811,4.215051342035924
i03_23_3.bmp,train,3.9,0.5246196501082206,3.0984786004328826
i03_23_4.bmp,train,2.65789,0.3464594147624669,2.385837659049868
i03_23_5.bmp,train,1.975,0.248510084095085,1.99404033638034
i03_24_1.bmp,train,5.74359,0.7890522915659645,4.156209166263858
i03_24_2.bmp,train,4.2051300000000005,0.5683855264082665,3.273542105633066
i03_24_3.bmp,train,2.825,0.3704285937632228,2.481714375052891
i03_24_4.bmp,train,1.81579,0.2256740300665388,1.902696120266156
i03_24_5.bmp,train,0.42105,0.0256215333906111,1.1024861335624443
I04_01_1.bmp,train,5.7619,0.7916785596977569,4.166714238791028
i04_01_2.bmp,train,5.47619,0.7506981627597762,4.002792651039105
i04_01_3.bmp,train,4.92857,0.6721510871545224,3.6886043486180897
i04_01_4.bmp,train,4.26829,0.577444788844313,3.309779155377252
i04_01_5.bmp,train,4.0,0.5389630041868251,3.1558520167473003
i04_02_1.bmp,train,6.275,0.8652743094750764,4.461097237900306
i04_02_2.bmp,train,6.15385,0.8478973360088471,4.391589344035388
i04_02_3.bmp,train,5.682930000000001,0.780351612981883,4.121406451927532
i04_02_4.bmp,train,5.30952,0.7267920945169661,3.907168378067865
i04_02_5.bmp,train,4.53659,0.6159280078372088,3.463712031348835
i04_03_1.bmp,train,4.78049,0.650911448434925,3.6036457937397
i04_03_2.bmp,train,4.21429,0.5696993776418666,3.2787975105674665
i04_03_3.bmp,train,3.9,0.5246196501082206,3.0984786004328826
i04_03_4.bmp,train,3.425,0.4564887182348495,2.825954872939398
i04_03_5.bmp,train,3.02381,0.3989446160068963,2.5957784640275854
i04_04_1.bmp,train,6.125,0.8437592783571697,4.375037113428679
i04_04_2.bmp,train,6.26829,0.864311870416402,4.457247481665608
i04_04_3.bmp,train,6.15,0.8473451168768209,4.389380467507284
i04_04_4.bmp,train,5.47619,0.7506981627597762,4.002792651039105
i04_04_5.bmp,train,4.80952,0.6550753241239439,3.620301296495776
i04_05_1.bmp,train,6.30952,0.8702256353030107,4.480902541212043
i04_05_2.bmp,train,5.90244,0.8118367095198277,4.247346838079311
i04_05_3.bmp,train,5.325,0.7290124457283341,3.916049782913337
i04_05_4.bmp,train,4.47619,0.6072646219737317,3.4290584878949266
i04_05_5.bmp,train,3.70732,0.4969828754695656,2.9879315018782626
i04_06_1.bmp,train,5.02381,0.6858116975789853,3.743246790315941
i04_06_2.bmp,train,4.560980000000001,0.6194263518969805,3.477705407587922
i04_06_3.bmp,train,4.2619,0.5765282485186901,3.3061129940747604
i04_06_4.bmp,train,4.195119999999999,0.566949756664998,3.267799026659992
i04_06_5.bmp,train,3.45,0.4600745567545006,2.8402982270180024
i04_07_1.bmp,train,4.69048,0.6380009954287731,3.5520039817150924
i04_07_2.bmp,train,4.075,0.5497205197457785,3.198882078983114
i04_07_3.bmp,train,3.52381,0.4706613863999186,2.8826455455996745
i04_07_4.bmp,train,3.14286,0.4160203790374749,2.6640815161499
i04_07_5.bmp,train,2.95238,0.3886991581885491,2.554796632754196
i04_08_1.bmp,train,6.30952,0.8702256353030107,4.480902541212043
i04_08_2.bmp,train,5.926830000000001,0.8153350535795993,4.261340214318397
i04_08_3.bmp,train,5.38095,0.7370375523353133,3.948150209341253
i04_08_4.bmp,train,4.375,0.5927505819815918,3.3710023279263672
i04_08_5.bmp,train,3.66667,0.4911523020366128,2.9646092081464515
i04_09_1.bmp,train,6.38095,0.8804710931213579,4.521884372485431
i04_09_2.bmp,train,5.804880000000001,0.7978433332807412,4.191373333122964
i04_09_3.bmp,train,5.048780000000001,0.689393233092413,3.757572932369652
i04_09_4.bmp,train,3.78049,0.5074779076488805,3.029911630595522
i04_09_5.bmp,train,2.5,0.3238126930077583,2.295250772031033
i04_10_1.bmp,train,6.07143,0.8360755435772613,4.344302174309045
i04_10_2.bmp,train,5.97561,0.8223317416991425,4.28932696679657
i04_10_3.bmp,train,5.07143,0.6926420027912168,3.770568011164867
i04_10_4.bmp,train,3.2619,0.4330947077326456,2.7323788309305828
i04_10_5.bmp,train,2.19048,0.2794171434636618,2.1176685738546475
I04_11_1.bmp,train,5.3,0.7254266072086829,3.901706428834732
i04_11_2.bmp,train,4.0,0.5389630041868251,3.1558520167473003
i04_11_3.bmp,train,2.9024400000000004,0.3815360871616941,2.5261443486467767
i04_11_4.bmp,train,2.0,0.2520959226147361,2.0083836904589445
i04_11_5.bmp,train,0.88095,0.091586618798113,1.366346475192452
i04_12_1.bmp,train,6.05,0.8330017627982164,4.332007051192866
i04_12_2.bmp,train,4.64286,0.6311706902165416,3.5246827608661664
i04_12_3.bmp,train,3.92857,0.528717546368478,3.114870185473912
i04_12_4.bmp,train,2.90476,0.3818688529763177,2.5274754119052707
i04_12_5.bmp,train,2.6585400000000003,0.3465526465639779,2.3862105862559115
I04_13_1.bmp,train,4.66667,0.6345858428226574,3.5383433712906296
i04_13_2.bmp,train,3.84615,0.5168957539368922,3.067583015747569
i04_13_3.bmp,train,3.35714,0.4467553181571085,2.787021272628434
i04_13_4.bmp,train,3.46341,0.4619980005364415,2.847992002145766
i04_13_5.bmp,train,2.38095,0.3067369299771797,2.226947719908719
i04_14_1.bmp,train,5.07143,0.6926420027912168,3.770568011164867
i04_14_2.bmp,train,6.40476,0.8838862457274734,4.535544982909894
i04_14_3.bmp,train,6.0,0.8258300857589141,4.303320343035656
i04_14_4.bmp,train,4.40476,0.5970191641553845,3.388076656621538
i04_14_5.bmp,train,3.60976,0.4829894992304791,2.9319579969219163
i04_15_1.bmp,train,3.38095,0.4501704707632242,2.800681883052897
i04_15_2.bmp,train,3.40476,0.45358562336934,2.81434249347736
i04_15_3.bmp,train,3.5,0.4672462337938028,2.8689849351752112
i04_15_4.bmp,train,3.7561,0.5039795635891089,3.015918254356436
i04_15_5.bmp,train,4.05128,0.5463182761583335,3.185273104633334
i04_16_1.bmp,train,6.28571,0.8668104826968949,4.46724193078758
i04_16_2.bmp,train,6.642860000000001,0.9180377717886308,4.672151087154523
i04_16_3.bmp,train,6.09524,0.839490696183377,4.357962784733508
i04_16_4.bmp,train,5.66667,0.7780193836087019,4.112077534434808
i04_16_5.bmp,train,5.15385,0.7044637952228026,3.81785518089121
i04_17_1.bmp,train,6.0,0.8258300857589141,4.303320343035656
i04_17_2.bmp,train,6.66667,0.9214529243947464,4.685811697578986
i04_17_3.bmp,train,4.78049,0.650911448434925,3.6036457937397
i04_17_4.bmp,train,7.214289999999999,1.0,5.0
i04_17_5.bmp,train,3.925,0.5282054886278718,3.112821954511487
i04_18_1.bmp,train,5.414630000000001,0.7418683939889874,3.9674735759559496
i04_18_2.bmp,train,5.02439,0.6858948890326413,3.743579556130565
i04_18_3.bmp,train,4.66667,0.6345858428226574,3.5383433712906296
i04_18_4.bmp,train,4.2381,0.5731145302479823,3.292458120991929
i04_18_5.bmp,train,3.92683,0.5284679720075102,3.1138718880300407
i04_19_1.bmp,train,5.452380000000001,0.7472830101536605,3.989132040614642
i04_19_2.bmp,train,5.35714,0.7336223997291976,3.934489598916792
i04_19_3.bmp,train,4.90244,0.6684031687337831,3.673612674935133
i04_19_4.bmp,train,4.425,0.599922259020894,3.399689036083576
i04_19_5.bmp,train,4.16667,0.5628690724296351,3.2514762897185405
i04_20_1.bmp,train,6.452380000000001,0.890716550939705,4.56286620375882
i04_20_2.bmp,train,5.225,0.7146690916497296,3.8586763665989183
i04_20_3.bmp,train,4.19048,0.5662842250357508,3.265136900143004
i04_20_4.bmp,train,3.11905,0.4126052264313592,2.650420905725437
i04_20_5.bmp,train,2.41463,0.3115677716308537,2.246271086523415
i04_21_1.bmp,train,5.14634,0.7033866093314994,3.8135464373259977
i04_21_2.bmp,train,4.73171,0.6439147603153816,3.5756590412615266
i04_21_3.bmp,train,3.80952,0.5116417833378993,3.0465671333515973
i04_21_4.bmp,train,3.21951,0.4270145599387252,2.7080582397549007
i04_21_5.bmp,train,2.0,0.2520959226147361,2.0083836904589445
i04_22_1.bmp,train,6.02439,0.8293284298186858,4.317313719274743
i04_22_2.bmp,train,5.78571,0.7950937123038726,4.18037484921549
i04_22_3.bmp,train,4.42857,0.6004343167615002,3.4017372670460007
i04_22_4.bmp,train,4.12195,0.5564547244856832,3.225818897942733
i04_22_5.bmp,train,2.90476,0.3818688529763177,2.5274754119052707
i04_23_1.bmp,train,6.425,0.886789340592983,4.547157362371932
i04_23_2.bmp,train,5.40476,0.7404527049414289,3.961810819765716
i04_23_3.bmp,train,3.87805,0.5214712838879669,3.085885135551868
i04_23_4.bmp,train,2.95122,0.3885327752812373,2.554131101124949
i04_23_5.bmp,train,1.47619,0.1769639996155981,1.7078559984623929
i04_24_1.bmp,train,5.547619999999999,0.7609436205781233,4.043774482312493
i04_24_2.bmp,train,3.7619,0.5048114781256678,3.0192459125026714
i04_24_3.bmp,train,2.58537,0.336057614384663,2.344230457538652
i04_24_4.bmp,train,1.90476,0.2384353121902732,1.953741248761093
i04_24_5.bmp,train,0.58537,0.0491905328125739,1.1967621312502958
I05_01_1.bmp,train,5.525,0.757699153885543,4.030796615542172
i05_01_2.bmp,train,5.5,0.7541133153658919,4.016453261463568
i05_01_3.bmp,train,4.84615,0.6603292947229367,3.641317178891746
i05_01_4.bmp,train,4.05128,0.5463182761583335,3.185273104633334
i05_01_5.bmp,train,3.5609800000000003,0.4759928111109359,2.903971244443744
i05_02_1.bmp,train,5.829269999999999,0.8013416773405126,4.205366709362051
i05_02_2.bmp,train,5.682930000000001,0.780351612981883,4.121406451927532
i05_02_3.bmp,train,5.325,0.7290124457283341,3.916049782913337
i05_02_4.bmp,train,5.09756,0.6963899212119561,3.785559684847824
i05_02_5.bmp,train,4.25641,0.5757407983797748,3.302963193519099
i05_03_1.bmp,train,5.09756,0.6963899212119561,3.785559684847824
i05_03_2.bmp,train,4.4878,0.6089298853822577,3.4357195415290307
i05_03_3.bmp,train,3.675,0.4923471034313606,2.9693884137254427
i05_03_4.bmp,train,3.07317,0.4060244955800955,2.6240979823203823
i05_03_5.bmp,train,2.375,0.3058835004095028,2.2235340016380114
i05_04_1.bmp,train,5.63415,0.7733549248623397,4.093419699449359
i05_04_2.bmp,train,5.75,0.789971700562403,4.159886802249612
i05_04_3.bmp,train,5.575,0.7648708309248452,4.05948332369938
i05_04_4.bmp,train,4.926830000000001,0.6719015127935548,3.6876060511742192
i05_04_5.bmp,train,4.4,0.5963364205012429,3.385345682004972
i05_05_1.bmp,train,5.625,0.7720425079641474,4.08817003185659
i05_05_2.bmp,train,5.39024,0.7383700499292157,3.953480199716863
i05_05_3.bmp,train,4.7,0.6393664827370563,3.5574659309482253
i05_05_4.bmp,train,3.81579,0.5125411116386278,3.0501644465545112
i05_05_5.bmp,train,2.92308,0.3844965554435181,2.537986221774072
i05_06_1.bmp,train,4.375,0.5927505819815918,3.3710023279263672
i05_06_2.bmp,train,3.92308,0.5279300962295626,3.11172038491825
i05_06_3.bmp,train,3.5,0.4672462337938028,2.8689849351752112
i05_06_4.bmp,train,3.31707,0.4410079361778117,2.764031744711247
i05_06_5.bmp,train,2.51282,0.3256515110006354,2.302606044002542
i05_07_1.bmp,train,5.275,0.7218407686890319,3.887363074756128
i05_07_2.bmp,train,5.26829,0.7208783296303576,3.8835133185214303
i05_07_3.bmp,train,4.53846,0.6161962285584786,3.464784914233914
i05_07_4.bmp,train,4.05128,0.5463182761583335,3.185273104633334
i05_07_5.bmp,train,3.1463400000000004,0.4165195277594104,2.666078111037642
i05_08_1.bmp,train,5.4,0.7397699612872874,3.95907984514915
i05_08_2.bmp,train,4.66667,0.6345858428226574,3.5383433712906296
i05_08_3.bmp,train,3.65854,0.4899861873500223,2.9599447494000897
i05_08_4.bmp,train,2.7804900000000004,0.364044366862836,2.456177467451344
i05_08_5.bmp,train,1.25,0.1445207670252027,1.5780830681008111
i05_09_1.bmp,train,5.825,0.8007292161213564,4.202916864485426
i05_09_2.bmp,train,5.825,0.8007292161213564,4.202916864485426
i05_09_3.bmp,train,5.325,0.7290124457283341,3.916049782913337
i05_09_4.bmp,train,3.5,0.4672462337938028,2.8689849351752112
i05_09_5.bmp,train,1.36585,0.161137542725266,1.644550170901064
i05_10_1.bmp,train,5.73171,0.7873483011014262,4.149393204405705
i05_10_2.bmp,train,5.15385,0.7044637952228026,3.81785518089121
i05_10_3.bmp,train,4.707319999999999,0.64041641625561,3.56166566502244
i05_10_4.bmp,train,3.43902,0.4584996564766699,2.83399862590668
i05_10_5.bmp,train,1.87805,0.234604202315878,1.938416809263512
I05_11_1.bmp,train,5.7561,0.7908466451611978,4.163386580644792
i05_11_2.bmp,train,5.4,0.7397699612872874,3.95907984514915
i05_11_3.bmp,train,4.5,0.6106797745798473,3.4427190983193894
i05_11_4.bmp,train,3.66667,0.4911523020366128,2.9646092081464515
i05_11_5.bmp,train,2.25,0.2879543078112472,2.151817231244989
i05_12_1.bmp,train,5.682930000000001,0.780351612981883,4.121406451927532
i05_12_2.bmp,train,5.775,0.7935575390820542,4.174230156328217
i05_12_3.bmp,train,5.35,0.7325982842479851,3.930393136991941
i05_12_4.bmp,train,3.8,0.5102762960296162,3.041105184118465
i05_12_5.bmp,train,2.725,0.3560852396846183,2.424340958738473
I05_13_1.bmp,train,5.46341,0.7488650821085304,3.9954603284341217
i05_13_2.bmp,train,4.90244,0.6684031687337831,3.673612674935133
i05_13_3.bmp,train,3.475,0.4636603952741517,2.854641581096608
i05_13_4.bmp,train,2.97561,0.392031119341009,2.568124477364036
i05_13_5.bmp,train,1.97368,0.2483207518212474,1.9932830072849896
i05_14_1.bmp,train,5.926830000000001,0.8153350535795993,4.261340214318397
i05_14_2.bmp,train,5.53659,0.7593615486232533,4.037446194493013
i05_14_3.bmp,train,5.60976,0.769856580802568,4.0794263232102725
i05_14_4.bmp,train,5.225,0.7146690916497296,3.8586763665989183
i05_14_5.bmp,train,4.317069999999999,0.5844414769638562,3.3377659078554247
i05_15_1.bmp,train,3.05,0.4027011404400828,2.6108045617603315
i05_15_2.bmp,train,3.1,0.4098728174793851,2.6394912699175404
i05_15_3.bmp,train,3.31707,0.4410079361778117,2.764031744711247
i05_15_4.bmp,train,3.9,0.5246196501082206,3.0984786004328826
i05_15_5.bmp,train,3.84615,0.5168957539368922,3.067583015747569
i05_16_1.bmp,train,6.15,0.8473451168768209,4.389380467507284
i05_16_2.bmp,train,5.95,0.8186584087196119,4.274633634878448
i05_16_3.bmp,train,5.585369999999999,0.7663582367427964,4.065432946971185
i05_16_4.bmp,train,5.09756,0.6963899212119561,3.785559684847824
i05_16_5.bmp,train,4.25,0.5748213893833363,3.299285557533345
i05_17_1.bmp,train,5.3,0.7254266072086829,3.901706428834732
i05_17_2.bmp,train,6.829269999999999,0.9447752181265572,4.779100872506229
i05_17_3.bmp,train,4.025,0.5425488427064763,3.170195370825905
i05_17_4.bmp,train,6.560980000000001,0.9062934334690694,4.625173733876277
i05_17_5.bmp,train,2.8,0.3668427552435717,2.4673710209742867
i05_18_1.bmp,train,4.775,0.6501239982960096,3.6004959931840386
i05_18_2.bmp,train,4.2051300000000005,0.5683855264082665,3.273542105633066
i05_18_3.bmp,train,3.74359,0.5021852099938755,3.008740839975502
i05_18_4.bmp,train,3.53846,0.4727626877724341,2.8910507510897365
i05_18_5.bmp,train,3.15,0.4170444945186872,2.668177978074749
i05_19_1.bmp,train,5.175,0.7074974146104274,3.8299896584417095
i05_19_2.bmp,train,4.804880000000001,0.6544097924946967,3.617639169978786
i05_19_3.bmp,train,4.225,0.571235550863685,3.28494220345474
i05_19_4.bmp,train,3.65,0.4887612649117095,2.955045059646838
i05_19_5.bmp,train,3.36585,0.448004624297355,2.79201849718942
i05_20_1.bmp,train,5.682930000000001,0.780351612981883,4.121406451927532
i05_20_2.bmp,train,5.560980000000001,0.762859892683025,4.0514395707321
i05_20_3.bmp,train,5.02439,0.6858948890326413,3.743579556130565
i05_20_4.bmp,train,4.475,0.6070939360601962,3.428375744240785
i05_20_5.bmp,train,3.28205,0.4359848935794844,2.743939574317938
i05_21_1.bmp,train,5.6,0.7684566694444963,4.073826677777985
i05_21_2.bmp,train,4.925,0.6716390294139163,3.686556117655665
i05_21_3.bmp,train,4.36585,0.5914381650833995,3.365752660333598
i05_21_4.bmp,train,3.35,0.4457312026758962,2.7829248107035847
i05_21_5.bmp,train,2.475,0.3202268544881072,2.280907417952429
i05_22_1.bmp,train,5.275,0.7218407686890319,3.887363074756128
i05_22_2.bmp,train,5.25,0.7182549301693808,3.873019720677523
i05_22_3.bmp,train,4.7561,0.6474131043751533,3.5896524175006133
i05_22_4.bmp,train,4.1,0.5533063582654295,3.213225433061718
i05_22_5.bmp,train,3.17073,0.4200178718191819,2.680071487276728
i05_23_1.bmp,train,5.73171,0.7873483011014262,4.149393204405705
i05_23_2.bmp,train,5.575,0.7648708309248452,4.05948332369938
i05_23_3.bmp,train,5.63415,0.7733549248623397,4.093419699449359
i05_23_4.bmp,train,5.7561,0.7908466451611978,4.163386580644792
i05_23_5.bmp,train,5.439019999999999,0.7453667380487587,3.981466952195035
i05_24_1.bmp,train,5.525,0.757699153885543,4.030796615542172
i05_24_2.bmp,train,5.60976,0.769856580802568,4.0794263232102725
i05_24_3.bmp,train,5.2,0.7110832531300786,3.8443330125203135
i05_24_4.bmp,train,3.95122,0.5319663160672818,3.127865264269128
i05_24_5.bmp,train,2.60976,0.3395559584444346,2.358223833777738
I06_01_1.bmp,val,5.75676,0.7909413112981166,4.163765245192467
i06_01_2.bmp,val,5.16667,0.7063026132156797,3.825210452862719
i06_01_3.bmp,val,5.02703,0.6862735535803164,3.7450942143212655
i06_01_4.bmp,val,4.31429,0.584042731720471,3.336170926881884
i06_01_5.bmp,val,3.61111,0.4831831345105403,2.932732538042161
i06_02_1.bmp,val,6.16216,0.8490892687327791,4.3963570749311165
i06_02_2.bmp,val,5.78378,0.7948168855701556,4.179267542280623
i06_02_3.bmp,val,5.45946,0.7482985196224257,3.993194078489703
i06_02_4.bmp,val,4.83333,0.6584904767300596,3.6339619069202382
i06_02_5.bmp,val,4.38889,0.59474287386311,3.37897149545244
i06_03_1.bmp,val,4.58333,0.6226320915335485,3.490528366134194
i06_03_2.bmp,val,4.05714,0.5471587967073398,3.188635186829359
i06_03_3.bmp,val,3.47222,0.4632616500307666,2.8530466001230663
i06_03_4.bmp,val,2.94595,0.3877768805212949,2.5511075220851795
i06_03_5.bmp,val,2.5,0.3238126930077583,2.295250772031033
i06_04_1.bmp,val,5.83333,0.8019240175161041,4.207696070064417
i06_04_2.bmp,val,5.86111,0.8059086012791404,4.223634405116561
i06_04_3.bmp,val,5.69444,0.7820025330363304,4.128010132145322
i06_04_4.bmp,val,5.08108,0.6940261364598022,3.7761045458392086
i06_04_5.bmp,val,4.58333,0.6226320915335485,3.490528366134194
i06_05_1.bmp,val,5.91892,0.8142004942719816,4.256801977087926
i06_05_2.bmp,val,5.71429,0.7848496888209333,4.139398755283733
i06_05_3.bmp,val,4.97297,0.6785195363654228,3.7140781454616913
i06_05_4.bmp,val,4.028569999999999,0.5430609004470823,3.1722436017883293
i06_05_5.bmp,val,2.94595,0.3877768805212949,2.5511075220851795
i06_06_1.bmp,val,4.61111,0.6266166752965848,3.50646670118634
i06_06_2.bmp,val,4.38889,0.59474287386311,3.37897149545244
i06_06_3.bmp,val,3.77778,0.5070892027533503,3.0283568110134014
i06_06_4.bmp,val,3.5277800000000004,0.4712308175568392,2.8849232702273566
i06_06_5.bmp,val,3.05405,0.4032820462802663,2.6131281851210653
i06_07_1.bmp,val,5.324319999999999,0.7289149109205995,3.915659643682398
i06_07_2.bmp,val,5.11429,0.6987895643493066,3.7951582573972265
i06_07_3.bmp,val,4.40541,0.5971123959568954,3.388449583827581
i06_07_4.bmp,val,3.14286,0.4160203790374749,2.6640815161499
i06_07_5.bmp,val,2.68571,0.3504497358671346,2.4017989434685383
i06_08_1.bmp,val,5.18919,0.7095327365541814,3.8381309462167255
i06_08_2.bmp,val,4.58333,0.6226320915335485,3.490528366134194
i06_08_3.bmp,val,3.48571,0.4651965684959703,2.860786273983881
i06_08_4.bmp,val,2.7027,0.3528866717250896,2.4115466869003583
i06_08_5.bmp,val,2.05405,0.2598485054942218,2.039394021976888
i06_09_1.bmp,val,6.05405,0.8335826686383998,4.334330674553599
i06_09_2.bmp,val,5.86486,0.806446477057088,4.225785908228352
i06_09_3.bmp,val,4.86486,0.6630129362710436,3.652051745084176
i06_09_4.bmp,val,3.0,0.3955294634007806,2.582117853603122
i06_09_5.bmp,val,1.65714,0.2029182988208329,1.811673195283332
i06_10_1.bmp,val,5.83784,0.8025709027850492,4.210283611140197
i06_10_2.bmp,val,5.62857,0.7725545657047536,4.090218262819015
i06_10_3.bmp,val,5.42857,0.7438678575475447,3.975471430190179
i06_10_4.bmp,val,3.16216,0.4187886463746456,2.675154585498582
i06_10_5.bmp,val,1.77778,0.2202221211812613,1.880888484725045
I06_11_1.bmp,val,5.54054,0.7599281111093581,4.039712444437432
i06_11_2.bmp,val,5.19444,0.7102857626433081,3.841143050573233
i06_11_3.bmp,val,4.5,0.6106797745798473,3.4427190983193894
i06_11_4.bmp,val,3.08108,0.4071590548877131,2.6286362195508524
i06_11_5.bmp,val,0.75676,0.0737736073678941,1.2950944294715765
i06_12_1.bmp,val,5.86111,0.8059086012791404,4.223634405116561
i06_12_2.bmp,val,4.75,0.6465381597763585,3.586152639105434
i06_12_3.bmp,val,4.35135,0.5893583787420018,3.3574335149680072
i06_12_4.bmp,val,3.62857,0.4856874841326646,2.9427499365306584
i06_12_5.bmp,val,3.83784,0.5157038212129601,3.0628152848518404
I06_13_1.bmp,val,4.675680000000001,0.6358781790251398,3.543512716100559
i06_13_2.bmp,val,4.82857,0.657807733075918,3.631230932303672
i06_13_3.bmp,val,4.17143,0.5635518160837767,3.2542072643351068
i06_13_4.bmp,val,3.19444,0.4234186810712191,2.693674724284876
i06_13_5.bmp,val,2.7027,0.3528866717250896,2.4115466869003583
i06_14_1.bmp,val,6.0,0.8258300857589141,4.303320343035656
i06_14_2.bmp,val,6.0,0.8258300857589141,4.303320343035656
i06_14_3.bmp,val,4.7714300000000005,0.6496119405554035,3.598447762221614
i06_14_4.bmp,val,4.33333,0.5867737063370373,3.347094825348149
i06_14_5.bmp,val,4.30556,0.5827905569094088,3.331162227637636
i06_15_1.bmp,val,3.62162,0.4846906210242016,2.9387624840968063
i06_15_2.bmp,val,3.32432,0.4420478293485105,2.7681913173940424
i06_15_3.bmp,val,3.75,0.503104618990314,3.012418475961256
i06_15_4.bmp,val,4.40541,0.5971123959568954,3.388449583827581
i06_15_5.bmp,val,4.83333,0.6584904767300596,3.6339619069202382
i06_16_1.bmp,val,5.56757,0.7638051197168049,4.05522047886722
i06_16_2.bmp,val,6.25,0.8616884709554252,4.446753883821701
i06_16_3.bmp,val,5.08333,0.6943488619265707,3.777395447706283
i06_16_4.bmp,val,5.83784,0.8025709027850492,4.210283611140197
i06_16_5.bmp,val,4.13889,0.5588844886665988,3.235537954666395
i06_17_1.bmp,val,5.55556,0.7620824828919645,4.048329931567858
i06_17_2.bmp,val,6.08108,0.8374596772458466,4.349838708983386
i06_17_3.bmp,val,4.05556,0.5469321717128978,3.187728686851591
i06_17_4.bmp,val,5.83784,0.8025709027850492,4.210283611140197
i06_17_5.bmp,val,3.3783800000000004,0.4498018465634041,2.7992073862536166
i06_18_1.bmp,val,5.2,0.7110832531300786,3.8443330125203135
i06_18_2.bmp,val,4.36111,0.5907582901000736,3.3630331604002945
i06_18_3.bmp,val,3.88889,0.5230261034700877,3.092104413880351
i06_18_4.bmp,val,3.72973,0.5001972211185809,3.000788884474324
i06_18_5.bmp,val,3.78378,0.5079498039980666,3.031799215992266
i06_19_1.bmp,val,5.33333,0.7302072471230818,3.9208289884923273
i06_19_2.bmp,val,5.27027,0.7211623280411139,3.884649312164456
i06_19_3.bmp,val,4.94595,0.6746439620933838,3.698575848373536
i06_19_4.bmp,val,4.19444,0.5668522218572636,3.2674088874290543
i06_19_5.bmp,val,3.59459,0.4808136124167548,2.923254449667019
i06_20_1.bmp,val,5.61111,0.7700502160826292,4.080200864330517
i06_20_2.bmp,val,5.27778,0.722239513932417,3.888958055729668
i06_20_3.bmp,val,5.59459,0.7676806939888439,4.070722775955376
i06_20_4.bmp,val,4.94595,0.6746439620933838,3.698575848373536
i06_20_5.bmp,val,3.97297,0.5350859955793783,3.140343982317513
i06_21_1.bmp,val,5.7027,0.7831872940832231,4.132749176332892
i06_21_2.bmp,val,5.11111,0.698333445689607,3.793333782758428
i06_21_3.bmp,val,4.71429,0.6414161480348889,3.565664592139556
i06_21_4.bmp,val,3.63889,0.4871677182735766,2.948670873094306
i06_21_5.bmp,val,2.80556,0.3676402457303421,2.470560982921368
i06_22_1.bmp,val,5.63889,0.7740347998456656,4.096139199382662
i06_22_2.bmp,val,5.27778,0.722239513932417,3.888958055729668
i06_22_3.bmp,val,4.16216,0.5622221871606901,3.24888874864276
i06_22_4.bmp,val,3.56757,0.4769380381447158,2.907752152578864
i06_22_5.bmp,val,2.97297,0.3916524547933338,2.566609819173335
i06_23_1.bmp,val,5.91429,0.8135363969781423,4.25414558791257
i06_23_2.bmp,val,5.80556,0.7979408680884756,4.191763472353903
i06_23_3.bmp,val,5.675680000000001,0.7793117198111843,4.117246879244737
i06_23_4.bmp,val,5.324319999999999,0.7289149109205995,3.915659643682398
i06_23_5.bmp,val,2.34286,0.3012735464086393,2.2050941856345574
i06_24_1.bmp,val,5.83784,0.8025709027850492,4.210283611140197
i06_24_2.bmp,val,5.8,0.7971433776017052,4.188573510406821
i06_24_3.bmp,val,4.81081,0.6552603533915579,3.621041413566232
i06_24_4.bmp,val,3.21622,0.4265426635895391,2.7061706543581563
i06_24_5.bmp,val,0.88889,0.0927254811119542,1.3709019244478169
I07_01_1.bmp,train,5.68182,0.7801924017516105,4.120769607006443
i07_01_2.bmp,train,5.09091,0.6954360881657289,3.781744352662916
i07_01_3.bmp,train,4.8,0.6537098368156606,3.6148393472626426
i07_01_4.bmp,train,4.45455,0.6041607201511217,3.4166428806044866
i07_01_5.bmp,train,3.97619,0.5355478515807094,3.1421914063228376
i07_02_1.bmp,train,6.04444,0.8322042723114459,4.328817089245783
i07_02_2.bmp,train,5.86364,0.8062714881373291,4.225085952549316
i07_02_3.bmp,train,5.55814,0.7624525414271924,4.04981016570877
i07_02_4.bmp,train,5.232559999999999,0.715753449218072,3.863013796872288
i07_02_5.bmp,train,4.75556,0.6473356502631289,3.589342601052516
i07_03_1.bmp,train,4.933330000000001,0.6728338308086641,3.691335323234656
i07_03_2.bmp,train,4.22727,0.5715611450012694,3.2862445800050777
i07_03_3.bmp,train,3.733330000000001,0.5007135818654107,3.002854327461643
i07_03_4.bmp,train,3.31111,0.4401530722747269,2.7606122890989075
i07_03_5.bmp,train,2.73333,0.3572800410793661,2.4291201643174647
i07_04_1.bmp,train,5.86667,0.8067060917659108,4.226824367063643
i07_04_2.bmp,train,6.0,0.8258300857589141,4.303320343035656
i07_04_3.bmp,train,5.422219999999999,0.7429570545635532,3.971828218254213
i07_04_4.bmp,train,4.951219999999999,0.6753998568533263,3.701599427413305
i07_04_5.bmp,train,4.2093,0.5689836442733442,3.275934577093377
i07_05_1.bmp,train,6.04444,0.8322042723114459,4.328817089245783
i07_05_2.bmp,train,5.8,0.7971433776017052,4.188573510406821
i07_05_3.bmp,train,5.15909,0.7052153869765214,3.8208615479060857
i07_05_4.bmp,train,4.27907,0.5789910024139865,3.315964009655946
i07_05_5.bmp,train,3.3181800000000004,0.4411671474080842,2.764668589632337
i07_06_1.bmp,train,4.83333,0.6584904767300596,3.6339619069202382
i07_06_2.bmp,train,4.61364,0.6269795621547735,3.507918248619094
i07_06_3.bmp,train,4.15909,0.5617818461904769,3.2471273847619075
i07_06_4.bmp,train,3.75,0.503104618990314,3.012418475961256
i07_06_5.bmp,train,3.3181800000000004,0.4411671474080842,2.764668589632337
i07_07_1.bmp,train,5.5814,0.7657888055858759,4.063155222343504
i07_07_2.bmp,train,5.19048,0.7097177658217954,3.838871063287181
i07_07_3.bmp,train,4.31818,0.5846006881941287,3.3384027527765148
i07_07_4.bmp,train,3.62222,0.4847766811486732,2.939106724594693
i07_07_5.bmp,train,2.83721,0.3721799172962204,2.4887196691848814
i07_08_1.bmp,train,5.86364,0.8062714881373291,4.225085952549316
i07_08_2.bmp,train,5.53333,0.7588939552802908,4.035575821121164
i07_08_3.bmp,train,4.5814,0.6223552647998314,3.489421059199325
i07_08_4.bmp,train,3.42222,0.4560899729914643,2.824359891965857
i07_08_5.bmp,train,2.63636,0.3433712906293433,2.3734851625173734
i07_09_1.bmp,train,6.422219999999999,0.8863905953495977,4.545562381398391
i07_09_2.bmp,train,6.02222,0.82901717903518,4.31606871614072
i07_09_3.bmp,train,5.22727,0.714994685787314,3.859978743149256
i07_09_4.bmp,train,3.97674,0.5356267400281417,3.142506960112567
i07_09_5.bmp,train,2.46667,0.3190320530933595,2.276128212373438
i07_10_1.bmp,train,6.13333,0.8449540797519174,4.37981631900767
i07_10_2.bmp,train,5.88636,0.809530298183988,4.238121192735952
i07_10_3.bmp,train,5.04545,0.6889155994015953,3.755662397606381
i07_10_4.bmp,train,3.70455,0.4965855645615882,2.986342258246353
i07_10_5.bmp,train,2.22727,0.2846940634291804,2.138776253716722
I07_11_1.bmp,train,5.48837,0.7524451832865502,4.009780733146201
i07_11_2.bmp,train,4.51111,0.6122733212179804,3.4490932848719216
i07_11_3.bmp,train,3.43182,0.4574669349830103,2.829867739932041
i07_11_4.bmp,train,2.4222200000000003,0.3126564322054198,2.25062572882168
i07_11_5.bmp,train,0.97727,0.1054021374466248,1.4216085497864992
i07_12_1.bmp,train,5.34091,0.7312944733622401,3.92517789344896
i07_12_2.bmp,train,4.72727,0.6432779153942917,3.5731116615771668
i07_12_3.bmp,train,3.5333300000000003,0.4720268737082018,2.888107494832808
i07_12_4.bmp,train,2.86364,0.3759708657791956,2.5038834631167823
i07_12_5.bmp,train,2.51111,0.3254062396458912,2.301624958583565
I07_13_1.bmp,train,4.5814,0.6223552647998314,3.489421059199325
i07_13_2.bmp,train,4.06818,0.5487423029976176,3.1949692119904705
i07_13_3.bmp,train,3.37209,0.4488996495918599,2.79559859836744
i07_13_4.bmp,train,2.72727,0.3564108338222027,2.425643335288811
i07_13_5.bmp,train,2.51111,0.3254062396458912,2.301624958583565
i07_14_1.bmp,train,5.79545,0.7964907549911286,4.185963019964515
i07_14_2.bmp,train,6.15909,0.848648927762566,4.394595711050264
i07_14_3.bmp,train,5.70455,0.7834526461336773,4.133810584534709
i07_14_4.bmp,train,5.22222,0.7142703464063445,3.857081385625378
i07_14_5.bmp,train,4.20455,0.5683023349546106,3.2732093398184423
i07_15_1.bmp,train,3.63636,0.4868048314153879,2.9472193256615515
i07_15_2.bmp,train,3.2888900000000003,0.436965978998461,2.747863915993844
i07_15_3.bmp,train,3.04545,0.4020485178295063,2.6081940713180254
i07_15_4.bmp,train,3.34091,0.444427391790151,2.7777095671606045
i07_15_5.bmp,train,3.65116,0.4889276478190213,2.9557105912760853
i07_16_1.bmp,train,6.20455,0.8551694165266995,4.420677666106798
i07_16_2.bmp,train,6.34884,0.8758654421267179,4.503461768506872
i07_16_3.bmp,train,5.933330000000001,0.8162673715947086,4.2650694863788345
i07_16_4.bmp,train,5.35556,0.7333957747347556,3.9335830989390224
i07_16_5.bmp,train,4.81818,0.656317458587151,3.625269834348604
i07_17_1.bmp,train,5.54545,0.7606323697946176,4.04252947917847
i07_17_2.bmp,train,6.4,0.883203502073332,4.532814008293328
i07_17_3.bmp,train,4.40476,0.5970191641553845,3.388076656621538
i07_17_4.bmp,train,6.72727,0.9301449969663806,4.720579987865523
i07_17_5.bmp,train,3.34091,0.444427391790151,2.7777095671606045
i07_18_1.bmp,train,5.38636,0.7378135277909658,3.951254111163863
i07_18_2.bmp,train,4.95455,0.6758774905441439,3.703509962176576
i07_18_3.bmp,train,4.37778,0.5931493272249769,3.372597308899908
i07_18_4.bmp,train,3.86364,0.5194044065652401,3.0776176262609605
i07_18_5.bmp,train,3.63636,0.4868048314153879,2.9472193256615515
i07_19_1.bmp,train,5.86667,0.8067060917659108,4.226824367063643
i07_19_2.bmp,train,5.44444,0.7461441478398193,3.984576591359277
i07_19_3.bmp,train,4.8,0.6537098368156606,3.6148393472626426
i07_19_4.bmp,train,4.11364,0.5552627917617512,3.221051167047005
i07_19_5.bmp,train,3.70455,0.4965855645615882,2.986342258246353
i07_20_1.bmp,train,5.75,0.789971700562403,4.159886802249612
i07_20_2.bmp,train,5.422219999999999,0.7429570545635532,3.971828218254213
i07_20_3.bmp,train,4.4186,0.5990042843598633,3.396017137439453
i07_20_4.bmp,train,3.62222,0.4847766811486732,2.939106724594693
i07_20_5.bmp,train,2.93023,0.3855221052601382,2.542088421040553
i07_21_1.bmp,train,5.66667,0.7780193836087019,4.112077534434808
i07_21_2.bmp,train,4.95455,0.6758774905441439,3.703509962176576
i07_21_3.bmp,train,4.11111,0.5548999049035626,3.2195996196142502
i07_21_4.bmp,train,3.38636,0.4509464462188767,2.8037857848755072
i07_21_5.bmp,train,2.32558,0.2987950148238564,2.195180059295426
i07_22_1.bmp,train,5.933330000000001,0.8162673715947086,4.2650694863788345
i07_22_2.bmp,train,5.232559999999999,0.715753449218072,3.863013796872288
i07_22_3.bmp,train,4.65116,0.6323611886050658,3.5294447544202634
i07_22_4.bmp,train,4.14286,0.5594539198235194,3.2378156792940778
i07_22_5.bmp,train,2.65909,0.3466315350114101,2.386526140045641
i07_23_1.bmp,train,6.02222,0.82901717903518,4.31606871614072
i07_23_2.bmp,train,5.7333300000000005,0.7875806634374997,4.150322653749999
i07_23_3.bmp,train,5.04444,0.6887707315254014,3.755082926101605
i07_23_4.bmp,train,4.2093,0.5689836442733442,3.275934577093377
i07_23_5.bmp,train,2.6444400000000003,0.3445302336388947,2.3781209345555787
i07_24_1.bmp,train,5.72093,0.7858020875317527,4.143208350127011
i07_24_2.bmp,train,4.933330000000001,0.6728338308086641,3.691335323234656
i07_24_3.bmp,train,3.86364,0.5194044065652401,3.0776176262609605
i07_24_4.bmp,train,2.25,0.2879543078112472,2.151817231244989
i07_24_5.bmp,train,0.4761899999999999,0.0335304588295536,1.1341218353182143
I08_01_1.bmp,train,5.54839,0.7610540644045286,4.044216257618114
i08_01_2.bmp,train,4.7096800000000005,0.6407549194118652,3.563019677647461
i08_01_3.bmp,train,4.83871,0.6592621491794884,3.6370485967179538
i08_01_4.bmp,train,4.1,0.5533063582654295,3.213225433061718
i08_01_5.bmp,train,3.54839,0.4741869828324395,2.896747931329758
i08_02_1.bmp,train,5.59375,0.7675602098145835,4.070240839258334
i08_02_2.bmp,train,5.54839,0.7610540644045286,4.044216257618114
i08_02_3.bmp,train,5.40625,0.7406664209172003,3.962665683668801
i08_02_4.bmp,train,5.22581,0.7147852728177664,3.8591410912710655
i08_02_5.bmp,train,4.64516,0.6315005873603495,3.526002349441398
i08_03_1.bmp,train,4.64516,0.6315005873603495,3.526002349441398
i08_03_2.bmp,train,4.29032,0.5806046297478296,3.3224185189913182
i08_03_3.bmp,train,3.46667,0.462465593879404,2.849862375517616
i08_03_4.bmp,train,2.96875,0.3910471652512167,2.5641886610048665
i08_03_5.bmp,train,2.34375,0.3014012022599389,2.205604809039756
i08_04_1.bmp,train,6.06452,0.8350844178104297,4.340337671241719
i08_04_2.bmp,train,5.83871,0.802695689965533,4.210782759862132
i08_04_3.bmp,train,5.625,0.7720425079641474,4.08817003185659
i08_04_4.bmp,train,5.4375,0.745148719066764,3.980594876267056
i08_04_5.bmp,train,4.96774,0.6777693789471119,3.711077515788448
i08_05_1.bmp,train,5.33333,0.7302072471230818,3.9208289884923273
i08_05_2.bmp,train,5.45161,0.7471725663272551,3.9886902653090206
i08_05_3.bmp,train,4.71875,0.6420558616267946,3.5682234465071785
i08_05_4.bmp,train,3.96774,0.5343358381610673,3.1373433526442693
i08_05_5.bmp,train,3.125,0.4134586559990361,2.6538346239961443
i08_06_1.bmp,train,4.3871,0.594486127825103,3.377944511300412
i08_06_2.bmp,train,4.09375,0.5524098986355168,3.209639594542068
i08_06_3.bmp,train,3.93333,0.5294002900226196,3.1176011600904783
i08_06_4.bmp,train,3.6129,0.4834398805485472,2.933759522194189
i08_06_5.bmp,train,3.06452,0.4047837954522962,2.6191351818091846
i08_07_1.bmp,train,5.5,0.7541133153658919,4.016453261463568
i08_07_2.bmp,train,4.64516,0.6315005873603495,3.526002349441398
i08_07_3.bmp,train,4.16667,0.5628690724296351,3.2514762897185405
i08_07_4.bmp,train,3.45161,0.4603054847551662,2.8412219390206648
i08_07_5.bmp,train,2.3871,0.3076190462530139,2.230476185012056
i08_08_1.bmp,train,5.21875,0.7137726320198169,3.855090528079268
i08_08_2.bmp,train,4.59375,0.6241266690285391,3.4965066761141563
i08_08_3.bmp,train,3.90323,0.5250829404449596,3.1003317617798385
i08_08_4.bmp,train,2.87097,0.3770222336331572,2.508088934532629
i08_08_5.bmp,train,1.96774,0.2474687565889783,1.9898750263559133
i08_09_1.bmp,train,5.7096800000000005,0.7841884601979098,4.13675384079164
i08_09_2.bmp,train,5.875,0.8079008931606586,4.231603572642634
i08_09_3.bmp,train,5.03125,0.6868788431224335,3.747515372489734
i08_09_4.bmp,train,3.5,0.4672462337938028,2.8689849351752112
i08_09_5.bmp,train,1.75,0.216237537418225,1.8649501496729
i08_10_1.bmp,train,5.96774,0.8212029197331563,4.284811678932625
i08_10_2.bmp,train,5.59375,0.7675602098145835,4.070240839258334
i08_10_3.bmp,train,4.6875,0.6375735634772307,3.550294253908923
i08_10_4.bmp,train,3.21875,0.4269055504477278,2.707622201790912
i08_10_5.bmp,train,1.34375,0.1579676614738944,1.6318706458955776
I08_11_1.bmp,train,6.0,0.8258300857589141,4.303320343035656
i08_11_2.bmp,train,5.25,0.7182549301693808,3.873019720677523
i08_11_3.bmp,train,4.566669999999999,0.6202424887440529,3.4809699549762114
i08_11_4.bmp,train,4.19355,0.566724566005964,3.266898264023856
i08_11_5.bmp,train,2.26667,0.2903453449361506,2.1613813797446024
i08_12_1.bmp,train,6.19355,0.8535916475780531,4.414366590312213
i08_12_2.bmp,train,5.7419400000000005,0.7888156262236675,4.155262504894671
i08_12_3.bmp,train,5.5,0.7541133153658919,4.016453261463568
i08_12_4.bmp,train,4.8125,0.6555027560754862,3.622011024301945
i08_12_5.bmp,train,4.25,0.5748213893833363,3.299285557533345
I08_13_1.bmp,train,5.78125,0.7944539987119669,4.177815994847867
i08_13_2.bmp,train,3.26667,0.4337788857221951,2.735115542888781
i08_13_3.bmp,train,4.3871,0.594486127825103,3.377944511300412
i08_13_4.bmp,train,2.73333,0.3572800410793661,2.4291201643174647
i08_13_5.bmp,train,2.125,0.2700251152129917,2.080100460851967
i08_14_1.bmp,train,5.65625,0.7765248061137113,4.106099224454845
i08_14_2.bmp,train,5.4375,0.745148719066764,3.980594876267056
i08_14_3.bmp,train,4.87097,0.6638893152052463,3.655557260820985
i08_14_4.bmp,train,4.75,0.6465381597763585,3.586152639105434
i08_14_5.bmp,train,4.0,0.5389630041868251,3.1558520167473003
i08_15_1.bmp,train,3.77419,0.5065742763419284,3.0262971053677137
i08_15_2.bmp,train,2.93548,0.386275131349265,2.54510052539706
i08_15_3.bmp,train,3.28125,0.4358701467468556,2.7434805869874226
i08_15_4.bmp,train,3.6875,0.4941400226911862,2.9765600907647447
i08_15_5.bmp,train,3.5161300000000004,0.4695598168066818,2.878239267226727
i08_16_1.bmp,train,6.0625,0.8347946820580419,4.339178728232167
i08_16_2.bmp,train,5.75,0.789971700562403,4.159886802249612
i08_16_3.bmp,train,5.87097,0.8073228559912907,4.229291423965163
i08_16_4.bmp,train,4.903230000000001,0.6685164812310042,3.6740659249240166
i08_16_5.bmp,train,4.566669999999999,0.6202424887440529,3.4809699549762114
i08_17_1.bmp,train,5.40625,0.7406664209172003,3.962665683668801
i08_17_2.bmp,train,5.58065,0.7656812304302865,4.062724921721146
i08_17_3.bmp,train,4.1875,0.5658567930842084,3.2634271723368338
i08_17_4.bmp,train,5.06452,0.6916508770243852,3.766603508097541
i08_17_5.bmp,train,3.25806,0.4325439229360272,2.730175691744109
i08_18_1.bmp,train,4.25,0.5748213893833363,3.299285557533345
i08_18_2.bmp,train,3.74194,0.5019485446515785,3.007794178606314
i08_18_3.bmp,train,2.9375,0.3865648671016528,2.546259468406612
i08_18_4.bmp,train,2.84375,0.3731179726529611,2.492471890611845
i08_18_5.bmp,train,2.87097,0.3770222336331572,2.508088934532629
i08_19_1.bmp,train,5.3871,0.7379196686111474,3.9516786744445898
i08_19_2.bmp,train,4.93548,0.673142212921354,3.692568851685416
i08_19_3.bmp,train,4.6875,0.6375735634772307,3.550294253908923
i08_19_4.bmp,train,4.03226,0.5435901702125829,3.174360680850332
i08_19_5.bmp,train,3.59375,0.4806931282424945,2.922772512969978
i08_20_1.bmp,train,5.87097,0.8073228559912907,4.229291423965163
i08_20_2.bmp,train,5.96774,0.8212029197331563,4.284811678932625
i08_20_3.bmp,train,5.26667,0.7206459672942842,3.882583869177137
i08_20_4.bmp,train,4.625,0.6286089671781029,3.5144358687124115
i08_20_5.bmp,train,3.8125,0.5120692152894417,3.048276861157767
i08_21_1.bmp,train,5.6875,0.7810071042632752,4.1240284170531005
i08_21_2.bmp,train,4.93548,0.673142212921354,3.692568851685416
i08_21_3.bmp,train,4.29032,0.5806046297478296,3.3224185189913182
i08_21_4.bmp,train,3.80645,0.5112014423676862,3.0448057694707447
i08_21_5.bmp,train,2.67742,0.3492606718140184,2.3970426872560733
i08_22_1.bmp,train,5.6129,0.7703069621206363,4.081227848482545
i08_22_2.bmp,train,5.45161,0.7471725663272551,3.9886902653090206
i08_22_3.bmp,train,4.16129,0.5620973999802062,3.248389599920825
i08_22_4.bmp,train,3.0625,0.4044940596999083,2.617976238799633
i08_22_5.bmp,train,2.375,0.3058835004095028,2.2235340016380114
i08_23_1.bmp,train,6.03226,0.8304572517846719,4.321829007138687
i08_23_2.bmp,train,6.16129,0.8489644815522953,4.395857926209182
i08_23_3.bmp,train,5.67742,0.7795612941721518,4.118245176688607
i08_23_4.bmp,train,5.5,0.7541133153658919,4.016453261463568
i08_23_5.bmp,train,5.4375,0.745148719066764,3.980594876267056
i08_24_1.bmp,train,5.93548,0.8165757537073985,4.266303014829594
i08_24_2.bmp,train,5.78125,0.7944539987119669,4.177815994847867
i08_24_3.bmp,train,5.29032,0.7240381705338741,3.896152682135496
i08_24_4.bmp,train,3.96774,0.5343358381610673,3.1373433526442693
i08_24_5.bmp,train,2.625,0.3417418856060139,2.366967542424056
I09_01_1.bmp,test,5.36364,0.7345547177443069,3.938218870977228
i09_01_2.bmp,test,5.0,0.6823965449728696,3.7295861798914784
i09_01_3.bmp,test,4.54545,0.617198829008573,3.468795316034292
i09_01_4.bmp,test,4.03226,0.5435901702125829,3.174360680850332
i09_01_5.bmp,test,3.63636,0.4868048314153879,2.9472193256615515
i09_02_1.bmp,test,5.87879,0.8084445062802378,4.233778025120952
i09_02_2.bmp,test,6.0303,0.8301761220447313,4.320704488178926
i09_02_3.bmp,test,5.5625,0.7630779116650197,4.052311646660079
i09_02_4.bmp,test,4.875,0.6644673523746141,3.657869409498456
i09_02_5.bmp,test,4.54545,0.617198829008573,3.468795316034292
i09_03_1.bmp,test,4.60606,0.6258923359156153,3.5035693436624613
i09_03_2.bmp,test,4.09375,0.5524098986355168,3.209639594542068
i09_03_3.bmp,test,3.69697,0.49549833832243,2.9819933532897203
i09_03_4.bmp,test,3.25,0.4313878485972917,2.725551394389167
i09_03_5.bmp,test,2.87879,0.3781438839221041,2.5125755356884163
i09_04_1.bmp,test,5.7419400000000005,0.7888156262236675,4.155262504894671
i09_04_2.bmp,test,5.59375,0.7675602098145835,4.070240839258334
i09_04_3.bmp,test,5.3871,0.7379196686111474,3.9516786744445898
i09_04_4.bmp,test,4.67742,0.6361277533861074,3.544511013544429
i09_04_5.bmp,test,4.27273,0.578081633765403,3.312326535061612
i09_05_1.bmp,test,5.93548,0.8165757537073985,4.266303014829594
i09_05_2.bmp,test,5.5,0.7541133153658919,4.016453261463568
i09_05_3.bmp,test,4.96875,0.6779142468233057,3.711656987293223
i09_05_4.bmp,test,4.09091,0.5520025473796845,3.208010189518738
i09_05_5.bmp,test,3.59375,0.4806931282424945,2.922772512969978
i09_06_1.bmp,test,5.21875,0.7137726320198169,3.855090528079268
i09_06_2.bmp,test,4.3125,0.583785985682464,3.335143942729856
i09_06_3.bmp,test,4.16129,0.5620973999802062,3.248389599920825
i09_06_4.bmp,test,3.8125,0.5120692152894417,3.048276861157767
i09_06_5.bmp,test,3.34375,0.4448347430459834,2.779338972183933
i09_07_1.bmp,test,4.87879,0.6650109654941933,3.660043861976773
i09_07_2.bmp,test,4.75,0.6465381597763585,3.586152639105434
i09_07_3.bmp,test,4.12903,0.5574702339544485,3.229880935817794
i09_07_4.bmp,test,3.66667,0.4911523020366128,2.9646092081464515
i09_07_5.bmp,test,2.70968,0.3538878378397762,2.4155513513591047
i09_08_1.bmp,test,5.875,0.8079008931606586,4.231603572642634
i09_08_2.bmp,test,5.24242,0.7171677039302226,3.86867081572089
i09_08_3.bmp,test,4.34375,0.5882682838320279,3.353073135328112
i09_08_4.bmp,test,3.48485,0.4650732156508942,2.8602928626035773
i09_08_5.bmp,test,2.375,0.3058835004095028,2.2235340016380114
i09_09_1.bmp,test,6.54545,0.904065910580662,4.616263642322648
i09_09_2.bmp,test,6.09091,0.8388696289517734,4.355478515807094
i09_09_3.bmp,test,5.15152,0.7041295950727711,3.816518380291084
i09_09_4.bmp,test,3.90625,0.5255161097381335,3.102064438952534
i09_09_5.bmp,test,2.51515,0.3259857111506669,2.303942844602668
i09_10_1.bmp,test,6.0,0.8258300857589141,4.303320343035656
i09_10_2.bmp,test,5.65625,0.7765248061137113,4.106099224454845
i09_10_3.bmp,test,4.90625,0.668949650524178,3.675798602096712
i09_10_4.bmp,test,3.19355,0.4232910252199195,2.6931641008796783
i09_10_5.bmp,test,2.34375,0.3014012022599389,2.205604809039756
I09_11_1.bmp,test,5.90625,0.8123831913102224,4.24953276524089
i09_11_2.bmp,test,5.15625,0.7048080357206891,3.819232142882756
i09_11_3.bmp,test,3.96875,0.5344807060372612,3.1379228241490447
i09_11_4.bmp,test,2.40625,0.3103657985590666,2.2414631942362666
i09_11_5.bmp,test,0.87879,0.0912768023500151,1.3651072094000607
i09_12_1.bmp,test,6.06061,0.8345235926659562,4.338094370663825
i09_12_2.bmp,test,5.90625,0.8123831913102224,4.24953276524089
i09_12_3.bmp,test,4.90625,0.668949650524178,3.675798602096712
i09_12_4.bmp,test,2.96875,0.3910471652512167,2.5641886610048665
i09_12_5.bmp,test,2.84375,0.3731179726529611,2.492471890611845
I09_13_1.bmp,test,4.51515,0.612852792722756,3.451411170891024
i09_13_2.bmp,test,3.77419,0.5065742763419284,3.0262971053677137
i09_13_3.bmp,test,3.33333,0.4433401655509928,2.773360662203971
i09_13_4.bmp,test,2.81818,0.369450377015062,2.477801508060248
i09_13_5.bmp,test,2.87879,0.3781438839221041,2.5125755356884163
i09_14_1.bmp,test,5.84375,0.8034185950110947,4.213674380044379
i09_14_2.bmp,test,5.48485,0.7519402972229833,4.007761188891934
i09_14_3.bmp,test,6.28125,0.8661707691049891,4.4646830764199565
i09_14_4.bmp,test,4.4375,0.6017151782807196,3.4068607131228785
i09_14_5.bmp,test,3.3125,0.4403524448964195,2.7614097795856782
i09_15_1.bmp,test,2.90909,0.3824899202079213,2.529959680831685
i09_15_2.bmp,test,3.06061,0.4042229703078228,2.616891881231292
i09_15_3.bmp,test,3.25,0.4313878485972917,2.725551394389167
i09_15_4.bmp,test,3.59375,0.4806931282424945,2.922772512969978
i09_15_5.bmp,test,5.84848,0.8040970356590127,4.216388142636051
i09_16_1.bmp,test,6.06061,0.8345235926659562,4.338094370663825
i09_16_2.bmp,test,6.303030000000001,0.8692947516233093,4.4771790064932375
i09_16_3.bmp,test,5.75,0.789971700562403,4.159886802249612
i09_16_4.bmp,test,5.903230000000001,0.8119500220170487,4.247800088068194
i09_16_5.bmp,test,4.66667,0.6345858428226574,3.5383433712906296
i09_17_1.bmp,test,5.8125,0.7989362968615308,4.195745187446123
i09_17_2.bmp,test,6.78788,0.9388385038734228,4.755354015493692
i09_17_3.bmp,test,4.78125,0.6510204579259223,3.604081831703689
i09_17_4.bmp,test,6.36364,0.8779882585303513,4.511953034121405
i09_17_5.bmp,test,3.60606,0.4824587951295707,2.9298351805182827
i09_18_1.bmp,test,4.81818,0.656317458587151,3.625269834348604
i09_18_2.bmp,test,4.303030000000001,0.5824276700512203,3.3297106802048813
i09_18_3.bmp,test,4.06452,0.5482173362383407,3.1928693449533627
i09_18_4.bmp,test,3.3125,0.4403524448964195,2.7614097795856782
i09_18_5.bmp,test,3.15625,0.4179409541486,2.6717638165944004
i09_19_1.bmp,test,5.5,0.7541133153658919,4.016453261463568
i09_19_2.bmp,test,4.67742,0.6361277533861074,3.544511013544429
i09_19_3.bmp,test,4.51613,0.6129933575927263,3.4519734303709053
i09_19_4.bmp,test,4.0625,0.5479276004859529,3.191710401943812
i09_19_5.bmp,test,3.48485,0.4650732156508942,2.8602928626035773
i09_20_1.bmp,test,5.8125,0.7989362968615308,4.195745187446123
i09_20_2.bmp,test,5.66667,0.7780193836087019,4.112077534434808
i09_20_3.bmp,test,4.5,0.6106797745798473,3.4427190983193894
i09_20_4.bmp,test,3.90909,0.5259234609939658,3.1036938439758632
i09_20_5.bmp,test,2.90909,0.3824899202079213,2.529959680831685
i09_21_1.bmp,test,5.27273,0.7215151745514475,3.88606069820579
i09_21_2.bmp,test,4.8125,0.6555027560754862,3.622011024301945
i09_21_3.bmp,test,4.25,0.5748213893833363,3.299285557533345
i09_21_4.bmp,test,3.5,0.4672462337938028,2.8689849351752112
i09_21_5.bmp,test,2.16129,0.2752303184081173,2.100921273632469
i09_22_1.bmp,test,5.71875,0.7854894024128392,4.141957609651357
i09_22_2.bmp,test,5.78788,0.7954049630873784,4.181619852349513
i09_22_3.bmp,test,5.5,0.7541133153658919,4.016453261463568
i09_22_4.bmp,test,4.09375,0.5524098986355168,3.209639594542068
i09_22_5.bmp,test,2.71875,0.3551887800547056,2.420755120218822
i09_23_1.bmp,test,6.25,0.8616884709554252,4.446753883821701
i09_23_2.bmp,test,6.28125,0.8661707691049891,4.4646830764199565
i09_23_3.bmp,test,6.0303,0.8301761220447313,4.320704488178926
i09_23_4.bmp,test,4.8125,0.6555027560754862,3.622011024301945
i09_23_5.bmp,test,2.875,0.377600270802525,2.5104010832101
i09_24_1.bmp,test,5.75,0.789971700562403,4.159886802249612
i09_24_2.bmp,test,5.09375,0.6958434394215612,3.783373757686245
i09_24_3.bmp,test,3.75,0.503104618990314,3.012418475961256
i09_24_4.bmp,test,2.0303,0.2564419589005532,2.0257678356022133
i09_24_5.bmp,test,0.2424199999999999,0.0,1.0
I10_01_1.bmp,train,5.71795,0.7853746555802102,4.1414986223208405
i10_01_2.bmp,train,5.43243,0.7444215110149789,3.977686044059916
i10_01_3.bmp,train,4.74359,0.6456187507799199,3.58247500311968
i10_01_4.bmp,train,4.53846,0.6161962285584786,3.464784914233914
i10_01_5.bmp,train,3.81579,0.5125411116386278,3.0501644465545112
i10_02_1.bmp,train,6.05405,0.8335826686383998,4.334330674553599
i10_02_2.bmp,train,5.83784,0.8025709027850492,4.210283611140197
i10_02_3.bmp,train,5.76923,0.7927299275517187,4.170919710206874
i10_02_4.bmp,train,5.52632,0.7578884861593805,4.031553944637523
i10_02_5.bmp,train,4.72973,0.6436307619046253,3.5745230476185013
i10_03_1.bmp,train,5.05405,0.6901491278523554,3.7605965114094215
i10_03_2.bmp,train,4.36111,0.5907582901000736,3.3630331604002945
i10_03_3.bmp,train,4.02564,0.5426406401725793,3.170562560690317
i10_03_4.bmp,train,3.30769,0.4396625295652386,2.758650118260954
i10_03_5.bmp,train,2.92308,0.3844965554435181,2.537986221774072
i10_04_1.bmp,train,6.076919999999999,0.8368629937161766,4.347451974864706
i10_04_2.bmp,train,5.11111,0.698333445689607,3.793333782758428
i10_04_3.bmp,train,5.15789,0.7050432667275782,3.820173066910313
i10_04_4.bmp,train,4.76923,0.6492963867656741,3.597185547062697
i10_04_5.bmp,train,4.23077,0.5720631623940206,3.288252649576082
i10_05_1.bmp,train,6.05128,0.8331853577304226,4.33274143092169
i10_05_2.bmp,train,5.79487,0.7964075635374729,4.185630254149892
i10_05_3.bmp,train,5.17949,0.7081414312085568,3.832565724834227
i10_05_4.bmp,train,4.3947400000000005,0.5955819600767084,3.382327840306833
i10_05_5.bmp,train,3.34211,0.4445995120390942,2.778398048156377
i10_06_1.bmp,train,5.15789,0.7050432667275782,3.820173066910313
i10_06_2.bmp,train,4.64865,0.6320011704176929,3.5280046816707715
i10_06_3.bmp,train,4.57895,0.6220038526249055,3.488015410499622
i10_06_4.bmp,train,3.84211,0.5163162824321166,3.0652651297284663
i10_06_5.bmp,train,3.40541,0.4536788551708509,2.814715420683404
i10_07_1.bmp,train,5.54054,0.7599281111093581,4.039712444437432
i10_07_2.bmp,train,5.02564,0.6860741809586238,3.7442967238344953
i10_07_3.bmp,train,4.46154,0.6051633206012161,3.4206532824048645
i10_07_4.bmp,train,4.0,0.5389630041868251,3.1558520167473003
i10_07_5.bmp,train,3.05263,0.4030783706523501,2.6123134826094008
i10_08_1.bmp,train,5.97368,0.8220549149654254,4.288219659861701
i10_08_2.bmp,train,5.30769,0.7265296111373276,3.9061184445493113
i10_08_3.bmp,train,4.35135,0.5893583787420018,3.3574335149680072
i10_08_4.bmp,train,3.5,0.4672462337938028,2.8689849351752112
i10_08_5.bmp,train,2.78947,0.3653324000590947,2.461329600236379
i10_09_1.bmp,train,5.97436,0.8221524497731599,4.28860979909264
i10_09_2.bmp,train,5.69231,0.7816970195944561,4.126788078377825
i10_09_3.bmp,train,5.17949,0.7081414312085568,3.832565724834227
i10_09_4.bmp,train,3.81579,0.5125411116386278,3.0501644465545112
i10_09_5.bmp,train,2.28205,0.2925513527934399,2.17020541117376
i10_10_1.bmp,train,5.86842,0.8069571004622864,4.227828401849146
i10_10_2.bmp,train,5.81579,0.7994081932107169,4.197632772842868
i10_10_3.bmp,train,5.2051300000000005,0.711819067194311,3.847276268777244
i10_10_4.bmp,train,3.64103,0.4874746660508587,2.949898664203435
i10_10_5.bmp,train,2.4359,0.3146186030433729,2.2584744121734914
I10_11_1.bmp,train,5.15385,0.7044637952228026,3.81785518089121
i10_11_2.bmp,train,4.46154,0.6051633206012161,3.4206532824048645
i10_11_3.bmp,train,3.615380000000001,0.4837955957296968,2.9351823829187875
i10_11_4.bmp,train,2.18421,0.2785178151629334,2.1140712606517336
i10_11_5.bmp,train,1.23684,0.1426331816284584,1.5705327265138336
i10_12_1.bmp,train,4.76923,0.6492963867656741,3.597185547062697
i10_12_2.bmp,train,5.84211,0.8031833640042055,4.212733456016823
i10_12_3.bmp,train,4.923080000000001,0.6713636370156072,3.685454548062429
i10_12_4.bmp,train,4.052630000000001,0.5465119114383947,3.186047645753579
i10_12_5.bmp,train,2.68421,0.3502345855559556,2.400938342223822
I10_13_1.bmp,train,5.78947,0.7956330224172281,4.182532089668912
i10_13_2.bmp,train,3.92105,0.5276389261417669,3.1105557045670675
i10_13_3.bmp,train,3.42105,0.4559221557487447,2.823688622994979
i10_13_4.bmp,train,2.68421,0.3502345855559556,2.400938342223822
i10_13_5.bmp,train,2.89744,0.3808189194577638,2.523275677831055
i10_14_1.bmp,train,5.82051,0.800085199523227,4.200340798092908
i10_14_2.bmp,train,6.15385,0.8478973360088471,4.391589344035388
i10_14_3.bmp,train,5.552630000000001,0.7616622226174615,4.046648890469847
i10_14_4.bmp,train,4.27027,0.5777287872550694,3.310915149020277
i10_14_5.bmp,train,3.84211,0.5163162824321166,3.0652651297284663
i10_15_1.bmp,train,3.07895,0.4068535414458388,2.627414165783355
i10_15_2.bmp,train,3.23077,0.4286296216079761,2.7145184864319045
i10_15_3.bmp,train,3.615380000000001,0.4837955957296968,2.9351823829187875
i10_15_4.bmp,train,3.3684199999999995,0.4483732484971751,2.7934929939887003
i10_15_5.bmp,train,4.17949,0.5647078904225123,3.2588315616900494
i10_16_1.bmp,train,6.12821,0.8442197000230929,4.376878800092372
i10_16_2.bmp,train,6.10256,0.8405406297019309,4.362162518807724
i10_16_3.bmp,train,6.02564,0.8295077217446684,4.318030886978674
i10_16_4.bmp,train,5.57895,0.7654373934109501,4.0617495736438
i10_16_5.bmp,train,5.12821,0.7007861592370485,3.803144636948194
i10_17_1.bmp,train,5.71053,0.7843103787075779,4.137241514830311
i10_17_2.bmp,train,6.589739999999999,0.9104185821020758,4.641674328408303
i10_17_3.bmp,train,4.56757,0.6203715789307603,3.4814863157230413
i10_17_4.bmp,train,6.5641,0.9067409461163218,4.626963784465287
i10_17_5.bmp,train,3.69231,0.4948299380223671,2.9793197520894683
i10_18_1.bmp,train,4.51282,0.6125185925727245,3.450074370290898
i10_18_2.bmp,train,4.076919999999999,0.5499959121440876,3.1999836485763504
i10_18_3.bmp,train,3.82051,0.513218117951138,3.052872471804552
i10_18_4.bmp,train,3.631580000000001,0.4861192190904307,2.9444768763617226
i10_18_5.bmp,train,3.31579,0.4408243412456055,2.763297364982422
i10_19_1.bmp,train,5.57895,0.7654373934109501,4.0617495736438
i10_19_2.bmp,train,5.42105,0.7427892373208337,3.971156949283335
i10_19_3.bmp,train,4.675680000000001,0.6358781790251398,3.543512716100559
i10_19_4.bmp,train,4.21622,0.5699762043755836,3.2799048175023344
i10_19_5.bmp,train,3.87179,0.5205733899226463,3.0822935596905854
i10_20_1.bmp,train,5.84615,0.8037628355089811,4.215051342035924
i10_20_2.bmp,train,5.38462,0.737563953429998,3.950255813719992
i10_20_3.bmp,train,4.4359,0.6014856846154619,3.405942738461848
i10_20_4.bmp,train,3.57895,0.478570311838861,2.9142812473554445
i10_20_5.bmp,train,2.86486,0.3761458546989545,2.5045834187958183
i10_21_1.bmp,train,5.5,0.7541133153658919,4.016453261463568
i10_21_2.bmp,train,5.17949,0.7081414312085568,3.832565724834227
i10_21_3.bmp,train,4.25641,0.5757407983797748,3.302963193519099
i10_21_4.bmp,train,3.76923,0.5058628459796296,3.0234513839185184
i10_21_5.bmp,train,2.51282,0.3256515110006354,2.302606044002542
i10_22_1.bmp,train,5.97368,0.8220549149654254,4.288219659861701
i10_22_2.bmp,train,4.87179,0.6640069307086909,3.656027722834764
i10_22_3.bmp,train,4.48649,0.6087419874438279,3.434967949775312
i10_22_4.bmp,train,4.02778,0.5429475879498614,3.1717903517994457
i10_22_5.bmp,train,3.25641,0.4323072575937302,2.729229030374921
i10_23_1.bmp,train,6.15385,0.8478973360088471,4.391589344035388
i10_23_2.bmp,train,5.94872,0.8184748137874057,4.273899255149622
i10_23_3.bmp,train,4.552630000000001,0.618228681831417,3.472914727325668
i10_23_4.bmp,train,2.60526,0.3389105075108974,2.3556420300435894
i10_23_5.bmp,train,1.44737,0.1728302449701443,1.6913209798805773
i10_24_1.bmp,train,5.46154,0.7485968613872607,3.994387445549042
i10_24_2.bmp,train,4.78947,0.6521994816311836,3.6087979265247343
i10_24_3.bmp,train,3.51282,0.46908505178668,2.87634020714672
i10_24_4.bmp,train,1.86486,0.23271231391291,1.93084925565164
i10_24_5.bmp,train,0.3684199999999999,0.0180726261390416,1.0722905045561664
I11_01_1.bmp,train,5.54054,0.7599281111093581,4.039712444437432
i11_01_2.bmp,train,5.16216,0.7056557279467346,3.8226229117869375
i11_01_3.bmp,train,5.35135,0.7327919195280463,3.931167678112186
i11_01_4.bmp,train,4.28571,0.5799434011248059,3.319773604499224
i11_01_5.bmp,train,3.86111,0.5190415197070514,3.076166078828205
i11_02_1.bmp,train,5.55556,0.7620824828919645,4.048329931567858
i11_02_2.bmp,train,5.88571,0.8094370663824771,4.237748265529909
i11_02_3.bmp,train,5.44444,0.7461441478398193,3.984576591359277
i11_02_4.bmp,train,5.19444,0.7102857626433081,3.841143050573233
i11_02_5.bmp,train,4.75,0.6465381597763585,3.586152639105434
i11_03_1.bmp,train,5.0,0.6823965449728696,3.7295861798914784
i11_03_2.bmp,train,4.43243,0.6009879702289344,3.4039518809157374
i11_03_3.bmp,train,3.82857,0.5143741922898735,3.057496769159494
i11_03_4.bmp,train,3.27027,0.4342952464690248,2.7371809858761
i11_03_5.bmp,train,2.91667,0.3835771464470795,2.534308585788318
i11_04_1.bmp,train,5.4705900000000005,0.7498949349313744,3.9995797397254975
i11_04_2.bmp,train,5.62162,0.7715577025962906,4.086230810385162
i11_04_3.bmp,train,5.28571,0.7233769419108503,3.893507767643401
i11_04_4.bmp,train,5.19444,0.7102857626433081,3.841143050573233
i11_04_5.bmp,train,4.675680000000001,0.6358781790251398,3.543512716100559
i11_05_1.bmp,train,6.02703,0.8297070943663609,4.318828377465444
i11_05_2.bmp,train,5.80556,0.7979408680884756,4.191763472353903
i11_05_3.bmp,train,5.2973,0.7250393366485607,3.9001573465942414
i11_05_4.bmp,train,4.19444,0.5668522218572636,3.2674088874290543
i11_05_5.bmp,train,3.05556,0.4034986309268532,2.613994523707413
i11_06_1.bmp,train,4.69444,0.6385689922502858,3.5542759690011434
i11_06_2.bmp,train,4.38889,0.59474287386311,3.37897149545244
i11_06_3.bmp,train,3.97297,0.5350859955793783,3.140343982317513
i11_06_4.bmp,train,3.54054,0.4730610295372691,2.892244118149076
i11_06_5.bmp,train,3.02857,0.3996273596610379,2.598509438644152
i11_07_1.bmp,train,5.56757,0.7638051197168049,4.05522047886722
i11_07_2.bmp,train,4.8,0.6537098368156606,3.6148393472626426
i11_07_3.bmp,train,4.52778,0.6146643583428837,3.4586574333715348
i11_07_4.bmp,train,3.94118,0.53052624331779,3.12210497327116
i11_07_5.bmp,train,2.75676,0.3606406889399831,2.4425627557599325
i11_08_1.bmp,train,4.94286,0.674200752452355,3.69680300980942
i11_08_2.bmp,train,4.57143,0.6209252323981945,3.483700929592778
i11_08_3.bmp,train,3.75676,0.5040742297260277,3.0162969189041107
i11_08_4.bmp,train,2.85714,0.3750385477640862,2.500154191056345
i11_08_5.bmp,train,2.33333,0.2999066247649483,2.1996264990597933
i11_09_1.bmp,train,5.81081,0.7986938941776024,4.194775576710409
i11_09_2.bmp,train,5.86486,0.806446477057088,4.225785908228352
i11_09_3.bmp,train,4.66667,0.6345858428226574,3.5383433712906296
i11_09_4.bmp,train,3.33333,0.4433401655509928,2.773360662203971
i11_09_5.bmp,train,1.97222,0.2481113388516998,1.9924453554068
i11_10_1.bmp,train,5.81081,0.7986938941776024,4.194775576710409
i11_10_2.bmp,train,5.64865,0.7754347112037374,4.10173884481495
i11_10_3.bmp,train,5.02778,0.686381128735906,3.745524514943624
i11_10_4.bmp,train,3.4864900000000003,0.4653084466577834,2.861233786631134
i11_10_5.bmp,train,2.27027,0.2908617056829803,2.163446822731921
I11_11_1.bmp,train,5.86111,0.8059086012791404,4.223634405116561
i11_11_2.bmp,train,5.42857,0.7438678575475447,3.975471430190179
i11_11_3.bmp,train,4.47222,0.6066951908168111,3.4267807632672445
i11_11_4.bmp,train,2.9142900000000003,0.3832357746200087,2.532943098480035
i11_11_5.bmp,train,0.97222,0.1046777980656552,1.4187111922626212
i11_12_1.bmp,train,5.61111,0.7700502160826292,4.080200864330517
i11_12_2.bmp,train,5.97222,0.8218455019958778,4.287382007983512
i11_12_3.bmp,train,4.62162,0.6281241618102461,3.5124966472409844
i11_12_4.bmp,train,3.77778,0.5070892027533503,3.0283568110134014
i11_12_5.bmp,train,2.02778,0.2560805063777724,2.02432202551109
I11_13_1.bmp,train,4.08333,0.5509153211405262,3.203661284562105
i11_13_2.bmp,train,4.54054,0.6164945703233136,3.4659782812932542
i11_13_3.bmp,train,3.25,0.4313878485972917,2.725551394389167
i11_13_4.bmp,train,2.75,0.3596710782042694,2.438684312817078
i11_13_5.bmp,train,2.27778,0.2919388915742835,2.167755566297134
i11_14_1.bmp,train,5.83333,0.8019240175161041,4.207696070064417
i11_14_2.bmp,train,5.45714,0.747965753807802,3.991863015231208
i11_14_3.bmp,train,5.2973,0.7250393366485607,3.9001573465942414
i11_14_4.bmp,train,5.16667,0.7063026132156797,3.825210452862719
i11_14_5.bmp,train,4.38889,0.59474287386311,3.37897149545244
i11_15_1.bmp,train,3.18919,0.4226656549820923,2.6906626199283696
i11_15_2.bmp,train,3.38889,0.4513093330770654,2.8052373323082618
i11_15_3.bmp,train,3.5,0.4672462337938028,2.8689849351752112
i11_15_4.bmp,train,3.67568,0.4924446382390951,2.9697785529563805
i11_15_5.bmp,train,3.5,0.4672462337938028,2.8689849351752112
i11_16_1.bmp,train,6.10811,0.8413366858532934,4.365346743413173
i11_16_2.bmp,train,5.91892,0.8142004942719816,4.256801977087926
i11_16_3.bmp,train,5.69444,0.7820025330363304,4.128010132145322
i11_16_4.bmp,train,4.94595,0.6746439620933838,3.698575848373536
i11_16_5.bmp,train,4.56757,0.6203715789307603,3.4814863157230413
i11_17_1.bmp,train,5.59459,0.7676806939888439,4.070722775955376
i11_17_2.bmp,train,6.75,0.9334052413484476,4.73362096539379
i11_17_3.bmp,train,4.34286,0.5881406279807283,3.352562511922913
i11_17_4.bmp,train,6.837839999999999,0.9460044435710936,4.784017774284374
i11_17_5.bmp,train,3.21622,0.4265426635895391,2.7061706543581563
i11_18_1.bmp,train,4.55556,0.61864894210592,3.47459576842368
i11_18_2.bmp,train,4.27027,0.5777287872550694,3.310915149020277
i11_18_3.bmp,train,3.58333,0.4791985507475039,2.916794202990016
i11_18_4.bmp,train,3.44118,0.4588094729247677,2.835237891699072
i11_18_5.bmp,train,3.51351,0.4691840209298223,2.876736083719289
i11_19_1.bmp,train,5.64865,0.7754347112037374,4.10173884481495
i11_19_2.bmp,train,5.11111,0.698333445689607,3.793333782758428
i11_19_3.bmp,train,4.64865,0.6320011704176929,3.5280046816707715
i11_19_4.bmp,train,3.97143,0.5348651079265678,3.139460431706272
i11_19_5.bmp,train,3.62162,0.4846906210242016,2.9387624840968063
i11_20_1.bmp,train,6.028569999999999,0.8299279820191713,4.319711928076686
i11_20_2.bmp,train,5.59459,0.7676806939888439,4.070722775955376
i11_20_3.bmp,train,5.35135,0.7327919195280463,3.931167678112186
i11_20_4.bmp,train,4.88889,0.6664596442561322,3.665838577024529
i11_20_5.bmp,train,3.63889,0.4871677182735766,2.948670873094306
i11_21_1.bmp,train,5.7027,0.7831872940832231,4.132749176332892
i11_21_2.bmp,train,5.41667,0.7421609984121907,3.968643993648763
i11_21_3.bmp,train,4.40541,0.5971123959568954,3.388449583827581
i11_21_4.bmp,train,3.86111,0.5190415197070514,3.076166078828205
i11_21_5.bmp,train,2.64865,0.3451340888456038,2.380536355382416
i11_22_1.bmp,train,5.56757,0.7638051197168049,4.05522047886722
i11_22_2.bmp,train,5.40541,0.7405459367429399,3.96218374697176
i11_22_3.bmp,train,4.89189,0.6668899448784904,3.6675597795139616
i11_22_4.bmp,train,3.64865,0.4885676296316483,2.9542705185265934
i11_22_5.bmp,train,2.52778,0.3277972767707947,2.3111891070831785
i11_23_1.bmp,train,5.86486,0.806446477057088,4.225785908228352
i11_23_2.bmp,train,5.83784,0.8025709027850492,4.210283611140197
i11_23_3.bmp,train,5.94595,0.8180775028794284,4.272310011517714
i11_23_4.bmp,train,5.27027,0.7211623280411139,3.884649312164456
i11_23_5.bmp,train,2.75676,0.3606406889399831,2.4425627557599325
i11_24_1.bmp,train,5.91892,0.8142004942719816,4.256801977087926
i11_24_2.bmp,train,5.47222,0.7501287316028555,4.000514926411422
i11_24_3.bmp,train,4.62857,0.6291210249187091,3.5164840996748365
i11_24_4.bmp,train,2.88571,0.3791364440243436,2.5165457760973746
i11_24_5.bmp,train,0.58333,0.0488979283893704,1.1955917135574818
I12_01_1.bmp,train,5.94595,0.8180775028794284,4.272310011517714
i12_01_2.bmp,train,4.97222,0.6784119612098333,3.713647844839333
i12_01_3.bmp,train,4.78947,0.6521994816311836,3.6087979265247343
i12_01_4.bmp,train,4.13889,0.5588844886665988,3.235537954666395
i12_01_5.bmp,train,3.76316,0.5049922043870584,3.019968817548233
i12_02_1.bmp,train,6.08108,0.8374596772458466,4.349838708983386
i12_02_2.bmp,train,5.97297,0.8219530771514674,4.2878123086058695
i12_02_3.bmp,train,5.52632,0.7578884861593805,4.031553944637523
i12_02_4.bmp,train,5.052630000000001,0.6899454522244393,3.759781808897757
i12_02_5.bmp,train,4.54054,0.6164945703233136,3.4659782812932542
i12_03_1.bmp,train,4.56757,0.6203715789307603,3.4814863157230413
i12_03_2.bmp,train,4.16216,0.5622221871606901,3.24888874864276
i12_03_3.bmp,train,3.75676,0.5040742297260277,3.0162969189041107
i12_03_4.bmp,train,3.10526,0.4106272779039196,2.6425091116156785
i12_03_5.bmp,train,2.71053,0.3540097563494442,2.416039025397777
i12_04_1.bmp,train,5.91892,0.8142004942719816,4.256801977087926
i12_04_2.bmp,train,5.52632,0.7578884861593805,4.031553944637523
i12_04_3.bmp,train,5.21053,0.7125936083145556,3.850374433258223
i12_04_4.bmp,train,4.7027,0.6397537532971787,3.5590150131887146
i12_04_5.bmp,train,3.78378,0.5079498039980666,3.031799215992266
i12_05_1.bmp,train,5.64865,0.7754347112037374,4.10173884481495
i12_05_2.bmp,train,5.81081,0.7986938941776024,4.194775576710409
i12_05_3.bmp,train,5.21053,0.7125936083145556,3.850374433258223
i12_05_4.bmp,train,4.35135,0.5893583787420018,3.3574335149680072
i12_05_5.bmp,train,3.65789,0.4898929555485114,2.9595718221940457
i12_06_1.bmp,train,5.08108,0.6940261364598022,3.7761045458392086
i12_06_2.bmp,train,4.81579,0.6559746524246723,3.62389860969869
i12_06_3.bmp,train,4.45946,0.6048649788363811,3.4194599153455245
i12_06_4.bmp,train,4.08108,0.5505925956737576,3.2023703826950305
i12_06_5.bmp,train,3.75,0.503104618990314,3.012418475961256
i12_07_1.bmp,train,4.69444,0.6385689922502858,3.5542759690011434
i12_07_2.bmp,train,4.3947400000000005,0.5955819600767084,3.382327840306833
i12_07_3.bmp,train,4.18421,0.5653848967350223,3.2615395869400894
i12_07_4.bmp,train,3.18919,0.4226656549820923,2.6906626199283696
i12_07_5.bmp,train,3.02778,0.3995140471638169,2.598056188655268
i12_08_1.bmp,train,6.18421,0.8522519783071114,4.409007913228446
i12_08_2.bmp,train,5.47368,0.7503381445724032,4.001352578289612
i12_08_3.bmp,train,4.52632,0.6144549453733361,3.4578197814933445
i12_08_4.bmp,train,3.60526,0.4823440482969419,2.9293761931877675
i12_08_5.bmp,train,2.77778,0.3636556619673057,2.454622647869223
i12_09_1.bmp,train,6.31579,0.8711249636037391,4.484499854414956
i12_09_2.bmp,train,5.52778,0.7580978991289282,4.032391596515713
i12_09_3.bmp,train,4.73684,0.6446505743796141,3.5786022975184566
i12_09_4.bmp,train,3.43243,0.4575544294428898,2.83021771777156
i12_09_5.bmp,train,2.25714,0.2889784232924596,2.1559136931698384
i12_10_1.bmp,train,6.08108,0.8374596772458466,4.349838708983386
i12_10_2.bmp,train,5.8947400000000005,0.8107322712557752,4.242929085023101
i12_10_3.bmp,train,5.10526,0.6974943594760087,3.7899774379040334
i12_10_4.bmp,train,3.10526,0.4106272779039196,2.6425091116156785
i12_10_5.bmp,train,2.23684,0.2860667224145029,2.144266889658012
I12_11_1.bmp,train,5.40541,0.7405459367429399,3.96218374697176
i12_11_2.bmp,train,4.675680000000001,0.6358781790251398,3.543512716100559
i12_11_3.bmp,train,2.77778,0.3636556619673057,2.454622647869223
i12_11_4.bmp,train,1.94737,0.2445470153631666,1.9781880614526663
i12_11_5.bmp,train,0.81579,0.0822404892804943,1.3289619571219775
i12_12_1.bmp,train,5.5,0.7541133153658919,4.016453261463568
i12_12_2.bmp,train,5.052630000000001,0.6899454522244393,3.759781808897757
i12_12_3.bmp,train,3.64865,0.4885676296316483,2.9542705185265934
i12_12_4.bmp,train,3.07895,0.4068535414458388,2.627414165783355
i12_12_5.bmp,train,3.08108,0.4071590548877131,2.6286362195508524
I12_13_1.bmp,train,5.37838,0.7366689281354931,3.946675712541973
i12_13_2.bmp,train,4.56757,0.6203715789307603,3.4814863157230413
i12_13_3.bmp,train,3.23684,0.4295002632005473,2.7180010528021894
i12_13_4.bmp,train,2.83333,0.3716233951579706,2.4864935806318824
i12_13_5.bmp,train,4.0,0.5389630041868251,3.1558520167473003
i12_14_1.bmp,train,5.552630000000001,0.7616622226174615,4.046648890469847
i12_14_2.bmp,train,6.15789,0.8484768075136228,4.393907230054492
i12_14_3.bmp,train,4.54054,0.6164945703233136,3.4659782812932542
i12_14_4.bmp,train,4.47368,0.6069046037863587,3.4276184151454347
i12_14_5.bmp,train,3.56757,0.4769380381447158,2.907752152578864
i12_15_1.bmp,train,3.5,0.4672462337938028,2.8689849351752112
i12_15_2.bmp,train,3.5142900000000004,0.4692958990916355,2.877183596366542
i12_15_3.bmp,train,3.65789,0.4898929555485114,2.9595718221940457
i12_15_4.bmp,train,4.07895,0.5502870822318833,3.201148328927533
i12_15_5.bmp,train,4.54286,0.6168273361379373,3.467309344551749
i12_16_1.bmp,train,6.52632,0.9013220269454252,4.6052881077817
i12_16_2.bmp,train,6.2973,0.8684728774346051,4.47389150973842
i12_16_3.bmp,train,6.052630000000001,0.8333789930104838,4.333515972041935
i12_16_4.bmp,train,6.11111,0.8417669864756515,4.367067945902607
i12_16_5.bmp,train,5.675680000000001,0.7793117198111843,4.117246879244737
i12_17_1.bmp,train,6.26316,0.8635760563521696,4.454304225408679
i12_17_2.bmp,train,6.81579,0.9428417339967612,4.771366935987045
i12_17_3.bmp,train,4.81081,0.6552603533915579,3.621041413566232
i12_17_4.bmp,train,6.26316,0.8635760563521696,4.454304225408679
i12_17_5.bmp,train,4.02632,0.5427381749803138,3.1709526999212554
i12_18_1.bmp,train,5.64865,0.7754347112037374,4.10173884481495
i12_18_2.bmp,train,5.35135,0.7327919195280463,3.931167678112186
i12_18_3.bmp,train,5.0,0.6823965449728696,3.7295861798914784
i12_18_4.bmp,train,4.48649,0.6087419874438279,3.434967949775312
i12_18_5.bmp,train,4.2973,0.5816057958625162,3.3264231834500646
i12_19_1.bmp,train,5.72973,0.7870643026906698,4.148257210762679
i12_19_2.bmp,train,5.51351,0.7560511025019113,4.024204410007645
i12_19_3.bmp,train,5.2973,0.7250393366485607,3.9001573465942414
i12_19_4.bmp,train,4.71053,0.6408768379215334,3.563507351686133
i12_19_5.bmp,train,4.02632,0.5427381749803138,3.1709526999212554
i12_20_1.bmp,train,5.58333,0.766065632319593,4.064262529278372
i12_20_2.bmp,train,5.27778,0.722239513932417,3.888958055729668
i12_20_3.bmp,train,4.43243,0.6009879702289344,3.4039518809157374
i12_20_4.bmp,train,3.60526,0.4823440482969419,2.9293761931877675
i12_20_5.bmp,train,2.80556,0.3676402457303421,2.470560982921368
i12_21_1.bmp,train,5.15789,0.7050432667275782,3.820173066910313
i12_21_2.bmp,train,4.94595,0.6746439620933838,3.698575848373536
i12_21_3.bmp,train,4.02632,0.5427381749803138,3.1709526999212554
i12_21_4.bmp,train,3.02778,0.3995140471638169,2.598056188655268
i12_21_5.bmp,train,2.0,0.2520959226147361,2.0083836904589445
i12_22_1.bmp,train,5.25,0.7182549301693808,3.873019720677523
i12_22_2.bmp,train,5.1315800000000005,0.7012695302694975,3.80507812107799
i12_22_3.bmp,train,4.56757,0.6203715789307603,3.4814863157230413
i12_22_4.bmp,train,3.5,0.4672462337938028,2.8689849351752112
i12_22_5.bmp,train,2.62162,0.3412570802381571,2.3650283209526286
i12_23_1.bmp,train,6.05405,0.8335826686383998,4.334330674553599
i12_23_2.bmp,train,6.18421,0.8522519783071114,4.409007913228446
i12_23_3.bmp,train,4.8947400000000005,0.6672987304697306,3.6691949218789226
i12_23_4.bmp,train,3.18919,0.4226656549820923,2.6906626199283696
i12_23_5.bmp,train,2.21053,0.282292985956422,2.129171943825688
i12_24_1.bmp,train,5.86486,0.806446477057088,4.225785908228352
i12_24_2.bmp,train,4.37838,0.5932353873494486,3.3729415493977943
i12_24_3.bmp,train,3.07895,0.4068535414458388,2.627414165783355
i12_24_4.bmp,train,1.97368,0.2483207518212474,1.9932830072849896
i12_24_5.bmp,train,0.40541,0.0233782328127174,1.0935129312508696
I13_01_1.bmp,train,5.53488,0.7591162772685092,4.036465109074037
i13_01_2.bmp,train,5.425,0.7433557998069386,3.973423199227754
i13_01_3.bmp,train,5.06977,0.692403903113512,3.769615612454048
i13_01_4.bmp,train,4.7907,0.6523759048863506,3.609503619545402
i13_01_5.bmp,train,4.02381,0.5423781567929409,3.1695126271717635
i13_02_1.bmp,train,5.30952,0.7267920945169661,3.907168378067865
i13_02_2.bmp,train,5.53659,0.7593615486232533,4.037446194493013
i13_02_3.bmp,train,5.62791,0.7724598995678348,4.08983959827134
i13_02_4.bmp,train,5.40476,0.7404527049414289,3.961810819765716
i13_02_5.bmp,train,4.66667,0.6345858428226574,3.5383433712906296
i13_03_1.bmp,train,5.14286,0.7028874606095639,3.811549842438256
i13_03_2.bmp,train,5.07143,0.6926420027912168,3.770568011164867
i13_03_3.bmp,train,4.16667,0.5628690724296351,3.2514762897185405
i13_03_4.bmp,train,3.66667,0.4911523020366128,2.9646092081464515
i13_03_5.bmp,train,2.7619,0.3613779373396233,2.445511749358493
i13_04_1.bmp,train,5.73171,0.7873483011014262,4.149393204405705
i13_04_2.bmp,train,5.475,0.7505274768462407,4.002109907384963
i13_04_3.bmp,train,5.55814,0.7624525414271924,4.04981016570877
i13_04_4.bmp,train,5.439019999999999,0.7453667380487587,3.981466952195035
i13_04_5.bmp,train,4.92857,0.6721510871545224,3.6886043486180897
i13_05_1.bmp,train,5.35714,0.7336223997291976,3.934489598916792
i13_05_2.bmp,train,5.047619999999999,0.689226850185101,3.756907400740404
i13_05_3.bmp,train,5.51163,0.7557814474452336,4.023125789780934
i13_05_4.bmp,train,4.16667,0.5628690724296351,3.2514762897185405
i13_05_5.bmp,train,3.09524,0.4091900738252434,2.6367602953009737
i13_06_1.bmp,train,4.55,0.6178514516191496,3.4714058064765982
i13_06_2.bmp,train,4.255809999999999,0.5756547382553031,3.3026189530212124
i13_06_3.bmp,train,3.66667,0.4911523020366128,2.9646092081464515
i13_06_4.bmp,train,3.44186,0.4589070077325022,2.835628030930009
i13_06_5.bmp,train,3.09524,0.4091900738252434,2.6367602953009737
i13_07_1.bmp,train,5.725,0.7863858620427518,4.145543448171008
i13_07_2.bmp,train,5.317069999999999,0.7278750177499006,3.9115000709996015
i13_07_3.bmp,train,4.64286,0.6311706902165416,3.5246827608661664
i13_07_4.bmp,train,3.4146300000000003,0.4550013124168983,2.8200052496675934
i13_07_5.bmp,train,2.82927,0.3710410549823792,2.484164219929517
i13_08_1.bmp,train,4.80952,0.6550753241239439,3.620301296495776
i13_08_2.bmp,train,3.95238,0.5321326989745936,3.1285307958983744
i13_08_3.bmp,train,3.12195,0.4130211836996387,2.6520847347985548
i13_08_4.bmp,train,2.5814,0.3354881832277424,2.3419527329109693
i13_08_5.bmp,train,1.7381,0.214530678282871,1.8581227131314844
i13_09_1.bmp,train,5.073169999999999,0.6928915771521844,3.7715663086087376
i13_09_2.bmp,train,4.767440000000001,0.6490396407276672,3.5961585629106687
i13_09_3.bmp,train,3.18605,0.4222152736640241,2.6888610946560965
i13_09_4.bmp,train,2.16667,0.2760019908575461,2.1040079634301847
i13_09_5.bmp,train,0.4878,0.0351957222380796,1.1407828889523184
i13_10_1.bmp,train,5.48837,0.7524451832865502,4.009780733146201
i13_10_2.bmp,train,5.46512,0.7491103534632746,3.9964414138530975
i13_10_3.bmp,train,4.475,0.6070939360601962,3.428375744240785
i13_10_4.bmp,train,3.25581,0.4322211974692586,2.7288847898770348
i13_10_5.bmp,train,1.16279,0.1320119279332518,1.5280477117330071
I13_11_1.bmp,train,5.32558,0.72909563718199,3.91638254872796
i13_11_2.bmp,train,5.32558,0.72909563718199,3.91638254872796
i13_11_3.bmp,train,4.69048,0.6380009954287731,3.5520039817150924
i13_11_4.bmp,train,4.34884,0.5889983605546288,3.355993442218516
i13_11_5.bmp,train,2.38095,0.3067369299771797,2.226947719908719
i13_12_1.bmp,train,5.232559999999999,0.715753449218072,3.863013796872288
i13_12_2.bmp,train,5.44186,0.7457740893045912,3.983096357218365
i13_12_3.bmp,train,5.116280000000001,0.6990749970954709,3.796299988381884
i13_12_4.bmp,train,5.2619,0.7199617893047346,3.8798471572189386
i13_12_5.bmp,train,5.047619999999999,0.689226850185101,3.756907400740404
I13_13_1.bmp,train,5.4186,0.7424378251459078,3.9697513005836313
i13_13_2.bmp,train,4.92857,0.6721510871545224,3.6886043486180897
i13_13_3.bmp,train,4.7907,0.6523759048863506,3.609503619545402
i13_13_4.bmp,train,3.63415,0.4864878432902507,2.945951373161003
i13_13_5.bmp,train,2.40476,0.3101520825832954,2.240608330333182
i13_14_1.bmp,train,5.64286,0.7746042310025861,4.098416924010344
i13_14_2.bmp,train,5.40476,0.7404527049414289,3.961810819765716
i13_14_3.bmp,train,5.7381,0.7882648414270491,4.153059365708197
i13_14_4.bmp,train,5.02326,0.685732809131553,3.742931236526212
i13_14_5.bmp,train,3.97619,0.5355478515807094,3.1421914063228376
i13_15_1.bmp,train,2.73171,0.3570476787432927,2.428190714973171
i13_15_2.bmp,train,2.87805,0.3780377431019224,2.5121509724076896
i13_15_3.bmp,train,3.04762,0.4023597686130121,2.609439074452048
i13_15_4.bmp,train,3.5714300000000003,0.47749169161215,2.9099667664486004
i13_15_5.bmp,train,3.70732,0.4969828754695656,2.9879315018782626
i13_16_1.bmp,train,5.60465,0.7691236354091515,4.076494541636606
i13_16_2.bmp,train,5.27907,0.722424543200031,3.889698172800124
i13_16_3.bmp,train,5.439019999999999,0.7453667380487587,3.981466952195035
i13_16_4.bmp,train,4.292680000000001,0.5809431329040847,3.323772531616339
i13_16_5.bmp,train,4.44186,0.6023405485185468,3.409362194074187
i13_17_1.bmp,train,4.48837,0.6090116425005057,3.436046570002022
i13_17_2.bmp,train,6.627910000000001,0.9158934403538794,4.663573761415518
i13_17_3.bmp,train,3.72093,0.4989350059596636,2.9957400238386547
i13_17_4.bmp,train,6.48837,0.8958787240725946,4.583514896290378
i13_17_5.bmp,train,2.58537,0.336057614384663,2.344230457538652
i13_18_1.bmp,train,3.95122,0.5319663160672818,3.127865264269128
i13_18_2.bmp,train,3.74419,0.502271270118347,3.009085080473388
i13_18_3.bmp,train,3.14286,0.4160203790374749,2.6640815161499
i13_18_4.bmp,train,2.84615,0.3734622131508476,2.4938488526033904
i13_18_5.bmp,train,2.73171,0.3570476787432927,2.428190714973171
i13_19_1.bmp,train,5.2439,0.7173799855705859,3.869519942282344
i13_19_2.bmp,train,5.2619,0.7199617893047346,3.8798471572189386
i13_19_3.bmp,train,5.32558,0.72909563718199,3.91638254872796
i13_19_4.bmp,train,4.5122,0.6124296637774371,3.4497186551097485
i13_19_5.bmp,train,4.16279,0.5623125502913854,3.249250201165541
i13_20_1.bmp,train,5.67442,0.7791309935497936,4.116523974199175
i13_20_2.bmp,train,5.09524,0.6960571553973326,3.7842286215893295
i13_20_3.bmp,train,5.52381,0.7575284679720076,4.03011387188803
i13_20_4.bmp,train,5.28571,0.7233769419108503,3.893507767643401
i13_20_5.bmp,train,5.232559999999999,0.715753449218072,3.863013796872288
i13_21_1.bmp,train,5.65116,0.7757947293911104,4.103178917564442
i13_21_2.bmp,train,5.547619999999999,0.7609436205781233,4.043774482312493
i13_21_3.bmp,train,5.09524,0.6960571553973326,3.7842286215893295
i13_21_4.bmp,train,4.72093,0.6423685467457082,3.569474186982833
i13_21_5.bmp,train,3.4761900000000003,0.4638310811876872,2.8553243247507485
i13_22_1.bmp,train,5.42857,0.7438678575475447,3.975471430190179
i13_22_2.bmp,train,4.78049,0.650911448434925,3.6036457937397
i13_22_3.bmp,train,3.97674,0.5356267400281417,3.142506960112567
i13_22_4.bmp,train,2.93023,0.3855221052601382,2.542088421040553
i13_22_5.bmp,train,2.4186,0.3121372027877743,2.2485488111510974
i13_23_1.bmp,train,5.65116,0.7757947293911104,4.103178917564442
i13_23_2.bmp,train,5.39535,0.7391029953226322,3.956411981290529
i13_23_3.bmp,train,5.45,0.7469416383265897,3.987766553306359
i13_23_4.bmp,train,5.04651,0.6890676389548285,3.756270555819314
i13_23_5.bmp,train,5.2093,0.7124171850593887,3.849668740237554
i13_24_1.bmp,train,5.44186,0.7457740893045912,3.983096357218365
i13_24_2.bmp,train,5.19048,0.7097177658217954,3.838871063287181
i13_24_3.bmp,train,4.39535,0.5956694545365877,3.382677818146351
i13_24_4.bmp,train,3.86047,0.5189497222409483,3.075798888963793
i13_24_5.bmp,train,2.88095,0.378453700370202,2.513814801480808
I14_01_1.bmp,train,5.89189,0.8103234856645348,4.241293942658139
i14_01_2.bmp,train,5.69444,0.7820025330363304,4.128010132145322
i14_01_3.bmp,train,4.77778,0.6505227435393948,3.602090974157579
i14_01_4.bmp,train,4.31429,0.584042731720471,3.336170926881884
i14_01_5.bmp,train,3.75,0.503104618990314,3.012418475961256
i14_02_1.bmp,train,5.97297,0.8219530771514674,4.2878123086058695
i14_02_2.bmp,train,5.91667,0.813877768805213,4.255511075220852
i14_02_3.bmp,train,5.7714300000000005,0.793045481341448,4.172181925365792
i14_02_4.bmp,train,5.13889,0.7023180294526433,3.809272117810573
i14_02_5.bmp,train,4.52778,0.6146643583428837,3.4586574333715348
i14_03_1.bmp,train,5.19444,0.7102857626433081,3.841143050573233
i14_03_2.bmp,train,4.43243,0.6009879702289344,3.4039518809157374
i14_03_3.bmp,train,3.77778,0.5070892027533503,3.0283568110134014
i14_03_4.bmp,train,3.08333,0.4074817803544817,2.6299271214179267
i14_03_5.bmp,train,2.59459,0.3373800716307103,2.349520286522841
i14_04_1.bmp,train,6.028569999999999,0.8299279820191713,4.319711928076686
i14_04_2.bmp,train,5.63889,0.7740347998456656,4.096139199382662
i14_04_3.bmp,train,5.5,0.7541133153658919,4.016453261463568
i14_04_4.bmp,train,4.65714,0.6332189211789664,3.532875684715865
i14_04_5.bmp,train,4.02778,0.5429475879498614,3.1717903517994457
i14_05_1.bmp,train,6.05405,0.8335826686383998,4.334330674553599
i14_05_2.bmp,train,5.59459,0.7676806939888439,4.070722775955376
i14_05_3.bmp,train,4.97222,0.6784119612098333,3.713647844839333
i14_05_4.bmp,train,4.16216,0.5622221871606901,3.24888874864276
i14_05_5.bmp,train,3.02703,0.3994064720082274,2.5976258880329093
i14_06_1.bmp,train,5.08333,0.6943488619265707,3.777395447706283
i14_06_2.bmp,train,4.33333,0.5867737063370373,3.347094825348149
i14_06_3.bmp,train,4.02778,0.5429475879498614,3.1717903517994457
i14_06_4.bmp,train,3.77778,0.5070892027533503,3.0283568110134014
i14_06_5.bmp,train,3.16667,0.4194355316435906,2.6777421265743624
i14_07_1.bmp,train,5.72222,0.7859871167993667,4.1439484671974665
i14_07_2.bmp,train,5.44444,0.7461441478398193,3.984576591359277
i14_07_3.bmp,train,4.27778,0.5788059731463725,3.31522389258549
i14_07_4.bmp,train,3.61111,0.4831831345105403,2.932732538042161
i14_07_5.bmp,train,2.91892,0.3838998719138481,2.5355994876553924
i14_08_1.bmp,train,5.43243,0.7444215110149789,3.977686044059916
i14_08_2.bmp,train,4.55556,0.61864894210592,3.47459576842368
i14_08_3.bmp,train,3.4864900000000003,0.4653084466577834,2.861233786631134
i14_08_4.bmp,train,2.8378400000000004,0.3722702804269157,2.4890811217076627
i14_08_5.bmp,train,1.59459,0.1939465308446658,1.7757861233786634
i14_09_1.bmp,train,6.05405,0.8335826686383998,4.334330674553599
i14_09_2.bmp,train,5.89189,0.8103234856645348,4.241293942658139
i14_09_3.bmp,train,4.5,0.6106797745798473,3.4427190983193894
i14_09_4.bmp,train,2.89189,0.3800228633064013,2.5200914532256053
i14_09_5.bmp,train,1.75,0.216237537418225,1.8649501496729
i14_10_1.bmp,train,5.77778,0.7939562843254393,4.175825137301757
i14_10_2.bmp,train,5.16667,0.7063026132156797,3.825210452862719
i14_10_3.bmp,train,4.25,0.5748213893833363,3.299285557533345
i14_10_4.bmp,train,3.05556,0.4034986309268532,2.613994523707413
i14_10_5.bmp,train,1.86111,0.2321744381349624,1.9286977525398497
I14_11_1.bmp,train,5.97297,0.8219530771514674,4.2878123086058695
i14_11_2.bmp,train,5.47222,0.7501287316028555,4.000514926411422
i14_11_3.bmp,train,4.24324,0.5738517786476226,3.2954071145904904
i14_11_4.bmp,train,3.08333,0.4074817803544817,2.6299271214179267
i14_11_5.bmp,train,1.28571,0.1496427787666723,1.5985711150666897
i14_12_1.bmp,train,5.81081,0.7986938941776024,4.194775576710409
i14_12_2.bmp,train,5.64706,0.7752066518738876,4.10082660749555
i14_12_3.bmp,train,4.05714,0.5471587967073398,3.188635186829359
i14_12_4.bmp,train,4.13514,0.5583466128886512,3.2333864515546047
i14_12_5.bmp,train,3.18919,0.4226656549820923,2.6906626199283696
I14_13_1.bmp,train,5.02703,0.6862735535803164,3.7450942143212655
i14_13_2.bmp,train,4.52778,0.6146643583428837,3.4586574333715348
i14_13_3.bmp,train,3.62162,0.4846906210242016,2.9387624840968063
i14_13_4.bmp,train,3.08333,0.4074817803544817,2.6299271214179267
i14_13_5.bmp,train,1.91667,0.240143605661035,1.96057442264414
i14_14_1.bmp,train,6.05405,0.8335826686383998,4.334330674553599
i14_14_2.bmp,train,5.7027,0.7831872940832231,4.132749176332892
i14_14_3.bmp,train,4.69444,0.6385689922502858,3.5542759690011434
i14_14_4.bmp,train,4.16667,0.5628690724296351,3.2514762897185405
i14_14_5.bmp,train,3.37143,0.4488049834549411,2.7952199338197645
i14_15_1.bmp,train,2.94595,0.3877768805212949,2.5511075220851795
i14_15_2.bmp,train,3.35135,0.4459248379559573,2.783699351823829
i14_15_3.bmp,train,3.52941,0.4714646142283204,2.8858584569132817
i14_15_4.bmp,train,3.62162,0.4846906210242016,2.9387624840968063
i14_15_5.bmp,train,3.97297,0.5350859955793783,3.140343982317513
i14_16_1.bmp,train,5.7714300000000005,0.793045481341448,4.172181925365792
i14_16_2.bmp,train,5.97297,0.8219530771514674,4.2878123086058695
i14_16_3.bmp,train,5.30556,0.7262240976954534,3.9048963907818135
i14_16_4.bmp,train,5.17143,0.7069853568698212,3.827941427479285
i14_16_5.bmp,train,4.028569999999999,0.5430609004470823,3.1722436017883293
i14_17_1.bmp,train,5.40541,0.7405459367429399,3.96218374697176
i14_17_2.bmp,train,6.43243,0.8878550518010234,4.551420207204094
i14_17_3.bmp,train,4.13889,0.5588844886665988,3.235537954666395
i14_17_4.bmp,train,5.91892,0.8142004942719816,4.256801977087926
i14_17_5.bmp,train,3.24324,0.430418237861578,2.7216729514463123
i14_18_1.bmp,train,5.37143,0.7356720650270302,3.942688260108121
i14_18_2.bmp,train,5.13889,0.7023180294526433,3.809272117810573
i14_18_3.bmp,train,4.66667,0.6345858428226574,3.5383433712906296
i14_18_4.bmp,train,4.14706,0.5600563406948208,3.240225362779283
i14_18_5.bmp,train,3.75,0.503104618990314,3.012418475961256
i14_19_1.bmp,train,5.37143,0.7356720650270302,3.942688260108121
i14_19_2.bmp,train,5.11111,0.698333445689607,3.793333782758428
i14_19_3.bmp,train,4.97222,0.6784119612098333,3.713647844839333
i14_19_4.bmp,train,3.91429,0.5266693154060532,3.106677261624213
i14_19_5.bmp,train,3.22857,0.4283140678182467,2.713256271272987
i14_20_1.bmp,train,5.72222,0.7859871167993667,4.1439484671974665
i14_20_2.bmp,train,5.59459,0.7676806939888439,4.070722775955376
i14_20_3.bmp,train,5.41667,0.7421609984121907,3.968643993648763
i14_20_4.bmp,train,4.19444,0.5668522218572636,3.2674088874290543
i14_20_5.bmp,train,3.27027,0.4342952464690248,2.7371809858761
i14_21_1.bmp,train,5.2973,0.7250393366485607,3.9001573465942414
i14_21_2.bmp,train,5.16667,0.7063026132156797,3.825210452862719
i14_21_3.bmp,train,4.54054,0.6164945703233136,3.4659782812932542
i14_21_4.bmp,train,3.75,0.503104618990314,3.012418475961256
i14_21_5.bmp,train,2.64865,0.3451340888456038,2.380536355382416
i14_22_1.bmp,train,5.40541,0.7405459367429399,3.96218374697176
i14_22_2.bmp,train,5.37143,0.7356720650270302,3.942688260108121
i14_22_3.bmp,train,5.05556,0.6903657124989422,3.7614628499957687
i14_22_4.bmp,train,3.97143,0.5348651079265678,3.139460431706272
i14_22_5.bmp,train,3.2777800000000004,0.4353724323603281,2.7414897294413123
i14_23_1.bmp,train,6.02778,0.8298146695219505,4.319258678087802
i14_23_2.bmp,train,6.02703,0.8297070943663609,4.318828377465444
i14_23_3.bmp,train,5.61111,0.7700502160826292,4.080200864330517
i14_23_4.bmp,train,5.0,0.6823965449728696,3.7295861798914784
i14_23_5.bmp,train,2.77778,0.3636556619673057,2.454622647869223
i14_24_1.bmp,train,6.13514,0.8452136944607401,4.380854777842961
i14_24_2.bmp,train,5.58333,0.766065632319593,4.064262529278372
i14_24_3.bmp,train,4.44444,0.6027106070537748,3.410842428215099
i14_24_4.bmp,train,3.18919,0.4226656549820923,2.6906626199283696
i14_24_5.bmp,train,0.91892,0.0970327903417591,1.3881311613670366
I15_01_1.bmp,train,5.82222,0.800330470877971,4.201321883511884
i15_01_2.bmp,train,5.06818,0.6921758437836621,3.7687033751346486
i15_01_3.bmp,train,4.95556,0.6760223584203379,3.704089433681352
i15_01_4.bmp,train,4.27907,0.5789910024139865,3.315964009655946
i15_01_5.bmp,train,3.91111,0.5262131967463536,3.1048527869854143
i15_02_1.bmp,train,6.09091,0.8388696289517734,4.355478515807094
i15_02_2.bmp,train,5.81818,0.7997509993731955,4.199003997492782
i15_02_3.bmp,train,5.63636,0.7736719129874768,4.094687651949908
i15_02_4.bmp,train,4.88636,0.6660967573979435,3.664387029591774
i15_02_5.bmp,train,4.63636,0.6302383722014324,3.5209534888057297
i15_03_1.bmp,train,4.32558,0.5856620963959456,3.3426483855837823
i15_03_2.bmp,train,3.81395,0.5122771939235815,3.049108775694326
i15_03_3.bmp,train,3.61364,0.483546021368729,2.934184085474916
i15_03_4.bmp,train,3.17778,0.4210290782817236,2.6841163131268946
i15_03_5.bmp,train,2.62791,0.3421592772097013,2.368637108838805
i15_04_1.bmp,train,6.02273,0.829090330140981,4.316361320563924
i15_04_2.bmp,train,6.04444,0.8322042723114459,4.328817089245783
i15_04_3.bmp,train,5.83721,0.802480539654354,4.209922158617416
i15_04_4.bmp,train,5.77778,0.7939562843254393,4.175825137301757
i15_04_5.bmp,train,4.97727,0.6791363005908028,3.716545202363211
i15_05_1.bmp,train,5.78571,0.7950937123038726,4.18037484921549
i15_05_2.bmp,train,5.65116,0.7757947293911104,4.103178917564442
i15_05_3.bmp,train,5.11364,0.6986963325477957,3.794785330191183
i15_05_4.bmp,train,4.06818,0.5487423029976176,3.1949692119904705
i15_05_5.bmp,train,3.3181800000000004,0.4411671474080842,2.764668589632337
i15_06_1.bmp,train,4.43182,0.6009004757690548,3.4036019030762192
i15_06_2.bmp,train,4.17778,0.5644626190677682,3.2578504762710727
i15_06_3.bmp,train,3.97674,0.5356267400281417,3.142506960112567
i15_06_4.bmp,train,3.36364,0.4476876361722178,2.7907505446888714
i15_06_5.bmp,train,3.17778,0.4210290782817236,2.6841163131268946
i15_07_1.bmp,train,4.81395,0.655710734709626,3.622842938838504
i15_07_2.bmp,train,3.93023,0.5289556460461827,3.115822584184731
i15_07_3.bmp,train,3.61364,0.483546021368729,2.934184085474916
i15_07_4.bmp,train,2.91111,0.3827796559603091,2.5311186238412366
i15_07_5.bmp,train,2.44444,0.3158435254816857,2.263374101926744
i15_08_1.bmp,train,5.95556,0.8194558992063823,4.277823596825529
i15_08_2.bmp,train,6.066669999999999,0.8353927999231197,4.341571199692479
i15_08_3.bmp,train,5.13636,0.7019551425944546,3.8078205703778174
i15_08_4.bmp,train,3.93182,0.5291837053760327,3.1167348215041306
i15_08_5.bmp,train,3.36364,0.4476876361722178,2.7907505446888714
i15_09_1.bmp,train,5.93023,0.8158227276182718,4.263290910473087
i15_09_2.bmp,train,5.54545,0.7606323697946176,4.04252947917847
i15_09_3.bmp,train,4.69767,0.6390322825870247,3.556129130348099
i15_09_4.bmp,train,3.74419,0.502271270118347,3.009085080473388
i15_09_5.bmp,train,2.5,0.3238126930077583,2.295250772031033
i15_10_1.bmp,train,5.77778,0.7939562843254393,4.175825137301757
i15_10_2.bmp,train,5.70455,0.7834526461336773,4.133810584534709
i15_10_3.bmp,train,4.6,0.6250231286584518,3.500092514633807
i15_10_4.bmp,train,3.17778,0.4210290782817236,2.6841163131268946
i15_10_5.bmp,train,1.86667,0.2329719286217328,1.9318877144869315
I15_11_1.bmp,train,5.8444400000000005,0.8035175641542371,4.214070256616949
i15_11_2.bmp,train,4.4,0.5963364205012429,3.385345682004972
i15_11_3.bmp,train,3.04878,0.4025261515203238,2.610104606081295
i15_11_4.bmp,train,2.0,0.2520959226147361,2.0083836904589445
i15_11_5.bmp,train,0.6511600000000001,0.0586270254608878,1.2345081018435513
i15_12_1.bmp,train,5.66667,0.7780193836087019,4.112077534434808
i15_12_2.bmp,train,5.40909,0.7410737721730326,3.9642950886921295
i15_12_3.bmp,train,4.22222,0.5708368056202999,3.2833472224812
i15_12_4.bmp,train,3.2,0.4242161715579895,2.696864686231958
i15_12_5.bmp,train,2.56818,0.3335919918185508,2.334367967274204
I15_13_1.bmp,train,4.84091,0.6595777029692178,3.638310811876871
i15_13_2.bmp,train,3.76744,0.5056060999416226,3.0224243997664906
i15_13_3.bmp,train,3.34884,0.4455648197685843,2.7822592790743377
i15_13_4.bmp,train,2.86364,0.3759708657791956,2.5038834631167823
i15_13_5.bmp,train,2.11364,0.2683957101896622,2.073582840758649
i15_14_1.bmp,train,5.59091,0.7671528585587511,4.068611434235004
i15_14_2.bmp,train,6.15556,0.8481426073635913,4.392570429454365
i15_14_3.bmp,train,5.95556,0.8194558992063823,4.277823596825529
i15_14_4.bmp,train,5.02381,0.6858116975789853,3.743246790315941
i15_14_5.bmp,train,3.79545,0.5096236734190397,3.0384946936761588
i15_15_1.bmp,train,3.88636,0.522663216611899,3.090652866447596
i15_15_2.bmp,train,4.02273,0.5422232485688919,3.168892994275568
i15_15_3.bmp,train,3.95455,0.5324439497580994,3.1297757990323976
i15_15_4.bmp,train,4.13636,0.5585216018084102,3.2340864072336406
i15_15_5.bmp,train,4.95455,0.6758774905441439,3.703509962176576
i15_16_1.bmp,train,6.22727,0.8584282265733585,4.433712906293434
i15_16_2.bmp,train,5.90698,0.8124878977949963,4.249951591179985
i15_16_3.bmp,train,5.422219999999999,0.7429570545635532,3.971828218254213
i15_16_4.bmp,train,5.38636,0.7378135277909658,3.951254111163863
i15_16_5.bmp,train,4.02326,0.5422992683455085,3.169197073382034
i15_17_1.bmp,train,5.93182,0.8160507869481216,4.264203147792486
i15_17_2.bmp,train,6.66667,0.9214529243947464,4.685811697578986
i15_17_3.bmp,train,5.0,0.6823965449728696,3.7295861798914784
i15_17_4.bmp,train,6.31111,0.8704536946328605,4.481814778531442
i15_17_5.bmp,train,3.82222,0.5134633893058821,3.0538535572235284
i15_18_1.bmp,train,5.15556,0.7047090665775467,3.818836266310187
i15_18_2.bmp,train,4.81395,0.655710734709626,3.622842938838504
i15_18_3.bmp,train,4.37209,0.5923331903779044,3.3693327615116178
i15_18_4.bmp,train,4.09091,0.5520025473796845,3.208010189518738
i15_18_5.bmp,train,3.76744,0.5056060999416226,3.0224243997664906
i15_19_1.bmp,train,5.90909,0.8127905425660548,4.25116217026422
i15_19_2.bmp,train,5.33333,0.7302072471230818,3.9208289884923273
i15_19_3.bmp,train,4.72093,0.6423685467457082,3.569474186982833
i15_19_4.bmp,train,4.37209,0.5923331903779044,3.3693327615116178
i15_19_5.bmp,train,3.91111,0.5262131967463536,3.1048527869854143
i15_20_1.bmp,train,6.32558,0.8725291779680345,4.490116711872139
i15_20_2.bmp,train,5.64444,0.7748308559970282,4.099323423988112
i15_20_3.bmp,train,4.744190000000001,0.6457048109043917,3.5828192436175668
i15_20_4.bmp,train,3.13333,0.4146534573937839,2.658613829575136
i15_20_5.bmp,train,2.44444,0.3158435254816857,2.263374101926744
i15_21_1.bmp,train,5.22727,0.714994685787314,3.859978743149256
i15_21_2.bmp,train,4.55556,0.61864894210592,3.47459576842368
i15_21_3.bmp,train,3.91111,0.5262131967463536,3.1048527869854143
i15_21_4.bmp,train,3.11364,0.4118292509757067,2.647317003902826
i15_21_5.bmp,train,2.30233,0.2954601850005809,2.181840740002324
i15_22_1.bmp,train,6.33333,0.8736407879091264,4.494563151636505
i15_22_2.bmp,train,5.8,0.7971433776017052,4.188573510406821
i15_22_3.bmp,train,5.38636,0.7378135277909658,3.951254111163863
i15_22_4.bmp,train,4.4888900000000005,0.6090862279417145,3.436344911766858
i15_22_5.bmp,train,3.71111,0.4975264885891447,2.990105954356579
i15_23_1.bmp,train,5.90909,0.8127905425660548,4.25116217026422
i15_23_2.bmp,train,5.90909,0.8127905425660548,4.25116217026422
i15_23_3.bmp,train,5.36364,0.7345547177443069,3.938218870977228
i15_23_4.bmp,train,4.47727,0.6074195301977805,3.429678120791122
i15_23_5.bmp,train,3.37209,0.4488996495918599,2.79559859836744
i15_24_1.bmp,train,5.77273,0.7932319449444698,4.172927779777879
i15_24_2.bmp,train,4.81395,0.655710734709626,3.622842938838504
i15_24_3.bmp,train,3.22727,0.4281276042152249,2.7125104168609
i15_24_4.bmp,train,1.88636,0.23579613503981,1.94318454015924
i15_24_5.bmp,train,0.72727,0.0695437522501137,1.2781750090004549
I16_01_1.bmp,train,5.61538,0.7706626773017857,4.082650709207143
i16_01_2.bmp,train,5.65,0.7756283464837986,4.102513385935195
i16_01_3.bmp,train,5.02632,0.6861717157663584,3.7446868630654335
i16_01_4.bmp,train,4.15385,0.5610302544367581,3.2441210177470325
i16_01_5.bmp,train,3.94872,0.5316077322153168,3.126430928861267
i16_02_1.bmp,train,5.9,0.8114867316803097,4.245946926721238
i16_02_2.bmp,train,6.15,0.8473451168768209,4.389380467507284
i16_02_3.bmp,train,5.575,0.7648708309248452,4.05948332369938
i16_02_4.bmp,train,5.2,0.7110832531300786,3.8443330125203135
i16_02_5.bmp,train,4.61538,0.6272291365157412,3.5089165460629648
i16_03_1.bmp,train,4.74359,0.6456187507799199,3.58247500311968
i16_03_2.bmp,train,4.07895,0.5502870822318833,3.201148328927533
i16_03_3.bmp,train,3.69231,0.4948299380223671,2.9793197520894683
i16_03_4.bmp,train,3.23684,0.4295002632005473,2.7180010528021894
i16_03_5.bmp,train,2.79487,0.3661069411793393,2.464427764717357
i16_04_1.bmp,train,5.825,0.8007292161213564,4.202916864485426
i16_04_2.bmp,train,5.82051,0.800085199523227,4.200340798092908
i16_04_3.bmp,train,5.75,0.789971700562403,4.159886802249612
i16_04_4.bmp,train,5.12821,0.7007861592370485,3.803144636948194
i16_04_5.bmp,train,4.61538,0.6272291365157412,3.5089165460629648
i16_05_1.bmp,train,5.8,0.7971433776017052,4.188573510406821
i16_05_2.bmp,train,5.61538,0.7706626773017857,4.082650709207143
i16_05_3.bmp,train,5.23077,0.7154967031800651,3.86198681272026
i16_05_4.bmp,train,4.35,0.5891647434619406,3.3566589738477624
i16_05_5.bmp,train,3.39474,0.4521484192906638,2.8085936771626554
i16_06_1.bmp,train,5.28205,0.7228519751515735,3.891407900606294
i16_06_2.bmp,train,4.82051,0.6566516587371825,3.62660663494873
i16_06_3.bmp,train,4.53846,0.6161962285584786,3.464784914233914
i16_06_4.bmp,train,3.97368,0.5351878333933364,3.1407513335733457
i16_06_5.bmp,train,3.58974,0.4801179597439425,2.92047183897577
i16_07_1.bmp,train,5.475,0.7505274768462407,4.002109907384963
i16_07_2.bmp,train,4.75,0.6465381597763585,3.586152639105434
i16_07_3.bmp,train,4.35,0.5891647434619406,3.3566589738477624
i16_07_4.bmp,train,3.66667,0.4911523020366128,2.9646092081464515
i16_07_5.bmp,train,3.10256,0.4102400073437973,2.640960029375189
i16_08_1.bmp,train,5.82051,0.800085199523227,4.200340798092908
i16_08_2.bmp,train,5.225,0.7146690916497296,3.8586763665989183
i16_08_3.bmp,train,4.275,0.5784072279029874,3.313628911611949
i16_08_4.bmp,train,3.615380000000001,0.4837955957296968,2.9351823829187875
i16_08_5.bmp,train,2.925,0.3847719478418272,2.539087791367309
i16_09_1.bmp,train,6.02564,0.8295077217446684,4.318030886978674
i16_09_2.bmp,train,5.76923,0.7927299275517187,4.170919710206874
i16_09_3.bmp,train,4.58974,0.623551500529987,3.494206002119948
i16_09_4.bmp,train,3.12821,0.4139190776649594,2.6556763106598376
i16_09_5.bmp,train,2.34211,0.3011659712530498,2.204663885012199
i16_10_1.bmp,train,5.9,0.8114867316803097,4.245946926721238
i16_10_2.bmp,train,5.76923,0.7927299275517187,4.170919710206874
i16_10_3.bmp,train,5.25641,0.7191743391658193,3.876697356663277
i16_10_4.bmp,train,3.615380000000001,0.4837955957296968,2.9351823829187875
i16_10_5.bmp,train,2.4615400000000003,0.3182962390291271,2.2731849561165083
I16_11_1.bmp,train,5.875,0.8079008931606586,4.231603572642634
i16_11_2.bmp,train,5.075,0.6931540605318229,3.772616242127292
i16_11_3.bmp,train,2.89744,0.3808189194577638,2.523275677831055
i16_11_4.bmp,train,2.075,0.2628534381736895,2.0514137526947582
i16_11_5.bmp,train,0.95,0.1014907047893893,1.4059628191575575
i16_12_1.bmp,train,5.875,0.8079008931606586,4.231603572642634
i16_12_2.bmp,train,5.575,0.7648708309248452,4.05948332369938
i16_12_3.bmp,train,4.925,0.6716390294139163,3.686556117655665
i16_12_4.bmp,train,3.28205,0.4359848935794844,2.743939574317938
i16_12_5.bmp,train,2.6,0.3381560470863628,2.352624188345452
I16_13_1.bmp,train,4.6,0.6250231286584518,3.500092514633807
i16_13_2.bmp,train,3.81579,0.5125411116386278,3.0501644465545112
i16_13_3.bmp,train,4.46154,0.6051633206012161,3.4206532824048645
i16_13_4.bmp,train,3.05128,0.4028847353722889,2.611538941489156
i16_13_5.bmp,train,3.625,0.4851754263920584,2.940701705568234
i16_14_1.bmp,train,5.76923,0.7927299275517187,4.170919710206874
i16_14_2.bmp,train,6.1315800000000005,0.844703071055542,4.378812284222168
i16_14_3.bmp,train,5.61538,0.7706626773017857,4.082650709207143
i16_14_4.bmp,train,5.52632,0.7578884861593805,4.031553944637523
i16_14_5.bmp,train,4.575,0.6214372901388008,3.485749160555203
i16_15_1.bmp,train,3.41026,0.4543745078436632,2.8174980313746527
i16_15_2.bmp,train,3.53846,0.4727626877724341,2.8910507510897365
i16_15_3.bmp,train,3.475,0.4636603952741517,2.854641581096608
i16_15_4.bmp,train,3.65,0.4887612649117095,2.955045059646838
i16_15_5.bmp,train,4.02632,0.5427381749803138,3.1709526999212554
i16_16_1.bmp,train,5.923080000000001,0.8147971778016516,4.259188711206607
i16_16_2.bmp,train,6.275,0.8652743094750764,4.461097237900306
i16_16_3.bmp,train,5.68421,0.7805352079140891,4.122140831656356
i16_16_4.bmp,train,5.75,0.789971700562403,4.159886802249612
i16_16_5.bmp,train,4.61538,0.6272291365157412,3.5089165460629648
i16_17_1.bmp,train,5.825,0.8007292161213564,4.202916864485426
i16_17_2.bmp,train,7.1,0.983606980623563,4.934427922494252
i16_17_3.bmp,train,4.75,0.6465381597763585,3.586152639105434
i16_17_4.bmp,train,6.65,0.9190618872698432,4.676247549079372
i16_17_5.bmp,train,3.35897,0.447017801536747,2.788071206146988
i16_18_1.bmp,train,4.6,0.6250231286584518,3.500092514633807
i16_18_2.bmp,train,4.3947400000000005,0.5955819600767084,3.382327840306833
i16_18_3.bmp,train,4.05,0.5461346812261273,3.184538724904509
i16_18_4.bmp,train,3.92308,0.5279300962295626,3.11172038491825
i16_18_5.bmp,train,3.94737,0.5314140969352555,3.125656387741022
i16_19_1.bmp,train,5.575,0.7648708309248452,4.05948332369938
i16_19_2.bmp,train,5.375,0.7361841227676363,3.944736491070546
i16_19_3.bmp,train,4.61538,0.6272291365157412,3.5089165460629648
i16_19_4.bmp,train,4.15385,0.5610302544367581,3.2441210177470325
i16_19_5.bmp,train,3.66667,0.4911523020366128,2.9646092081464515
i16_20_1.bmp,train,6.076919999999999,0.8368629937161766,4.347451974864706
i16_20_2.bmp,train,5.74359,0.7890522915659645,4.156209166263858
i16_20_3.bmp,train,5.18421,0.7088184375210669,3.835273750084268
i16_20_4.bmp,train,4.125,0.5568921967850807,3.227568787140323
i16_20_5.bmp,train,3.58974,0.4801179597439425,2.92047183897577
i16_21_1.bmp,train,5.825,0.8007292161213564,4.202916864485426
i16_21_2.bmp,train,5.46154,0.7485968613872607,3.994387445549042
i16_21_3.bmp,train,4.25641,0.5757407983797748,3.302963193519099
i16_21_4.bmp,train,3.76923,0.5058628459796296,3.0234513839185184
i16_21_5.bmp,train,1.84615,0.2300286723648031,1.9201146894592127
i16_22_1.bmp,train,5.61538,0.7706626773017857,4.082650709207143
i16_22_2.bmp,train,5.35,0.7325982842479851,3.930393136991941
i16_22_3.bmp,train,4.94595,0.6746439620933838,3.698575848373536
i16_22_4.bmp,train,3.97368,0.5351878333933364,3.1407513335733457
i16_22_5.bmp,train,2.775,0.3632569167239206,2.4530276668956823
i16_23_1.bmp,train,6.125,0.8437592783571697,4.375037113428679
i16_23_2.bmp,train,4.825,0.6572956753353119,3.629182701341248
i16_23_3.bmp,train,2.7,0.3524994011649672,2.409997604659869
i16_23_4.bmp,train,2.15789,0.2747426443694447,2.098970577477779
i16_23_5.bmp,train,1.52632,0.1841543230152025,1.73661729206081
i16_24_1.bmp,train,5.36842,0.7352403300692641,3.9409613202770566
i16_24_2.bmp,train,4.052630000000001,0.5465119114383947,3.186047645753579
i16_24_3.bmp,train,2.64103,0.3440411252648142,2.376164501059257
i16_24_4.bmp,train,1.84211,0.2294492008600275,1.91779680344011
i16_24_5.bmp,train,0.97436,0.1049847458429374,1.4199389833717495
I17_01_1.bmp,val,5.89189,0.8103234856645348,4.241293942658139
i17_01_2.bmp,val,5.21053,0.7125936083145556,3.850374433258223
i17_01_3.bmp,val,5.05128,0.689751816944378,3.759007267777512
i17_01_4.bmp,val,4.38462,0.5941304126439535,3.376521650575814
i17_01_5.bmp,val,3.87179,0.5205733899226463,3.0822935596905854
i17_02_1.bmp,val,5.75,0.789971700562403,4.159886802249612
i17_02_2.bmp,val,6.0,0.8258300857589141,4.303320343035656
i17_02_3.bmp,val,5.825,0.8007292161213564,4.202916864485426
i17_02_4.bmp,val,5.275,0.7218407686890319,3.887363074756128
i17_02_5.bmp,val,4.48718,0.6088409565869703,3.4353638263478814
i17_03_1.bmp,val,4.97368,0.678621374179381,3.714485496717524
i17_03_2.bmp,val,4.4359,0.6014856846154619,3.405942738461848
i17_03_3.bmp,val,3.82051,0.513218117951138,3.052872471804552
i17_03_4.bmp,val,3.35,0.4457312026758962,2.7829248107035847
i17_03_5.bmp,val,2.89744,0.3808189194577638,2.523275677831055
i17_04_1.bmp,val,5.76923,0.7927299275517187,4.170919710206874
i17_04_2.bmp,val,5.97368,0.8220549149654254,4.288219659861701
i17_04_3.bmp,val,5.33333,0.7302072471230818,3.9208289884923273
i17_04_4.bmp,val,5.23684,0.7163673447726364,3.8654693790905457
i17_04_5.bmp,val,4.73684,0.6446505743796141,3.5786022975184566
i17_05_1.bmp,val,5.825,0.8007292161213564,4.202916864485426
i17_05_2.bmp,val,5.925,0.8150725701999607,4.260290280799843
i17_05_3.bmp,val,5.23684,0.7163673447726364,3.8654693790905457
i17_05_4.bmp,val,4.17949,0.5647078904225123,3.2588315616900494
i17_05_5.bmp,val,3.34211,0.4445995120390942,2.778398048156377
i17_06_1.bmp,val,4.23684,0.5729338039865919,3.2917352159463675
i17_06_2.bmp,val,4.43243,0.6009879702289344,3.4039518809157374
i17_06_3.bmp,val,4.0,0.5389630041868251,3.1558520167473003
i17_06_4.bmp,val,3.55,0.4744179108331051,2.89767164333242
i17_06_5.bmp,val,3.30769,0.4396625295652386,2.758650118260954
i17_07_1.bmp,val,5.71795,0.7853746555802102,4.1414986223208405
i17_07_2.bmp,val,4.65789,0.633326496334556,3.533305985338224
i17_07_3.bmp,val,3.89744,0.5242524602438083,3.0970098409752334
i17_07_4.bmp,val,3.20513,0.4249519856222219,2.699807942488888
i17_07_5.bmp,val,2.47368,0.3200375222142696,2.2801500888570785
i17_08_1.bmp,val,5.74359,0.7890522915659645,4.156209166263858
i17_08_2.bmp,val,5.225,0.7146690916497296,3.8586763665989183
i17_08_3.bmp,val,4.575,0.6214372901388008,3.485749160555203
i17_08_4.bmp,val,3.71795,0.4985075740081213,2.994030296032485
i17_08_5.bmp,val,2.95,0.3883577863614784,2.5534311454459138
i17_09_1.bmp,val,6.025,0.8294159242785653,4.317663697114261
i17_09_2.bmp,val,6.10526,0.8409279002620532,4.363711601048212
i17_09_3.bmp,val,5.025,0.6859823834925208,3.7439295339700833
i17_09_4.bmp,val,3.82051,0.513218117951138,3.052872471804552
i17_09_5.bmp,val,2.45946,0.3179978972642921,2.271991589057168
i17_10_1.bmp,val,6.05128,0.8331853577304226,4.33274143092169
i17_10_2.bmp,val,5.925,0.8150725701999607,4.260290280799843
i17_10_3.bmp,val,5.15385,0.7044637952228026,3.81785518089121
i17_10_4.bmp,val,3.425,0.4564887182348495,2.825954872939398
i17_10_5.bmp,val,2.25,0.2879543078112472,2.151817231244989
I17_11_1.bmp,val,5.5641,0.7633074053302773,4.053229621321109
i17_11_2.bmp,val,5.4359,0.7449192254015065,3.979676901606026
i17_11_3.bmp,val,3.84615,0.5168957539368922,3.067583015747569
i17_11_4.bmp,val,2.76923,0.362429305193585,2.4497172207743403
i17_11_5.bmp,val,1.025,0.1122482203483427,1.4489928813933708
i17_12_1.bmp,val,5.875,0.8079008931606586,4.231603572642634
i17_12_2.bmp,val,5.923080000000001,0.8147971778016516,4.259188711206607
i17_12_3.bmp,val,5.076919999999999,0.693429452930132,3.773717811720528
i17_12_4.bmp,val,3.925,0.5282054886278718,3.112821954511487
i17_12_5.bmp,val,2.48718,0.3219738750148812,2.287895500059525
I17_13_1.bmp,val,5.15,0.7039115760907764,3.8156463043631055
i17_13_2.bmp,val,4.45,0.6035080975405451,3.4140323901621805
i17_13_3.bmp,val,3.26316,0.433275433994036,2.7331017359761445
i17_13_4.bmp,val,2.425,0.313055177448805,2.2522207097952203
i17_13_5.bmp,val,2.36842,0.3049397077111306,2.219758830844522
i17_14_1.bmp,val,5.875,0.8079008931606586,4.231603572642634
i17_14_2.bmp,val,5.79487,0.7964075635374729,4.185630254149892
i17_14_3.bmp,val,5.52632,0.7578884861593805,4.031553944637523
i17_14_4.bmp,val,4.358969999999999,0.5904513423227914,3.3618053692911656
i17_14_5.bmp,val,3.525,0.470832072313454,2.883328289253816
i17_15_1.bmp,val,3.55,0.4744179108331051,2.89767164333242
i17_15_2.bmp,val,3.41026,0.4543745078436632,2.8174980313746527
i17_15_3.bmp,val,3.25641,0.4323072575937302,2.729229030374921
i17_15_4.bmp,val,3.625,0.4851754263920584,2.940701705568234
i17_15_5.bmp,val,4.0,0.5389630041868251,3.1558520167473003
i17_16_1.bmp,val,5.925,0.8150725701999607,4.260290280799843
i17_16_2.bmp,val,6.025,0.8294159242785653,4.317663697114261
i17_16_3.bmp,val,5.57895,0.7654373934109501,4.0617495736438
i17_16_4.bmp,val,5.15789,0.7050432667275782,3.820173066910313
i17_16_5.bmp,val,4.17949,0.5647078904225123,3.2588315616900494
i17_17_1.bmp,val,5.575,0.7648708309248452,4.05948332369938
i17_17_2.bmp,val,6.625,0.915476048750192,4.661904195000767
i17_17_3.bmp,val,4.48718,0.6088409565869703,3.4353638263478814
i17_17_4.bmp,val,7.1,0.983606980623563,4.934427922494252
i17_17_5.bmp,val,3.3684199999999995,0.4483732484971751,2.7934929939887003
i17_18_1.bmp,val,4.55,0.6178514516191496,3.4714058064765982
i17_18_2.bmp,val,4.076919999999999,0.5499959121440876,3.1999836485763504
i17_18_3.bmp,val,4.12821,0.5573526184510039,3.229410473804016
i17_18_4.bmp,val,3.82051,0.513218117951138,3.052872471804552
i17_18_5.bmp,val,3.71795,0.4985075740081213,2.994030296032485
i17_19_1.bmp,val,5.725,0.7863858620427518,4.145543448171008
i17_19_2.bmp,val,5.33333,0.7302072471230818,3.9208289884923273
i17_19_3.bmp,val,4.76923,0.6492963867656741,3.597185547062697
i17_19_4.bmp,val,4.30769,0.5830960703512832,3.3323842814051328
i17_19_5.bmp,val,3.92308,0.5279300962295626,3.11172038491825
i17_20_1.bmp,val,5.75,0.789971700562403,4.159886802249612
i17_20_2.bmp,val,5.45,0.7469416383265897,3.987766553306359
i17_20_3.bmp,val,4.86842,0.663523559676242,3.654094238704968
i17_20_4.bmp,val,4.36842,0.5918067892832197,3.367227157132879
i17_20_5.bmp,val,2.86486,0.3761458546989545,2.5045834187958183
i17_21_1.bmp,val,5.425,0.7433557998069386,3.973423199227754
i17_21_2.bmp,val,4.79487,0.6529740227514284,3.6118960910057134
i17_21_3.bmp,val,4.25,0.5748213893833363,3.299285557533345
i17_21_4.bmp,val,3.3846199999999995,0.4506968718579089,2.802787487431636
i17_21_5.bmp,val,2.52632,0.327587863801247,2.310351455204988
i17_22_1.bmp,val,5.975,0.8222442472392629,4.288976988957051
i17_22_2.bmp,val,5.61538,0.7706626773017857,4.082650709207143
i17_22_3.bmp,val,4.34211,0.5880330528251387,3.352132211300555
i17_22_4.bmp,val,3.58974,0.4801179597439425,2.92047183897577
i17_22_5.bmp,val,2.89744,0.3808189194577638,2.523275677831055
i17_23_1.bmp,val,5.9,0.8114867316803097,4.245946926721238
i17_23_2.bmp,val,5.9,0.8114867316803097,4.245946926721238
i17_23_3.bmp,val,4.5641,0.6198738645442328,3.479495458176931
i17_23_4.bmp,val,3.15385,0.4175967136507135,2.670386854602854
i17_23_5.bmp,val,1.92308,0.2410630146574735,1.9642520586298944
i17_24_1.bmp,val,6.05,0.8330017627982164,4.332007051192866
i17_24_2.bmp,val,5.525,0.757699153885543,4.030796615542172
i17_24_3.bmp,val,3.97368,0.5351878333933364,3.1407513335733457
i17_24_4.bmp,val,2.02564,0.2557735586004903,2.0230942344019613
i17_24_5.bmp,val,0.3421099999999999,0.0142988896809607,1.057195558723843
I18_01_1.bmp,train,5.69048,0.7814345362148176,4.125738144859271
i18_01_2.bmp,train,5.414630000000001,0.7418683939889874,3.9674735759559496
i18_01_3.bmp,train,4.85,0.6608815138549629,3.6435260554198514
i18_01_4.bmp,train,4.46341,0.605431541322486,3.421726165289944
i18_01_5.bmp,train,4.0,0.5389630041868251,3.1558520167473003
i18_02_1.bmp,train,5.951219999999999,0.8188333976393708,4.275333590557484
i18_02_2.bmp,train,5.88095,0.8087543227283356,4.235017290913342
i18_02_3.bmp,train,5.7381,0.7882648414270491,4.153059365708197
i18_02_4.bmp,train,4.63415,0.6299213840762953,3.519685536305181
i18_02_5.bmp,train,4.2439,0.5739464447845414,3.295785779138165
i18_03_1.bmp,train,4.97619,0.6789813923667539,3.715925569467016
i18_03_2.bmp,train,4.55,0.6178514516191496,3.4714058064765982
i18_03_3.bmp,train,3.7381,0.50139775985496,3.00559103941984
i18_03_4.bmp,train,3.11905,0.4126052264313592,2.650420905725437
i18_03_5.bmp,train,2.54762,0.3306429982199898,2.3225719928799595
i18_04_1.bmp,train,6.175,0.8509309553964719,4.403723821585888
i18_04_2.bmp,train,5.88095,0.8087543227283356,4.235017290913342
i18_04_3.bmp,train,5.87805,0.808338365460056,4.233353461840224
i18_04_4.bmp,train,5.317069999999999,0.7278750177499006,3.9115000709996015
i18_04_5.bmp,train,4.34146,0.5879398210236279,3.3517592840945114
i18_05_1.bmp,train,6.2439,0.8608135263566303,4.443254105426521
i18_05_2.bmp,train,5.60976,0.769856580802568,4.0794263232102725
i18_05_3.bmp,train,5.170730000000001,0.7068849533912711,3.827539813565085
i18_05_4.bmp,train,4.0,0.5389630041868251,3.1558520167473003
i18_05_5.bmp,train,3.125,0.4134586559990361,2.6538346239961443
i18_06_1.bmp,train,4.57143,0.6209252323981945,3.483700929592778
i18_06_2.bmp,train,4.15,0.5604780353047318,3.241912141218928
i18_06_3.bmp,train,3.80952,0.5116417833378993,3.0465671333515973
i18_06_4.bmp,train,3.73171,0.5004812195293372,3.001924878117349
i18_06_5.bmp,train,3.19512,0.4235162158789536,2.6940648635158144
i18_07_1.bmp,train,5.57143,0.7643587731842391,4.057435092736956
i18_07_2.bmp,train,4.92857,0.6721510871545224,3.6886043486180897
i18_07_3.bmp,train,4.21429,0.5696993776418666,3.2787975105674665
i18_07_4.bmp,train,3.40476,0.45358562336934,2.81434249347736
i18_07_5.bmp,train,3.0,0.3955294634007806,2.582117853603122
i18_08_1.bmp,train,5.69048,0.7814345362148176,4.125738144859271
i18_08_2.bmp,train,4.65854,0.633419728136067,3.533678912544268
i18_08_3.bmp,train,4.14286,0.5594539198235194,3.2378156792940778
i18_08_4.bmp,train,3.04762,0.4023597686130121,2.609439074452048
i18_08_5.bmp,train,2.04878,0.2590926107342793,2.036370442937117
i18_09_1.bmp,train,6.02439,0.8293284298186858,4.317313719274743
i18_09_2.bmp,train,5.88095,0.8087543227283356,4.235017290913342
i18_09_3.bmp,train,4.2619,0.5765282485186901,3.3061129940747604
i18_09_4.bmp,train,3.0243900000000004,0.3990278074605523,2.596111229842209
i18_09_5.bmp,train,1.7073200000000002,0.2101157938974766,1.8404631755899064
i18_10_1.bmp,train,6.073169999999999,0.836325117938229,4.345300471752916
i18_10_2.bmp,train,5.78049,0.7943449892209695,4.177379956883878
i18_10_3.bmp,train,4.675,0.6357806442174051,3.5431225768696204
i18_10_4.bmp,train,3.5,0.4672462337938028,2.8689849351752112
i18_10_5.bmp,train,2.17073,0.2765843310331374,2.10633732413255
I18_11_1.bmp,train,5.804880000000001,0.7978433332807412,4.191373333122964
i18_11_2.bmp,train,5.5,0.7541133153658919,4.016453261463568
i18_11_3.bmp,train,4.5122,0.6124296637774371,3.4497186551097485
i18_11_4.bmp,train,3.07143,0.4057749212191277,2.623099684876511
i18_11_5.bmp,train,1.0,0.1086623818286916,1.4346495273147664
i18_12_1.bmp,train,6.35714,0.877055940515242,4.508223762060968
i18_12_2.bmp,train,5.36585,0.7348717058694441,3.939486823477776
i18_12_3.bmp,train,5.560980000000001,0.762859892683025,4.0514395707321
i18_12_4.bmp,train,4.925,0.6716390294139163,3.686556117655665
i18_12_5.bmp,train,2.6585400000000003,0.3465526465639779,2.3862105862559115
I18_13_1.bmp,train,4.14634,0.5599530685454549,3.23981227418182
i18_13_2.bmp,train,4.35714,0.5901888589431531,3.3607554357726124
i18_13_3.bmp,train,3.88095,0.5218872411562465,3.087548964624986
i18_13_4.bmp,train,2.9024400000000004,0.3815360871616941,2.5261443486467767
i18_13_5.bmp,train,2.46341,0.318564459750397,2.274257839001588
i18_14_1.bmp,train,4.951219999999999,0.6753998568533263,3.701599427413305
i18_14_2.bmp,train,6.0,0.8258300857589141,4.303320343035656
i18_14_3.bmp,train,4.195119999999999,0.566949756664998,3.267799026659992
i18_14_4.bmp,train,4.16667,0.5628690724296351,3.2514762897185405
i18_14_5.bmp,train,3.34146,0.4445062802375834,2.7780251209503337
i18_15_1.bmp,train,3.21951,0.4270145599387252,2.7080582397549007
i18_15_2.bmp,train,3.34146,0.4445062802375834,2.7780251209503337
i18_15_3.bmp,train,3.2,0.4242161715579895,2.696864686231958
i18_15_4.bmp,train,3.525,0.470832072313454,2.883328289253816
i18_15_5.bmp,train,3.95238,0.5321326989745936,3.1285307958983744
i18_16_1.bmp,train,6.414630000000001,0.8853019347750318,4.541207739100127
i18_16_2.bmp,train,5.952380000000001,0.8189997805466828,4.275999122186731
i18_16_3.bmp,train,5.69048,0.7814345362148176,4.125738144859271
i18_16_4.bmp,train,5.0,0.6823965449728696,3.7295861798914784
i18_16_5.bmp,train,4.25641,0.5757407983797748,3.302963193519099
i18_17_1.bmp,train,5.92857,0.815584627940567,4.262338511762268
i18_17_2.bmp,train,6.09756,0.8398234619980006,4.359293847992003
i18_17_3.bmp,train,4.414630000000001,0.5984348532029429,3.3937394128117715
i18_17_4.bmp,train,5.90476,0.8121694753344512,4.248677901337805
i18_17_5.bmp,train,3.4878,0.4654963445962131,2.861985378384853
i18_18_1.bmp,train,5.02439,0.6858948890326413,3.743579556130565
i18_18_2.bmp,train,4.8,0.6537098368156606,3.6148393472626426
i18_18_3.bmp,train,4.35714,0.5901888589431531,3.3607554357726124
i18_18_4.bmp,train,4.07143,0.5492084620051724,3.196833848020689
i18_18_5.bmp,train,4.09524,0.5526236146112881,3.210494458445152
i18_19_1.bmp,train,5.14286,0.7028874606095639,3.811549842438256
i18_19_2.bmp,train,5.07143,0.6926420027912168,3.770568011164867
i18_19_3.bmp,train,4.375,0.5927505819815918,3.3710023279263672
i18_19_4.bmp,train,3.85366,0.5179729398281954,3.071891759312781
i18_19_5.bmp,train,3.70732,0.4969828754695656,2.9879315018782626
i18_20_1.bmp,train,6.16667,0.8497361540017242,4.398944616006897
i18_20_2.bmp,train,5.57143,0.7643587731842391,4.057435092736956
i18_20_3.bmp,train,5.36585,0.7348717058694441,3.939486823477776
i18_20_4.bmp,train,4.36585,0.5914381650833995,3.365752660333598
i18_20_5.bmp,train,3.325,0.4421453641562451,2.7685814566249807
i18_21_1.bmp,train,5.52381,0.7575284679720076,4.03011387188803
i18_21_2.bmp,train,5.34146,0.7313733618096723,3.925493447238689
i18_21_3.bmp,train,4.5,0.6106797745798473,3.4427190983193894
i18_21_4.bmp,train,3.2619,0.4330947077326456,2.7323788309305828
i18_21_5.bmp,train,2.31707,0.2975743953917673,2.1902975815670693
i18_22_1.bmp,train,5.71429,0.7848496888209333,4.139398755283733
i18_22_2.bmp,train,4.40476,0.5970191641553845,3.388076656621538
i18_22_3.bmp,train,3.68293,0.493484531409794,2.973938125639176
i18_22_4.bmp,train,2.95238,0.3886991581885491,2.554796632754196
i18_22_5.bmp,train,2.33333,0.2999066247649483,2.1996264990597933
i18_23_1.bmp,train,6.30952,0.8702256353030107,4.480902541212043
i18_23_2.bmp,train,6.19048,0.8531513066078399,4.41260522643136
i18_23_3.bmp,train,6.075,0.8365876013178675,4.34635040527147
i18_23_4.bmp,train,5.92857,0.815584627940567,4.262338511762268
i18_23_5.bmp,train,4.0,0.5389630041868251,3.1558520167473003
i18_24_1.bmp,train,5.90244,0.8118367095198277,4.247346838079311
i18_24_2.bmp,train,5.59524,0.7677739257903549,4.071095703161419
i18_24_3.bmp,train,4.585369999999999,0.6229246959567519,3.491698783827008
i18_24_4.bmp,train,3.21951,0.4270145599387252,2.7080582397549007
i18_24_5.bmp,train,1.02381,0.1120775344348073,1.4483101377392291
I19_01_1.bmp,train,5.72973,0.7870643026906698,4.148257210762679
i19_01_2.bmp,train,5.10811,0.6979031450672489,3.791612580268996
i19_01_3.bmp,train,4.60526,0.6257775890829864,3.5031103563319457
i19_01_4.bmp,train,4.13514,0.5583466128886512,3.2333864515546047
i19_01_5.bmp,train,3.56757,0.4769380381447158,2.907752152578864
i19_02_1.bmp,train,6.08108,0.8374596772458466,4.349838708983386
i19_02_2.bmp,train,5.64865,0.7754347112037374,4.10173884481495
i19_02_3.bmp,train,5.57895,0.7654373934109501,4.0617495736438
i19_02_4.bmp,train,5.0,0.6823965449728696,3.7295861798914784
i19_02_5.bmp,train,4.47222,0.6066951908168111,3.4267807632672445
i19_03_1.bmp,train,4.66667,0.6345858428226574,3.5383433712906296
i19_03_2.bmp,train,4.05405,0.5467155870663108,3.1868623482652434
i19_03_3.bmp,train,3.631580000000001,0.4861192190904307,2.9444768763617226
i19_03_4.bmp,train,3.0,0.3955294634007806,2.582117853603122
i19_03_5.bmp,train,2.52632,0.327587863801247,2.310351455204988
i19_04_1.bmp,train,5.8947400000000005,0.8107322712557752,4.242929085023101
i19_04_2.bmp,train,5.94595,0.8180775028794284,4.272310011517714
i19_04_3.bmp,train,5.8947400000000005,0.8107322712557752,4.242929085023101
i19_04_4.bmp,train,5.24324,0.7172853194336671,3.869141277734669
i19_04_5.bmp,train,4.48649,0.6087419874438279,3.434967949775312
i19_05_1.bmp,train,5.97368,0.8220549149654254,4.288219659861701
i19_05_2.bmp,train,5.5,0.7541133153658919,4.016453261463568
i19_05_3.bmp,train,5.07895,0.6937206230179278,3.7748824920717112
i19_05_4.bmp,train,4.0,0.5389630041868251,3.1558520167473003
i19_05_5.bmp,train,3.18421,0.4219513559489778,2.687805423795912
i19_06_1.bmp,train,4.73684,0.6446505743796141,3.5786022975184566
i19_06_2.bmp,train,4.64865,0.6320011704176929,3.5280046816707715
i19_06_3.bmp,train,3.86842,0.5200900188901973,3.0803600755607894
i19_06_4.bmp,train,3.56757,0.4769380381447158,2.907752152578864
i19_06_5.bmp,train,3.18919,0.4226656549820923,2.6906626199283696
i19_07_1.bmp,train,5.37838,0.7366689281354931,3.946675712541973
i19_07_2.bmp,train,4.675680000000001,0.6358781790251398,3.543512716100559
i19_07_3.bmp,train,3.88889,0.5230261034700877,3.092104413880351
i19_07_4.bmp,train,3.19444,0.4234186810712191,2.693674724284876
i19_07_5.bmp,train,2.60526,0.3389105075108974,2.3556420300435894
i19_08_1.bmp,train,5.35135,0.7327919195280463,3.931167678112186
i19_08_2.bmp,train,4.7027,0.6397537532971787,3.5590150131887146
i19_08_3.bmp,train,3.76316,0.5049922043870584,3.019968817548233
i19_08_4.bmp,train,2.89189,0.3800228633064013,2.5200914532256053
i19_08_5.bmp,train,2.27027,0.2908617056829803,2.163446822731921
i19_09_1.bmp,train,6.08108,0.8374596772458466,4.349838708983386
i19_09_2.bmp,train,5.8947400000000005,0.8107322712557752,4.242929085023101
i19_09_3.bmp,train,4.86842,0.663523559676242,3.654094238704968
i19_09_4.bmp,train,3.27027,0.4342952464690248,2.7371809858761
i19_09_5.bmp,train,1.86486,0.23271231391291,1.93084925565164
i19_10_1.bmp,train,5.73684,0.7880841151656587,4.152336460662635
i19_10_2.bmp,train,5.47222,0.7501287316028555,4.000514926411422
i19_10_3.bmp,train,4.86111,0.6624750604930959,3.649900241972384
i19_10_4.bmp,train,3.0,0.3955294634007806,2.582117853603122
i19_10_5.bmp,train,1.65789,0.2030258739764224,1.8121034959056896
I19_11_1.bmp,train,5.52632,0.7578884861593805,4.031553944637523
i19_11_2.bmp,train,4.97368,0.678621374179381,3.714485496717524
i19_11_3.bmp,train,4.52632,0.6144549453733361,3.4578197814933445
i19_11_4.bmp,train,2.94595,0.3877768805212949,2.5511075220851795
i19_11_5.bmp,train,1.23684,0.1426331816284584,1.5705327265138336
i19_12_1.bmp,train,6.1315800000000005,0.844703071055542,4.378812284222168
i19_12_2.bmp,train,5.59459,0.7676806939888439,4.070722775955376
i19_12_3.bmp,train,5.18421,0.7088184375210669,3.835273750084268
i19_12_4.bmp,train,5.08108,0.6940261364598022,3.7761045458392086
i19_12_5.bmp,train,4.52778,0.6146643583428837,3.4586574333715348
I19_13_1.bmp,train,4.675680000000001,0.6358781790251398,3.543512716100559
i19_13_2.bmp,train,4.052630000000001,0.5465119114383947,3.186047645753579
i19_13_3.bmp,train,3.62162,0.4846906210242016,2.9387624840968063
i19_13_4.bmp,train,3.07895,0.4068535414458388,2.627414165783355
i19_13_5.bmp,train,1.94737,0.2445470153631666,1.9781880614526663
i19_14_1.bmp,train,5.61111,0.7700502160826292,4.080200864330517
i19_14_2.bmp,train,6.02632,0.8296052565524028,4.318421026209611
i19_14_3.bmp,train,5.45946,0.7482985196224257,3.993194078489703
i19_14_4.bmp,train,4.92105,0.6710724669278114,3.6842898677112457
i19_14_5.bmp,train,3.64865,0.4885676296316483,2.9542705185265934
i19_15_1.bmp,train,2.88889,0.3795925626840432,2.5183702507361727
i19_15_2.bmp,train,3.2777800000000004,0.4353724323603281,2.7414897294413123
i19_15_3.bmp,train,3.51351,0.4691840209298223,2.876736083719289
i19_15_4.bmp,train,3.68421,0.4936681263420001,2.9746725053680008
i19_15_5.bmp,train,3.54054,0.4730610295372691,2.892244118149076
i19_16_1.bmp,train,6.1315800000000005,0.844703071055542,4.378812284222168
i19_16_2.bmp,train,6.26316,0.8635760563521696,4.454304225408679
i19_16_3.bmp,train,5.28947,0.7239162520242058,3.895665008096824
i19_16_4.bmp,train,5.84211,0.8031833640042055,4.212733456016823
i19_16_5.bmp,train,4.41667,0.5987274576261462,3.394909830504585
i19_17_1.bmp,train,5.47368,0.7503381445724032,4.001352578289612
i19_17_2.bmp,train,6.18919,0.8529662773402259,4.411865109360903
i19_17_3.bmp,train,4.43243,0.6009879702289344,3.4039518809157374
i19_17_4.bmp,train,5.75676,0.7909413112981166,4.163765245192467
i19_17_5.bmp,train,3.34211,0.4445995120390942,2.778398048156377
i19_18_1.bmp,train,5.13514,0.7017801536746956,3.8071206146987824
i19_18_2.bmp,train,4.38889,0.59474287386311,3.37897149545244
i19_18_3.bmp,train,4.24324,0.5738517786476226,3.2954071145904904
i19_18_4.bmp,train,4.08108,0.5505925956737576,3.2023703826950305
i19_18_5.bmp,train,4.05405,0.5467155870663108,3.1868623482652434
i19_19_1.bmp,train,5.54054,0.7599281111093581,4.039712444437432
i19_19_2.bmp,train,4.97297,0.6785195363654228,3.7140781454616913
i19_19_3.bmp,train,4.55556,0.61864894210592,3.47459576842368
i19_19_4.bmp,train,4.31429,0.584042731720471,3.336170926881884
i19_19_5.bmp,train,3.55556,0.4752154013198754,2.900861605279502
i19_20_1.bmp,train,5.7027,0.7831872940832231,4.132749176332892
i19_20_2.bmp,train,5.71053,0.7843103787075779,4.137241514830311
i19_20_3.bmp,train,5.18919,0.7095327365541814,3.8381309462167255
i19_20_4.bmp,train,4.13889,0.5588844886665988,3.235537954666395
i19_20_5.bmp,train,3.05263,0.4030783706523501,2.6123134826094008
i19_21_1.bmp,train,5.40541,0.7405459367429399,3.96218374697176
i19_21_2.bmp,train,5.16216,0.7056557279467346,3.8226229117869375
i19_21_3.bmp,train,4.08108,0.5505925956737576,3.2023703826950305
i19_21_4.bmp,train,3.56757,0.4769380381447158,2.907752152578864
i19_21_5.bmp,train,2.25,0.2879543078112472,2.151817231244989
i19_22_1.bmp,train,5.73684,0.7880841151656587,4.152336460662635
i19_22_2.bmp,train,5.324319999999999,0.7289149109205995,3.915659643682398
i19_22_3.bmp,train,4.4,0.5963364205012429,3.385345682004972
i19_22_4.bmp,train,3.94737,0.5314140969352555,3.125656387741022
i19_22_5.bmp,train,2.75676,0.3606406889399831,2.4425627557599325
i19_23_1.bmp,train,5.86842,0.8069571004622864,4.227828401849146
i19_23_2.bmp,train,6.28947,0.8673497928102504,4.469399171241001
i19_23_3.bmp,train,5.75676,0.7909413112981166,4.163765245192467
i19_23_4.bmp,train,5.76316,0.7918592859591473,4.167437143836589
i19_23_5.bmp,train,5.21622,0.7134097451616281,3.853638980646513
i19_24_1.bmp,train,5.45946,0.7482985196224257,3.993194078489703
i19_24_2.bmp,train,4.7027,0.6397537532971787,3.5590150131887146
i19_24_3.bmp,train,3.63889,0.4871677182735766,2.948670873094306
i19_24_4.bmp,train,2.5,0.3238126930077583,2.295250772031033
i19_24_5.bmp,train,0.77778,0.0767885803952168,1.3071543215808672
I20_01_1.bmp,test,5.76923,0.7927299275517187,4.170919710206874
i20_01_2.bmp,test,5.51282,0.7559521333587689,4.023808533435076
i20_01_3.bmp,test,4.92105,0.6710724669278114,3.6842898677112457
i20_01_4.bmp,test,4.4359,0.6014856846154619,3.405942738461848
i20_01_5.bmp,test,3.78378,0.5079498039980666,3.031799215992266
i20_02_1.bmp,test,5.84211,0.8031833640042055,4.212733456016823
i20_02_2.bmp,test,5.79487,0.7964075635374729,4.185630254149892
i20_02_3.bmp,test,5.51351,0.7560511025019113,4.024204410007645
i20_02_4.bmp,test,5.28205,0.7228519751515735,3.891407900606294
i20_02_5.bmp,test,4.48718,0.6088409565869703,3.4353638263478814
i20_03_1.bmp,test,4.947369999999999,0.6748476377213,3.6993905508852
i20_03_2.bmp,test,4.21053,0.5691600675285111,3.2766402701140445
i20_03_3.bmp,test,3.81081,0.5118268126055133,3.0473072504220533
i20_03_4.bmp,test,3.12821,0.4139190776649594,2.6556763106598376
i20_03_5.bmp,test,2.65789,0.3464594147624669,2.385837659049868
i20_04_1.bmp,test,5.71053,0.7843103787075779,4.137241514830311
i20_04_2.bmp,test,5.47368,0.7503381445724032,4.001352578289612
i20_04_3.bmp,test,5.15789,0.7050432667275782,3.820173066910313
i20_04_4.bmp,test,4.72973,0.6436307619046253,3.5745230476185013
i20_04_5.bmp,test,4.05405,0.5467155870663108,3.1868623482652434
i20_05_1.bmp,test,6.02632,0.8296052565524028,4.318421026209611
i20_05_2.bmp,test,5.76316,0.7918592859591473,4.167437143836589
i20_05_3.bmp,test,5.3947400000000005,0.7390155008627529,3.956062003451012
i20_05_4.bmp,test,4.23077,0.5720631623940206,3.288252649576082
i20_05_5.bmp,test,2.92105,0.3842053853557224,2.5368215414228894
i20_06_1.bmp,test,4.97368,0.678621374179381,3.714485496717524
i20_06_2.bmp,test,4.13889,0.5588844886665988,3.235537954666395
i20_06_3.bmp,test,3.94737,0.5314140969352555,3.125656387741022
i20_06_4.bmp,test,3.4359,0.4580521438294174,2.8322085753176696
i20_06_5.bmp,test,3.10256,0.4102400073437973,2.640960029375189
i20_07_1.bmp,test,5.28205,0.7228519751515735,3.891407900606294
i20_07_2.bmp,test,4.72973,0.6436307619046253,3.5745230476185013
i20_07_3.bmp,test,4.47368,0.6069046037863587,3.4276184151454347
i20_07_4.bmp,test,3.73684,0.5012170335935696,3.0048681343742785
i20_07_5.bmp,test,3.28205,0.4359848935794844,2.743939574317938
i20_08_1.bmp,test,5.65789,0.7767600371206005,4.107040148482402
i20_08_2.bmp,test,5.2973,0.7250393366485607,3.9001573465942414
i20_08_3.bmp,test,4.02778,0.5429475879498614,3.1717903517994457
i20_08_4.bmp,test,3.42105,0.4559221557487447,2.823688622994979
i20_08_5.bmp,test,2.58974,0.3366844189578979,2.346737675831592
i20_09_1.bmp,test,6.26316,0.8635760563521696,4.454304225408679
i20_09_2.bmp,test,6.1315800000000005,0.844703071055542,4.378812284222168
i20_09_3.bmp,test,5.33333,0.7302072471230818,3.9208289884923273
i20_09_4.bmp,test,3.75676,0.5040742297260277,3.0162969189041107
i20_09_5.bmp,test,2.21622,0.2831091228034946,2.1324364912139786
i20_10_1.bmp,test,6.1315800000000005,0.844703071055542,4.378812284222168
i20_10_2.bmp,test,5.73684,0.7880841151656587,4.152336460662635
i20_10_3.bmp,test,4.94444,0.674427377446797,3.697709509787188
i20_10_4.bmp,test,3.57895,0.478570311838861,2.9142812473554445
i20_10_5.bmp,test,2.74359,0.3587516692078309,2.435006676831324
I20_11_1.bmp,test,5.57895,0.7654373934109501,4.0617495736438
i20_11_2.bmp,test,4.84211,0.659749823218161,3.638999292872644
i20_11_3.bmp,test,3.43243,0.4575544294428898,2.83021771777156
i20_11_4.bmp,test,2.05263,0.2596448298663056,2.038579319465222
i20_11_5.bmp,test,0.74359,0.0718845876357419,1.2875383505429678
i20_12_1.bmp,test,6.12821,0.8442197000230929,4.376878800092372
i20_12_2.bmp,test,5.30769,0.7265296111373276,3.9061184445493113
i20_12_3.bmp,test,4.447369999999999,0.6031308673282778,3.4125234693131112
i20_12_4.bmp,test,4.25641,0.5757407983797748,3.302963193519099
i20_12_5.bmp,test,2.57895,0.3351367710528165,2.3405470842112663
I20_13_1.bmp,test,5.15385,0.7044637952228026,3.81785518089121
i20_13_2.bmp,test,3.78947,0.5087659408451392,3.0350637633805566
i20_13_3.bmp,test,3.82051,0.513218117951138,3.052872471804552
i20_13_4.bmp,test,2.89189,0.3800228633064013,2.5200914532256053
i20_13_5.bmp,test,2.02703,0.2559729312221829,2.023891724888732
i20_14_1.bmp,test,6.02632,0.8296052565524028,4.318421026209611
i20_14_2.bmp,test,5.84211,0.8031833640042055,4.212733456016823
i20_14_3.bmp,test,4.552630000000001,0.618228681831417,3.472914727325668
i20_14_4.bmp,test,4.12821,0.5573526184510039,3.229410473804016
i20_14_5.bmp,test,3.3684199999999995,0.4483732484971751,2.7934929939887003
i20_15_1.bmp,test,3.23077,0.4286296216079761,2.7145184864319045
i20_15_2.bmp,test,3.34211,0.4445995120390942,2.778398048156377
i20_15_3.bmp,test,3.69231,0.4948299380223671,2.9793197520894683
i20_15_4.bmp,test,3.89744,0.5242524602438083,3.0970098409752334
i20_15_5.bmp,test,4.05128,0.5463182761583335,3.185273104633334
i20_16_1.bmp,test,6.05128,0.8331853577304226,4.33274143092169
i20_16_2.bmp,test,6.05405,0.8335826686383998,4.334330674553599
i20_16_3.bmp,test,5.40541,0.7405459367429399,3.96218374697176
i20_16_4.bmp,test,5.13514,0.7017801536746956,3.8071206146987824
i20_16_5.bmp,test,4.71795,0.6419411147941658,3.567764459176664
i20_17_1.bmp,test,5.61538,0.7706626773017857,4.082650709207143
i20_17_2.bmp,test,6.33333,0.8736407879091264,4.494563151636505
i20_17_3.bmp,test,4.324319999999999,0.5854813701345549,3.34192548053822
i20_17_4.bmp,test,5.87179,0.8074404714947353,4.229761885978942
i20_17_5.bmp,test,3.53846,0.4727626877724341,2.8910507510897365
i20_18_1.bmp,test,5.61538,0.7706626773017857,4.082650709207143
i20_18_2.bmp,test,5.23684,0.7163673447726364,3.8654693790905457
i20_18_3.bmp,test,4.5,0.6106797745798473,3.4427190983193894
i20_18_4.bmp,test,4.13514,0.5583466128886512,3.2333864515546047
i20_18_5.bmp,test,4.10526,0.5540608186899643,3.216243274759857
i20_19_1.bmp,test,5.82051,0.800085199523227,4.200340798092908
i20_19_2.bmp,test,5.17949,0.7081414312085568,3.832565724834227
i20_19_3.bmp,test,4.79487,0.6529740227514284,3.6118960910057134
i20_19_4.bmp,test,4.0,0.5389630041868251,3.1558520167473003
i20_19_5.bmp,test,3.4615400000000003,0.4617297798151716,2.8469191192606864
i20_20_1.bmp,test,6.15789,0.8484768075136228,4.393907230054492
i20_20_2.bmp,test,5.46154,0.7485968613872607,3.994387445549042
i20_20_3.bmp,test,4.78947,0.6521994816311836,3.6087979265247343
i20_20_4.bmp,test,3.52632,0.4710214045872916,2.8840856183491663
i20_20_5.bmp,test,2.71795,0.3550740332220767,2.420296132888307
i20_21_1.bmp,test,5.552630000000001,0.7616622226174615,4.046648890469847
i20_21_2.bmp,test,4.76316,0.6484257451731028,3.5937029806924112
i20_21_3.bmp,test,4.0,0.5389630041868251,3.1558520167473003
i20_21_4.bmp,test,3.24324,0.430418237861578,2.7216729514463123
i20_21_5.bmp,test,2.57895,0.3351367710528165,2.3405470842112663
i20_22_1.bmp,test,6.0,0.8258300857589141,4.303320343035656
i20_22_2.bmp,test,5.10526,0.6974943594760087,3.7899774379040334
i20_22_3.bmp,test,4.52632,0.6144549453733361,3.4578197814933445
i20_22_4.bmp,test,4.10811,0.5544696042812044,3.2178784171248176
i20_22_5.bmp,test,3.72973,0.5001972211185809,3.000788884474324
i20_23_1.bmp,test,5.94872,0.8184748137874057,4.273899255149622
i20_23_2.bmp,test,6.25641,0.8626078799518637,4.450431519807455
i20_23_3.bmp,test,5.82051,0.800085199523227,4.200340798092908
i20_23_4.bmp,test,4.72973,0.6436307619046253,3.5745230476185013
i20_23_5.bmp,test,3.15385,0.4175967136507135,2.670386854602854
i20_24_1.bmp,test,6.18421,0.8522519783071114,4.409007913228446
i20_24_2.bmp,test,5.07895,0.6937206230179278,3.7748824920717112
i20_24_3.bmp,test,3.43243,0.4575544294428898,2.83021771777156
i20_24_4.bmp,test,1.97436,0.2484182866289819,1.993673146515928
i20_24_5.bmp,test,0.84211,0.086015660073983,1.344062640295932
I21_01_1.bmp,val,5.51163,0.7557814474452336,4.023125789780934
i21_01_2.bmp,val,5.06977,0.692403903113512,3.769615612454048
i21_01_3.bmp,val,4.48837,0.6090116425005057,3.436046570002022
i21_01_4.bmp,val,3.90698,0.5256208162229072,3.102483264891629
i21_01_5.bmp,val,3.48837,0.4655781017144612,2.8623124068578445
i21_02_1.bmp,val,5.80952,0.7985088649099884,4.194035459639954
i21_02_2.bmp,val,5.53488,0.7591162772685092,4.036465109074037
i21_02_3.bmp,val,5.44186,0.7457740893045912,3.983096357218365
i21_02_4.bmp,val,4.81395,0.655710734709626,3.622842938838504
i21_02_5.bmp,val,4.15,0.5604780353047318,3.241912141218928
i21_03_1.bmp,val,4.39535,0.5956694545365877,3.382677818146351
i21_03_2.bmp,val,3.92683,0.5284679720075102,3.1138718880300407
i21_03_3.bmp,val,3.16667,0.4194355316435906,2.6777421265743624
i21_03_4.bmp,val,3.06977,0.4055368215414229,2.622147286165692
i21_03_5.bmp,val,2.5581400000000003,0.332151919069059,2.328607676276236
i21_04_1.bmp,val,5.93023,0.8158227276182718,4.263290910473087
i21_04_2.bmp,val,6.02326,0.8291663499175975,4.31666539967039
i21_04_3.bmp,val,5.46341,0.7488650821085304,3.9954603284341217
i21_04_4.bmp,val,5.33333,0.7302072471230818,3.9208289884923273
i21_04_5.bmp,val,4.65,0.6321948056977541,3.5287792227910164
i21_05_1.bmp,val,5.69767,0.7824658233730692,4.129863293492277
i21_05_2.bmp,val,5.90698,0.8124878977949963,4.249951591179985
i21_05_3.bmp,val,5.116280000000001,0.6990749970954709,3.796299988381884
i21_05_4.bmp,val,3.92857,0.528717546368478,3.114870185473912
i21_05_5.bmp,val,3.0,0.3955294634007806,2.582117853603122
i21_06_1.bmp,val,4.926830000000001,0.6719015127935548,3.6876060511742192
i21_06_2.bmp,val,4.38095,0.5936040115492688,3.374416046197075
i21_06_3.bmp,val,4.02439,0.5424613482465968,3.169845392986387
i21_06_4.bmp,val,3.5,0.4672462337938028,2.8689849351752112
i21_06_5.bmp,val,3.04762,0.4023597686130121,2.609439074452048
i21_07_1.bmp,val,5.02439,0.6858948890326413,3.743579556130565
i21_07_2.bmp,val,4.45,0.6035080975405451,3.4140323901621805
i21_07_3.bmp,val,4.16667,0.5628690724296351,3.2514762897185405
i21_07_4.bmp,val,3.59524,0.4809068442182657,2.923627376873063
i21_07_5.bmp,val,3.16667,0.4194355316435906,2.6777421265743624
i21_08_1.bmp,val,5.5,0.7541133153658919,4.016453261463568
i21_08_2.bmp,val,4.85714,0.6619056293361754,3.647622517344701
i21_08_3.bmp,val,4.116280000000001,0.5556414563094264,3.2225658252377056
i21_08_4.bmp,val,3.23256,0.4288863676459831,2.7155454705839324
i21_08_5.bmp,val,2.16279,0.2754454687192963,2.1017818748771853
i21_09_1.bmp,val,6.075,0.8365876013178675,4.34635040527147
i21_09_2.bmp,val,6.19048,0.8531513066078399,4.41260522643136
i21_09_3.bmp,val,5.30952,0.7267920945169661,3.907168378067865
i21_09_4.bmp,val,3.76744,0.5056060999416226,3.0224243997664906
i21_09_5.bmp,val,2.09302,0.265438110578654,2.0617524423146163
i21_10_1.bmp,val,6.30952,0.8702256353030107,4.480902541212043
i21_10_2.bmp,val,5.88095,0.8087543227283356,4.235017290913342
i21_10_3.bmp,val,5.139530000000001,0.7024098269187465,3.809639307674986
i21_10_4.bmp,val,3.2619,0.4330947077326456,2.7323788309305828
i21_10_5.bmp,val,1.92683,0.2416008904354212,1.966403561741685
I21_11_1.bmp,val,6.12195,0.8433218060577723,4.373287224231089
i21_11_2.bmp,val,5.39535,0.7391029953226322,3.956411981290529
i21_11_3.bmp,val,4.69048,0.6380009954287731,3.5520039817150924
i21_11_4.bmp,val,3.0,0.3955294634007806,2.582117853603122
i21_11_5.bmp,val,1.04651,0.1153334758106505,1.4613339032426025
i21_12_1.bmp,val,5.7907,0.7958094456723951,4.183237782689581
i21_12_2.bmp,val,4.767440000000001,0.6490396407276672,3.5961585629106687
i21_12_3.bmp,val,6.0,0.8258300857589141,4.303320343035656
i21_12_4.bmp,val,5.61905,0.7711890783964704,4.084756313585881
i21_12_5.bmp,val,2.02381,0.2555110752208518,2.022044300883408
I21_13_1.bmp,val,4.452380000000001,0.6038494693676161,3.4153978774704643
i21_13_2.bmp,val,3.69048,0.4945674546427286,2.978269818570914
i21_13_3.bmp,val,3.17073,0.4200178718191819,2.680071487276728
i21_13_4.bmp,val,2.34884,0.3021312789825399,2.2085251159301595
i21_13_5.bmp,val,2.5581400000000003,0.332151919069059,2.328607676276236
i21_14_1.bmp,val,5.90698,0.8124878977949963,4.249951591179985
i21_14_2.bmp,val,6.170730000000001,0.8503184941773156,4.401273976709263
i21_14_3.bmp,val,5.952380000000001,0.8189997805466828,4.275999122186731
i21_14_4.bmp,val,4.33333,0.5867737063370373,3.347094825348149
i21_14_5.bmp,val,3.65116,0.4889276478190213,2.9557105912760853
i21_15_1.bmp,val,2.85366,0.3745393990421509,2.498157596168604
i21_15_2.bmp,val,3.2682900000000004,0.4340112480582685,2.736044992233074
i21_15_3.bmp,val,3.5714300000000003,0.47749169161215,2.9099667664486004
i21_15_4.bmp,val,3.7619,0.5048114781256678,3.0192459125026714
i21_15_5.bmp,val,3.71429,0.4979826072488443,2.991930428995377
i21_16_1.bmp,val,6.12195,0.8433218060577723,4.373287224231089
i21_16_2.bmp,val,5.93023,0.8158227276182718,4.263290910473087
i21_16_3.bmp,val,5.71429,0.7848496888209333,4.139398755283733
i21_16_4.bmp,val,5.16667,0.7063026132156797,3.825210452862719
i21_16_5.bmp,val,4.67442,0.6356974527637492,3.542789811054997
i21_17_1.bmp,val,5.34146,0.7313733618096723,3.925493447238689
i21_17_2.bmp,val,6.2619,0.8633953300907792,4.453581320363117
i21_17_3.bmp,val,4.35714,0.5901888589431531,3.3607554357726124
i21_17_4.bmp,val,6.30233,0.869194348144759,4.476777392579036
i21_17_5.bmp,val,3.55,0.4744179108331051,2.89767164333242
i21_18_1.bmp,val,4.85714,0.6619056293361754,3.647622517344701
i21_18_2.bmp,val,4.317069999999999,0.5844414769638562,3.3377659078554247
i21_18_3.bmp,val,4.11905,0.5560387672174036,3.2241550688696146
i21_18_4.bmp,val,3.60976,0.4829894992304791,2.9319579969219163
i21_18_5.bmp,val,3.78571,0.5082266307317836,3.0329065229271346
i21_19_1.bmp,val,5.38095,0.7370375523353133,3.948150209341253
i21_19_2.bmp,val,4.7907,0.6523759048863506,3.609503619545402
i21_19_3.bmp,val,4.07143,0.5492084620051724,3.196833848020689
i21_19_4.bmp,val,3.64286,0.4877371494304972,2.9509485977219887
i21_19_5.bmp,val,3.4186,0.4555707435738188,2.822282974295275
i21_20_1.bmp,val,5.975,0.8222442472392629,4.288976988957051
i21_20_2.bmp,val,5.67442,0.7791309935497936,4.116523974199175
i21_20_3.bmp,val,5.69048,0.7814345362148176,4.125738144859271
i21_20_4.bmp,val,4.883719999999999,0.6657180928502683,3.662872371401073
i21_20_5.bmp,val,3.83721,0.5156134580822649,3.0624538323290595
i21_21_1.bmp,val,5.53488,0.7591162772685092,4.036465109074037
i21_21_2.bmp,val,5.14286,0.7028874606095639,3.811549842438256
i21_21_3.bmp,val,4.30952,0.5833585537309216,3.3334342149236864
i21_21_4.bmp,val,3.61905,0.4843219968243815,2.937287987297526
i21_21_5.bmp,val,2.73171,0.3570476787432927,2.428190714973171
i21_22_1.bmp,val,5.35714,0.7336223997291976,3.934489598916792
i21_22_2.bmp,val,5.47619,0.7506981627597762,4.002792651039105
i21_22_3.bmp,val,4.44186,0.6023405485185468,3.409362194074187
i21_22_4.bmp,val,3.37209,0.4488996495918599,2.79559859836744
i21_22_5.bmp,val,3.0,0.3955294634007806,2.582117853603122
i21_23_1.bmp,val,6.116280000000001,0.8425085378815155,4.370034151526061
i21_23_2.bmp,val,5.90476,0.8121694753344512,4.248677901337805
i21_23_3.bmp,val,5.67442,0.7791309935497936,4.116523974199175
i21_23_4.bmp,val,5.2381,0.7165480710340268,3.8661922841361074
i21_23_5.bmp,val,2.85714,0.3750385477640862,2.500154191056345
i21_24_1.bmp,val,5.883719999999999,0.8091516336363128,4.236606534545251
i21_24_2.bmp,val,5.72093,0.7858020875317527,4.143208350127011
i21_24_3.bmp,val,5.0,0.6823965449728696,3.7295861798914784
i21_24_4.bmp,val,3.07317,0.4060244955800955,2.6240979823203823
i21_24_5.bmp,val,0.52381,0.040360764041785,1.1614430561671405
I22_01_1.bmp,test,5.81579,0.7994081932107169,4.197632772842868
i22_01_2.bmp,test,5.23684,0.7163673447726364,3.8654693790905457
i22_01_3.bmp,test,4.84615,0.6603292947229367,3.641317178891746
i22_01_4.bmp,test,4.15789,0.5616097259415337,3.2464389037661348
i22_01_5.bmp,test,3.71795,0.4985075740081213,2.994030296032485
i22_02_1.bmp,test,5.60526,0.769211129869031,4.076844519476124
i22_02_2.bmp,test,5.82051,0.800085199523227,4.200340798092908
i22_02_3.bmp,test,5.47368,0.7503381445724032,4.001352578289612
i22_02_4.bmp,test,5.1315800000000005,0.7012695302694975,3.80507812107799
i22_02_5.bmp,test,4.57895,0.6220038526249055,3.488015410499622
i22_03_1.bmp,test,4.79487,0.6529740227514284,3.6118960910057134
i22_03_2.bmp,test,4.34211,0.5880330528251387,3.352132211300555
i22_03_3.bmp,test,3.68421,0.4936681263420001,2.9746725053680008
i22_03_4.bmp,test,3.07692,0.4065623713580431,2.6262494854321723
i22_03_5.bmp,test,2.7027,0.3528866717250896,2.4115466869003583
i22_04_1.bmp,test,5.76923,0.7927299275517187,4.170919710206874
i22_04_2.bmp,test,5.71795,0.7853746555802102,4.1414986223208405
i22_04_3.bmp,test,5.4359,0.7449192254015065,3.979676901606026
i22_04_4.bmp,test,5.0,0.6823965449728696,3.7295861798914784
i22_04_5.bmp,test,4.30769,0.5830960703512832,3.3323842814051328
i22_05_1.bmp,test,5.86842,0.8069571004622864,4.227828401849146
i22_05_2.bmp,test,5.68421,0.7805352079140891,4.122140831656356
i22_05_3.bmp,test,4.87179,0.6640069307086909,3.656027722834764
i22_05_4.bmp,test,4.18421,0.5653848967350223,3.2615395869400894
i22_05_5.bmp,test,3.18421,0.4219513559489778,2.687805423795912
i22_06_1.bmp,test,4.7027,0.6397537532971787,3.5590150131887146
i22_06_2.bmp,test,4.24324,0.5738517786476226,3.2954071145904904
i22_06_3.bmp,test,3.76316,0.5049922043870584,3.019968817548233
i22_06_4.bmp,test,3.56757,0.4769380381447158,2.907752152578864
i22_06_5.bmp,test,3.24324,0.430418237861578,2.7216729514463123
i22_07_1.bmp,test,5.58974,0.7669850413160315,4.067940165264126
i22_07_2.bmp,test,5.08108,0.6940261364598022,3.7761045458392086
i22_07_3.bmp,test,4.57895,0.6220038526249055,3.488015410499622
i22_07_4.bmp,test,3.89474,0.5238651896836861,3.0954607587347445
i22_07_5.bmp,test,2.74359,0.3587516692078309,2.435006676831324
i22_08_1.bmp,test,5.447369999999999,0.7465644081143222,3.986257632457289
i22_08_2.bmp,test,4.6315800000000005,0.6295527598764752,3.5182110395059008
i22_08_3.bmp,test,3.78378,0.5079498039980666,3.031799215992266
i22_08_4.bmp,test,3.12821,0.4139190776649594,2.6556763106598376
i22_08_5.bmp,test,2.53846,0.3293291469863896,2.317316587945559
i22_09_1.bmp,test,5.84615,0.8037628355089811,4.215051342035924
i22_09_2.bmp,test,5.52632,0.7578884861593805,4.031553944637523
i22_09_3.bmp,test,4.62162,0.6281241618102461,3.5124966472409844
i22_09_4.bmp,test,3.33333,0.4433401655509928,2.773360662203971
i22_09_5.bmp,test,2.05128,0.2594511945862445,2.037804778344978
i22_10_1.bmp,test,5.83784,0.8025709027850492,4.210283611140197
i22_10_2.bmp,test,5.58974,0.7669850413160315,4.067940165264126
i22_10_3.bmp,test,5.0,0.6823965449728696,3.7295861798914784
i22_10_4.bmp,test,3.58974,0.4801179597439425,2.92047183897577
i22_10_5.bmp,test,2.07895,0.2634200006597943,2.0536800026391773
I22_11_1.bmp,test,5.358969999999999,0.7338848831088359,3.935539532435344
i22_11_2.bmp,test,5.51282,0.7559521333587689,4.023808533435076
i22_11_3.bmp,test,4.26316,0.5767089747800805,3.306835899120322
i22_11_4.bmp,test,2.63158,0.342685678304386,2.3707427132175445
i22_11_5.bmp,test,0.8684200000000001,0.0897893965320638,1.3591575861282554
i22_12_1.bmp,test,5.26316,0.7201425155661251,3.8805700622645
i22_12_2.bmp,test,5.76923,0.7927299275517187,4.170919710206874
i22_12_3.bmp,test,5.74359,0.7890522915659645,4.156209166263858
i22_12_4.bmp,test,4.36842,0.5918067892832197,3.367227157132879
i22_12_5.bmp,test,2.76316,0.3615586636010138,2.4462346544040554
I22_13_1.bmp,test,5.25641,0.7191743391658193,3.876697356663277
i22_13_2.bmp,test,4.4359,0.6014856846154619,3.405942738461848
i22_13_3.bmp,test,3.68421,0.4936681263420001,2.9746725053680008
i22_13_4.bmp,test,2.8717900000000003,0.3771398491366018,2.5085593965464072
i22_13_5.bmp,test,2.51282,0.3256515110006354,2.302606044002542
i22_14_1.bmp,test,5.76923,0.7927299275517187,4.170919710206874
i22_14_2.bmp,test,5.86111,0.8059086012791404,4.223634405116561
i22_14_3.bmp,test,5.76316,0.7918592859591473,4.167437143836589
i22_14_4.bmp,test,4.62162,0.6281241618102461,3.5124966472409844
i22_14_5.bmp,test,4.10256,0.5536735481298419,3.214694192519368
i22_15_1.bmp,test,3.05263,0.4030783706523501,2.6123134826094008
i22_15_2.bmp,test,3.02632,0.3993046341942693,2.5972185367770773
i22_15_3.bmp,test,3.21622,0.4265426635895391,2.7061706543581563
i22_15_4.bmp,test,3.39474,0.4521484192906638,2.8085936771626554
i22_15_5.bmp,test,3.73684,0.5012170335935696,3.0048681343742785
i22_16_1.bmp,test,5.86486,0.806446477057088,4.225785908228352
i22_16_2.bmp,test,5.41026,0.7412415894157522,3.964966357663009
i22_16_3.bmp,test,6.05128,0.8331853577304226,4.33274143092169
i22_16_4.bmp,test,4.60526,0.6257775890829864,3.5031103563319457
i22_16_5.bmp,test,5.25641,0.7191743391658193,3.876697356663277
i22_17_1.bmp,test,5.33333,0.7302072471230818,3.9208289884923273
i22_17_2.bmp,test,6.0,0.8258300857589141,4.303320343035656
i22_17_3.bmp,test,4.22222,0.5708368056202999,3.2833472224812
i22_17_4.bmp,test,6.23077,0.8589302439661096,4.435720975864438
i22_17_5.bmp,test,3.3783800000000004,0.4498018465634041,2.7992073862536166
i22_18_1.bmp,test,5.15385,0.7044637952228026,3.81785518089121
i22_18_2.bmp,test,4.68421,0.6371016671280446,3.5484066685121785
i22_18_3.bmp,test,4.23684,0.5729338039865919,3.2917352159463675
i22_18_4.bmp,test,3.76316,0.5049922043870584,3.019968817548233
i22_18_5.bmp,test,3.25,0.4313878485972917,2.725551394389167
i22_19_1.bmp,test,5.1315800000000005,0.7012695302694975,3.80507812107799
i22_19_2.bmp,test,5.1315800000000005,0.7012695302694975,3.80507812107799
i22_19_3.bmp,test,4.66667,0.6345858428226574,3.5383433712906296
i22_19_4.bmp,test,4.0,0.5389630041868251,3.1558520167473003
i22_19_5.bmp,test,3.58974,0.4801179597439425,2.92047183897577
i22_20_1.bmp,test,5.71053,0.7843103787075779,4.137241514830311
i22_20_2.bmp,test,5.73684,0.7880841151656587,4.152336460662635
i22_20_3.bmp,test,5.552630000000001,0.7616622226174615,4.046648890469847
i22_20_4.bmp,test,4.8974400000000005,0.667686001029853,3.670744004119412
i22_20_5.bmp,test,3.64865,0.4885676296316483,2.9542705185265934
i22_21_1.bmp,test,5.57895,0.7654373934109501,4.0617495736438
i22_21_2.bmp,test,5.02632,0.6861717157663584,3.7446868630654335
i22_21_3.bmp,test,4.65789,0.633326496334556,3.533305985338224
i22_21_4.bmp,test,3.5641,0.4764403237581883,2.905761295032753
i22_21_5.bmp,test,2.63158,0.342685678304386,2.3707427132175445
i22_22_1.bmp,test,5.923080000000001,0.8147971778016516,4.259188711206607
i22_22_2.bmp,test,5.35135,0.7327919195280463,3.931167678112186
i22_22_3.bmp,test,4.8974400000000005,0.667686001029853,3.670744004119412
i22_22_4.bmp,test,4.447369999999999,0.6031308673282778,3.4125234693131112
i22_22_5.bmp,test,2.89474,0.3804316488976416,2.5217265955905663
i22_23_1.bmp,test,6.324319999999999,0.872348451706644,4.489393806826576
i22_23_2.bmp,test,6.1315800000000005,0.844703071055542,4.378812284222168
i22_23_3.bmp,test,5.21053,0.7125936083145556,3.850374433258223
i22_23_4.bmp,test,4.4359,0.6014856846154619,3.405942738461848
i22_23_5.bmp,test,2.10256,0.2668064665577528,2.0672258662310115
i22_24_1.bmp,test,5.82051,0.800085199523227,4.200340798092908
i22_24_2.bmp,test,5.42105,0.7427892373208337,3.971156949283335
i22_24_3.bmp,test,4.21622,0.5699762043755836,3.2799048175023344
i22_24_4.bmp,test,2.25641,0.2888737168076857,2.1554948672307432
i22_24_5.bmp,test,0.3684199999999999,0.0180726261390416,1.0722905045561664
I23_01_1.bmp,train,5.68571,0.7807503582252683,4.123001432901074
i23_01_2.bmp,train,5.05714,0.6905923374933842,3.762369349973537
i23_01_3.bmp,train,4.76471,0.6486480671613212,3.5945922686452847
i23_01_4.bmp,train,4.08571,0.5512566929675969,3.205026771870388
i23_01_5.bmp,train,3.73529,0.5009947116053513,3.003978846421405
i23_02_1.bmp,train,6.14706,0.8469234222669098,4.387693689067639
i23_02_2.bmp,train,5.84848,0.8040970356590127,4.216388142636051
i23_02_3.bmp,train,5.45714,0.747965753807802,3.991863015231208
i23_02_4.bmp,train,5.028569999999999,0.6864944412331269,3.745977764932507
i23_02_5.bmp,train,4.32353,0.5853680576373341,3.3414722305493365
i23_03_1.bmp,train,4.61765,0.6275547306533256,3.5102189226133023
i23_03_2.bmp,train,4.17143,0.5635518160837767,3.2542072643351068
i23_03_3.bmp,train,3.55882,0.475682994662838,2.902731978651352
i23_03_4.bmp,train,3.26471,0.4334977559822544,2.733991023929017
i23_03_5.bmp,train,2.67647,0.3491244099502716,2.396497639801087
i23_04_1.bmp,train,5.61765,0.7709882714393701,4.08395308575748
i23_04_2.bmp,train,5.64706,0.7752066518738876,4.10082660749555
i23_04_3.bmp,train,5.32353,0.7288015984233785,3.915206393693514
i23_04_4.bmp,train,4.79412,0.6528664475958388,3.611465790383355
i23_04_5.bmp,train,4.52941,0.614898155014365,3.45959262005746
i23_05_1.bmp,train,6.05714,0.8340258782794288,4.336103513117715
i23_05_2.bmp,train,5.5,0.7541133153658919,4.016453261463568
i23_05_3.bmp,train,5.09091,0.6954360881657289,3.781744352662916
i23_05_4.bmp,train,4.31429,0.584042731720471,3.336170926881884
i23_05_5.bmp,train,3.3529400000000003,0.4461528972858072,2.784611589143229
i23_06_1.bmp,train,4.61765,0.6275547306533256,3.5102189226133023
i23_06_2.bmp,train,4.35294,0.5895864380718517,3.358345752287407
i23_06_3.bmp,train,4.02941,0.5431813846213427,3.1727255384853708
i23_06_4.bmp,train,3.61765,0.484121189867281,2.936484759469124
i23_06_5.bmp,train,3.2941199999999995,0.4377161364167719,2.7508645456670875
i23_07_1.bmp,train,4.9705900000000005,0.6781781645383521,3.712712658153409
i23_07_2.bmp,train,3.84848,0.5172299540869236,3.0689198163476945
i23_07_3.bmp,train,3.68571,0.4938832766531791,2.9755331066127164
i23_07_4.bmp,train,3.44118,0.4588094729247677,2.835237891699072
i23_07_5.bmp,train,2.78788,0.3651043407292448,2.460417362916979
i23_08_1.bmp,train,5.94286,0.8176342932383995,4.270537172953598
i23_08_2.bmp,train,5.52941,0.7583316958004095,4.0333267832016375
i23_08_3.bmp,train,4.67647,0.6359914915223607,3.5439659660894427
i23_08_4.bmp,train,3.94118,0.53052624331779,3.12210497327116
i23_08_5.bmp,train,2.77143,0.3627448589833144,2.4509794359332577
i23_09_1.bmp,train,6.696969999999999,0.9257989606805634,4.703195842722254
i23_09_2.bmp,train,6.05714,0.8340258782794288,4.336103513117715
i23_09_3.bmp,train,5.7058800000000005,0.7836434127429228,4.134573650971691
i23_09_4.bmp,train,4.26471,0.5769312967682989,3.307725187073196
i23_09_5.bmp,train,2.64706,0.3449060295157541,2.3796241180630164
i23_10_1.bmp,train,5.971430000000001,0.8217321894986569,4.286928757994628
i23_10_2.bmp,train,5.79412,0.7962999883818833,4.185199953527533
i23_10_3.bmp,train,5.02941,0.6866149254073872,3.746459701629549
i23_10_4.bmp,train,3.64706,0.4883395703017986,2.953358281207194
i23_10_5.bmp,train,2.4,0.3094693389291539,2.2378773557166154
I23_11_1.bmp,train,5.25714,0.7192790456505931,3.877116182602372
i23_11_2.bmp,train,4.57143,0.6209252323981945,3.483700929592778
i23_11_3.bmp,train,3.11765,0.4124044194742587,2.6496176778970346
i23_11_4.bmp,train,2.24242,0.286867081572089,2.1474683262883563
i23_11_5.bmp,train,0.8235299999999999,0.0833506648861783,1.3334026595447133
i23_12_1.bmp,train,5.9697,0.8214840494730969,4.285936197892388
i23_12_2.bmp,train,5.74286,0.7889475850811907,4.155790340324763
i23_12_3.bmp,train,3.8,0.5102762960296162,3.041105184118465
i23_12_4.bmp,train,2.88571,0.3791364440243436,2.5165457760973746
i23_12_5.bmp,train,1.85714,0.2316050069780418,1.926420027912168
I23_13_1.bmp,train,4.54286,0.6168273361379373,3.467309344551749
i23_13_2.bmp,train,4.15152,0.5606960542867265,3.242784217146906
i23_13_3.bmp,train,3.34286,0.4447070871946838,2.7788283487787355
i23_13_4.bmp,train,2.47059,0.3195943125732408,2.278377250292963
i23_13_5.bmp,train,2.5882400000000003,0.3364692686467189,2.345877074586876
i23_14_1.bmp,train,6.08571,0.838123774539686,4.3524950981587445
i23_14_2.bmp,train,6.29412,0.8680167587749056,4.472067035099622
i23_14_3.bmp,train,5.05882,0.6908333058419047,3.763333223367619
i23_14_4.bmp,train,5.05882,0.6908333058419047,3.763333223367619
i23_14_5.bmp,train,3.6,0.4815895878724073,2.926358351489629
i23_15_1.bmp,train,2.94286,0.387333670880266,2.549334683521064
i23_15_2.bmp,train,2.97143,0.3914315671405233,2.565726268562093
i23_15_3.bmp,train,3.25714,0.4324119640785041,2.7296478563140165
i23_15_4.bmp,train,3.41176,0.4545896581548423,2.8183586326193693
i23_15_5.bmp,train,3.62857,0.4856874841326646,2.9427499365306584
i23_16_1.bmp,train,6.33333,0.8736407879091264,4.494563151636505
i23_16_2.bmp,train,5.82857,0.8012412738619625,4.20496509544785
i23_16_3.bmp,train,5.82353,0.8005183688164008,4.202073475265603
i23_16_4.bmp,train,5.2,0.7110832531300786,3.8443330125203135
i23_16_5.bmp,train,5.71429,0.7848496888209333,4.139398755283733
i23_17_1.bmp,train,5.66667,0.7780193836087019,4.112077534434808
i23_17_2.bmp,train,6.8,0.9405769183877496,4.762307673550999
i23_17_3.bmp,train,4.82857,0.657807733075918,3.631230932303672
i23_17_4.bmp,train,6.68571,0.9241838990113128,4.696735596045251
i23_17_5.bmp,train,3.88235,0.522088048113347,3.088352192453388
i23_18_1.bmp,train,5.76471,0.7920816079473657,4.168326431789463
i23_18_2.bmp,train,5.64706,0.7752066518738876,4.10082660749555
i23_18_3.bmp,train,5.44118,0.7456765544968568,3.982706217987427
i23_18_4.bmp,train,5.05714,0.6905923374933842,3.762369349973537
i23_18_5.bmp,train,4.38235,0.5938048185063692,3.375219274025477
i23_19_1.bmp,train,5.71429,0.7848496888209333,4.139398755283733
i23_19_2.bmp,train,4.971430000000001,0.6782986487126125,3.71319459485045
i23_19_3.bmp,train,4.61765,0.6275547306533256,3.5102189226133023
i23_19_4.bmp,train,3.88571,0.5225699848103881,3.0902799392415523
i23_19_5.bmp,train,3.42857,0.4570007759754557,2.828003103901823
i23_20_1.bmp,train,5.6,0.7684566694444963,4.073826677777985
i23_20_2.bmp,train,5.08824,0.6950531206118302,3.780212482447321
i23_20_3.bmp,train,4.09375,0.5524098986355168,3.209639594542068
i23_20_4.bmp,train,3.34286,0.4447070871946838,2.7788283487787355
i23_20_5.bmp,train,2.65714,0.3463518396068774,2.3854073584275097
i23_21_1.bmp,train,5.6,0.7684566694444963,4.073826677777985
i23_21_2.bmp,train,4.79412,0.6528664475958388,3.611465790383355
i23_21_3.bmp,train,4.12121,0.5563485836655016,3.225394334662006
i23_21_4.bmp,train,3.5142900000000004,0.4692958990916355,2.877183596366542
i23_21_5.bmp,train,2.41176,0.3111561173687978,2.244624469475191
i23_22_1.bmp,train,6.17647,0.8511418027014275,4.40456721080571
i23_22_2.bmp,train,5.88571,0.8094370663824771,4.237748265529909
i23_22_3.bmp,train,5.02941,0.6866149254073872,3.746459701629549
i23_22_4.bmp,train,4.64706,0.6317731110878431,3.5270924443513723
i23_22_5.bmp,train,4.0,0.5389630041868251,3.1558520167473003
i23_23_1.bmp,train,6.303030000000001,0.8692947516233093,4.4771790064932375
i23_23_2.bmp,train,5.91176,0.8131735101199535,4.252694040479814
i23_23_3.bmp,train,5.17143,0.7069853568698212,3.827941427479285
i23_23_4.bmp,train,3.75758,0.5041918452294721,3.0167673809178885
i23_23_5.bmp,train,3.0,0.3955294634007806,2.582117853603122
i23_24_1.bmp,train,5.85294,0.8047367492509184,4.218946997003673
i23_24_2.bmp,train,4.73529,0.6444282523913958,3.577713009565583
i23_24_3.bmp,train,3.67647,0.4925579507363161,2.970231802945265
i23_24_4.bmp,train,1.72727,0.2129772930361582,1.8519091721446328
i23_24_5.bmp,train,0.78788,0.0782372591571558,1.3129490366286234
I24_01_1.bmp,train,5.88571,0.8094370663824771,4.237748265529909
i24_01_2.bmp,train,5.05556,0.6903657124989422,3.7614628499957687
i24_01_3.bmp,train,4.72222,0.6425535760133222,3.5702143040532888
i24_01_4.bmp,train,4.14286,0.5594539198235194,3.2378156792940778
i24_01_5.bmp,train,3.58333,0.4791985507475039,2.916794202990016
i24_02_1.bmp,train,6.44444,0.8895776886258637,4.558310754503455
i24_02_2.bmp,train,5.91176,0.8131735101199535,4.252694040479814
i24_02_3.bmp,train,5.13889,0.7023180294526433,3.809272117810573
i24_02_4.bmp,train,5.08571,0.6946902337536415,3.778760935014566
i24_02_5.bmp,train,4.52778,0.6146643583428837,3.4586574333715348
i24_03_1.bmp,train,4.8,0.6537098368156606,3.6148393472626426
i24_03_2.bmp,train,4.25714,0.5758455048645486,3.303382019458194
i24_03_3.bmp,train,3.82857,0.5143741922898735,3.057496769159494
i24_03_4.bmp,train,3.28571,0.4365098603387614,2.746039441355045
i24_03_5.bmp,train,2.69444,0.3517019106781969,2.406807642712788
i24_04_1.bmp,train,5.85714,0.8053391701222199,4.22135668048888
i24_04_2.bmp,train,5.83333,0.8019240175161041,4.207696070064417
i24_04_3.bmp,train,5.52941,0.7583316958004095,4.0333267832016375
i24_04_4.bmp,train,5.16667,0.7063026132156797,3.825210452862719
i24_04_5.bmp,train,4.57143,0.6209252323981945,3.483700929592778
i24_05_1.bmp,train,5.80556,0.7979408680884756,4.191763472353903
i24_05_2.bmp,train,5.33333,0.7302072471230818,3.9208289884923273
i24_05_3.bmp,train,5.13889,0.7023180294526433,3.809272117810573
i24_05_4.bmp,train,4.028569999999999,0.5430609004470823,3.1722436017883293
i24_05_5.bmp,train,3.25,0.4313878485972917,2.725551394389167
i24_06_1.bmp,train,4.64706,0.6317731110878431,3.5270924443513723
i24_06_2.bmp,train,4.37143,0.5922385242409857,3.3689540969639427
i24_06_3.bmp,train,3.97143,0.5348651079265678,3.139460431706272
i24_06_4.bmp,train,3.66667,0.4911523020366128,2.9646092081464515
i24_06_5.bmp,train,3.28571,0.4365098603387614,2.746039441355045
i24_07_1.bmp,train,5.52778,0.7580978991289282,4.032391596515713
i24_07_2.bmp,train,4.57143,0.6209252323981945,3.483700929592778
i24_07_3.bmp,train,4.08824,0.5516195798257857,3.2064783193031428
i24_07_4.bmp,train,2.88571,0.3791364440243436,2.5165457760973746
i24_07_5.bmp,train,2.44444,0.3158435254816857,2.263374101926744
i24_08_1.bmp,train,5.94444,0.8178609182328416,4.271443672931366
i24_08_2.bmp,train,4.971430000000001,0.6782986487126125,3.71319459485045
i24_08_3.bmp,train,4.05714,0.5471587967073398,3.188635186829359
i24_08_4.bmp,train,3.17647,0.4208411803432939,2.6833647213731755
i24_08_5.bmp,train,2.61765,0.3406876490812364,2.362750596324946
i24_09_1.bmp,train,6.0,0.8258300857589141,4.303320343035656
i24_09_2.bmp,train,5.29412,0.724583217988861,3.898332871955444
i24_09_3.bmp,train,4.52778,0.6146643583428837,3.4586574333715348
i24_09_4.bmp,train,3.38889,0.4513093330770654,2.8052373323082618
i24_09_5.bmp,train,2.0,0.2520959226147361,2.0083836904589445
i24_10_1.bmp,train,5.88571,0.8094370663824771,4.237748265529909
i24_10_2.bmp,train,5.82857,0.8012412738619625,4.20496509544785
i24_10_3.bmp,train,4.65714,0.6332189211789664,3.532875684715865
i24_10_4.bmp,train,3.2777800000000004,0.4353724323603281,2.7414897294413123
i24_10_5.bmp,train,1.8529400000000005,0.2310025861067405,1.924010344426962
I24_11_1.bmp,train,5.4,0.7397699612872874,3.95907984514915
i24_11_2.bmp,train,4.696969999999999,0.6389318791084745,3.555727516433898
i24_11_3.bmp,train,4.02941,0.5431813846213427,3.1727255384853708
i24_11_4.bmp,train,2.57143,0.3340581508261055,2.3362326033044223
i24_11_5.bmp,train,0.91667,0.0967100648749905,1.386840259499962
i24_12_1.bmp,train,5.68571,0.7807503582252683,4.123001432901074
i24_12_2.bmp,train,6.08571,0.838123774539686,4.3524950981587445
i24_12_3.bmp,train,5.48485,0.7519402972229833,4.007761188891934
i24_12_4.bmp,train,3.5,0.4672462337938028,2.8689849351752112
i24_12_5.bmp,train,2.58333,0.3357650099614594,2.343060039845838
I24_13_1.bmp,train,4.05882,0.5473997650558602,3.1895990602234408
i24_13_2.bmp,train,3.74286,0.5020805035091016,3.0083220140364064
i24_13_3.bmp,train,3.31429,0.4406091909344266,2.762436763737706
i24_13_4.bmp,train,2.88889,0.3795925626840432,2.5183702507361727
i24_13_5.bmp,train,2.5,0.3238126930077583,2.295250772031033
i24_14_1.bmp,train,6.0,0.8258300857589141,4.303320343035656
i24_14_2.bmp,train,5.971430000000001,0.8217321894986569,4.286928757994628
i24_14_3.bmp,train,5.34286,0.7315741687667728,3.9262966750670913
i24_14_4.bmp,train,5.13889,0.7023180294526433,3.809272117810573
i24_14_5.bmp,train,4.63889,0.630601259059621,3.522405036238484
i24_15_1.bmp,train,4.02778,0.5429475879498614,3.1717903517994457
i24_15_2.bmp,train,4.4,0.5963364205012429,3.385345682004972
i24_15_3.bmp,train,3.88571,0.5225699848103881,3.0902799392415523
i24_15_4.bmp,train,3.66667,0.4911523020366128,2.9646092081464515
i24_15_5.bmp,train,3.38889,0.4513093330770654,2.8052373323082618
i24_16_1.bmp,train,5.971430000000001,0.8217321894986569,4.286928757994628
i24_16_2.bmp,train,6.11111,0.8417669864756515,4.367067945902607
i24_16_3.bmp,train,5.45714,0.747965753807802,3.991863015231208
i24_16_4.bmp,train,5.61111,0.7700502160826292,4.080200864330517
i24_16_5.bmp,train,4.88571,0.6660035255964326,3.6640141023857296
i24_17_1.bmp,train,5.75,0.789971700562403,4.159886802249612
i24_17_2.bmp,train,6.47222,0.8935622723889001,4.5742490895556
i24_17_3.bmp,train,4.80556,0.6545073273024311,3.618029309209725
i24_17_4.bmp,train,6.72222,0.9294206575854111,4.7176826303416455
i24_17_5.bmp,train,3.6,0.4815895878724073,2.926358351489629
i24_18_1.bmp,train,4.8,0.6537098368156606,3.6148393472626426
i24_18_2.bmp,train,4.39394,0.5954672132440795,3.381868852976318
i24_18_3.bmp,train,3.91176,0.5263064285478646,3.1052257141914583
i24_18_4.bmp,train,4.11429,0.5553560235632621,3.2214240942530483
i24_18_5.bmp,train,3.79412,0.5094329068097943,3.037731627239177
i24_19_1.bmp,train,5.57143,0.7643587731842391,4.057435092736956
i24_19_2.bmp,train,5.17647,0.7077082619153829,3.830833047661532
i24_19_3.bmp,train,4.77778,0.6505227435393948,3.602090974157579
i24_19_4.bmp,train,4.08824,0.5516195798257857,3.2064783193031428
i24_19_5.bmp,train,3.85714,0.5184720885501307,3.073888354200523
i24_20_1.bmp,train,6.14286,0.8463210013956084,4.385284005582434
i24_20_2.bmp,train,5.61111,0.7700502160826292,4.080200864330517
i24_20_3.bmp,train,5.17143,0.7069853568698212,3.827941427479285
i24_20_4.bmp,train,4.028569999999999,0.5430609004470823,3.1722436017883293
i24_20_5.bmp,train,3.5142900000000004,0.4692958990916355,2.877183596366542
i24_21_1.bmp,train,5.77778,0.7939562843254393,4.175825137301757
i24_21_2.bmp,train,4.82857,0.657807733075918,3.631230932303672
i24_21_3.bmp,train,4.14286,0.5594539198235194,3.2378156792940778
i24_21_4.bmp,train,3.36111,0.4473247493140291,2.7892989972561164
i24_21_5.bmp,train,2.68571,0.3504497358671346,2.4017989434685383
i24_22_1.bmp,train,5.7714300000000005,0.793045481341448,4.172181925365792
i24_22_2.bmp,train,5.02941,0.6866149254073872,3.746459701629549
i24_22_3.bmp,train,4.61765,0.6275547306533256,3.5102189226133023
i24_22_4.bmp,train,3.33333,0.4433401655509928,2.773360662203971
i24_22_5.bmp,train,2.74286,0.3586469627230571,2.4345878508922283
i24_23_1.bmp,train,5.8,0.7971433776017052,4.188573510406821
i24_23_2.bmp,train,6.02778,0.8298146695219505,4.319258678087802
i24_23_3.bmp,train,5.68571,0.7807503582252683,4.123001432901074
i24_23_4.bmp,train,5.08824,0.6950531206118302,3.780212482447321
i24_23_5.bmp,train,2.29412,0.2942825956307275,2.1771303825229102
i24_24_1.bmp,train,5.7058800000000005,0.7836434127429228,4.134573650971691
i24_24_2.bmp,train,5.34286,0.7315741687667728,3.9262966750670913
i24_24_3.bmp,train,4.34286,0.5881406279807283,3.352562511922913
i24_24_4.bmp,train,2.74286,0.3586469627230571,2.4345878508922283
i24_24_5.bmp,train,0.41667,0.0249932944819682,1.099973177927873
I25_01_1.bmp,train,5.14286,0.7028874606095639,3.811549842438256
i25_01_2.bmp,train,4.67647,0.6359914915223607,3.5439659660894427
i25_01_3.bmp,train,4.4,0.5963364205012429,3.385345682004972
i25_01_4.bmp,train,3.88571,0.5225699848103881,3.0902799392415523
i25_01_5.bmp,train,3.44444,0.4592770662677302,2.837108265070921
i25_02_1.bmp,train,5.54286,0.7602608769239818,4.041043507695927
i25_02_2.bmp,train,5.27778,0.722239513932417,3.888958055729668
i25_02_3.bmp,train,5.25,0.7182549301693808,3.873019720677523
i25_02_4.bmp,train,4.45714,0.6045322130217575,3.41812885208703
i25_02_5.bmp,train,3.771430000000001,0.5061783997693591,3.0247135990774363
i25_03_1.bmp,train,4.0,0.5389630041868251,3.1558520167473003
i25_03_2.bmp,train,3.58333,0.4791985507475039,2.916794202990016
i25_03_3.bmp,train,3.25,0.4313878485972917,2.725551394389167
i25_03_4.bmp,train,2.9142900000000003,0.3832357746200087,2.532943098480035
i25_03_5.bmp,train,2.41667,0.3118603760540572,2.247441504216229
i25_04_1.bmp,train,6.39394,0.8823342948161684,4.529337179264674
i25_04_2.bmp,train,6.16667,0.8497361540017242,4.398944616006897
i25_04_3.bmp,train,5.88889,0.8098931850421767,4.239572740168707
i25_04_4.bmp,train,5.5,0.7541133153658919,4.016453261463568
i25_04_5.bmp,train,5.23529,0.716145022784418,3.864580091137672
i25_05_1.bmp,train,5.33333,0.7302072471230818,3.9208289884923273
i25_05_2.bmp,train,5.25714,0.7192790456505931,3.877116182602372
i25_05_3.bmp,train,4.61111,0.6266166752965848,3.50646670118634
i25_05_4.bmp,train,3.85714,0.5184720885501307,3.073888354200523
i25_05_5.bmp,train,2.75,0.3596710782042694,2.438684312817078
i25_06_1.bmp,train,4.4,0.5963364205012429,3.385345682004972
i25_06_2.bmp,train,4.28571,0.5799434011248059,3.319773604499224
i25_06_3.bmp,train,3.705880000000001,0.4967763311708338,2.9871053246833354
i25_06_4.bmp,train,3.47222,0.4632616500307666,2.8530466001230663
i25_06_5.bmp,train,3.02778,0.3995140471638169,2.598056188655268
i25_07_1.bmp,train,3.5,0.4672462337938028,2.8689849351752112
i25_07_2.bmp,train,3.14286,0.4160203790374749,2.6640815161499
i25_07_3.bmp,train,3.0303,0.3998754996865977,2.599501998746391
i25_07_4.bmp,train,2.71429,0.3545490664627998,2.4181962658512
i25_07_5.bmp,train,2.74286,0.3586469627230571,2.4345878508922283
i25_08_1.bmp,train,5.52941,0.7583316958004095,4.0333267832016375
i25_08_2.bmp,train,5.05556,0.6903657124989422,3.7614628499957687
i25_08_3.bmp,train,4.29412,0.5811496772028166,3.3245987088112665
i25_08_4.bmp,train,3.17647,0.4208411803432939,2.6833647213731755
i25_08_5.bmp,train,1.94444,0.2441267550886635,1.976507020354654
i25_09_1.bmp,train,5.83333,0.8019240175161041,4.207696070064417
i25_09_2.bmp,train,5.2,0.7110832531300786,3.8443330125203135
i25_09_3.bmp,train,4.22857,0.5717476086042914,3.2869904344171657
i25_09_4.bmp,train,3.11765,0.4124044194742587,2.6496176778970346
i25_09_5.bmp,train,1.33333,0.1564730839789038,1.6258923359156152
i25_10_1.bmp,train,5.85714,0.8053391701222199,4.22135668048888
i25_10_2.bmp,train,5.57143,0.7643587731842391,4.057435092736956
i25_10_3.bmp,train,4.25714,0.5758455048645486,3.303382019458194
i25_10_4.bmp,train,2.14706,0.2731892591227318,2.092757036490928
i25_10_5.bmp,train,1.47222,0.1763945684586775,1.7055782738347105
I25_11_1.bmp,train,6.08571,0.838123774539686,4.3524950981587445
i25_11_2.bmp,train,5.86111,0.8059086012791404,4.223634405116561
i25_11_3.bmp,train,5.36111,0.7341918308861182,3.9367673235444727
i25_11_4.bmp,train,4.97222,0.6784119612098333,3.713647844839333
i25_11_5.bmp,train,4.6,0.6250231286584518,3.500092514633807
i25_12_1.bmp,train,6.02778,0.8298146695219505,4.319258678087802
i25_12_2.bmp,train,5.8,0.7971433776017052,4.188573510406821
i25_12_3.bmp,train,4.83333,0.6584904767300596,3.6339619069202382
i25_12_4.bmp,train,5.0303,0.6867425812586868,3.7469703250347473
i25_12_5.bmp,train,4.66667,0.6345858428226574,3.5383433712906296
I25_13_1.bmp,train,4.82857,0.657807733075918,3.631230932303672
i25_13_2.bmp,train,5.71429,0.7848496888209333,4.139398755283733
i25_13_3.bmp,train,3.68571,0.4938832766531791,2.9755331066127164
i25_13_4.bmp,train,4.57143,0.6209252323981945,3.483700929592778
i25_13_5.bmp,train,3.02857,0.3996273596610379,2.598509438644152
i25_14_1.bmp,train,5.71429,0.7848496888209333,4.139398755283733
i25_14_2.bmp,train,5.14286,0.7028874606095639,3.811549842438256
i25_14_3.bmp,train,5.08824,0.6950531206118302,3.780212482447321
i25_14_4.bmp,train,3.82857,0.5143741922898735,3.057496769159494
i25_14_5.bmp,train,3.11111,0.411466364117518,2.645865456470072
i25_15_1.bmp,train,3.2777800000000004,0.4353724323603281,2.7414897294413123
i25_15_2.bmp,train,2.93939,0.3868359564937384,2.547343825974954
i25_15_3.bmp,train,3.5277800000000004,0.4712308175568392,2.8849232702273566
i25_15_4.bmp,train,3.97059,0.5347446237523076,3.1389784950092303
i25_15_5.bmp,train,4.14286,0.5594539198235194,3.2378156792940778
i25_16_1.bmp,train,5.91667,0.813877768805213,4.255511075220852
i25_16_2.bmp,train,6.41667,0.8855945391982353,4.542378156792941
i25_16_3.bmp,train,5.7714300000000005,0.793045481341448,4.172181925365792
i25_16_4.bmp,train,5.55556,0.7620824828919645,4.048329931567858
i25_16_5.bmp,train,4.4705900000000005,0.6064613941453298,3.4258455765813194
i25_17_1.bmp,train,5.61111,0.7700502160826292,4.080200864330517
i25_17_2.bmp,train,6.857139999999999,0.9487727109082642,4.795090843633057
i25_17_3.bmp,train,4.48571,0.6086301092820148,3.434520437128059
i25_17_4.bmp,train,6.38889,0.8816099554351989,4.526439821740796
i25_17_5.bmp,train,3.28571,0.4365098603387614,2.746039441355045
i25_18_1.bmp,train,5.61111,0.7700502160826292,4.080200864330517
i25_18_2.bmp,train,5.05882,0.6908333058419047,3.763333223367619
i25_18_3.bmp,train,4.44444,0.6027106070537748,3.410842428215099
i25_18_4.bmp,train,4.0,0.5389630041868251,3.1558520167473003
i25_18_5.bmp,train,2.67647,0.3491244099502716,2.396497639801087
i25_19_1.bmp,train,5.16667,0.7063026132156797,3.825210452862719
i25_19_2.bmp,train,4.28571,0.5799434011248059,3.319773604499224
i25_19_3.bmp,train,3.83333,0.5150569359440151,3.0602277437760605
i25_19_4.bmp,train,3.79412,0.5094329068097943,3.037731627239177
i25_19_5.bmp,train,3.34286,0.4447070871946838,2.7788283487787355
i25_20_1.bmp,train,5.67647,0.7794250323084052,4.11770012923362
i25_20_2.bmp,train,5.54286,0.7602608769239818,4.041043507695927
i25_20_3.bmp,train,5.0,0.6823965449728696,3.7295861798914784
i25_20_4.bmp,train,4.97222,0.6784119612098333,3.713647844839333
i25_20_5.bmp,train,4.05714,0.5471587967073398,3.188635186829359
i25_21_1.bmp,train,5.17143,0.7069853568698212,3.827941427479285
i25_21_2.bmp,train,4.45714,0.6045322130217575,3.41812885208703
i25_21_3.bmp,train,4.88571,0.6660035255964326,3.6640141023857296
i25_21_4.bmp,train,3.42857,0.4570007759754557,2.828003103901823
i25_21_5.bmp,train,2.9142900000000003,0.3832357746200087,2.532943098480035
i25_22_1.bmp,train,4.80556,0.6545073273024311,3.618029309209725
i25_22_2.bmp,train,4.25,0.5748213893833363,3.299285557533345
i25_22_3.bmp,train,3.79412,0.5094329068097943,3.037731627239177
i25_22_4.bmp,train,3.4,0.4529028797151984,2.811611518860793
i25_22_5.bmp,train,2.79412,0.3659993660237498,2.463997464094999
i25_23_1.bmp,train,6.30556,0.8696576384814979,4.478630553925992
i25_23_2.bmp,train,6.27778,0.8656730547184616,4.462692218873846
i25_23_3.bmp,train,6.17143,0.8504188976558658,4.401675590623463
i25_23_4.bmp,train,6.14286,0.8463210013956084,4.385284005582434
i25_23_5.bmp,train,5.971430000000001,0.8217321894986569,4.286928757994628
i25_24_1.bmp,train,5.65714,0.7766524619650109,4.106609847860044
i25_24_2.bmp,train,5.44444,0.7461441478398193,3.984576591359277
i25_24_3.bmp,train,4.62857,0.6291210249187091,3.5164840996748365
i25_24_4.bmp,train,4.02778,0.5429475879498614,3.1717903517994457
i25_24_5.bmp,train,2.77143,0.3627448589833144,2.4509794359332577
